datetime,Evaporator temp,Souce_temp_in,Souce_temp_out,Condensor temp,Sink_temp_in,Sink_temp_out,COP,Compressor Power [W],Condensor load[W],Temp difference,Intermediate pressure [bar],error
2024/12/15 00:00:00,-0.08,7.01,3.7,104.31,60.38,97.12,2.2787258002544752,6909047.922970012,15744239.145555556,99.27620648485608,8.62,
2024/12/15 00:15:00,0.1,7.24,3.91,104.35,60.39,97.14,2.2802382605090523,6889129.540713663,15709267.291666664,99.13504073009418,8.62,
2024/12/15 00:30:00,-0.08,7.15,3.82,104.39,60.41,97.15,2.275603186361535,6883850.312354843,15665319.584444448,99.34558677273687,8.62,
2024/12/15 00:45:00,-0.04,7.14,3.81,104.43,60.43,97.16,2.274259913540749,6840474.707094926,15557422.05722222,99.34133433837756,8.61,
2024/12/15 01:00:00,-0.05,7.07,3.73,104.47,60.45,97.18,2.272524337306141,6901810.463646117,15684938.414444445,99.38578445240181,8.61,
2024/12/15 01:15:00,-0.07,7.01,3.7,104.51,60.46,97.19,2.270618611713133,6922251.663891519,15718203.55111111,99.44000291409827,8.61,
2024/12/15 01:30:00,-0.05,7.04,3.72,104.55,60.48,97.2,2.2693885706052925,6938772.507784298,15747180.240000004,99.45513338447067,8.61,
2024/12/15 01:45:00,-0.06,7.06,3.73,104.59,60.5,97.22,2.2676509776461558,6958755.197569616,15780436.32,99.49957465062818,8.61,
2024/12/15 02:00:00,-0.06,7.08,3.75,104.63,60.51,97.23,2.2660807529217264,6978252.530410981,15813692.4,99.53424079893017,8.61,
2024/12/15 02:15:00,-0.0,7.12,3.81,104.67,60.53,97.24,2.2655153480115966,6989380.576871957,15834960.47222222,99.51026420069178,8.61,
2024/12/15 02:30:00,0.07,7.26,3.91,104.71,60.55,97.26,2.2655810655941844,6985981.704090109,15827714.326111114,99.4763601747909,8.62,
2024/12/15 02:45:00,0.0,7.07,3.76,104.75,60.56,97.27,2.2628314245424646,6991266.67885492,15820468.179999996,99.5794324698017,8.62,
2024/12/15 03:00:00,-0.02,7.05,3.77,104.79,60.58,97.28,2.261386038285583,6990624.751124978,15808914.427777776,99.63349071090995,8.63,
2024/12/15 03:15:00,-0.01,7.06,3.77,104.83,60.6,97.3,2.259976993421123,6991778.6724064145,15801670.255555555,99.65836314878557,8.63,
2024/12/15 03:30:00,0.06,7.08,3.79,104.87,60.61,97.31,2.260031725249577,6988404.082823608,15794426.083333332,99.62443762374164,8.64,
2024/12/15 03:45:00,0.01,7.13,3.83,104.91,60.63,97.32,2.257619579295817,6990757.673602631,15782880.226666661,99.70795544891381,8.64,
2024/12/15 04:00:00,-0.02,7.14,3.82,104.95,60.64,97.34,2.256007193466408,6994451.088246021,15779937.73888889,99.77178107414097,8.65,
2024/12/15 04:15:00,-0.02,7.18,3.84,104.99,60.64,97.35,2.2544281310195196,6998044.569303234,15776991.303333329,99.80641504995943,8.65,
2024/12/15 04:30:00,-0.02,7.09,3.78,105.03,60.64,97.36,2.2528469568320424,7001645.213246135,15774040.92,99.84104561982487,8.65,
2024/12/15 04:45:00,-0.01,7.02,3.7,105.06,60.64,97.37,2.252291789401632,7002060.012693145,15771086.58888889,99.85710133944634,8.66,
2024/12/15 05:00:00,-0.01,7.01,3.73,105.1,60.64,97.39,2.250708623994694,7007575.833646638,15772420.124999998,99.89172570052644,8.66,
2024/12/15 05:15:00,-0.04,6.95,3.67,105.07,60.64,97.4,2.251863563984247,7002665.31553254,15769455.924444444,99.89495164225029,8.67,
2024/12/15 05:30:00,-0.08,6.94,3.63,105.05,60.64,97.41,2.2519917879274343,7000950.251942342,15766487.776111107,99.91674367460179,8.67,
2024/12/15 05:45:00,-0.11,6.93,3.67,105.03,60.64,97.41,2.2527430707865794,6995390.824975399,15759229.786666663,99.92861787323697,8.68,
2024/12/15 06:00:00,-0.03,6.96,3.69,105.01,60.65,97.39,2.254859869253766,6979905.828654371,15739120.03888889,99.83309441476965,8.68,
2024/12/15 06:15:00,-0.02,7.02,3.75,104.98,60.65,97.36,2.2566689753487004,6965404.19958918,15719022.134444444,99.79720739577165,8.69,
2024/12/15 06:30:00,0.0,7.0,3.76,104.96,60.65,97.34,2.257790308114711,6923244.195046968,15631646.085,99.76033870111638,8.69,
2024/12/15 06:45:00,-0.0,7.04,3.74,104.94,60.65,97.32,2.259037191012665,6839510.945765799,15451110.259444444,99.74288507076113,8.7,
2024/12/15 07:00:00,-0.05,6.92,3.65,104.91,60.65,97.29,2.25708515986346,7044704.405548126,15900913.208888892,99.76646978077132,8.65,
2024/12/15 07:15:00,-0.1,6.9,3.63,104.38,60.65,97.27,2.2747353055599264,6983421.2270594705,15885855.687777776,99.35674218668927,8.6,
2024/12/15 07:30:00,-0.08,6.91,3.62,103.2,60.65,97.25,2.317654658351152,6847417.123350106,15870380.166666666,98.31341254047784,8.53,
2024/12/15 07:45:00,-0.09,6.91,3.63,103.19,60.65,97.22,2.3169589157449177,6841109.586300464,15851002.383333333,98.31477933566865,8.51,
2024/12/15 08:00:00,-0.12,6.98,3.69,103.18,60.65,97.2,2.316809453843635,6834879.12968747,15835543.350000001,98.3353507000507,8.51,
2024/12/15 08:15:00,-0.14,6.9,3.62,103.17,60.65,97.17,2.31683752937235,6826440.495297994,15816185.073333332,98.34616394632145,8.51,
2024/12/15 08:30:00,-0.1,6.9,3.62,103.16,60.65,97.15,2.317935919621017,6816543.509238016,15800742.527777778,98.29843826761484,8.51,
2024/12/15 08:45:00,-0.1,6.9,3.61,103.15,60.65,97.13,2.3183210809629,6808753.830636093,15785307.41333333,98.28973843192207,8.51,
2024/12/15 09:00:00,-0.09,6.91,3.63,103.14,60.65,97.1,2.3188844545885217,6798763.442536408,15765977.699999997,98.27128192431977,8.51,
2024/12/15 09:15:00,-0.08,6.92,3.65,103.13,60.65,97.08,2.319447965333152,6790463.671882606,15750559.073333332,98.25282530461216,8.51,
2024/12/15 09:30:00,-0.08,6.96,3.69,103.12,60.66,97.06,2.3193806572525553,6782335.375757748,15731248.866666667,98.24428030455921,8.5,
2024/12/15 09:45:00,-0.07,6.99,3.68,103.1,60.66,97.03,2.3203304298958347,6771061.856164705,15711526.813888889,98.21712272000593,8.5,
2024/12/15 10:00:00,-0.07,6.92,3.62,102.88,60.66,97.01,2.3278891840056066,6743731.27074812,15699088.411111113,98.02596184398766,8.48,
2024/12/15 10:15:00,-0.07,6.9,3.62,102.92,60.66,96.99,2.326803053812102,6744072.471869924,15692559.831666663,98.0606266787276,8.49,
2024/12/15 10:30:00,-0.08,6.9,3.61,103.07,60.66,96.96,2.321306070166127,6755188.215512926,15681287.416666664,98.20077531834734,8.5,
2024/12/15 10:45:00,-0.09,6.91,3.61,103.28,60.66,96.94,2.314395138419461,6772538.224884903,15674753.844444444,98.3927517778275,8.53,
2024/12/15 11:00:00,-0.1,6.93,3.66,103.9,60.66,96.91,2.2925103031309293,6832272.543978194,15663475.97222222,98.94052276751435,8.58,
2024/12/15 11:15:00,-0.09,6.98,3.7,103.96,60.66,96.89,2.2903544491289547,6835849.703612138,15656937.40722222,98.98285012491542,8.58,
2024/12/15 11:30:00,-0.1,7.04,3.7,104.01,60.66,96.87,2.287782728228291,6840678.620770679,15650396.520000005,99.03616691677084,8.57,
2024/12/15 11:45:00,-0.11,6.91,3.64,104.07,60.64,96.84,2.285275141083123,6847025.733104365,15647755.688888889,99.09801011882062,8.57,
2024/12/15 12:00:00,-0.11,6.91,3.65,104.12,60.5,96.8,2.2833282614755586,6872717.0608563535,15693088.949999997,99.1414019696496,8.57,
2024/12/15 12:15:00,-0.11,7.02,3.75,104.18,60.35,96.77,2.280990253871752,6927903.462342929,15802901.03333333,99.1934647496606,8.57,
2024/12/15 12:30:00,-0.11,6.93,3.65,103.75,60.21,96.73,2.296787545018381,6882527.566633573,15808128.355555557,98.82046758344562,8.55,
2024/12/15 12:45:00,-0.11,6.93,3.64,103.62,60.11,96.69,2.30182067870466,6776908.08534227,15599646.675555555,98.70752798142279,8.55,
2024/12/15 13:00:00,-0.11,6.93,3.65,104.6,60.09,96.66,2.2673380909386665,6877161.215437178,15593259.054999998,99.55681506513478,8.63,
2024/12/15 13:15:00,-0.11,6.94,3.65,104.61,60.07,96.62,2.2669465487024376,6873839.079347105,15583033.613888888,99.56548236329779,8.63,
2024/12/15 13:30:00,-0.1,6.95,3.67,104.61,60.06,96.59,2.2675736329867324,6867241.990837691,15572385.876666665,99.55556885146379,8.64,
2024/12/15 13:45:00,-0.1,6.95,3.68,104.62,60.04,96.55,2.267181756279252,6863733.1642613225,15561740.461666666,99.56423586220424,8.64,
2024/12/15 14:00:00,-0.09,6.96,3.67,104.63,60.03,96.52,2.2669588709038404,6859714.377177993,15551097.368888885,99.56313089201981,8.64,
2024/12/15 14:15:00,-0.09,6.95,3.69,104.63,60.01,96.48,2.2669583246984795,6855020.647530953,15540456.598333335,99.56313089202015,8.64,
2024/12/15 14:30:00,-0.09,6.96,3.68,104.64,60.0,96.45,2.26656676522528,6851512.526041001,15529818.15,99.57179735331724,8.64,
2024/12/15 14:45:00,-0.08,6.96,3.69,104.64,59.98,96.41,2.2667350359667044,6846311.18716473,15519182.023888888,99.56202538127208,8.64,
2024/12/15 15:00:00,-0.05,6.96,3.68,104.65,59.96,96.37,2.267307297157338,6839893.733300114,15508548.22,99.54123408211198,8.65,
2024/12/15 15:15:00,-0.03,6.97,3.7,104.66,59.95,96.34,2.2672520168979524,6835370.935687885,15497916.738333331,99.53035468302133,8.65,
2024/12/15 15:30:00,-0.03,6.97,3.69,104.66,59.93,96.3,2.2672521991316716,6830682.934793048,15487287.578888888,99.53035468302116,8.65,
2024/12/15 15:45:00,-0.03,6.97,3.71,104.67,59.92,96.27,2.266859364968644,6827177.820388195,15476660.741666665,99.53901985859201,8.65,
2024/12/15 16:00:00,-0.03,6.98,3.68,104.67,59.9,96.23,2.266860091093272,6822491.056597805,15466036.226666668,99.53901985859213,8.65,
2024/12/15 16:15:00,-0.03,6.98,3.73,104.68,59.88,96.2,2.2664666386881893,6820864.177016653,15459670.55111111,99.54768481662748,8.65,
2024/12/15 16:30:00,-0.03,6.98,3.7,104.69,59.87,96.16,2.2665330877274665,6814102.524111865,15444794.163333332,99.55620994437643,8.66,
2024/12/15 16:45:00,-0.02,6.97,3.7,104.69,59.85,96.13,2.2667014364059273,6810789.135454994,15438431.971111106,99.54643707617755,8.66,
2024/12/15 17:00:00,-0.04,6.97,3.71,104.7,59.84,96.09,2.2659717947847757,6862142.7018453935,15549832.222222222,99.57464739600822,8.66,
2024/12/15 17:15:00,-0.07,6.97,3.66,103.88,59.82,96.05,2.293352886498579,6770601.802476981,15527791.546666665,98.894012619627,8.57,
2024/12/15 17:30:00,-0.09,6.98,3.68,102.82,59.8,96.02,2.328928214428512,6659554.086497895,15510047.91111111,97.99354544441124,8.46,
2024/12/15 17:45:00,-0.1,6.98,3.66,102.6,59.79,96.02,2.337187816929971,6632091.868603688,15500868.63111111,97.81167057444074,8.46,
2024/12/15 18:00:00,-0.1,6.98,3.67,102.6,59.77,96.01,2.337187623461681,6628161.3074519485,15491681.92,97.81167057444074,8.46,
2024/12/15 18:15:00,-0.11,6.99,3.68,102.6,59.76,96.0,2.3370053927597976,6622916.606814146,15478216.746666668,97.82142132096241,8.46,
2024/12/15 18:30:00,-0.11,6.97,3.66,102.6,59.74,95.99,2.3365551388148353,6620256.50969887,15469018.888888884,97.82158194149268,8.45,
2024/12/15 18:45:00,-0.11,6.98,3.68,102.6,59.72,95.98,2.3365549440321733,6616316.933819592,15459813.600000001,97.82158194149268,8.45,
2024/12/15 19:00:00,-0.11,6.98,3.67,102.6,59.71,95.97,2.3365551385281607,6610551.080282496,15446340.995555554,97.82158194149257,8.45,
2024/12/15 19:15:00,-0.11,6.98,3.67,102.6,59.69,95.96,2.336555138528146,6606606.733978409,15437124.559999999,97.82158194149268,8.45,
2024/12/15 19:30:00,-0.11,6.99,3.68,102.6,59.67,95.95,2.336103229667558,6611690.161796935,15446014.491111109,97.82174308938686,8.44,
2024/12/15 19:45:00,-0.1,6.98,3.68,102.61,59.66,95.95,2.3363536778477463,6624886.326310921,15478503.541111114,97.82054396913904,8.45,
2024/12/15 20:00:00,-0.1,6.99,3.68,102.62,59.64,95.94,2.3359705302719997,6639887.985584161,15511008.149999997,97.82925662829254,8.45,
2024/12/15 20:15:00,-0.1,6.99,3.68,102.63,59.62,95.93,2.3355871407369286,6654901.367451062,15543528.317777779,97.83796904171734,8.45,
2024/12/15 20:30:00,-0.1,6.99,3.7,102.64,59.61,95.92,2.3356545111693103,6666801.853709433,15571775.480555557,97.84652089225088,8.46,
2024/12/15 20:45:00,-0.1,6.99,3.69,102.65,59.59,95.91,2.3352714061735016,6681831.4225449655,15604318.986666664,97.85523285771475,8.46,
2024/12/15 21:00:00,-0.09,7.0,3.7,102.66,59.58,95.9,2.335519916971017,6693037.437501065,15632152.213333337,97.85403346018992,8.47,
2024/12/15 21:15:00,-0.09,7.02,3.69,102.67,59.56,95.89,2.335137198065628,6708082.1153200995,15664718.941666663,97.86274486251446,8.47,
2024/12/15 21:30:00,-0.08,7.02,3.71,102.68,59.54,95.88,2.3353843060090522,6721322.382509153,15697301.228888886,97.8615454437993,8.48,
2024/12/15 21:45:00,-0.08,7.03,3.72,102.69,59.53,95.88,2.335001011572499,6736385.896030601,15729899.074999996,97.87025628356294,8.48,
2024/12/15 22:00:00,-0.08,7.03,3.7,102.7,59.51,95.87,2.3350658231330317,6745284.978221769,15751113.620000001,97.8788086739532,8.49,
2024/12/15 22:15:00,-0.08,7.05,3.75,102.8,59.49,95.86,2.331230973859845,6664225.092093091,15536273.927777776,97.96590162010234,8.49,
2024/12/15 22:30:00,-0.08,7.03,3.71,102.9,59.48,95.85,2.3273921072814083,6673041.591021927,15531206.374444442,98.05297023178152,8.49,
2024/12/15 22:45:00,-0.08,7.04,3.74,103.01,59.46,95.84,2.323614547857179,6683364.071273837,15529985.35,98.14856141989311,8.5,
2024/12/15 23:00:00,-0.1,7.05,3.71,103.12,59.44,95.83,2.319476607754962,6694944.3765429715,15529183.834999999,98.26363749165776,8.51,
2024/12/15 23:15:00,-0.09,7.04,3.69,103.23,59.43,95.82,2.315418827458413,6704306.146442644,15523690.966666661,98.34957297586269,8.51,
2024/12/15 23:30:00,-0.08,7.06,3.72,103.33,59.41,95.82,2.3121929001332697,6715155.588490467,15527149.684444442,98.42662786428629,8.52,
2024/12/15 23:45:00,-0.07,7.04,3.73,103.44,59.4,95.81,2.3085754348774095,6723296.322619019,15521653.797222223,98.51235133504986,8.53,
2025/01/24 09:30:00,0.75,5.56,4.01,60.9,56.01,58.34,4.254642073807517,223679.0109211093,951809.9188888909,58.12893738622415,5.06,
2025/01/24 09:45:00,-0.04,5.57,4.04,91.05,59.99,80.73,2.7172424395817902,3252628.1818234446,8838853.36888889,87.53269643022081,7.06,
2025/01/24 10:00:00,-0.08,5.6,3.42,95.66,60.02,85.12,2.5579559779908583,4157602.0626797033,10635479.372222222,91.69991997614495,7.51,
2025/01/24 10:15:00,-0.08,5.61,3.36,95.93,60.06,85.48,2.5500209670860623,4199411.572976473,10709088.707777778,91.93912848289422,7.56,
2025/01/24 10:30:00,-0.05,5.64,3.36,96.19,60.09,85.84,2.541643773738687,4243132.6285471115,10785026.999999998,92.14085187463228,7.58,
2025/01/24 10:45:00,-0.14,5.58,3.31,96.46,60.12,86.21,2.5282803575279025,4300915.625594396,10874417.809444442,92.46840457840558,7.56,
2025/01/24 11:00:00,-0.04,5.67,3.36,96.73,60.15,86.57,2.5298168201007667,4348672.540265906,11001839.88444444,92.60678073996091,7.76,
2025/01/24 11:15:00,-0.09,5.58,3.27,97.02,60.18,86.93,2.5218284843858356,4424573.88677109,11158515.805555558,92.91051946271986,7.85,
2025/01/24 11:30:00,-0.17,5.55,3.22,97.3,60.22,87.29,2.506654689469334,4512385.157502799,11311488.24666667,93.23747259289455,7.79,
2025/01/24 11:45:00,-0.06,5.56,3.24,97.41,60.25,87.65,2.505747568735649,4576918.1778145125,11469107.222222222,93.22778647911855,7.81,
2025/01/24 12:00:00,-0.07,5.58,3.23,97.41,60.28,88.01,2.504587862853425,4642159.228513684,11627201.324444447,93.23790902425105,7.79,
2025/01/24 12:15:00,-0.01,5.64,3.33,97.42,60.31,88.21,2.505956916476465,4676077.335387712,11718567.299999997,93.1883566910051,7.8,
2025/01/24 12:30:00,-0.04,5.65,3.32,97.43,60.34,88.15,2.505882446892153,4669122.406822795,11700785.58,93.2258833806951,7.82,
2025/01/24 12:45:00,-0.05,5.67,3.33,97.44,60.38,88.09,2.504815684397105,4662278.97443774,11678659.678888887,93.24464521212211,7.81,
2025/01/24 13:00:00,0.03,5.69,3.36,97.44,60.41,88.03,2.506520444677528,4651906.774251066,11660611.6,93.16705095317471,7.81,
2025/01/24 13:15:00,0.15,5.71,3.43,97.45,60.44,87.97,2.5086955138473974,4640623.19533348,11642433.941111112,93.05949372016968,7.81,
2025/01/24 13:30:00,0.03,5.64,3.34,97.46,60.47,87.91,2.5062276978305267,4637890.484758775,11624126.70222222,93.1845423145941,7.82,
2025/01/24 13:45:00,0.08,5.63,3.37,97.47,60.5,87.85,2.507383272677256,4615731.956561109,11573933.494444441,93.14468222034405,7.83,
2025/01/24 14:00:00,0.1,5.65,3.34,97.48,60.54,87.79,2.506955712629556,4595984.398597622,11522439.958333334,93.13433843167078,7.82,
2025/01/24 14:15:00,0.07,5.67,3.34,97.48,60.57,87.73,2.5063167473266876,4578325.8969524605,11475238.817777779,93.16344089874661,7.82,
2025/01/24 14:30:00,0.01,5.69,3.35,97.49,60.6,87.68,2.5041814182081987,4565092.878353933,11432319.971111111,93.23070232962225,7.81,
2025/01/24 14:45:00,-0.15,5.7,3.32,97.5,60.63,87.62,2.5004014640434056,4553168.471971435,11385236.683333334,93.39474009904805,7.81,
2025/01/24 15:00:00,-0.05,5.75,3.32,97.51,60.67,87.56,2.5040265630709655,4526119.122863491,11333999.056111109,93.30575998481872,7.85,
2025/01/24 15:15:00,0.42,5.94,3.64,97.51,60.7,87.5,2.5131212256156528,4491043.144405543,11287040.355555553,92.85017209161693,7.83,
2025/01/24 15:30:00,0.22,5.69,3.44,97.52,60.73,87.44,2.508455529592002,4480697.470571661,11240142.264999999,93.05309815341494,7.83,
2025/01/24 15:45:00,0.14,5.69,3.41,97.53,60.76,87.38,2.5063659317975886,4456377.518475921,11169814.113333333,93.1395640896789,7.83,
2025/01/24 16:00:00,0.02,5.69,3.37,97.54,60.79,87.32,2.502955048869097,4430630.122373051,11090156.085555552,93.26503634530972,7.82,
2025/01/24 16:15:00,0.17,5.73,3.41,97.55,60.83,87.26,2.5057631375996117,4392205.125706119,11006310.975000001,93.12835714245422,7.82,
2025/01/24 16:30:00,0.19,5.74,3.44,97.55,60.86,87.2,2.5061880878527547,4359909.055194192,10927238.263333334,93.1089513963505,7.82,
2025/01/24 16:45:00,0.19,5.76,3.48,97.56,60.89,87.14,2.505803010835556,4339961.38105092,10875576.249999998,93.11779693129142,7.82,
2025/01/24 17:00:00,0.24,5.78,3.47,97.57,60.92,87.08,2.506003622863362,4334676.355929004,10863195.786666663,93.07833064475035,7.81,
2025/01/24 17:15:00,0.15,5.8,3.49,97.58,60.95,87.02,2.503706394938947,4348631.876408998,10888178.949999996,93.1745071194704,7.81,
2025/01/24 17:30:00,0.2,5.79,3.48,97.59,60.54,86.96,2.503901674394468,4405690.1645794185,11031902.908888888,93.13504209331556,7.8,
2025/01/24 17:45:00,0.27,5.73,3.43,97.59,59.81,86.9,2.5053872247044793,4513732.637538698,11309150.93,93.06711166562313,7.8,
2025/01/24 18:00:00,0.15,5.71,3.39,97.32,60.37,86.84,2.5169666805998228,4387451.773226622,11043560.464444447,92.94297700173453,7.88,
2025/01/24 18:15:00,-0.09,5.73,2.97,95.87,58.25,86.82,2.5616029826327855,4645012.500532807,11899135.172222216,91.89094051331134,7.76,
2025/01/24 18:30:00,-0.08,5.75,2.94,96.13,58.2,86.85,2.5505126513306386,4670322.178239937,11912162.258333331,92.11322511366122,7.73,
2025/01/24 18:45:00,-0.08,5.95,3.08,96.18,58.12,86.87,2.550900741542047,4677931.700174982,11933377.500000002,92.15658592153387,7.78,
2025/01/24 19:00:00,-0.07,5.84,3.02,96.23,58.03,86.89,2.548756358330565,4745003.446799889,12094308.893333333,92.19157032075663,7.77,
2025/01/24 19:15:00,-0.06,5.73,2.95,96.27,57.94,86.91,2.5451289531729366,4682914.9450774295,11919072.378888888,92.21853389049386,7.72,
2025/01/24 19:30:00,0.01,5.74,3.32,97.1,60.28,86.93,2.5204972141985054,4355373.107508337,10978174.350000001,92.88470202833257,7.84,
2025/01/24 19:45:00,0.32,5.75,3.54,97.1,60.97,86.95,2.527226716088567,4239923.005152237,10715749.77,92.58409975634567,7.84,
2025/01/24 20:00:00,0.39,5.78,3.57,97.08,60.88,86.97,2.5237307575091066,4269054.81501453,10774449.626111107,92.50097826926945,7.72,
2025/01/24 20:15:00,0.31,5.77,3.59,97.0,60.8,87.0,2.523616808471109,4292548.479183277,10833261.87777778,92.508345233191,7.69,
2025/01/24 20:30:00,0.32,5.79,3.57,96.92,60.71,87.0,2.526932102357813,4306961.017286699,10883906.641666666,92.42775428355088,7.69,
2025/01/24 20:45:00,0.27,5.85,3.62,96.84,60.62,86.94,2.5294399154353018,4312917.116683654,10909773.062222224,92.40511835166289,7.7,
2025/01/24 21:00:00,0.34,5.85,3.6,96.77,60.54,86.87,2.5336691963945293,4312663.938577964,10927369.817222223,92.27517401844781,7.7,
2025/01/24 21:15:00,0.43,5.89,3.69,96.69,60.45,86.81,2.5392214144198375,4319220.531009983,10967978.633333333,92.11674670555351,7.71,
2025/01/24 21:30:00,0.23,5.77,3.54,96.61,60.37,86.75,2.537940209354674,4337354.407877492,11008461.933333335,92.2396875655589,7.71,
2025/01/24 21:45:00,0.38,5.76,3.54,96.53,60.28,86.68,2.5448110524848375,4341568.564375209,11048994.000000002,92.02307550874815,7.72,
2025/01/24 22:00:00,0.47,5.78,3.61,96.45,60.19,86.62,2.549896075762871,4350465.119418994,11093772.250000004,91.86482809114798,7.72,
2025/01/24 22:15:00,0.32,5.86,3.5,96.24,58.69,86.55,2.5522918667538814,4573449.563912751,11673299.757777777,91.82481767413668,7.67,
2025/01/24 22:30:00,0.05,5.83,3.11,95.41,57.01,86.49,2.5801364070273953,4773786.168610708,12317505.566666663,91.34684642505086,7.71,
2025/01/24 22:45:00,0.11,5.89,3.23,95.43,57.09,86.43,2.580740929798125,4736798.37066837,12224942.950000001,91.3066109249399,7.71,
2025/01/24 23:00:00,0.13,5.87,3.14,95.44,57.17,86.36,2.5812765168855467,4707800.9951449735,12152614.32,91.29594699937621,7.72,
2025/01/24 23:15:00,0.15,5.84,3.11,95.46,57.25,86.3,2.580505568296431,4683223.082541738,12085558.527777776,91.29463292261542,7.71,
2025/01/24 23:30:00,0.16,5.78,3.1,95.47,57.34,86.23,2.5803475826880278,4654200.988415914,12009937.335,91.2938646132184,7.71,
2025/01/24 23:45:00,0.18,5.79,3.09,95.48,57.42,86.17,2.5808823666512377,4627325.682799287,11943058.263888888,91.28319737664026,7.72,
2025/01/25 00:00:00,0.12,5.78,3.11,95.5,56.63,86.11,2.5773497617541516,4747735.532702499,12237066.11111111,91.3597482997003,7.69,
2025/01/26 11:15:00,-0.07,6.47,4.9,92.14,60.9,81.2,2.675549411744293,3235800.467768647,8658172.172222223,88.54534866062062,7.11,
2025/01/26 11:30:00,0.61,6.41,4.15,96.96,60.94,85.67,2.5331518531951307,4153890.818272717,10522921.377222223,92.18124621588755,7.72,
2025/01/26 11:45:00,0.77,6.45,4.2,97.46,60.98,86.29,2.5211056098667872,4261719.648420709,10744738.998888891,92.46680673397405,7.8,
2025/01/26 12:00:00,0.89,6.71,4.3,97.74,61.03,86.92,2.517679572530646,4355058.49086388,10965111.153333334,92.59573687956133,7.9,
2025/01/26 12:15:00,0.5,6.45,4.06,98.03,61.07,87.54,2.5009620405221957,4471941.109109272,11184632.329444446,93.22940061526367,7.96,
2025/01/26 12:30:00,0.59,6.45,4.02,98.32,61.11,88.16,2.4940441127165247,4575934.436853785,11413059.227777775,93.39690710951905,8.01,
2025/01/26 12:45:00,0.69,6.49,4.1,98.53,61.16,88.79,2.489459155926738,4680723.385673894,11652963.245000005,93.48430059574838,8.04,
2025/01/26 13:00:00,0.64,6.52,4.12,98.61,61.2,89.03,2.4848573747766567,4721256.812735418,11732143.12722222,93.60356358347751,8.03,
2025/01/26 13:15:00,0.73,6.55,4.14,98.69,61.24,89.06,2.4836549393939236,4719895.45613726,11723082.164444443,93.5865560480412,8.03,
2025/01/26 13:30:00,0.84,6.57,4.18,98.76,61.29,89.1,2.4832446002949053,4717026.501300002,11714024.684999997,93.54125571816687,8.03,
2025/01/26 13:45:00,0.9,6.61,4.23,98.84,61.33,89.13,2.4818701959519407,4715990.129434668,11704970.688888887,93.55314742338132,8.04,
2025/01/26 14:00:00,1.02,6.64,4.27,98.92,61.38,89.16,2.4812612279007005,4711673.300581821,11691388.939999998,93.50683422110613,8.04,
2025/01/26 14:15:00,0.64,6.64,4.2,99.0,61.42,89.2,2.470760008438956,4729747.837006451,11686550.590000002,93.94655848660146,8.05,
2025/01/26 14:30:00,0.81,6.63,4.19,99.01,61.46,89.23,2.476707919230956,4715127.692115285,11678474.48166667,93.78896677169831,8.11,
2025/01/26 14:45:00,1.04,6.76,4.4,99.01,61.51,89.27,2.482438892764188,4707474.744013548,11686517.38222222,93.56493502741968,8.13,
2025/01/26 15:00:00,0.95,6.67,4.24,99.02,61.55,89.3,2.4792396752309807,4716795.92236339,11694551.458333332,93.6616166709358,8.11,
2025/01/26 15:15:00,0.92,6.62,4.15,99.03,61.59,89.34,2.4786944585429267,4722776.13698008,11706795.375,93.6994096575856,8.12,
2025/01/26 15:30:00,1.05,6.61,4.28,99.03,61.64,89.37,2.4799910853829013,4610437.532484573,11434337.633888891,93.57350275891663,8.09,
2025/01/26 15:45:00,1.05,6.6,4.28,99.04,61.68,89.4,2.4800748667134194,4617832.217014665,11453066.240000002,93.58211857651897,8.1,
2025/01/26 16:00:00,1.09,6.66,4.33,99.04,61.72,89.44,2.4813816384528797,4624480.308318986,11475596.44,93.54303290818208,8.11,
2025/01/26 16:15:00,1.27,6.69,4.42,99.05,61.77,89.47,2.4852268020433494,4623176.179545905,11490152.361111108,93.37653727913487,8.12,
2025/01/26 16:30:00,1.06,6.71,4.36,99.06,61.81,89.51,2.480448976385941,4641165.140161893,11512666.305555558,93.58962380330269,8.12,
2025/01/26 16:45:00,1.18,6.65,4.28,99.06,61.85,89.54,2.4829577386038295,4643996.485177286,11531337.436666667,93.47288923889477,8.12,
2025/01/26 17:00:00,1.12,6.53,4.23,99.07,61.9,89.57,2.4813112407670177,4652778.9585572025,11545498.115555553,93.54005016811738,8.12,
2025/01/26 17:15:00,1.11,6.55,4.24,99.08,61.94,89.61,2.480242703121269,4664110.643144508,11568630.235555556,93.55874493450001,8.11,
2025/01/26 17:30:00,1.07,6.57,4.26,99.08,61.98,89.64,2.479408711896577,4673319.335288458,11587573.066666668,93.5976565332802,8.11,
2025/01/26 17:45:00,1.03,6.58,4.24,99.09,62.03,89.68,2.478657984990497,4682372.785106024,11606499.177777778,93.64518180310577,8.12,
2025/01/26 18:00:00,1.1,6.57,4.29,99.1,62.07,89.71,2.4801960116482213,4687087.447258493,11625408.568888884,93.58570457124804,8.13,
2025/01/26 18:15:00,1.17,6.63,4.31,99.1,62.11,89.74,2.4821295058569324,4691050.80530835,11644301.239999996,93.5174322582272,8.14,
2025/01/26 18:30:00,1.08,6.65,4.31,99.11,62.16,89.78,2.4793928851859923,4703714.117581394,11662856.492222223,93.61395122273619,8.13,
2025/01/26 18:45:00,1.08,6.72,4.37,99.11,62.2,89.81,2.4793933344811223,4711320.228300226,11681715.839444445,93.61395122273602,8.13,
2025/01/26 19:00:00,1.13,6.69,4.31,99.12,62.2,89.85,2.479578771439291,4727117.346243493,11721755.130555551,93.57427510014207,8.12,
2025/01/26 19:15:00,0.95,6.66,4.27,99.13,62.12,89.88,2.4754436982944337,4763227.045039951,11791595.15111111,93.75816459886293,8.12,
2025/01/26 19:30:00,1.06,6.66,4.31,99.13,62.03,89.92,2.4767862607101354,4792349.007477097,11870131.197222222,93.65151592342261,8.1,
2025/01/26 19:45:00,1.03,6.65,4.29,99.14,61.94,89.95,2.4767181833724834,4688621.660881958,11612888.423888892,93.68913773409113,8.12,
2025/01/26 20:00:00,1.03,6.68,4.31,99.15,61.85,89.98,2.4758596263480532,4710738.132669977,11663620.038888888,93.69810431149503,8.11,
2025/01/26 20:15:00,0.98,6.69,4.31,99.15,61.76,90.02,2.474350361310018,4735793.867990335,11718506.69,93.74692031363567,8.1,
2025/01/26 20:30:00,0.92,6.62,4.27,99.16,61.73,90.05,2.470817840337541,4753030.930513738,11744373.226666665,93.81479193668748,8.06,
2025/01/26 20:45:00,0.8,6.54,4.1,99.17,61.74,90.09,2.47032006539142,4759431.969301168,11757801.825,93.93940312108215,8.11,
2025/01/26 21:00:00,0.96,6.55,4.13,99.17,61.75,90.09,2.4750362172828484,4749083.913982003,11754641.62888889,93.78324897118192,8.14,
2025/01/26 21:15:00,0.91,6.56,4.13,99.18,61.76,90.09,2.473145200235048,4751438.187490576,11751480.736111112,93.84085048017121,8.13,
2025/01/26 21:30:00,0.95,6.57,4.19,99.18,61.77,90.09,2.4739734931905324,4748432.3701611785,11747990.32,93.80194274077188,8.13,
2025/01/26 21:45:00,0.98,6.57,4.18,99.19,61.78,90.09,2.4737408574832918,4747601.549768009,11744828.15,93.7817268527901,8.12,
2025/01/26 22:00:00,0.95,6.61,4.25,99.2,61.8,90.08,2.4722598831007065,4745807.614939658,11733367.286666667,93.81987660810402,8.11,
2025/01/26 22:15:00,1.18,6.88,4.44,99.2,61.81,90.08,2.477032379086893,4735392.413653964,11730203.026666665,93.59610967855707,8.11,
2025/01/26 22:30:00,1.01,6.64,4.22,99.2,61.82,90.08,2.473032055567611,4741771.494148164,11727038.069999998,93.7616852694607,8.1,
2025/01/26 22:45:00,0.95,6.53,4.13,99.2,61.83,90.08,2.4717898633808506,4742872.3436062215,11723872.416666666,93.82005418788434,8.1,
2025/01/26 23:00:00,0.85,6.53,4.13,99.2,61.84,90.08,2.470192664375904,4744524.740610079,11720378.168888887,93.91714752590272,8.11,
2025/01/26 23:15:00,0.91,6.55,4.16,99.2,61.85,90.08,2.471433285732567,4740860.705042228,11717211.238333331,93.85878636522918,8.11,
2025/01/26 23:30:00,0.92,6.57,4.19,99.2,61.86,90.08,2.4716397877945058,4739182.212761432,11714043.61111111,93.84905909955422,8.11,
2025/01/26 23:45:00,0.93,6.59,4.18,99.2,61.88,90.07,2.472317512508016,4733245.901455279,11702572.646111107,93.83915431485082,8.12,
2025/01/27 00:00:00,0.98,6.59,4.21,99.25,62.32,90.0,2.4714131327118047,4649052.616083654,11490212.506666668,93.83445960414521,8.12,
2025/01/27 00:15:00,0.97,6.61,4.25,99.25,62.36,89.99,2.471674799582002,4639123.452536121,11466890.544999996,93.8440117945236,8.13,
2025/01/27 00:30:00,0.98,6.66,4.28,99.26,62.4,89.98,2.471495020153975,4630030.355893233,11443577.872222222,93.84307136823209,8.13,
2025/01/27 00:45:00,0.94,6.69,4.27,99.27,62.44,89.97,2.470748683614114,4622130.3078818815,11420594.142222222,93.89059614726449,8.14,
2025/01/27 01:00:00,1.01,6.69,4.25,99.27,62.49,89.97,2.4721995850839047,4609996.7536170315,11397299.466666665,93.82249759508464,8.14,
2025/01/27 01:15:00,0.89,6.55,4.15,99.28,62.53,89.96,2.4683915819547386,4607672.947428253,11374014.079999996,93.94837677404642,8.12,
2025/01/27 01:30:00,0.96,6.54,4.15,99.29,62.57,89.95,2.469448655528568,4596274.413580878,11350737.982222222,93.88906674030186,8.12,
2025/01/27 01:45:00,0.95,6.55,4.15,99.29,62.61,89.94,2.469242617387029,4587236.503938921,11327471.17333333,93.89879537686868,8.12,
2025/01/27 02:00:00,0.94,6.56,4.21,99.3,62.65,89.94,2.4691159963889158,4579726.897193344,11308357.426666668,93.9171346119486,8.13,
2025/01/27 02:15:00,0.95,6.61,4.23,99.3,62.69,89.93,2.469323892341693,4569928.947337874,11285108.26666667,93.90740611023067,8.13,
2025/01/27 02:30:00,1.02,6.64,4.25,99.31,62.73,89.92,2.469911251857854,4559434.114922389,11261868.395555558,93.84826464331756,8.12,
2025/01/27 02:45:00,1.01,6.63,4.27,99.32,62.78,89.91,2.469315159169832,4549575.769240857,11234811.836111108,93.86677996506249,8.12,
2025/01/27 03:00:00,1.11,6.65,4.26,99.32,62.82,89.91,2.4718551969850093,4538074.614626154,11217932.879999999,93.76930400937438,8.13,
2025/01/27 03:15:00,1.54,6.53,4.38,99.33,62.83,89.9,2.4822870765338414,4517290.365444783,11213736.972777778,93.35889231349633,8.17,
2025/01/27 03:30:00,1.54,6.66,4.5,99.34,62.79,89.89,2.4804601500750105,4527150.819029265,11229940.394444445,93.36817241934263,8.14,
2025/01/27 03:45:00,1.43,6.54,4.43,99.34,62.76,89.88,2.4762406363370197,4539733.384098049,11242006.89333333,93.47593709106923,8.1,
2025/01/27 04:00:00,1.54,6.54,4.41,99.35,62.72,89.88,2.4800657379379496,4540944.308377715,11262372.317777775,93.37695135984292,8.14,
2025/01/27 04:15:00,1.56,6.54,4.44,99.35,62.69,89.87,2.481440029841097,4543294.22027316,11274452.750000002,93.35714597882003,8.16,
2025/01/27 04:30:00,1.46,6.57,4.45,99.36,62.66,89.86,2.4789658812374378,4552706.292339881,11286538.755555557,93.46327686680739,8.16,
2025/01/27 04:45:00,1.47,6.62,4.45,99.37,62.62,89.86,2.4787848967235284,4561270.449556417,11306932.046666667,93.46232138455755,8.16,
2025/01/27 05:00:00,1.45,6.64,4.46,99.37,62.59,89.87,2.478369350174972,4570268.8914320525,11327336.484444445,93.48179095683683,8.16,
2025/01/27 05:15:00,1.38,6.68,4.48,99.38,62.55,89.87,2.4765239637381504,4582047.961712277,11348069.284444446,93.55871088221664,8.16,
2025/01/27 05:30:00,1.13,6.64,4.39,99.39,62.52,89.88,2.470483073223148,4601525.744574174,11368496.479999995,93.81097990851174,8.15,
2025/01/27 05:45:00,1.06,6.64,4.26,99.39,62.48,89.88,2.469042666014784,4612499.077095665,11388934.82222222,93.87909687315226,8.15,
2025/01/27 06:00:00,1.08,6.51,4.26,99.4,62.45,89.89,2.4695303551511985,4619857.302361085,11409384.311111111,93.8682454966938,8.16,
2025/01/27 06:15:00,1.23,6.53,4.31,99.38,62.42,89.89,2.473412204201012,4625125.384719691,11440357.646666666,93.7047080109922,8.16,
2025/01/27 06:30:00,1.22,6.56,4.32,99.35,62.38,89.9,2.4743746247808036,4668546.287138148,11552249.28,93.68809395573012,8.16,
2025/01/27 06:45:00,1.16,6.66,4.36,99.33,62.35,89.91,2.4724962157580235,4715774.0784287285,11660240.973333333,93.72943322529395,8.13,
2025/01/27 07:00:00,1.19,6.62,4.38,99.31,62.31,89.91,2.4743673105791872,4627737.78239109,11451235.399999999,93.68249901617673,8.14,
2025/01/27 07:15:00,1.23,6.63,4.37,99.28,62.28,89.92,2.4763677355570093,4621760.639120854,11445687.146666668,93.61722130151135,8.14,
2025/01/27 07:30:00,1.47,6.65,4.41,99.26,62.24,89.92,2.48404277480231,4719330.059910243,11723545.68,93.36539931596141,8.18,
2025/01/27 07:45:00,1.21,6.71,4.38,99.23,62.21,89.93,2.476956680581769,4733182.918867156,11724394.220000003,93.59310341916192,8.12,
2025/01/27 08:00:00,1.1,6.65,4.29,99.21,62.17,89.93,2.47497937009218,4737291.294824166,11725196.315555558,93.68273635083003,8.11,
2025/01/27 08:15:00,0.99,6.55,4.23,99.18,62.14,89.94,2.473862628397006,4739731.918976531,11725951.966666665,93.76338602994583,8.11,
2025/01/27 08:30:00,0.98,6.56,4.2,99.16,62.11,89.95,2.4753709390792262,4737133.626849152,11726661.173333334,93.75518022753194,8.13,
2025/01/27 08:45:00,1.22,6.65,4.38,99.14,62.07,89.95,2.479240958234375,4729997.886591014,11727323.935555557,93.50481187166653,8.09,
2025/01/27 09:00:00,0.99,6.55,4.23,99.11,62.04,89.96,2.47704791431545,4734308.34075695,11727616.071111107,93.70167376802785,8.12,
2025/01/27 09:15:00,1.0,6.51,4.25,99.09,62.0,89.96,2.478028943494508,4732134.251824221,11726886.89333333,93.67436283722014,8.12,
2025/01/27 09:30:00,1.05,6.51,4.25,99.06,61.97,89.97,2.4802359508841354,4727739.976334075,11726432.666666666,93.5993509308902,8.12,
2025/01/27 09:45:00,1.06,6.52,4.23,99.04,61.93,89.97,2.4816903991930017,4724637.689089693,11725603.633333335,93.57186262137986,8.13,
2025/01/27 10:00:00,1.01,6.53,4.28,99.01,61.9,89.98,2.479930662683743,4748403.848638218,11776238.76,93.59482234481708,8.09,
2025/01/27 10:15:00,0.93,6.55,4.19,98.99,61.87,89.98,2.480910458181651,4830147.3030387815,11983674.046666669,93.65432528109181,8.13,
2025/01/27 10:30:00,0.83,6.55,4.16,98.96,61.83,89.99,2.4799778064547606,4804305.823112315,11915073.279999996,93.72517403056337,8.13,
2025/01/27 10:45:00,0.98,6.59,4.2,98.94,61.8,90.0,2.483894944067974,4767160.8758801,11841626.5,93.56171984351171,8.13,
2025/01/27 11:00:00,0.95,6.57,4.17,98.92,61.76,90.0,2.483576728317822,4756712.54506762,11814156.933333334,93.57347642153694,8.12,
2025/01/27 11:15:00,1.06,6.59,4.26,98.89,61.74,90.01,2.486580234301821,4783859.89117699,11895967.312777782,93.44028870065324,8.11,
2025/01/27 11:30:00,1.1,6.6,4.22,98.87,61.72,90.01,2.489132982878128,4796854.243432013,11940515.895000001,93.3834400032114,8.13,
2025/01/27 11:45:00,1.15,6.61,4.19,98.84,61.7,90.02,2.4922815979745465,4810390.050881403,11989349.09333333,93.30807088210238,8.15,
2025/01/27 12:00:00,1.08,6.64,4.17,98.82,61.68,90.02,2.4878427704263895,4836797.179987717,12033683.566666665,93.35996377549769,8.07,
2025/01/27 12:15:00,1.24,6.64,4.18,98.81,61.65,90.03,2.4925466921882435,4822848.270491419,12021670.246666666,93.19519417079586,8.09,
2025/01/27 12:30:00,1.43,6.65,4.25,98.84,61.63,90.05,2.49490097600478,4819528.172455389,12024754.622222219,93.03692176019939,8.08,
2025/01/27 12:45:00,1.34,6.67,4.23,98.87,61.61,90.19,2.491831699616611,4847041.873484502,12078514.531111108,93.15086688814765,8.08,
2025/01/27 13:00:00,1.53,6.68,4.27,98.9,61.59,90.33,2.496576061292069,4859431.358197741,12132452.089999998,92.99169020756003,8.12,
2025/01/27 13:15:00,1.42,6.69,4.24,98.93,61.57,90.46,2.4926023242487094,4886933.077508825,12181685.174999997,93.12527074577874,8.11,
2025/01/27 13:30:00,1.48,6.7,4.28,98.97,61.55,90.6,2.493251413791141,4895535.569007384,12206312.922222221,93.10171007834312,8.13,
2025/01/27 13:45:00,1.53,6.72,4.31,99.0,61.53,90.74,2.4936054687978557,4891469.677262345,12197909.380555551,93.0792526228511,8.14,
2025/01/27 14:00:00,1.57,6.74,4.34,99.03,61.51,90.87,2.4937476401205183,4885960.5696266135,12184868.12888889,93.06652070354141,8.15,
2025/01/27 14:15:00,1.51,6.76,4.35,99.06,61.49,91.01,2.4917785142551314,4969014.680965685,12382205.000000002,93.15110747701736,8.16,
2025/01/27 14:30:00,1.38,6.79,4.27,99.09,61.47,91.15,2.4888058904215122,5123769.918250037,12752580.86666667,93.30363841965948,8.18,
2025/01/27 14:45:00,0.88,6.82,4.04,100.2,61.45,91.34,2.4462554613086938,5344995.197759803,13075686.042222222,94.76043877886542,8.42,
2025/01/27 15:00:00,0.51,6.83,3.82,100.12,61.43,91.57,2.44089834342188,5596095.767578123,13659945.309999997,95.0507059945301,8.4,
2025/01/27 15:15:00,0.56,6.85,3.86,100.38,61.4,91.8,2.432436211297456,5649204.844026036,13741777.866666665,95.22981450968166,8.41,
2025/01/27 15:30:00,0.61,6.87,3.88,100.64,61.38,92.03,2.423508210125189,5701667.894803316,13818486.091666665,95.40887187628995,8.41,
2025/01/27 15:45:00,0.63,6.88,3.89,100.89,61.36,92.25,2.4147687400465503,5751813.799371693,13889746.847777776,95.60802642170182,8.42,
2025/01/27 16:00:00,0.62,6.91,3.93,100.79,61.34,92.48,2.4188387358357613,5773360.391948494,13965279.68,95.53010896277192,8.43,
2025/01/27 16:15:00,0.41,6.91,3.91,101.16,61.32,92.71,2.4005475080031315,5848571.9593236,14040220.345555551,96.05828067626962,8.43,
2025/01/27 16:30:00,0.48,6.92,3.86,100.12,61.3,92.84,2.441135081402753,6040585.4323917525,14746357.034444446,95.0795627526452,8.42,
2025/01/27 16:45:00,0.45,6.94,3.85,100.16,61.28,92.9,2.4385814036970617,6059089.525275997,14776050.593333336,95.14399632551151,8.41,
2025/01/27 17:00:00,0.42,6.96,3.86,100.21,61.26,92.97,2.436072237394118,6079421.276370669,14810375.708333334,95.21703116136264,8.41,
2025/01/27 17:15:00,0.4,6.97,3.87,100.25,61.24,93.04,2.433722086403273,6099377.731416566,14844656.933333334,95.27173039246591,8.4,
2025/01/27 17:30:00,0.39,6.98,3.88,100.3,61.22,93.11,2.4316202941193787,6118729.670333337,14878894.26833333,95.32529745279992,8.4,
2025/01/27 17:45:00,0.39,6.98,3.91,100.35,61.2,93.17,2.4297196323598813,6135667.817845055,14908424.458888888,95.36912807993438,8.4,
2025/01/27 18:00:00,0.38,6.99,3.88,100.39,61.18,93.24,2.427569588313077,6155172.781522743,14942576.452222219,95.41408535571213,8.39,
2025/01/27 18:15:00,0.37,7.0,3.87,100.41,61.16,93.31,2.426608591963078,6177820.382007907,14991616.444444448,95.44134509170135,8.39,
2025/01/27 18:30:00,0.31,7.01,3.86,100.43,61.13,93.38,2.4237824507812165,6210288.42456915,15052850.541666662,95.51759616652936,8.37,
2025/01/27 18:45:00,0.24,7.0,3.79,100.45,61.11,93.44,2.4207574175639333,6239525.096089965,15104831.047777776,95.60358076779518,8.35,
2025/01/27 19:00:00,0.19,7.02,3.85,100.46,61.15,93.51,2.4185082557433537,6257179.671563576,15133500.971111115,95.66134169934281,8.33,
2025/01/27 19:15:00,0.2,7.03,3.82,100.48,61.31,93.58,2.4179477903750857,6247269.259963446,15106024.437777774,95.66913922042976,8.33,
2025/01/27 19:30:00,0.22,7.02,3.86,100.49,61.48,93.65,2.4184017632451638,6232761.272591223,15073780.73055556,95.65826906109922,8.34,
2025/01/27 19:45:00,0.23,7.04,3.84,100.51,61.65,93.71,2.4178410091610445,6218896.681554386,15036756.264444439,95.66606377297951,8.34,
2025/01/27 20:00:00,0.26,7.05,3.89,100.53,61.81,93.78,2.4181129682395124,6206725.655611444,15009021.616111107,95.65422255947946,8.35,
2025/01/27 20:15:00,0.3,7.04,3.9,100.54,61.98,93.85,2.4185267388057907,6192218.633961449,14976506.208888885,95.62405474318503,8.35,
2025/01/27 20:30:00,0.34,7.04,3.94,100.56,62.15,93.92,2.4198691595933335,6175307.016385474,14943900.235000001,95.60214048151173,8.38,
2025/01/27 20:45:00,0.36,7.05,3.91,100.58,62.31,93.98,2.4195071210456893,6162720.241996551,14911203.694444444,95.60019396651758,8.38,
2025/01/27 21:00:00,0.33,7.06,3.89,100.59,62.48,94.05,2.418094436150672,6151854.393076889,14876217.210555553,95.63832066017464,8.37,
2025/01/27 21:15:00,0.99,7.05,4.12,100.88,62.58,94.04,2.4240719283585306,6102930.089918627,14794430.28555556,95.24797311960039,8.46,
2025/01/27 21:30:00,0.65,7.04,3.98,100.63,62.59,93.93,2.423374173315344,6069097.731577655,14708159.730000002,95.36165617027368,8.38,
2025/01/27 21:45:00,0.6,7.06,3.99,100.66,62.6,93.82,2.42122805593392,6038942.730286868,14622117.681111107,95.43660566029055,8.38,
2025/01/27 22:00:00,0.56,7.05,3.98,100.68,62.61,93.71,2.4205451662561486,6005195.502858805,14536304.138888886,95.4927358323738,8.4,
2025/01/27 22:15:00,0.58,7.05,3.97,100.71,62.62,93.6,2.420669624446216,5971761.453340236,14456114.786666665,95.49920076814304,8.42,
2025/01/27 22:30:00,0.61,7.04,3.98,100.74,62.63,93.49,2.4205549621118885,5949650.7533194395,14401911.101111107,95.49608785419441,8.43,
2025/01/27 22:45:00,0.63,7.06,4.03,100.77,62.64,93.38,2.4193682539606507,5930158.260493964,14347693.48222222,95.50302856627019,8.42,
2025/01/27 23:00:00,0.66,7.06,4.03,100.79,62.65,93.27,2.4187595338268166,5909377.235382987,14293817.46222222,95.49147560143476,8.41,
2025/01/27 23:15:00,0.68,7.05,4.03,100.82,62.66,93.16,2.417563488199263,5889862.387396824,14239570.583333332,95.49840773292283,8.4,
2025/01/27 23:30:00,0.69,7.04,4.02,100.85,62.67,93.05,2.419672585637927,5835480.99934304,14120404.588888887,95.51380559148578,8.47,
2025/01/27 23:45:00,0.75,7.05,4.07,100.88,62.68,92.94,2.419284660186889,5780684.956500919,13985575.205555554,95.48176864120211,8.46,
2025/01/28 00:00:00,0.67,7.04,4.0,100.6,62.66,93.75,2.427975166110749,5982363.284994278,14525493.265555557,95.31479124230812,8.45,
2025/01/28 00:15:00,0.58,7.03,4.02,100.6,62.67,93.72,2.4240026141756266,5984010.425845843,14505723.374999994,95.40321941345762,8.4,
2025/01/28 00:30:00,0.5,7.04,3.91,100.62,62.68,93.69,2.4216431379531502,5981834.764811209,14486316.331666665,95.4986165775693,8.4,
2025/01/28 00:45:00,0.42,7.03,3.92,100.65,62.69,93.66,2.4193366845233695,5979515.986361127,14466911.14611111,95.60260190414364,8.41,
2025/01/28 01:00:00,0.53,7.02,3.92,100.67,62.7,93.63,2.4212008948692447,5966897.522229198,14447507.818333328,95.51286462820192,8.42,
2025/01/28 01:15:00,0.55,7.01,3.92,100.69,62.7,93.6,2.4212692634576505,5960644.755141993,14432777.149999995,95.5107408239934,8.43,
2025/01/28 01:30:00,0.57,7.01,3.95,100.71,62.71,93.57,2.420903864088742,5953529.426424547,14413377.305555549,95.5087763981025,8.43,
2025/01/28 01:45:00,0.59,7.0,3.94,100.73,62.72,93.54,2.420103538782267,5947483.25705939,14393979.31888889,95.50697032134886,8.42,
2025/01/28 02:00:00,0.6,7.0,3.96,100.76,62.73,93.51,2.419154285874866,5941798.40595055,14374583.190000001,95.52349039658256,8.42,
2025/01/28 02:15:00,0.62,6.99,3.95,100.78,62.73,93.48,2.418786548089929,5936614.489958927,14359858.79166667,95.52151798866458,8.42,
2025/01/28 02:30:00,0.64,6.98,3.94,100.8,62.74,93.45,2.4179790355043473,5930577.2672428265,14340466.146111112,95.51970352143364,8.41,
2025/01/28 02:45:00,0.63,6.98,3.93,100.82,62.75,93.42,2.4170140577074766,5924776.059252074,14320719.245555555,95.54694275720351,8.41,
2025/01/28 03:00:00,0.71,6.97,3.96,100.84,62.76,93.39,2.4178326682193645,5914748.811846038,14301330.780000003,95.4865266407579,8.41,
2025/01/28 03:15:00,0.64,6.95,3.95,100.87,62.77,93.36,2.4148514353444486,5914022.763440218,14281944.17222222,95.58111086126654,8.4,
2025/01/28 03:30:00,0.65,6.96,3.96,100.89,62.77,93.33,2.414281366457013,5909324.015179906,14267228.017777773,95.58886756441646,8.4,
2025/01/28 03:45:00,0.58,6.94,3.9,100.66,62.78,93.3,2.4212695817068206,5884265.1202827245,14247844.89333333,95.45591615512727,8.39,
2025/01/28 04:00:00,0.65,6.93,3.95,100.59,62.79,93.27,2.4244636879239776,5911721.5868110815,14333219.999999996,95.32679807454414,8.37,
2025/01/28 04:15:00,0.94,6.94,4.12,100.98,64.28,93.24,2.4196550059743394,5564418.550517037,13464433.93777777,95.38397033717973,8.47,
2025/01/28 04:30:00,0.65,6.93,3.91,100.61,62.59,93.21,2.4258933588654483,5874558.224209326,14251509.127777774,95.34349896800583,8.42,
2025/01/28 04:45:00,0.61,6.92,3.9,100.65,62.5,93.18,2.4235619329059612,5897905.253349007,14294396.624444447,95.4174654572188,8.42,
2025/01/28 05:00:00,0.66,6.93,3.95,100.7,62.41,93.15,2.423082268293476,5916351.5514605325,14336271.864444448,95.41238978926455,8.43,
2025/01/28 05:15:00,0.48,6.91,3.89,100.72,62.32,93.11,2.4191567681456827,5937367.083209174,14363880.53222222,95.60499398701775,8.44,
2025/01/28 05:30:00,0.55,6.91,3.88,100.73,62.23,93.06,2.420172364027699,5944361.0424571,14386836.62777778,95.54559597741947,8.44,
2025/01/28 05:45:00,0.49,6.89,3.86,100.75,62.14,93.01,2.418642384416571,5957617.140941346,14409803.87,95.6213595612797,8.45,
2025/01/28 06:00:00,0.43,6.89,3.81,100.76,62.05,92.96,2.4144686235649324,5977436.043530872,14432782.258888885,95.68950536820097,8.39,
2025/01/28 06:15:00,0.38,6.89,3.76,100.78,61.97,92.91,2.4122791801663332,5990458.348409028,14451101.108888887,95.75585841659148,8.38,
2025/01/28 06:30:00,0.32,6.89,3.76,100.79,61.88,92.86,2.410274823929446,6004982.097212935,14474100.397777777,95.82319313633468,8.37,
2025/01/28 06:45:00,0.27,6.87,3.76,100.73,61.79,92.81,2.4115743130674714,6011286.301815921,14497110.833333334,95.8193352309862,8.37,
2025/01/28 07:00:00,0.24,6.87,3.75,100.62,61.7,92.76,2.4147293719439062,6012965.723489685,14520132.415555557,95.75236511891929,8.36,
2025/01/28 07:15:00,0.2,6.89,3.76,100.5,61.61,92.71,2.4184944982245073,6013128.090147451,14543165.144444441,95.68615324835933,8.36,
2025/01/28 07:30:00,0.16,6.89,3.77,100.38,61.52,92.66,2.421815592265189,6014246.651792591,14565847.449999996,95.62006084084558,8.35,
2025/01/28 07:45:00,0.13,6.87,3.75,100.27,61.43,92.61,2.4253816334080684,6014908.677374221,14588902.007777778,95.55278882751696,8.35,
2025/01/28 08:00:00,0.1,6.88,3.7,100.18,61.34,92.56,2.427756215338214,6018529.270942222,14611967.712222222,95.50319578883793,8.34,
2025/01/28 08:15:00,0.09,6.87,3.73,100.14,61.25,92.51,2.429066327440865,6024780.682207126,14635044.563333334,95.47782617538931,8.34,
2025/01/28 08:30:00,0.07,6.86,3.7,100.1,61.16,92.46,2.429747297323953,6032595.177803072,14658132.56111111,95.46235105806744,8.33,
2025/01/28 08:45:00,0.06,6.87,3.71,100.06,61.08,92.41,2.430628307501818,6037984.3263425585,14676547.202777777,95.43714602550267,8.32,
2025/01/28 09:00:00,0.05,6.87,3.71,100.01,60.99,92.36,2.4323153948497853,6043296.567690982,14699656.100555554,95.40298167223587,8.32,
2025/01/28 09:15:00,0.04,6.87,3.68,99.97,60.9,92.31,2.433196087837121,6050612.474673994,14722776.145,95.37776589851298,8.31,
2025/01/28 09:30:00,0.02,6.87,3.62,99.93,60.81,92.26,2.4338742959606234,6058433.347453241,14745907.336111113,95.36226863310883,8.3,
2025/01/28 09:45:00,-0.0,6.86,3.63,99.89,60.72,92.21,2.4345495866279134,6066257.1718676565,14769049.673888884,95.34676593654723,8.29,
2025/01/28 10:00:00,-0.02,6.88,3.68,99.84,60.63,92.16,2.43560095829049,6073142.687834633,14792203.15833333,95.32247408477333,8.28,
2025/01/28 10:15:00,-0.02,6.87,3.64,99.8,60.54,92.11,2.4375399996815905,6077816.025515063,14815367.789444443,95.28715642901956,8.29,
2025/01/28 10:30:00,-0.02,6.88,3.63,99.76,60.45,92.06,2.4398997932902473,6081436.959041386,14838543.56722222,95.25165529303708,8.31,
2025/01/28 10:45:00,-0.01,6.88,3.63,99.72,60.36,92.01,2.4420326949617737,5934235.403144301,14492033.875000002,95.20660975891776,8.32,
2025/01/28 17:45:00,0.46,7.17,5.13,89.64,59.6,78.76,2.7900981815921853,3009343.82362479,8396865.742222223,85.7706064443659,7.11,
2025/01/28 18:00:00,1.14,7.15,4.33,99.27,59.68,90.37,2.4767784770974974,5426461.16625926,13440620.71,93.6953248790101,8.18,
2025/01/28 18:15:00,1.14,7.09,4.37,99.3,59.76,90.38,2.4783612890529327,5406889.401798401,13400720.519999996,93.72066207207807,8.24,
2025/01/28 18:30:00,1.16,7.07,4.2,99.38,59.84,90.4,2.4779371558330063,5400808.5441683745,13383332.64888889,93.77064061915567,8.29,
2025/01/28 18:45:00,1.11,7.08,4.19,99.49,59.92,90.41,2.4735283925028297,5404054.709113015,13367546.066111106,93.91555857056416,8.31,
2025/01/28 19:00:00,0.89,7.07,4.13,99.54,60.0,90.43,2.463438356592359,5421682.94604956,13356433.652222224,94.17486095042544,8.23,
2025/01/28 19:15:00,1.17,7.07,4.23,99.53,60.08,90.44,2.470532650183477,5399806.202544576,13340867.099999998,93.89328310426352,8.25,
2025/01/28 19:30:00,1.2,7.06,4.29,99.2,60.16,90.46,2.483044606861983,5368064.954558975,13329629.866666665,93.57459388358704,8.23,
2025/01/28 19:45:00,1.13,7.06,4.18,99.2,60.24,90.47,2.4815757266562217,5364781.657887726,13313577.505555553,93.6426936821926,8.23,
2025/01/28 20:00:00,1.11,7.07,4.16,99.2,60.32,90.49,2.48250492888209,5358199.025089566,13302216.14944444,93.66164294814486,8.26,
2025/01/28 20:15:00,1.03,7.06,4.19,99.26,60.4,90.5,2.4753352996158724,5367319.947390475,13286380.8,93.79338513681685,8.19,
2025/01/28 20:30:00,1.17,7.07,4.26,99.28,60.48,90.52,2.4802205286516594,5352112.490662376,13274894.624444442,93.67373573856777,8.25,
2025/01/28 20:45:00,0.71,7.06,4.11,99.17,60.56,90.53,2.4743648311024606,5358334.334537316,13258924.47,94.02461776817755,8.24,
2025/01/28 21:00:00,0.93,7.05,4.09,99.09,60.64,90.55,2.4820622807970723,5336898.851548835,13246966.186666664,93.74034977822191,8.24,
2025/01/28 21:15:00,1.07,7.06,4.16,99.19,60.72,90.56,2.481600860355997,5331398.278017743,13230862.04,93.69193205994975,8.25,
2025/01/28 21:30:00,0.97,7.05,4.18,99.13,60.85,90.58,2.480914917904318,5319194.6656793365,13196932.283333331,93.73679278009214,8.23,
2025/01/28 21:45:00,1.06,7.05,4.16,99.07,61.04,90.59,2.4846788237666706,5284919.1383220125,13131785.241666665,93.59667978676868,8.22,
2025/01/28 22:00:00,1.03,7.05,4.12,99.01,61.23,90.61,2.4854628522051225,5255193.302593334,13062037.87777778,93.57343969547148,8.2,
2025/01/28 22:15:00,1.05,7.04,4.18,99.03,61.3,90.62,2.4864611080156114,5240297.364060457,13030255.944444446,93.57106159059852,8.23,
2025/01/28 22:30:00,1.06,7.04,4.12,99.6,61.3,90.64,2.4646288459005423,5288256.618444578,13034034.200000001,94.06211699016325,8.23,
2025/01/28 22:45:00,0.99,7.04,4.16,99.2,61.31,90.65,2.4795308347176563,5254271.62776465,13028583.480000002,93.77853469196704,8.25,
2025/01/28 23:00:00,0.72,7.04,4.1,99.2,61.31,90.67,2.4725369923831395,5270662.23866735,13032351.053333333,94.0416246607783,8.22,
2025/01/28 23:15:00,1.25,7.03,4.29,99.2,61.31,90.68,2.485003358801199,5243934.35272298,13031674.590000002,93.52561309510395,8.25,
2025/01/28 23:30:00,0.77,7.05,4.16,99.25,61.32,90.7,2.4721059422490193,5271029.538240617,13030994.643333333,94.03678892028715,8.23,
2025/01/28 23:45:00,1.26,7.05,4.24,99.63,61.32,90.71,2.4689750840013707,5277293.810839474,13029969.962777773,93.89328419350873,8.26,
2025/01/29 00:00:00,1.24,7.04,4.28,99.32,61.56,90.88,2.4828281810426596,5108241.775936485,12683349.848888885,93.63977398105762,8.31,
2025/01/29 00:15:00,1.14,7.23,4.35,99.25,61.59,90.9,2.480302441975199,5267435.272544837,13065289.105,93.67673280240989,8.24,
2025/01/29 00:30:00,1.78,7.39,4.68,99.21,61.62,90.93,2.4972171307794735,5230380.2774677165,13061885.888333337,93.01810427240744,8.28,
2025/01/29 00:45:00,1.18,7.18,4.31,99.69,61.66,90.95,2.465902185427202,5291823.430208454,13049572.072777782,94.02347226615393,8.28,
2025/01/29 01:00:00,1.49,7.17,4.46,99.51,61.69,90.97,2.477510308329961,5263846.3720764285,13041717.040000001,93.5644093708918,8.24,
2025/01/29 01:15:00,1.51,7.18,4.47,99.51,61.72,90.99,2.477927685517688,5259790.738173526,13033864.32944444,93.54493781088068,8.24,
2025/01/29 01:30:00,1.51,7.2,4.47,99.52,61.76,91.01,2.4780017905368465,5254670.477284632,13021562.125000002,93.55355026045707,8.25,
2025/01/29 01:45:00,1.54,7.21,4.48,99.53,61.79,91.03,2.4782373282679275,5251004.820091718,13013715.219999999,93.53311644618977,8.25,
2025/01/29 02:00:00,1.5,7.21,4.54,99.54,61.83,91.04,2.4774721131565007,5246001.266384224,12997310.810000002,93.5806733201897,8.26,
2025/01/29 02:15:00,1.59,7.25,4.57,99.55,61.86,91.03,2.4789619241394347,5234303.291877909,12976125.408888888,93.50181925206974,8.26,
2025/01/29 02:30:00,1.62,7.27,4.59,99.55,61.89,91.01,2.480052954838773,5221669.050485797,12950502.00888889,93.47244782022824,8.27,
2025/01/29 02:45:00,1.71,7.32,4.67,99.56,61.93,91.0,2.481544647026741,5208207.290966284,12924890.219999999,93.39358016292435,8.27,
2025/01/29 03:00:00,1.58,7.25,4.59,99.57,61.96,90.99,2.478432741334492,5206212.4548972985,12903735.007777775,93.52894164547563,8.27,
2025/01/29 03:15:00,1.6,7.24,4.53,99.58,61.99,90.98,2.4784611900544995,5196266.691765178,12879223.023333333,93.51823980781703,8.27,
2025/01/29 03:30:00,1.63,7.15,4.48,99.58,62.03,90.97,2.479086954743045,5173658.151808357,12826431.48111111,93.4890273772038,8.27,
2025/01/29 03:45:00,1.61,7.15,4.5,99.59,62.06,90.95,2.478276602906599,5153954.857339004,12773410.155,93.51727438207293,8.27,
2025/01/29 04:00:00,1.57,7.18,4.54,99.6,62.09,90.94,2.477049519820939,5137062.143577903,12725241.34444444,93.56499572836697,8.27,
2025/01/29 04:15:00,1.57,7.19,4.56,99.61,62.13,90.93,2.4766579559452895,5116682.757446991,12672756.8,93.57376756227637,8.27,
2025/01/29 04:30:00,1.69,7.21,4.59,99.62,62.16,90.92,2.4787710511333154,5125156.958255485,12704578.211111112,93.46568198335922,8.27,
2025/01/29 04:45:00,1.64,7.2,4.59,99.62,62.2,90.91,2.4777265833464055,5142888.305063989,12743161.584999997,93.51437441643553,8.27,
2025/01/29 05:00:00,1.63,7.23,4.6,99.63,62.23,90.9,2.477126777970996,5161425.419116812,12785993.348333336,93.5328831711841,8.27,
2025/01/29 05:15:00,1.61,7.23,4.62,99.64,62.26,90.88,2.4763172122457524,5170344.026772073,12803904.299999997,93.56112991301679,8.27,
2025/01/29 05:30:00,1.56,7.25,4.55,99.65,62.3,90.87,2.4748871007153954,5149288.82654141,12744381.796666669,93.61858982718564,8.27,
2025/01/29 05:45:00,1.6,7.14,4.52,99.65,62.33,90.86,2.475717547377687,5125363.0281747095,12689437.09,93.57963833931083,8.27,
2025/01/29 06:00:00,1.55,7.15,4.47,99.66,62.36,90.85,2.4742870468965057,5106167.421369942,12634596.418888886,93.63709809129269,8.27,
2025/01/29 06:15:00,1.47,7.18,4.5,99.67,62.33,90.84,2.472693264499811,5097918.310953368,12606059.210555555,93.72360601413882,8.28,
2025/01/29 06:30:00,1.53,7.19,4.51,99.68,62.29,90.82,2.4730888623582508,5085676.8485443955,12577800.784999996,93.6741141280439,8.27,
2025/01/29 06:45:00,1.46,7.2,4.48,99.69,62.25,90.81,2.471245201029466,5079797.1461997265,12553885.959999999,93.75104578188602,8.27,
2025/01/29 07:00:00,1.48,7.19,4.43,99.69,62.21,90.8,2.4711985305841613,5070052.82897409,12529561.146666666,93.73173285121227,8.26,
2025/01/29 07:15:00,1.39,7.24,4.43,99.68,62.17,90.79,2.471557589760111,5059580.544200219,12505489.920000002,93.80994576577852,8.3,
2025/01/29 07:30:00,1.41,7.22,4.48,99.61,62.14,90.78,2.473785348800621,5043496.571663668,12476984.177777778,93.72938813720216,8.28,
2025/01/29 07:45:00,1.4,7.24,4.47,99.53,62.1,90.77,2.4757779182315724,5029659.068144029,12452769.902222218,93.66925060512463,8.26,
2025/01/29 08:00:00,1.39,7.17,4.37,99.46,62.06,90.75,2.4787539686835065,5011940.718064565,12423813.997222222,93.6173836093473,8.27,
2025/01/29 08:15:00,1.48,7.16,4.4,99.28,62.02,90.74,2.48720219922106,4985120.275834249,12399456.324444441,93.37191026790141,8.26,
2025/01/29 08:30:00,1.31,7.15,4.28,99.28,61.98,90.73,2.483619856997144,4982479.792486279,12375020.625000002,93.53734936294768,8.26,
2025/01/29 08:45:00,1.37,7.33,4.49,99.28,61.94,90.72,2.4835129396817295,5025296.582068194,12480832.332222223,93.47945841404925,8.23,
2025/01/29 09:00:00,1.51,7.25,4.49,99.21,61.9,90.71,2.4905668054995647,5064094.984609045,12612929.969444443,93.28123393367467,8.26,
2025/01/29 09:15:00,1.44,7.25,4.42,99.36,61.86,90.69,2.4846061922145433,5123154.294588791,12729474.871666666,93.48060234090184,8.29,
2025/01/29 09:30:00,1.25,7.25,4.36,99.31,61.83,90.68,2.4825410277232027,5142311.278855019,12766443.95277778,93.62158841922792,8.29,
2025/01/29 09:45:00,1.43,7.24,4.51,99.25,61.79,90.67,2.4886705494663,5146286.675679186,12807886.911111113,93.39373441622513,8.29,
2025/01/29 10:00:00,1.32,7.17,4.33,99.27,61.75,90.65,2.4846700195120484,5169629.2589084525,12845279.333333336,93.51866979365235,8.27,
2025/01/29 10:15:00,1.4,7.2,4.42,99.29,61.71,90.63,2.4855792475325,5060129.931600755,12577810.886666665,93.45838695992606,8.27,
2025/01/29 10:30:00,1.27,7.22,4.35,99.18,61.67,90.62,2.48665663038262,5070083.859521852,12608001.633333335,93.48841436255996,8.26,
2025/01/29 10:45:00,1.09,7.2,4.29,99.47,61.63,90.6,2.4720980904306393,5110409.034874309,12633866.892777773,93.91812071834946,8.27,
2025/01/29 11:00:00,1.48,7.27,4.5,99.18,61.59,90.58,2.493796372212092,5076178.326775675,12659419.232777776,93.28310561527896,8.32,
2025/01/29 11:15:00,1.17,7.27,4.36,99.6,61.55,90.56,2.468730829053665,5138225.771012708,12685331.633333337,93.95439328375478,8.27,
2025/01/29 11:30:00,1.71,7.25,4.55,99.3,61.52,90.54,2.4926587280034243,5097533.535512417,12706889.054444443,93.1651086809852,8.29,
2025/01/29 11:45:00,1.14,7.29,4.38,99.2,61.48,90.52,2.4835841770391482,5126487.972483125,12732505.719999999,93.63229234797602,8.27,
2025/01/29 12:00:00,1.37,7.3,4.44,99.2,61.44,90.5,2.48844677836996,5126905.551934692,12758483.026666667,93.40852415640671,8.27,
2025/01/29 12:15:00,1.32,7.27,4.34,99.14,61.4,90.48,2.489718709727231,5227764.376857037,13016112.682222223,93.40445345452235,8.27,
2025/01/29 12:30:00,1.42,7.23,4.34,99.16,61.36,90.46,2.4915134375416574,5207789.850309011,12975733.649999997,93.32456556046817,8.28,
2025/01/29 12:45:00,1.36,7.24,4.39,99.17,61.32,90.44,2.488949166811873,5197038.838925865,12935624.92444444,93.39206130988607,8.26,
2025/01/29 13:00:00,1.37,7.26,4.42,99.6,61.28,90.42,2.4719667552743725,5243455.076270304,12962103.366666665,93.76004364463051,8.25,
2025/01/29 13:15:00,1.39,7.28,4.56,99.14,61.24,90.41,2.4889246317820692,5125447.664275502,12757327.72111111,93.33717402811361,8.22,
2025/01/29 13:30:00,1.6,7.43,4.59,99.29,61.21,90.39,2.490265138363107,5097650.861023506,12694955.154444441,93.2635683484963,8.28,
2025/01/29 13:45:00,1.27,7.32,4.44,99.1,61.17,90.37,2.4906524590527943,5073537.984708106,12636864.533333333,93.41777645822195,8.28,
2025/01/29 14:00:00,1.42,7.3,4.35,99.53,61.12,90.35,2.4757399970943563,5295643.532275378,13111082.398333332,93.64994425325001,8.25,
2025/01/29 14:15:00,1.5,7.25,4.5,99.53,61.07,90.33,2.477865435753434,5276500.800620318,13074936.661111107,93.57189878696215,8.26,
2025/01/29 14:30:00,1.25,7.24,4.32,99.6,61.02,90.31,2.470847743446493,5276967.320794607,13039029.299999997,93.87636418010538,8.28,
2025/01/29 14:45:00,1.24,7.27,4.38,99.6,60.97,90.29,2.4715422879112947,5260913.749744518,13003020.922222225,93.88577057700674,8.3,
2025/01/29 15:00:00,1.38,7.29,4.42,99.55,60.91,90.27,2.475954601489441,5288577.71678181,13094736.159999998,93.70578335662327,8.29,
2025/01/29 15:15:00,1.39,7.3,4.5,99.36,60.86,90.25,2.4830990703374516,5281355.055726734,13114600.100555556,93.52942733424292,8.28,
2025/01/29 15:30:00,1.5,7.33,4.47,99.59,60.81,90.23,2.47644687851003,5303710.728024771,13134818.876666665,93.62421956678133,8.28,
2025/01/29 15:45:00,1.34,7.31,4.41,99.53,60.75,90.21,2.4745303643697096,5307711.73039421,13134547.87333333,93.72765625989112,8.26,
2025/01/29 16:00:00,1.48,7.35,4.5,99.56,60.7,90.2,2.4767402772592426,5280992.755419558,13080108.249999998,93.61753176382958,8.27,
2025/01/29 16:15:00,1.6,7.32,4.56,99.2,60.65,90.18,2.4937778492343567,5221366.0201980425,13021406.07166667,93.18453402435912,8.28,
2025/01/29 16:30:00,1.55,7.29,4.54,99.19,60.6,90.16,2.4931044451621274,5199172.110451249,12962557.59333333,93.22441346437326,8.28,
2025/01/29 16:45:00,1.56,7.25,4.5,99.21,60.54,90.14,2.4916263035594675,5180330.447936138,12907923.6,93.23257134795296,8.26,
2025/01/29 17:00:00,1.48,7.31,4.48,99.47,60.49,90.12,2.479792295298454,5197432.186364447,12889010.493333334,93.53871564424328,8.26,
2025/01/29 17:15:00,1.24,7.19,4.31,99.29,60.44,90.1,2.4826574313287093,5232064.639589317,12989878.769999998,93.61391489956334,8.28,
2025/01/29 17:30:00,1.5,7.18,4.44,99.1,60.38,90.08,2.4973321406439535,5190510.987908475,12962911.499999998,93.19335717729143,8.32,
2025/01/29 23:15:00,0.31,7.72,4.9,99.08,60.03,87.68,2.459972458284867,5016829.667110698,12341697.316666666,94.33812998544846,8.03,
2025/01/29 23:30:00,1.57,7.56,4.64,99.58,60.27,90.51,2.4769125369010005,5385309.720581558,13339399.92,93.54777270120252,8.25,
2025/01/29 23:45:00,1.59,7.43,4.53,99.43,60.5,90.73,2.4836650612827764,5362389.432065416,13318842.563888889,93.39652199964038,8.26,
2025/01/30 00:00:00,1.55,7.43,4.51,99.54,59.99,91.27,2.4789868499478898,5557653.093027225,13777823.399999995,93.53183170539644,8.27,
2025/01/30 00:15:00,1.27,7.38,4.4,99.71,60.03,91.6,2.4688036826385247,5636774.449374019,13916555.858333327,93.95276100528717,8.32,
2025/01/30 00:30:00,0.96,7.36,4.34,100.27,60.07,91.93,2.443897180368704,5751225.344278602,14055860.280000003,94.74437133923378,8.39,
2025/01/30 00:45:00,0.9,7.45,4.38,100.83,60.1,92.27,2.422882841284594,5862183.196633388,14203830.654444441,95.2923887580749,8.43,
2025/01/30 01:00:00,0.76,7.47,4.31,101.4,60.14,92.6,2.399487892790666,5977577.384736853,14343556.443333328,95.9265246777952,8.46,
2025/01/30 01:15:00,0.72,7.38,4.23,101.81,60.18,92.93,2.384233839880446,6074353.034367157,14483110.736111114,96.32292870111897,8.49,
2025/01/30 01:30:00,0.72,7.33,4.2,101.85,60.22,93.27,2.383580100889125,6136505.88306737,14627292.869444445,96.35751960654264,8.51,
2025/01/30 01:45:00,0.73,7.34,4.22,101.88,60.25,93.6,2.3826132405142233,6199758.298242284,14772071.23333333,96.37393571855911,8.51,
2025/01/30 02:00:00,0.74,7.28,4.2,101.92,60.29,93.94,2.380811699642143,6265182.685327159,14916674.849999998,96.39921939063369,8.5,
2025/01/30 02:15:00,0.75,7.36,4.28,101.96,60.33,94.17,2.3794555304531166,6304314.46378746,15001292.68,96.4243478511392,8.5,
2025/01/30 02:30:00,0.76,7.37,4.26,101.99,60.37,94.07,2.3784858089047742,6278820.322976894,14934535.061111107,96.44075279060193,8.5,
2025/01/30 02:45:00,0.77,7.25,4.15,102.03,60.4,93.97,2.3771269958930143,6256206.579839356,14872246.674999999,96.46587228442102,8.5,
2025/01/30 03:00:00,0.79,7.25,4.2,102.06,60.44,93.87,2.3758911577386326,6231556.421256997,14805953.848888889,96.47266602975846,8.49,
2025/01/30 03:15:00,0.79,7.26,4.19,102.1,60.48,93.76,2.374340098925627,6205696.60178708,14734882.702222224,96.50752986173855,8.49,
2025/01/30 03:30:00,0.88,7.27,4.24,102.14,60.52,93.66,2.3744877445693686,6177259.5808840785,14668279.511111105,96.45459482706309,8.49,
2025/01/30 03:45:00,0.8,7.24,4.19,102.17,60.55,93.56,2.371811431146353,6158194.781135172,14606523.378333336,96.55877701972243,8.49,
2025/01/30 04:00:00,0.88,7.24,4.21,102.16,60.59,93.46,2.3737098095471105,6125242.02124085,14539995.194999997,96.47202121834403,8.49,
2025/01/30 04:15:00,0.7,7.27,4.18,102.07,60.63,93.36,2.3755912829053574,6092406.600851215,14473506.024999999,96.56856365237893,8.53,
2025/01/30 04:30:00,0.94,7.26,4.26,101.7,60.67,93.26,2.3936131378321392,6018925.557038423,14407434.274444444,96.01215752992442,8.51,
2025/01/30 04:45:00,1.11,7.33,4.38,102.03,60.7,93.16,2.3845082376502424,6015908.428709663,14345440.926666664,96.1339226134556,8.52,
2025/02/04 23:00:00,0.42,6.23,4.2,84.75,60.61,74.21,2.9729220876808182,2070183.702755455,6154901.377777775,81.33204603442665,6.66,
2025/02/04 23:15:00,0.49,6.01,3.55,95.8,60.85,85.74,2.576989785687178,4326201.797979337,11149063.43222222,91.26726604040103,7.75,
2025/02/04 23:30:00,0.06,5.96,3.33,98.22,61.1,88.39,2.4871278200514344,4871316.40303601,12116051.97611111,93.82313711429077,8.02,
2025/02/04 23:45:00,0.08,5.96,3.35,98.44,61.35,90.04,2.483630224999857,5194552.237131027,12901845.183333332,93.99592319730162,8.12,
2025/02/05 00:00:00,0.2,5.98,3.34,98.22,61.42,89.87,2.4936495396922265,5013435.148109504,12502230.797222225,93.68567992591419,8.1,
2025/02/05 00:15:00,0.18,6.0,3.38,98.26,61.62,89.7,2.4921407506098054,4939585.372548267,12310618.320000002,93.74020779152687,8.11,
2025/02/05 00:30:00,0.2,5.97,3.32,98.31,61.82,89.53,2.491106900508663,4864899.8251419235,12119448.806666667,93.76472655338618,8.12,
2025/02/05 00:45:00,0.31,6.0,3.41,98.36,62.03,89.35,2.491986164936683,4783276.807604984,11920326.146666665,93.70185323598906,8.13,
2025/02/05 01:00:00,0.5,5.83,3.35,98.4,62.23,89.18,2.4940663843237343,4703260.550775806,11730724.133333338,93.55280542587025,8.12,
2025/02/05 01:15:00,0.77,5.83,3.51,98.45,62.44,89.01,2.4974495513446198,4619531.620396811,11537553.09666667,93.33476974955543,8.11,
2025/02/05 01:30:00,0.88,5.87,3.59,98.49,62.64,88.84,2.497335367037437,4586103.033413788,11453548.333333334,93.26348693275469,8.09,
2025/02/06 13:15:00,-0.08,5.98,3.77,91.13,57.6,80.09,2.7176627322784555,3426209.400134231,9311773.34388889,87.64133026578868,7.15,
2025/02/06 13:30:00,-0.07,5.95,3.06,98.23,57.72,90.04,2.4844596764911544,5385708.303639784,13381042.008888891,93.95794276727702,8.03,
2025/02/06 13:45:00,-0.1,5.86,3.06,98.67,57.84,90.21,2.4689563701204422,5427602.43369642,13400991.174999997,94.37450146522534,8.07,
2025/02/06 14:00:00,-0.12,5.76,3.02,98.86,57.95,90.24,2.4613517177238995,5430608.492542629,13367121.796111107,94.56139946186323,8.07,
2025/02/06 14:15:00,-0.11,5.77,3.03,98.21,58.07,90.28,2.483476675988231,5368438.503138771,13332882.138888888,93.97950187056726,8.01,
2025/02/06 14:30:00,-0.07,5.79,2.98,94.61,58.19,87.28,2.6097998650902454,5134514.525173572,13400576.774444446,90.74785786301226,7.75,
2025/02/06 14:45:00,-0.07,5.83,3.01,94.62,58.31,87.32,2.6115488275157928,5118900.140802528,13368776.611666663,90.75567403514094,7.8,
2025/02/06 15:00:00,-0.07,5.93,3.07,94.64,58.43,87.37,2.610786668365682,5110101.257108586,13341894.683333337,90.77355379832176,7.8,
2025/02/06 15:15:00,-0.07,6.0,3.1,94.66,58.55,87.42,2.6096015585888432,5101985.575085277,13314651.533333335,90.79165614439222,7.79,
2025/02/06 15:30:00,-0.07,6.24,3.26,94.68,58.66,87.47,2.6125765010066497,5087509.970521121,13291997.674999999,90.80753335685239,7.88,
2025/02/06 15:45:00,-0.07,5.9,3.05,94.7,58.73,87.52,2.606356568930565,5098026.874777765,13287784.583333332,90.82830770381742,7.75,
2025/02/06 16:00:00,-0.07,5.81,3.0,94.84,58.6,87.57,2.597896915755998,5148675.189900368,13376244.065555552,90.95498283984148,7.68,
2025/02/06 16:15:00,-0.07,5.83,3.0,94.97,58.47,87.61,2.595143700532333,5186340.0119895,13459812.94777778,91.06995042299411,7.73,
2025/02/06 16:30:00,-0.07,5.86,3.0,95.26,58.34,87.67,2.5875575578228993,5046080.936948925,13057517.207777776,91.32696916372771,7.81,
2025/02/06 16:45:00,-0.07,5.86,3.03,96.63,58.21,87.88,2.539795557684592,5159747.407111069,13105187.901666664,92.54389013755048,7.91,
2025/02/06 17:00:00,-0.07,5.89,3.05,97.12,58.09,88.1,2.5229660024756217,5211982.463881092,13150133.583888883,92.97767501924687,7.95,
2025/02/06 17:15:00,-0.07,5.9,3.08,97.6,57.96,88.32,2.504313567649208,5269533.182340682,13197041.659999993,93.40292870392818,7.94,
2025/02/06 17:30:00,-0.07,5.93,3.07,97.4,57.83,88.54,2.5136758211990555,5267734.023635171,13241851.724444447,93.22508749160158,7.98,
2025/02/06 17:45:00,-0.07,5.93,3.08,97.19,57.7,88.76,2.521190257246332,5288287.564116621,13333262.518888889,93.03929123395625,7.97,
2025/02/06 18:00:00,-0.07,5.9,3.04,96.99,57.58,88.98,2.5283293650965173,5327475.254241202,13470101.088888891,92.862229885614,7.96,
2025/02/06 18:15:00,-0.18,5.76,3.1,101.15,60.59,93.32,2.3837573460499937,5888172.147596472,14036469.608333329,96.6262393299665,8.3,
2025/02/06 18:30:00,-0.08,5.77,3.02,98.26,60.45,90.31,2.4799457503301094,5162095.465129514,12802184.694444444,93.99554126104279,7.96,
2025/02/06 18:45:00,-0.11,5.81,3.06,98.03,60.36,90.42,2.4911746727824315,5171844.43739485,12884442.45,93.82010198711099,8.03,
2025/02/06 19:00:00,-0.11,5.81,3.07,98.07,60.28,90.52,2.489662101951014,5204563.721276419,12958083.599999996,93.85544338632091,8.03,
2025/02/06 19:15:00,-0.11,5.84,3.09,98.12,60.19,90.63,2.4877718594367138,5241546.3709592605,13040250.788888888,93.89961347689295,8.03,
2025/02/06 19:30:00,-0.13,5.89,3.11,98.17,60.1,90.74,2.4832234665689774,5284218.724887224,13122371.53333333,93.96419109822557,7.98,
2025/02/06 19:45:00,-0.14,5.9,3.07,98.22,60.02,90.84,2.483801706066967,5312586.99940902,13195882.638888888,94.01684385707132,8.04,
2025/02/06 20:00:00,-0.16,5.93,3.08,98.28,59.93,90.95,2.48243141911671,5348564.134740618,13277912.816666666,94.08863395921495,8.07,
2025/02/06 20:15:00,-0.08,5.91,3.05,98.33,59.84,91.06,2.480014051999218,5386835.169498188,13359896.549999999,94.05612887403534,8.02,
2025/02/06 20:30:00,-0.03,5.78,3.02,98.38,59.75,91.16,2.479613374931569,5419016.746599237,13437555.724999998,94.05152454599951,8.03,
2025/02/06 20:45:00,-0.0,5.76,2.99,98.45,59.68,91.27,2.4762264365515074,5456045.755697337,13510893.824999997,94.08475883753795,8.0,
2025/02/06 21:00:00,-0.04,5.75,3.01,98.52,59.8,91.38,2.474543965770487,5456543.379821112,13502950.083333332,94.18455245750418,8.04,
2025/02/06 21:15:00,-0.07,5.77,3.01,98.59,59.92,91.48,2.4712660301873135,5458839.87636162,13490734.033333333,94.275418632828,8.04,
2025/02/06 21:30:00,-0.11,5.8,3.03,98.66,60.05,91.59,2.469569322911808,5457646.714622301,13478522.62777778,94.37519726693425,8.08,
2025/02/06 21:45:00,-0.14,5.81,3.06,98.93,60.17,91.7,2.461388985319713,5472561.224749309,13470588.174999999,94.6411425578798,8.14,
2025/02/06 22:00:00,-0.07,5.83,3.08,99.47,60.29,91.68,2.4450707379745698,5483134.846078806,13407131.130555559,95.04733879468466,8.2,
2025/02/06 22:15:00,-0.08,5.87,3.09,100.0,60.41,91.19,2.425716513651645,5418011.259221302,13143017.25,95.52240946738995,8.22,
2025/02/06 22:30:00,-0.11,5.88,3.14,99.36,60.54,90.7,2.447532359025254,5260120.1002338985,12874776.200000001,94.98982214648719,8.18,
2025/02/06 22:45:00,-0.03,5.93,3.02,96.75,60.16,90.34,2.5352438593229474,5146741.991167064,13048713.663333336,92.61206146473646,7.89,
2025/02/06 23:00:00,-0.09,5.76,2.97,97.04,59.68,90.13,2.5251186094684583,5114893.774606278,12916193.03333333,92.92635661430617,7.94,
2025/02/06 23:15:00,-0.08,5.75,2.94,97.3,59.2,89.91,2.516365299265565,5287322.466631389,13305322.469999997,93.1466376665697,7.96,
2025/02/06 23:30:00,-0.06,5.76,2.99,97.3,59.87,89.69,2.5189801996426495,5100994.427435722,12849782.586666666,93.12622359707706,8.01,
2025/02/06 23:45:00,-0.08,5.76,3.03,97.3,60.65,90.46,2.5150323611406167,5088707.420045085,12798746.296111109,93.14725871797312,7.93,
2025/02/07 00:00:00,-0.05,5.77,3.08,100.98,62.56,93.5,2.395802023683098,5557808.477164204,13315878.13111111,96.34969569034756,8.37,
2025/02/07 00:15:00,-0.12,5.82,3.04,98.98,60.15,92.41,2.4577076285816872,5644078.947082834,13871989.975555554,94.66673293743361,8.09,
2025/02/07 00:30:00,-0.09,5.83,3.07,98.77,60.2,91.32,2.468896039777825,5415415.718100524,13370581.791111106,94.45139863514927,8.15,
2025/02/07 00:45:00,-0.07,5.86,3.03,98.96,60.26,91.22,2.462581373679693,5396722.582438476,13290335.079999998,94.59920795705284,8.16,
2025/02/07 01:00:00,-0.11,5.87,3.09,99.16,60.31,91.23,2.456370797289886,5398697.821490668,13261675.606666667,94.81324014808585,8.21,
2025/02/07 01:15:00,-0.05,5.76,3.04,99.35,60.36,91.24,2.4491357962011273,5402953.560085631,13233045.857777774,94.92272587899173,8.18,
2025/02/07 01:30:00,-0.11,5.68,3.03,99.43,60.41,91.25,2.4440057748330473,5402588.341963852,13204445.833333332,95.05177808039075,8.16,
2025/02/07 01:45:00,-0.14,5.61,2.96,99.48,60.47,91.26,2.440171303048873,5397910.559144678,13172312.663888892,95.12547672348667,8.13,
2025/02/07 02:00:00,-0.13,5.59,2.95,99.52,60.52,91.27,2.4410821813696626,5385082.827711428,13145917.124999996,95.14998982450032,8.18,
2025/02/07 02:15:00,-0.12,5.58,2.95,99.57,60.57,91.28,2.44071171520754,5374949.019239558,13119189.16,95.18367604687961,8.21,
2025/02/07 02:30:00,-0.05,5.59,2.96,99.61,60.63,91.29,2.4410596040531027,5361641.4457421405,13088573.446666667,95.15062530585804,8.22,
2025/02/07 02:45:00,-0.05,5.6,2.99,99.66,60.68,91.3,2.4391700309658497,5355003.738051602,13062253.84444444,95.19457375229238,8.22,
2025/02/07 03:00:00,-0.14,5.59,2.97,99.7,60.73,91.31,2.4349632308487603,5353312.212968182,13035603.325555557,95.31757764144221,8.2,
2025/02/07 03:15:00,-0.09,5.59,2.95,99.75,60.78,91.32,2.434962251085212,5342527.2639715485,13009332.489999995,95.31254626408409,8.22,
2025/02/07 03:30:00,-0.15,5.6,2.99,99.79,60.84,91.33,2.4318036419647897,5336776.055503771,12978475.03333333,95.4062009524466,8.21,
2025/02/07 03:45:00,-0.12,5.64,3.01,99.57,60.89,91.34,2.4389539851146296,5310380.893989355,12952255.983333332,95.18442417160821,8.17,
2025/02/07 04:00:00,-0.15,5.7,3.04,99.31,60.94,91.35,2.4477227949994758,5282675.957907203,12931004.398888886,94.98506869651894,8.16,
2025/02/07 04:15:00,-0.14,5.58,2.95,99.47,61.0,91.36,2.444507474286546,5283665.253571608,12916441.046666665,95.11498580140155,8.22,
2025/02/07 04:30:00,-0.13,5.57,2.97,99.62,61.05,91.37,2.439057404691701,5291235.484935217,12906112.26666667,95.23716702357507,8.22,
2025/02/07 04:45:00,-0.13,5.59,2.96,99.78,61.1,91.38,2.433459677926023,5299158.4612045735,12895765.837777773,95.37760377689096,8.23,
2025/02/07 05:00:00,-0.15,5.57,2.96,99.86,61.15,91.39,2.4287193858558735,5305233.186019588,12885401.76,95.46788524961025,8.2,
2025/02/07 05:15:00,-0.08,5.57,2.96,99.7,61.21,91.4,2.437051629663231,5281084.448153504,12870756.781666668,95.25888804991753,8.22,
2025/02/07 05:30:00,-0.04,5.56,2.95,99.53,61.26,91.42,2.443410141527958,5264972.670841346,12864970.848888889,95.07094501758961,8.2,
2025/02/07 05:45:00,-0.09,5.57,2.94,99.37,61.31,91.43,2.44755972147105,5251791.285238887,12854553.360000003,94.97918729168364,8.18,
2025/02/07 06:00:00,-0.04,5.58,2.94,99.2,61.37,91.44,2.4532465798825456,5233623.18529315,12839848.236111112,94.78177109719847,8.14,
2025/02/07 06:15:00,-0.12,5.53,2.95,99.01,61.42,91.04,2.4583400129677404,5147273.153820873,12654233.362222223,94.69238482137968,8.13,
2025/02/07 06:30:00,-0.17,5.53,2.92,98.79,61.41,90.6,2.464729884788186,5065037.504387121,12484425.158333331,94.54747748146154,8.11,
2025/02/07 06:45:00,-0.13,5.6,2.95,98.57,61.37,90.15,2.47429610254931,4993900.749496214,12356856.086666672,94.31445963954815,8.12,
2025/02/07 07:00:00,-0.07,5.61,2.99,98.35,61.32,89.7,2.479458006117004,4933109.156334914,12231906.133333335,94.06407511340774,8.02,
2025/02/07 07:15:00,-0.11,5.54,2.89,98.13,61.28,89.25,2.4878314573049445,4826159.555728853,12007129.42,93.90824651012768,8.04,
2025/02/07 07:30:00,-0.13,5.52,2.89,97.91,61.23,88.8,2.4952786391876303,4718181.515308543,11773632.181666669,93.73345012289934,8.03,
2025/02/07 09:30:00,0.11,5.49,3.43,87.5,60.88,75.71,2.8568731343089624,2299702.229329588,6570359.821666662,84.15808129213981,6.87,
2025/02/07 09:45:00,-0.09,5.5,3.18,95.58,60.84,85.82,2.569018767677259,4256635.025995921,10935877.626666661,91.63447796015569,7.68,
2025/02/07 10:00:00,-0.05,5.53,2.83,98.21,60.79,90.09,2.4860773106356104,5096849.801381242,12671636.327777777,93.92067450675493,8.04,
2025/02/07 10:15:00,-0.04,5.53,2.87,98.5,60.75,90.41,2.4761932159152447,5109556.205284024,12652725.311111107,94.16651675029338,8.06,
2025/02/07 10:30:00,-0.03,5.55,2.92,98.98,60.62,90.73,2.4613338934013775,5054483.567012153,12441241.229999999,94.5785461113243,8.13,
2025/02/07 10:45:00,-0.08,5.52,2.94,99.84,60.36,91.06,2.429538830208321,5125018.287535903,12451899.533333333,95.38282129172917,8.17,
2025/02/07 11:00:00,-0.1,5.52,2.94,100.17,60.11,91.38,2.4161712951889163,5209235.734743845,12586875.10055555,95.69218383147827,8.16,
2025/02/07 11:15:00,-0.13,5.62,3.01,100.13,59.85,91.7,2.4184566671616197,5437850.523172244,13151691.330555556,95.68570128611617,8.19,
2025/02/07 11:30:00,-0.1,5.67,3.03,100.0,59.59,92.02,2.4230779158936646,5366571.365987181,13004096.691666665,95.542779913202,8.17,
2025/02/07 11:45:00,-0.07,5.57,2.95,99.65,59.33,92.23,2.4355922202896902,5438328.126785767,13246042.63888889,95.20671554793086,8.14,
2025/02/07 12:00:00,-0.06,5.54,2.95,99.31,59.08,92.33,2.446425329237545,5493775.619355886,13440621.638888888,94.89895823574659,8.09,
2025/02/07 12:15:00,-0.08,5.56,2.94,99.65,59.3,92.43,2.4358411493392134,5517951.104539518,13441352.674444446,95.21624791192393,8.15,
2025/02/07 12:30:00,-0.14,5.7,3.06,100.03,60.08,92.5,2.422046242790698,5445219.408056461,13189055.77,95.60764362466689,8.19,
2025/02/07 12:45:00,-0.13,5.61,2.95,100.08,60.66,92.54,2.42080006439989,5371805.624405276,13004539.191111114,95.6416292508913,8.2,
2025/02/07 13:00:00,-0.14,5.58,2.97,100.12,60.68,92.59,2.4195325786175648,5394220.894510495,13051975.340555556,95.68628023202446,8.21,
2025/02/07 13:15:00,-0.09,5.59,2.98,100.16,60.71,92.63,2.4190086885538977,5411634.838349817,13091275.119999995,95.67276060865183,8.21,
2025/02/07 13:30:00,-0.17,5.6,2.98,100.21,60.73,92.67,2.4155343404575973,5410994.024576239,13070921.538888888,95.79444053706628,8.21,
2025/02/07 13:45:00,-0.06,5.61,2.99,100.25,60.75,92.72,2.4166385910857326,5398855.88453518,13047562.653888887,95.7223668168993,8.22,
2025/02/07 14:00:00,-0.16,5.65,3.0,100.29,60.77,92.76,2.4144838808196,5395057.956674361,13026752.756111111,95.8541760890046,8.25,
2025/02/07 14:15:00,-0.14,5.76,3.08,100.34,60.79,92.81,2.41165334246757,5412932.66571223,13054584.24111111,95.8791302868848,8.22,
2025/02/07 14:30:00,-0.05,5.7,3.04,100.38,60.82,92.85,2.4123539926293276,5419369.560481366,13073909.309999999,95.82648016008709,8.23,
2025/02/07 14:45:00,-0.09,5.64,2.99,100.43,60.84,92.9,2.410119372950355,5435961.315700362,13101789.213333333,95.90905658496573,8.24,
2025/02/07 15:00:00,-0.11,5.65,3.02,100.47,60.86,92.94,2.407761871565866,5451019.607352606,13125234.368888889,95.96376593899599,8.23,
2025/02/07 15:15:00,-0.14,5.68,3.01,100.51,60.88,92.99,2.406108602027193,5449797.809548017,13113274.459999995,96.02783940580748,8.24,
2025/02/07 15:30:00,-0.15,5.69,3.03,100.56,60.9,93.03,2.4044658816703857,5438299.417681512,13076674.379999999,96.08121827598276,8.25,
2025/02/07 15:45:00,-0.07,5.7,3.02,100.6,60.93,93.07,2.4040615219459256,5422126.427743896,13035589.392222218,96.03861720684228,8.24,
2025/02/07 16:00:00,-0.2,5.82,3.1,100.9,60.95,93.12,2.3910620974822288,5488253.143572926,13123209.971666666,96.4275751298028,8.26,
2025/02/07 16:15:00,-0.15,5.7,3.02,101.11,60.97,93.16,2.3871864864847945,5565083.176617891,13285358.441666665,96.56150730139004,8.33,
2025/02/07 16:30:00,-0.06,5.69,3.04,101.31,60.99,93.21,2.3804134200225895,5569144.78847869,13257336.069999995,96.64918567581344,8.31,
2025/02/07 16:45:00,-0.03,5.69,3.05,101.52,61.01,93.25,2.3747846934670296,5568786.34447906,13225136.368888889,96.80286253674657,8.35,
2025/02/07 17:00:00,-0.09,5.69,3.03,101.71,61.04,93.3,2.3650476960193996,5579981.072850653,13197381.40111111,97.02782346644707,8.32,
2025/02/07 17:15:00,-0.08,5.69,3.04,101.76,61.06,93.34,2.3628650877017785,5582728.648915686,13191695.44,97.06192198099912,8.31,
2025/02/07 17:30:00,-0.08,5.74,3.04,101.79,61.08,93.39,2.3621787968183945,5583668.20106969,13190074.645000001,97.08794982721288,8.32,
2025/02/07 17:45:00,-0.12,5.75,3.12,101.73,61.1,93.43,2.363722509258273,5577594.488091858,13184350.018888893,97.07451986860207,8.32,
2025/02/07 18:00:00,-0.09,5.68,3.02,101.66,61.12,93.47,2.3664998459668896,5568941.65477789,13179359.447222224,96.98431811714076,8.31,
2025/02/07 18:15:00,-0.1,5.69,3.03,101.6,61.15,93.52,2.3686027662264113,5563470.067258887,13178111.136666665,96.94163872370368,8.31,
2025/02/07 18:30:00,-0.13,5.68,3.03,101.54,61.17,93.56,2.3698711279180498,5559959.94599317,13176851.215,96.91860209909419,8.3,
2025/02/07 18:45:00,-0.11,5.68,3.02,101.45,61.19,93.61,2.3736788700623834,5552218.046697055,13179644.964444445,96.82045731988084,8.3,
2025/02/07 19:00:00,-0.11,5.68,3.06,101.34,61.21,93.65,2.377867620503618,5541734.70334018,13177982.253333336,96.72428369831299,8.3,
2025/02/07 19:15:00,-0.05,5.74,3.09,101.23,61.23,93.7,2.3831985999373213,5530498.549582426,13180743.723888889,96.5696555320137,8.3,
2025/02/07 19:30:00,-0.07,5.77,3.07,101.12,61.26,93.74,2.3865531400684183,5520478.486742983,13175374.86222222,96.49307300855003,8.29,
2025/02/07 19:45:00,-0.09,5.66,3.04,101.15,61.28,93.78,2.384573997549276,5524500.761285868,13174053.749999998,96.53896906629583,8.28,
2025/02/07 20:00:00,-0.05,5.64,3.02,101.21,61.3,93.83,2.3839592486925687,5527065.497857125,13176771.678888889,96.55216166408472,8.3,
2025/02/07 20:15:00,-0.13,5.65,3.01,101.28,61.32,93.85,2.3802222552102,5531619.425409745,13166951.233333329,96.69111234188193,8.31,
2025/02/07 20:30:00,-0.1,5.64,3.03,101.28,61.34,93.81,2.380792528114799,5516132.980502111,13133240.113888886,96.66190070332223,8.31,
2025/02/07 20:45:00,-0.11,5.68,3.02,101.26,61.33,93.78,2.3813642576932543,5507460.04500514,13115731.138888888,96.65414528692399,8.31,
2025/02/07 21:00:00,-0.13,5.76,3.11,101.23,61.32,93.74,2.381673035781533,5497703.045371134,13094194.849999998,96.6475518277366,8.3,
2025/02/07 21:15:00,-0.09,5.64,3.01,101.2,61.31,93.71,2.3831244987059557,5486859.251685079,13076335.799999995,96.58253652564386,8.29,
2025/02/07 21:30:00,-0.08,5.62,3.01,101.15,61.29,93.67,2.384764646026264,5446277.8005859405,12988558.818888888,96.52923264423272,8.28,
2025/02/07 21:45:00,-0.05,5.63,3.02,101.11,61.28,93.64,2.3864067081438405,5626210.146995653,13426910.077777775,96.46520122588281,8.27,
2025/02/07 22:00:00,-0.07,5.68,3.02,101.07,61.26,93.6,2.388453850567615,5407726.721147353,12916563.659999996,96.44932089333832,8.29,
2025/02/07 22:15:00,-0.14,5.63,3.02,101.02,61.25,93.57,2.388558387896257,5421895.225960057,12950981.315555554,96.47388035952964,8.28,
2025/02/07 22:30:00,-0.02,5.63,3.01,100.83,61.24,93.53,2.394906194927773,5420350.808847237,12981701.180555556,96.1919727500573,8.21,
2025/02/07 22:45:00,-0.07,5.72,3.05,100.62,61.22,93.5,2.403751886989365,5416353.114555156,13020033.986666664,96.05596432301064,8.25,
2025/02/07 23:00:00,-0.14,5.71,3.04,100.67,61.21,93.46,2.400492418775924,5436293.950164637,13050247.374999998,96.1678921423,8.25,
2025/02/07 23:15:00,-0.12,5.61,3.0,100.74,61.19,93.43,2.3986726907294225,5456361.389129759,13088501.457777781,96.20958067351319,8.26,
2025/02/07 23:30:00,-0.13,5.62,3.0,100.84,61.18,93.39,2.3955819757579384,5464250.6997730825,13090534.098888889,96.30654754835217,8.28,
2025/02/07 23:45:00,-0.1,5.6,2.97,100.93,61.17,93.36,2.3927463555618833,5470142.182991228,13089133.566666666,96.35615712674459,8.28,
2025/02/08 00:00:00,-0.08,5.61,3.0,100.79,61.69,93.73,2.397999580012371,5361982.3711584415,12858499.280000001,96.21427232424612,8.27,
2025/02/08 00:15:00,-0.05,5.64,2.97,100.86,61.71,93.72,2.395922894851994,5443358.523909071,13042330.454999998,96.24637572249462,8.27,
2025/02/08 00:30:00,-0.04,5.72,3.06,100.96,61.74,93.71,2.3923118159646988,5424436.31515583,12977404.488888884,96.32419109283909,8.27,
2025/02/08 00:45:00,-0.12,5.61,3.01,101.07,61.76,93.71,2.386589875309382,5413674.289833317,12920688.274999997,96.4983495918201,8.27,
2025/02/08 01:00:00,-0.05,5.58,2.99,101.17,61.78,93.7,2.384119544771214,5393986.192678387,12860374.706666665,96.51769470608404,8.27,
2025/02/08 01:15:00,-0.13,5.67,3.01,101.18,61.81,93.69,2.3840225822250765,5367111.694619831,12795767.697777774,96.60363576765832,8.31,
2025/02/08 01:30:00,-0.14,5.68,3.03,101.15,61.83,93.68,2.384970011227053,5392801.754845419,12862127.055555558,96.58712311639609,8.31,
2025/02/08 01:45:00,-0.09,5.72,3.04,101.12,61.86,93.67,2.3879606376277556,5416095.915905369,12933878.845555555,96.51184834602853,8.33,
2025/02/08 02:00:00,-0.1,5.77,3.09,101.58,61.88,93.66,2.370275094871578,5488569.811516954,13009872.17444444,96.92381923788403,8.33,
2025/02/08 02:15:00,-0.13,5.68,3.03,101.79,61.91,93.65,2.360787479036257,5416585.728067204,12787853.796666669,97.13683728857109,8.31,
2025/02/08 02:30:00,-0.04,5.67,3.01,101.22,61.93,93.65,2.3833173919463926,5362153.119221317,12780164.222222224,96.55134511212218,8.29,
2025/02/08 02:45:00,-0.11,5.69,3.04,101.16,61.96,93.64,2.386057359062742,5349394.602040481,12764415.839999998,96.5663182917098,8.33,
2025/02/08 03:00:00,-0.07,5.76,3.07,101.12,61.98,93.63,2.387899950555323,5340361.46556224,12752695.816666666,96.49255059694542,8.32,
2025/02/08 03:15:00,-0.1,5.76,3.05,101.03,62.01,93.62,2.390294939616126,5419320.506997,12954225.808333335,96.44316868130218,8.31,
2025/02/08 03:30:00,-0.05,5.6,2.97,100.92,62.03,93.61,2.3931873316233405,5396749.473631677,12915897.182222221,96.29908569589172,8.26,
2025/02/08 03:45:00,-0.16,5.59,2.99,100.81,62.05,93.6,2.396137587555823,5374127.267535481,12877618.019444443,96.30946789146643,8.28,
2025/02/08 04:00:00,-0.17,5.6,3.03,101.13,62.08,93.6,2.3851517011256984,5382851.870405148,12839388.319999998,96.59882780610307,8.31,
2025/02/08 04:15:00,-0.07,5.62,3.01,101.48,62.1,93.73,2.3746498611585247,5414550.0089616245,12858120.409444446,96.80720480252182,8.33,
2025/02/08 04:30:00,-0.13,5.68,3.06,101.83,62.12,93.93,2.3615367128336673,5464498.599856588,12905069.588888891,97.17091570904381,8.36,
2025/02/08 04:45:00,-0.13,5.89,3.15,102.18,62.07,94.14,2.3499881254097863,5524996.788636021,12984111.415,97.47572436494062,8.4,
2025/02/08 11:15:00,-0.11,5.51,3.56,96.9,60.68,87.13,2.516466247379648,4365812.160829685,10986999.374999998,92.82783011624547,7.65,
2025/02/08 11:30:00,-0.08,5.54,2.91,101.07,60.79,93.65,2.3909328807332715,5636423.818818755,13476795.126666665,96.4580139517591,8.35,
2025/02/08 11:45:00,-0.09,5.67,3.1,101.85,60.89,93.83,2.363315981838336,5642861.974812821,13336346.429999998,97.14873671762561,8.4,
2025/02/08 12:00:00,-0.15,5.54,3.03,102.1,60.99,94.01,2.348087750835322,5701249.464650931,13387522.40222222,97.42710553447924,8.3,
2025/02/08 12:15:00,-0.08,5.56,2.96,101.62,61.1,94.13,2.3682127568994336,5530796.633065094,13098571.309999997,96.93963055130241,8.31,
2025/02/08 12:30:00,-0.1,5.58,2.97,101.64,61.2,94.21,2.370677095700033,5678361.192862435,13462041.003888883,96.97522688240647,8.39,
2025/02/08 12:45:00,-0.1,5.67,3.03,101.59,60.57,94.28,2.3712434138789718,5790294.571364905,13730682.288888888,96.93204579839121,8.36,
2025/02/08 13:00:00,-0.02,5.72,3.06,101.4,60.61,94.35,2.3768306508148966,5774737.715063592,13726056.189999998,96.68926489392801,8.29,
2025/02/08 13:15:00,-0.09,5.7,3.05,101.49,60.64,94.43,2.372530694836593,5786666.336874343,13729526.518888889,96.83594175709592,8.3,
2025/02/08 13:30:00,-0.06,5.59,2.99,101.57,60.68,94.5,2.3714073861112306,5787423.49176346,13724830.521111108,96.87611789601334,8.33,
2025/02/08 13:45:00,-0.09,5.62,3.0,101.66,60.72,94.57,2.3678640289438015,5794256.296335625,13720497.602777775,96.98380482263505,8.34,
2025/02/08 14:00:00,-0.1,5.69,3.03,101.68,60.75,94.65,2.3664612810062344,5799106.008248406,13723838.700000001,97.01118891935377,8.33,
2025/02/08 14:15:00,-0.05,5.73,3.06,101.65,60.79,94.72,2.368544716954088,5791980.810997705,13719043.194999998,96.93627207348185,8.33,
2025/02/08 14:30:00,-0.08,5.84,3.1,101.62,60.83,94.79,2.3709294481945964,5794934.610501611,13739848.100000003,96.9386082936369,8.37,
2025/02/08 14:45:00,-0.13,5.87,3.15,101.64,60.86,94.86,2.368777218156361,5812030.041370627,13767875.0,97.0049555322521,8.36,
2025/02/08 15:00:00,-0.12,5.71,3.04,101.87,60.9,94.94,2.360199150762262,5881542.749388099,13882092.57111111,97.19609954325034,8.36,
2025/02/08 15:15:00,-0.05,5.71,3.08,102.43,60.93,95.01,2.3405005689619967,5964218.366474238,13959739.786666667,97.61623114483204,8.37,
2025/02/08 15:30:00,-0.07,6.05,3.21,103.04,60.97,95.08,2.3194269776398238,5997769.6995348595,13911827.93,98.1660175060311,8.43,
2025/02/08 15:45:00,-0.06,5.75,3.06,102.65,61.01,95.13,2.3313878163716115,5943077.630432134,13856084.611111108,97.81784747606963,8.36,
2025/02/08 16:00:00,-0.05,5.77,3.09,102.56,61.04,95.17,2.3350356938491355,5875793.7860788535,13720652.495,97.72968686146974,8.36,
2025/02/08 16:15:00,-0.11,5.8,3.09,102.6,61.08,95.22,2.334723437160903,5900714.711173734,13776997.850000001,97.82222967618121,8.41,
2025/02/08 16:30:00,-0.1,5.85,3.08,102.78,61.12,95.26,2.3298181219616407,5972521.498001329,13915342.613333333,97.96862584311648,8.45,
2025/02/08 16:45:00,-0.13,5.9,3.15,103.09,61.15,95.31,2.315499509334361,6028563.035701042,13959588.37777778,98.26838622658693,8.41,
2025/02/08 17:00:00,-0.06,5.97,3.15,103.05,61.19,95.35,2.3178197961372153,6025099.358326529,13965537.911111109,98.16544289560994,8.4,
2025/02/08 17:15:00,-0.03,5.98,3.18,103.01,61.22,95.4,2.3198988740818973,6025617.365781534,13979270.604444446,98.10136468806971,8.4,
2025/02/08 17:30:00,-0.07,5.85,3.08,103.08,61.26,95.44,2.3192650402216137,6029657.702135743,13984826.753333334,98.20034752356474,8.46,
2025/02/08 17:45:00,-0.1,5.8,3.08,103.1,61.3,95.49,2.315643260220403,6043423.639441519,13994873.034999998,98.24781622593898,8.41,
2025/02/08 18:00:00,-0.06,5.87,3.09,103.1,61.33,95.53,2.3186717673312667,6039696.798837124,14004525.700000001,98.20799225457728,8.46,
2025/02/08 18:15:00,-0.17,5.92,3.11,103.12,61.37,95.58,2.317763288706678,6046232.263382301,14014181.61611111,98.33208450571713,8.5,
2025/02/08 18:30:00,-0.11,5.97,3.14,103.16,61.41,95.63,2.3136168865088504,6061416.641012116,14024238.115555555,98.30961378474807,8.42,
2025/02/08 18:45:00,-0.07,6.03,3.21,103.2,61.44,95.67,2.314171491304482,6061390.623884639,14027541.476666668,98.30490063581709,8.45,
2025/02/08 19:00:00,-0.12,5.97,3.12,103.68,61.48,95.72,2.2974835451379105,6105648.771212438,14028061.422222221,98.77002893413794,8.51,
2025/02/08 19:15:00,-0.07,5.98,3.17,103.46,61.52,95.76,2.3036333770690063,6087619.642324524,14024085.777777778,98.53112957908382,8.44,
2025/02/08 19:30:00,-0.08,5.94,3.16,103.23,61.55,95.81,2.3123696712910347,6066611.03264323,14028697.246666668,98.34091051631266,8.44,
2025/02/08 19:45:00,-0.12,5.87,3.09,103.13,61.59,95.79,2.31413175034064,6049830.62427141,14000554.700000001,98.29343221219341,8.41,
2025/02/08 20:00:00,-0.12,5.83,3.08,103.1,61.62,95.73,2.3162202341278544,6026757.092455558,13959750.585000003,98.26700961133781,8.43,
2025/02/08 20:15:00,-0.16,5.84,3.1,103.1,61.66,95.67,2.3164326684972956,6007002.449266773,13915270.856666667,98.3057159985739,8.45,
2025/02/08 20:30:00,-0.17,5.86,3.1,103.1,61.69,95.6,2.315795674807565,5989288.805326431,13870418.295555554,98.31563178736529,8.44,
2025/02/08 20:45:00,-0.07,5.92,3.16,103.1,61.69,95.54,2.3189518146611503,5969028.4819846805,13842338.797222223,98.21759176919113,8.47,
2025/02/08 21:00:00,-0.06,5.99,3.16,103.1,61.69,95.48,2.316821304533668,5948692.139041618,13782492.343888888,98.20862664571126,8.42,
2025/02/08 21:15:00,-0.05,5.89,3.15,102.89,61.69,95.42,2.3251064837891313,5882769.834391285,13678515.656666666,98.0161121791255,8.42,
2025/02/08 21:30:00,-0.17,5.77,3.08,102.81,61.69,95.36,2.3260334132883456,5835675.5582994595,13574430.870000001,98.06350620011567,8.42,
2025/02/08 21:45:00,-0.05,6.15,3.28,103.47,61.7,95.3,2.3068452007120195,5837667.788264563,13467012.533333328,98.51921336810521,8.51,
2025/02/08 22:00:00,-0.11,5.83,3.1,103.16,61.7,95.23,2.3131470805079615,5895290.859320482,13637120.419999998,98.30977407297523,8.41,
2025/02/08 22:15:00,-0.15,5.75,3.07,103.04,61.7,95.17,2.317537251261328,5862354.989670609,13586679.779444443,98.24422761953272,8.42,
2025/02/08 22:30:00,-0.13,5.79,3.08,102.77,61.7,95.11,2.32736919572666,5824792.047144689,13556892.634999996,97.98998391933873,8.4,
2025/02/08 22:45:00,-0.14,5.83,3.09,102.61,61.7,95.05,2.334708341863049,5793733.269555882,13527124.99722222,97.85987083080825,8.43,
2025/02/08 23:00:00,-0.08,5.91,3.14,102.83,61.7,94.99,2.3273418361677023,5799127.044680843,13496990.332222216,97.99297857247053,8.43,
2025/02/08 23:15:00,-0.06,5.95,3.17,103.05,61.71,94.93,2.3182865273760607,5807209.67908321,13463209.662222223,98.16528226019119,8.41,
2025/02/08 23:30:00,-0.06,5.8,3.11,102.63,61.71,94.86,2.333090584528093,5755884.387459608,13429451.75,97.80009659104064,8.38,
2025/02/08 23:45:00,-0.04,5.73,3.07,102.47,61.71,94.8,2.3400687818354613,5726031.49562697,13399766.086666664,97.64101499609795,8.39,
2025/02/09 00:00:00,-0.11,5.76,3.06,102.34,61.76,95.65,2.345591669354765,5867268.465142828,13762681.930555556,97.59528174027251,8.43,
2025/02/09 00:15:00,-0.12,5.8,3.09,102.3,61.77,95.64,2.3464873456707007,5861568.2546789935,13754559.95833333,97.57031292968935,8.42,
2025/02/09 00:30:00,-0.1,5.87,3.11,102.67,61.77,95.63,2.3317568513447777,5896861.955570929,13750498.972222216,97.87362504471915,8.4,
2025/02/09 00:45:00,-0.12,6.11,3.27,103.28,61.78,95.62,2.3124930568073765,5942650.6796028325,13742769.92,98.42248863788103,8.5,
2025/02/09 01:00:00,-0.1,5.73,3.07,102.81,61.79,95.61,2.3254357761117963,5906068.440699918,13734647.715555554,97.9958823260421,8.38,
2025/02/09 01:15:00,-0.14,5.73,3.07,102.63,61.79,95.6,2.329782969429392,5893304.457681273,13730586.613333331,97.87877737876978,8.34,
2025/02/09 01:30:00,-0.08,5.76,3.05,102.6,61.8,95.58,2.335267140943775,5874418.452440901,13718795.53,97.79297515617203,8.41,
2025/02/09 01:45:00,-0.07,5.81,3.11,102.6,61.8,95.57,2.3340650781063,5875703.350744922,13714734.311666666,97.78371312081714,8.38,
2025/02/09 02:00:00,-0.16,5.86,3.14,102.6,61.81,95.56,2.3347280499298697,5878949.403984329,13726205.624999998,97.87065887954961,8.43,
2025/02/09 02:15:00,-0.1,5.89,3.14,102.6,61.81,95.54,2.333986637327387,5887737.474142443,13742353.429444445,97.81280500099408,8.39,
2025/02/09 02:30:00,-0.09,5.81,3.1,102.6,61.82,95.53,2.3332401156632008,5896694.452485369,13758863.848888887,97.80338175302481,8.37,
2025/02/09 02:45:00,-0.05,5.71,3.05,102.6,61.82,95.52,2.3344253010391145,5902340.517101118,13779042.566666663,97.76420858628767,8.38,
2025/02/09 03:00:00,-0.05,5.73,3.06,102.65,61.83,95.5,2.3334264613918165,5910166.164451977,13791405.961666666,97.80744024260524,8.4,
2025/02/09 03:15:00,-0.18,5.76,3.08,102.63,61.83,95.49,2.330463900388508,5926320.343521408,13811541.369999997,97.91728598360538,8.37,
2025/02/09 03:30:00,-0.11,5.8,3.07,102.53,61.84,95.48,2.336033515882989,5903163.038568409,13790445.142222222,97.76172500829271,8.38,
2025/02/09 03:45:00,-0.09,5.87,3.12,102.6,61.84,95.46,2.3364538846595218,5877375.374716163,13732669.878888885,97.80224096750416,8.44,
2025/02/09 04:00:00,-0.02,5.88,3.13,102.61,61.85,95.45,2.3350487902444765,5856362.7457063,13675343.733333334,97.74349963542842,8.39,
2025/02/09 04:15:00,-0.13,5.75,3.03,103.28,61.85,95.36,2.3095530689107773,5883759.461205859,13589299.129999997,98.43318932398029,8.44,
2025/02/09 04:30:00,-0.07,5.75,3.06,102.84,61.81,95.25,2.324815518532321,5811875.051819512,13511989.333333332,97.99273967800866,8.38,
2025/02/09 04:45:00,-0.03,5.75,3.03,102.53,61.75,95.14,2.3365539685654833,5752959.375772712,13442548.734999998,97.68404274732453,8.36,
2025/02/09 05:00:00,-0.1,5.79,3.08,102.39,61.7,95.04,2.3415887007542104,5710996.93291292,13373255.597777778,97.62994745163283,8.38,
2025/02/09 05:15:00,-0.11,5.84,3.12,102.39,61.65,94.93,2.340485546266411,5706048.540367052,13355371.23555556,97.64002870270808,8.36,
2025/02/09 05:30:00,-0.13,5.67,3.02,102.66,61.59,94.82,2.328806416770166,5730850.22675507,13346495.353888882,97.89516040195599,8.34,
2025/02/09 05:45:00,-0.17,5.66,3.05,102.65,61.54,94.72,2.3321726032751875,5718754.855009593,13337585.799999999,97.92413784536971,8.42,
2025/02/09 13:15:00,-0.1,6.02,3.83,94.8,61.8,84.46,2.5936402585925604,3543954.0607647677,9192196.43222222,90.95077881975314,7.57,
2025/02/09 13:30:00,-0.05,5.85,3.1,101.85,61.65,93.57,2.365404242579651,5510631.380165888,13035310.49333333,97.10926854092729,8.43,
2025/02/09 14:30:00,-0.04,5.91,3.91,95.6,61.72,84.48,2.5621519779888655,3688312.8948966386,9450519.735555558,91.60730006843077,7.53,
2025/02/09 14:45:00,1.12,5.81,3.63,98.05,61.76,89.51,2.5190696447976952,4544600.235593218,11448706.500000002,92.64255052311546,8.08,
2025/02/09 15:00:00,1.53,5.81,3.78,97.46,61.8,89.38,2.542052951698863,4447056.505237607,11305236.592222223,91.7268591439765,7.89,
2025/02/09 15:15:00,1.67,5.81,3.86,97.1,61.84,89.26,2.5574000138780804,4371559.646770093,11180433.403333332,91.27343423606762,7.85,
2025/02/09 15:30:00,1.67,5.8,3.79,96.8,61.88,89.14,2.569306030157906,4325424.089769172,11113927.745555555,91.00804747282145,7.85,
2025/02/09 15:45:00,1.94,6.2,4.18,96.8,61.92,89.02,2.5743877459464812,4291059.81453874,11047436.949999997,90.74614882671239,7.83,
2025/02/09 16:00:00,1.79,6.02,3.96,96.79,61.96,88.89,2.571411452813897,4268595.735566379,10976884.936111111,90.88301814387695,7.83,
2025/02/09 16:15:00,1.72,5.89,3.9,96.79,62.0,88.77,2.5698325391573786,4242689.545159031,10903586.081666665,90.95101004916145,7.83,
2025/02/09 16:30:00,1.7,5.86,3.87,96.79,62.04,88.65,2.5698809478218245,4212924.248815428,10827294.115,90.97024770413837,7.84,
2025/02/09 16:45:00,1.68,5.84,3.85,96.78,62.08,88.52,2.56982804703652,4181795.4288957315,10747071.206666665,90.98082103064161,7.84,
2025/02/09 17:00:00,1.67,5.86,3.88,96.78,62.12,88.4,2.5700973306473447,4151778.9479891094,10671050.940000001,90.99034533987056,7.85,
2025/02/09 17:15:00,1.65,5.86,3.87,96.78,62.16,88.28,2.5696476747004904,4122976.356272937,10595164.433333335,91.00976848422212,7.85,
2025/02/09 17:30:00,1.72,5.86,3.87,96.77,62.2,88.16,2.5716216104334197,4090355.7382786567,10519411.686666664,90.93293439364257,7.85,
2025/02/09 17:45:00,1.77,5.87,3.88,96.77,62.24,88.03,2.5732444973324684,4056817.7437633527,10439744.718333332,90.88418605142049,7.86,
2025/02/09 18:00:00,2.08,6.15,4.23,96.77,62.28,88.0,2.582739965140974,4026760.4835057245,10400657.886666667,90.58213261764892,7.91,
2025/02/09 18:15:00,1.91,6.03,4.07,96.76,62.32,87.99,2.579268146584512,4020187.300460415,10369708.818333331,90.73843363451996,7.91,
2025/02/09 18:30:00,2.14,6.21,4.21,96.76,62.36,87.99,2.5850067502966487,4002598.2907866593,10347300.883333331,90.51481076408275,7.92,
2025/02/09 18:45:00,1.9,6.01,4.01,96.76,62.39,87.98,2.5795294365966646,4007372.0621449733,10337688.973333335,90.74796536054029,7.92,
2025/02/09 19:00:00,1.89,5.95,3.98,96.75,62.43,87.98,2.5796969790656785,4011539.322776201,10349119.76388889,90.74882878025794,7.92,
2025/02/09 19:15:00,1.87,5.94,3.98,96.75,62.47,87.97,2.5787553766855313,4013416.1965144207,10350185.083333332,90.76843691428508,7.91,
2025/02/09 19:30:00,1.89,5.97,3.99,96.75,62.51,87.97,2.5792120461309596,4001485.0804540664,10321237.886666667,90.74901073714317,7.91,
2025/02/09 19:45:00,1.9,5.99,4.03,96.75,62.55,87.96,2.5794382874456736,3988470.4487943957,10288576.759999998,90.73929746509722,7.91,
2025/02/09 20:00:00,1.83,5.98,4.03,96.74,62.59,87.96,2.5782416264768115,3979240.8055153247,10260008.549999995,90.79843700716116,7.91,
2025/02/09 20:15:00,1.94,6.03,4.04,96.74,62.63,87.96,2.580260843953454,3964960.8234980926,10231185.243888887,90.69177533441365,7.9,
2025/02/09 20:30:00,1.84,6.03,4.07,96.74,62.67,87.95,2.5779836668697773,3955844.803852955,10198661.244444443,90.7889076591554,7.9,
2025/02/09 20:45:00,1.94,6.19,4.16,96.73,62.71,87.95,2.5806618821672807,3940724.4028197667,10170215.415555557,90.68292554631239,7.9,
2025/02/09 21:00:00,1.85,5.97,3.98,96.73,62.75,87.94,2.578122282884965,3932023.6505074482,10137784.072777776,90.77052751187247,7.89,
2025/02/09 21:15:00,1.77,5.93,3.93,96.73,62.79,87.94,2.5763061851857176,3926281.70375906,10115845.574999997,90.84822571252265,7.89,
2025/02/09 21:30:00,1.85,5.94,3.96,96.72,62.83,87.93,2.5780290498861715,3919698.349157136,10105643.472222226,90.76186020297311,7.88,
2025/02/09 21:45:00,1.86,5.94,4.01,96.72,62.8,87.93,2.5782525225231683,3927885.2083648527,10127642.696111113,90.75214735443997,7.88,
2025/02/09 22:00:00,1.74,5.96,3.99,96.72,62.78,87.92,2.5755324281065746,3980975.372414064,10253688.389999999,90.86869344963038,7.88,
2025/02/09 22:15:00,1.53,5.99,3.89,96.71,62.75,87.92,2.570697429426703,4006991.681408084,10301286.746666668,91.06394006838073,7.87,
2025/02/09 22:30:00,1.68,6.03,3.95,96.71,62.72,87.91,2.5745762545901703,3999019.5246858983,10296310.340555554,90.9181065292031,7.88,
2025/02/09 22:45:00,1.71,6.08,3.95,96.71,62.69,87.91,2.5757459675649725,3996966.5766597376,10295688.10111111,90.8887884622474,7.89,
2025/02/09 23:00:00,1.67,6.06,3.97,96.7,62.67,87.91,2.575715193824167,3995060.374236712,10290664.902222218,90.91859097268703,7.9,
2025/02/09 23:15:00,1.66,5.97,3.87,96.7,62.64,87.9,2.575969799915983,3992708.4240980474,10285620.803333336,90.92811526389315,7.91,
2025/02/09 23:30:00,1.95,6.21,4.19,96.73,62.61,87.9,2.5794105618458723,3987100.688084215,10284916.125000004,90.67375888096426,7.87,
2025/02/09 23:45:00,1.75,6.0,3.94,96.77,62.59,87.89,2.5762039597586024,3988515.4965273156,10275763.666666664,90.90231898708333,7.93,
2025/02/10 00:00:00,1.82,5.92,3.9,96.72,62.35,87.95,2.579777731352573,3974796.371539129,10254636.08888889,90.7900809205637,7.93,
2025/02/10 00:15:00,1.89,6.03,4.05,96.73,62.3,87.95,2.580492611291524,4004995.1398129826,10335420.975000003,90.73112820900609,7.92,
2025/02/10 00:30:00,1.84,5.99,4.05,96.74,62.26,87.95,2.5789527027972334,4022652.8290381394,10374805.167222224,90.78854190538303,7.92,
2025/02/10 00:45:00,1.88,6.02,4.06,96.74,62.21,87.94,2.57938053075574,4020490.3852537693,10370942.498888887,90.74987367327725,7.91,
2025/02/10 01:00:00,1.81,6.02,4.05,96.75,62.16,87.94,2.577391120641921,4023749.2274046005,10371339.83111111,90.82671250696336,7.91,
2025/02/10 01:15:00,1.77,5.96,3.94,96.76,62.11,87.94,2.5760887381445716,4025797.174220374,10371360.614999998,90.87441163470167,7.91,
2025/02/10 01:30:00,1.7,5.84,3.85,96.77,62.07,87.94,2.573617978400982,4120746.6246363437,10605797.424444443,90.95142821422705,7.9,
2025/02/10 01:45:00,1.71,5.84,3.86,96.78,62.02,87.92,2.5734477693125504,4087820.216895067,10520359.849999998,90.95056814119549,7.9,
2025/02/10 02:00:00,1.51,5.84,3.81,96.78,61.97,87.86,2.568445484269459,4159979.5794081837,10685241.691666666,91.14496122521244,7.89,
2025/02/10 02:15:00,1.71,5.83,3.85,96.79,61.92,87.8,2.572565606988415,4079173.1175966617,10494506.782222219,90.95960415734417,7.89,
2025/02/10 02:30:00,1.7,5.84,3.86,96.8,61.87,87.74,2.5719431699841335,4103108.5937778335,10553531.40111111,90.97816655401685,7.89,
2025/02/10 02:45:00,1.68,5.84,3.85,96.81,61.83,87.69,2.570608028552636,4128182.141634629,10612507.253333332,91.0066262408846,7.88,
2025/02/10 03:00:00,1.63,5.96,3.97,96.81,61.78,87.63,2.569479965040265,4153043.70058452,10671734.486111108,91.05518345143406,7.88,
2025/02/10 03:15:00,1.93,5.83,3.93,96.82,62.56,87.57,2.5768408893902395,3989922.960323371,10281976.423888883,90.77227743369195,7.9,
2025/02/10 03:30:00,1.65,5.81,3.81,96.83,62.66,87.51,2.568159216925364,3949276.0054681688,10142909.913888892,91.05383540216727,7.86,
2025/02/10 03:45:00,1.63,5.82,3.82,96.84,62.59,87.46,2.5673132994601358,3938460.6215790734,10111800.728333328,91.08210914676556,7.86,
2025/02/10 04:00:00,1.6,5.8,3.79,96.84,62.52,87.4,2.5666398308295255,3932750.6957079135,10094489.142222222,91.11124388654574,7.86,
2025/02/10 04:15:00,1.58,5.79,3.8,96.85,62.46,87.34,2.5657935149162627,3925714.6508358824,10073111.693333335,91.1395169179198,7.86,
2025/02/10 04:30:00,1.57,5.8,3.8,96.86,62.39,87.28,2.5651741200153566,3920017.96761698,10056063.33111111,91.1580784224891,7.86,
2025/02/10 04:45:00,1.61,5.79,3.77,96.87,62.32,87.22,2.565677317972704,3912487.428692221,10038708.9,91.12808192494931,7.86,
2025/02/10 05:00:00,1.63,5.79,3.83,96.88,62.25,87.17,2.5657259331817657,3907204.600353776,10025360.302222222,91.11750693593575,7.86,
2025/02/10 05:15:00,1.64,5.84,3.86,96.88,62.18,87.11,2.5659517413655513,3900195.94176255,10008252.375,91.10779464479468,7.86,
2025/02/10 05:30:00,1.66,5.91,3.9,96.89,62.11,87.05,2.566006265442106,3893329.9402662786,9990837.914444443,91.09721803655921,7.86,
2025/02/10 05:45:00,1.59,5.74,3.73,96.9,62.04,86.99,2.5635473621154596,3890265.234952036,9973406.269444443,91.17424076902782,7.85,
2025/02/10 13:30:00,-0.32,5.95,3.15,75.74,60.65,68.25,3.330412414455379,944071.7471546435,3144326.0444444446,73.57199859837459,5.91,
2025/02/10 13:45:00,0.36,5.85,3.72,97.25,61.57,87.18,2.522319291746606,4086517.972917006,10308003.658333337,92.67812835762932,7.84,
2025/02/10 14:00:00,1.19,5.81,3.67,97.26,61.57,87.95,2.5414815802737767,4186683.8355093095,10640900.599999998,91.88076831400349,7.87,
2025/02/10 14:15:00,1.32,5.84,3.63,97.21,61.57,87.95,2.5458207263004526,4188456.7999348994,10663566.882222222,91.71049408026954,7.86,
2025/02/10 14:30:00,1.23,5.86,3.64,97.17,61.57,87.95,2.545409420995522,4198159.224634355,10686539.465555554,91.76252314271137,7.86,
2025/02/10 14:45:00,1.32,5.9,3.75,97.13,61.57,87.95,2.5489643736970793,4201189.17510919,10709205.747777779,91.63974436902885,7.86,
2025/02/10 15:00:00,1.38,5.82,3.68,97.08,61.57,87.95,2.551769142351936,4205572.294323294,10732178.331111113,91.5374393261281,7.85,
2025/02/10 15:15:00,1.44,5.94,3.73,97.04,61.56,87.95,2.554681252691132,4211252.285261013,10758921.506666666,91.443784901872,7.85,
2025/02/10 15:30:00,1.45,5.93,3.8,96.99,61.56,87.95,2.556872248791469,4216623.393349385,10781902.79833333,91.38983880490473,7.85,
2025/02/10 15:45:00,1.55,5.92,3.79,96.95,61.56,87.95,2.5606818837473155,4219204.207038393,10804577.672777778,91.25733011999786,7.85,
2025/02/10 16:00:00,1.47,5.87,3.73,96.91,61.56,87.95,2.5604769483683265,4228517.869696235,10827558.964444442,91.2996272189674,7.85,
2025/02/10 16:15:00,1.47,5.95,3.81,96.86,61.56,87.95,2.5619596152519533,4234920.676057219,10850233.838888891,91.25556469840743,7.84,
2025/02/10 16:30:00,1.53,5.9,3.78,96.82,61.56,87.95,2.5648828247018027,4239051.273806233,10873215.130555553,91.16189601896465,7.84,
2025/02/10 16:45:00,1.47,5.9,3.8,96.78,61.56,87.95,2.565117261644043,4162691.9754024246,10678333.777222224,91.1847450444113,7.84,
2025/02/10 17:00:00,1.52,5.98,3.9,96.73,61.56,87.95,2.56821537978925,4191789.229055663,10765969.10277778,91.0919274066827,7.84,
2025/02/10 17:15:00,1.34,5.91,3.75,96.7,61.56,87.95,2.5633952659905814,4191790.966375455,10745745.566111112,91.24087899863432,7.8,
2025/02/10 17:30:00,1.53,5.95,3.81,96.7,61.55,87.94,2.569630689730327,4173627.420400256,10725215.612222223,91.0556531084923,7.84,
2025/02/10 17:45:00,1.54,5.94,3.83,96.7,61.55,87.94,2.5708327862111204,4163806.620910022,10704992.075555556,91.0455648380139,7.86,
2025/02/10 18:00:00,1.5,6.01,3.82,96.7,61.55,87.94,2.5699346100723863,4157400.757656453,10684768.538888887,91.08439992312981,7.86,
2025/02/10 18:15:00,1.5,5.99,3.9,96.7,61.55,87.94,2.5699286184074324,4149531.8603233276,10664545.002222221,91.08439992313026,7.86,
2025/02/10 18:30:00,1.58,5.94,3.83,96.7,61.55,87.94,2.5712469349596128,4139422.1406898787,10644015.048333334,91.00691653855829,7.85,
2025/02/10 18:45:00,1.55,6.01,3.85,96.7,61.55,87.94,2.5705730555647377,4132645.2907835515,10623791.511666667,91.0360449436168,7.85,
2025/02/10 19:00:00,1.57,6.05,3.89,96.7,61.55,87.94,2.5710242793671956,4124054.3769502467,10603567.975,91.016626130401,7.85,
2025/02/10 19:15:00,1.5,6.01,3.88,96.7,61.55,87.94,2.568954402550635,4149439.786715094,10660255.161111109,91.08478008246851,7.84,
2025/02/10 19:30:00,1.6,6.01,3.93,96.7,61.54,87.94,2.57120467553199,4147135.525617526,10663681.599999998,90.98768584629337,7.84,
2025/02/10 19:45:00,1.54,5.97,3.84,96.7,61.54,87.94,2.5698553767078525,4149198.8853000687,10663375.066666665,91.04594386996713,7.84,
2025/02/10 20:00:00,1.42,6.08,3.87,96.7,61.54,87.94,2.567646020603869,4152538.1513210484,10662761.999999998,91.16225516630608,7.85,
2025/02/10 20:15:00,1.56,5.97,3.89,96.7,61.54,87.94,2.5707937675939028,4151017.6818182115,10671957.999999998,91.02633559876864,7.85,
2025/02/10 20:30:00,1.57,5.97,3.86,96.7,61.54,87.94,2.571021272767084,4163648.3737678463,10705370.133333333,91.01662613040116,7.85,
2025/02/10 20:45:00,1.71,6.11,4.0,96.7,61.54,87.94,2.5741833797089027,4171512.382971941,10738782.266666662,90.88068062835042,7.85,
2025/02/10 21:00:00,1.65,5.99,3.93,96.7,61.54,87.94,2.572824271683228,4186816.0912445798,10772500.933333332,90.93894594204156,7.85,
2025/02/10 21:15:00,1.64,6.04,3.88,96.7,61.54,87.94,2.5726045690261796,4200170.760653051,10805913.066666665,90.94865639698081,7.85,
2025/02/10 21:30:00,1.48,6.05,3.92,96.7,61.55,87.94,2.568992966664165,4217480.234377799,10835219.395,91.10400689530628,7.85,
2025/02/10 21:45:00,1.55,6.0,3.86,96.7,61.58,87.94,2.570571868588728,4223076.679695118,10856263.488888888,91.0360449436168,7.85,
2025/02/10 22:00:00,1.76,6.06,3.93,96.7,61.62,87.96,2.5758091231979066,4224350.892881585,10881668.599999998,90.83193657053384,7.86,
2025/02/10 22:15:00,1.56,6.06,3.86,96.7,61.66,87.97,2.569817299291787,4195626.4453751175,10782516.213333335,91.02671482082104,7.83,
2025/02/10 22:30:00,1.63,6.11,4.0,96.7,61.69,87.99,2.572375696125672,4175606.75783549,10741773.288888887,90.95836672875248,7.85,
2025/02/10 22:45:00,1.6,6.03,3.92,96.7,61.73,88.0,2.5716983428859637,4157117.1132077817,10691392.329444446,90.98749698462208,7.85,
2025/02/10 23:00:00,1.65,6.05,3.93,96.7,61.77,88.01,2.572828047089655,4136692.8137544272,10643535.85777778,90.9389459420419,7.85,
2025/02/10 23:15:00,1.69,6.1,4.01,96.7,61.8,88.03,2.5737300206648754,4120766.3093379447,10606282.65277778,90.90010289148978,7.85,
2025/02/10 23:30:00,1.7,6.03,3.91,96.7,61.84,88.04,2.5744501410850034,4116204.5862732865,10597498.266666666,90.89020473558746,7.86,
2025/02/10 23:45:00,1.65,6.04,3.95,96.7,61.88,88.06,2.5738061332092563,4119757.443760724,10603999.559999999,90.9385707544998,7.87,
2025/02/11 00:00:00,1.72,6.09,3.94,96.7,61.91,87.93,2.575395289827315,4097923.6976357982,10554298.89555556,90.87059607791119,7.87,
2025/02/11 00:15:00,1.72,6.13,4.05,96.7,61.95,87.93,2.5758796170842695,4125158.733381656,10626459.396666666,90.87041003319425,7.88,
2025/02/11 00:30:00,1.81,6.06,4.01,96.7,61.99,87.93,2.578409462936746,4102381.2307624375,10578172.036666669,90.78282200540951,7.89,
2025/02/11 00:45:00,1.91,6.17,4.13,96.7,62.02,87.92,2.581173474557746,4079434.9222488757,10530283.866666665,90.68551395762162,7.9,
2025/02/11 01:00:00,1.97,6.06,4.03,96.7,62.06,87.92,2.583029778246662,4057884.8908840003,10482192.966666669,90.62705223265576,7.91,
2025/02/11 01:15:00,1.91,6.05,4.05,96.7,62.1,87.92,2.579201611474686,4045414.8344453606,10434500.327777779,90.6862468499643,7.86,
2025/02/11 01:30:00,2.03,6.05,4.09,96.71,62.13,87.92,2.582023242282716,4024001.311010449,10390634.82722222,90.57834269508297,7.87,
2025/02/11 01:45:00,2.04,6.06,4.11,96.71,62.17,87.92,2.582250029763738,4005133.5591430347,10342826.541666668,90.56862762933248,7.87,
2025/02/11 02:00:00,2.01,6.06,4.13,96.71,62.21,87.92,2.581566105074399,3987828.127442849,10295415.239999998,90.5977724618226,7.87,
2025/02/11 02:15:00,2.07,6.08,4.14,96.72,62.24,87.92,2.582531947826095,4006161.9083254356,10346614.666666664,90.54833049566537,7.87,
2025/02/11 02:30:00,2.07,6.1,4.14,96.72,62.28,87.92,2.583031009798191,3999727.402600578,10331986.988888888,90.54814934103365,7.88,
2025/02/11 02:45:00,2.33,6.15,4.28,96.72,62.32,87.92,2.586928817867037,3987918.9350957796,10317057.422222221,90.29621902919796,7.84,
2025/02/11 03:00:00,2.15,6.18,4.28,96.73,62.35,87.92,2.5829437281688357,3989855.0884180623,10306154.704999998,90.47981054241254,7.85,
2025/02/11 03:15:00,2.1,6.05,4.15,96.73,62.39,87.91,2.5818081551149734,3984263.9473934313,10287187.14222222,90.52839383463217,7.85,
2025/02/11 03:30:00,2.03,6.04,4.15,96.74,62.43,87.91,2.5798188327837894,3981544.2905988046,10272246.428888885,90.6052539335063,7.85,
2025/02/11 03:45:00,1.95,6.06,4.1,96.74,62.46,87.91,2.5775102017072484,3980885.402598151,10261333.958333332,90.68315888600698,7.84,
2025/02/11 04:00:00,1.85,6.07,4.07,96.74,62.5,87.91,2.5752523844819275,3978690.770617423,10246681.316666665,90.78030068782888,7.84,
2025/02/11 04:15:00,1.97,6.1,4.09,96.75,62.54,87.91,2.5790657840713798,3967011.3475439074,10231729.456666665,90.67202848084949,7.87,
2025/02/11 04:30:00,1.95,6.21,4.13,96.75,62.57,87.91,2.578119384494315,3964238.5936517734,10220807.348888887,90.69164077553937,7.86,
2025/02/11 04:45:00,1.88,6.05,4.05,96.75,62.49,87.91,2.576030977830924,3980428.304316592,10254255.708888886,90.75982460372819,7.85,
2025/02/11 05:00:00,1.76,6.06,4.03,96.76,62.37,87.91,2.572923932669141,4004512.700585612,10303849.086666664,90.8852338703549,7.85,
2025/02/11 05:15:00,1.62,6.07,3.97,96.76,62.25,87.91,2.569278634495262,4029507.6367145856,10353453.611111108,91.02138612664265,7.84,
2025/02/11 05:30:00,1.41,6.06,3.87,96.76,62.13,87.89,2.564075714855123,4054711.695898503,10397092.346666666,91.22548139927036,7.83,
2025/02/11 05:45:00,1.59,6.1,3.93,96.77,62.01,87.77,2.5691955116792484,4049539.47570686,10404569.902222222,91.0589941506565,7.86,
2025/02/11 06:00:00,1.58,6.2,4.0,96.77,61.89,87.66,2.5699470132493962,4052840.092612099,10416089.401666664,91.06832867918358,7.88,
2025/02/11 06:15:00,1.49,6.06,3.88,96.78,61.76,87.54,2.5635882136528148,4064935.51973599,10421328.683333335,91.16609021215795,7.8,
2025/02/11 06:30:00,1.38,6.05,3.84,96.78,61.64,87.43,2.5626160147141572,4064552.4225048143,10416387.575000001,91.27231645367999,7.83,
2025/02/11 06:45:00,1.26,6.07,3.83,96.78,61.52,87.31,2.5604211344470906,4064531.140172166,10407404.058333334,91.38861462439989,7.84,
2025/02/11 07:00:00,1.23,6.08,3.81,96.79,61.4,87.2,2.5598435068739835,4063516.6835606964,10402452.499999998,91.42639696857141,7.85,
2025/02/11 07:15:00,1.2,6.1,3.8,96.79,61.28,87.08,2.5586902597522183,4061838.6144746374,10393465.499999998,91.45570972859939,7.84,
2025/02/11 07:30:00,1.22,6.19,3.79,96.79,61.16,86.97,2.5591420394997884,4059190.442560171,10388503.491666669,91.436297190423,7.84,
2025/02/11 07:45:00,1.23,6.06,3.74,96.8,61.03,86.86,2.558968859183279,4059088.766526364,10387556.024999999,91.43544678217764,7.84,
2025/02/20 00:30:00,-0.05,5.47,3.87,89.7,59.09,78.0,2.7626723911540267,2854802.1470563463,7887473.409444442,86.32127394644623,6.89,
2025/02/20 00:45:00,0.61,5.41,3.12,95.8,59.17,87.06,2.5806580969831265,4448360.283584558,11480235.194999997,91.15060058087404,7.77,
2025/02/20 01:00:00,0.73,5.4,3.14,96.15,59.25,87.05,2.5711975527886533,4390940.948550878,11290509.755555553,91.34476918134312,7.8,
2025/02/20 01:15:00,0.68,5.41,3.13,96.28,59.32,87.04,2.5650163687200136,4373927.121357682,11219717.74,91.50867704387969,7.8,
2025/02/20 01:30:00,0.63,5.41,3.12,96.25,59.4,87.03,2.5650533066842223,4357788.175622537,11178477.860000001,91.530507172142,7.8,
2025/02/20 01:45:00,0.67,5.45,3.17,96.22,59.48,87.02,2.5671202863792746,4338351.108621361,11137589.1,91.46509476076717,7.8,
2025/02/20 02:00:00,0.73,5.39,3.13,96.18,59.55,87.01,2.5700311930094424,4318986.301127757,11100453.283333335,91.37141297995414,7.8,
2025/02/20 02:15:00,0.72,5.39,3.12,96.15,59.63,87.0,2.5709712262346036,4301403.577571226,11059304.666666666,91.35446215796898,7.8,
2025/02/20 02:30:00,0.68,5.38,3.12,96.12,59.71,86.99,2.5712285347752406,4284981.662365891,11018187.399999997,91.36658433929551,7.8,
2025/02/20 02:45:00,0.69,5.43,3.18,96.09,59.78,86.98,2.572620249876453,4268262.038725347,10981138.666666668,91.33024139547263,7.8,
2025/02/20 03:00:00,0.7,5.45,3.14,96.05,59.86,86.97,2.5744047854263328,4249361.241003884,10940082.358333332,91.28501121206328,7.8,
2025/02/20 03:15:00,0.71,5.37,3.11,96.02,59.93,86.96,2.575795685007642,4257800.617330672,10967743.856666662,91.24866307509522,7.8,
2025/02/20 03:30:00,0.77,5.35,3.13,95.99,60.01,86.95,2.578329655850748,4269171.140449539,11007862.103333334,91.16385635750099,7.8,
2025/02/20 03:45:00,0.82,5.37,3.12,95.96,60.09,86.94,2.581110296726412,4279918.235328039,11047468.299999997,91.08853403864077,7.81,
2025/02/20 04:00:00,0.71,5.37,3.12,95.92,60.16,86.93,2.5801450255003857,4298276.369548002,11090705.407222226,91.15958107884897,7.81,
2025/02/20 04:15:00,0.77,5.38,3.14,95.89,60.24,86.92,2.582687134300466,4257658.752810368,10996728.208888888,91.0747731574961,7.81,
2025/02/20 04:30:00,0.75,5.45,3.15,95.86,60.32,86.91,2.583397502149364,4215365.974672204,10890475.163333332,91.06748310395255,7.81,
2025/02/20 04:45:00,0.71,5.36,3.12,95.83,60.39,86.9,2.5836403171022018,4175597.4505471224,10788759.972222224,91.07956591064719,7.81,
2025/02/20 23:15:00,-0.05,6.09,4.21,93.51,59.63,82.2,2.6317549671394924,3556488.4678244805,9360358.296666669,89.75383705985097,7.3,
2025/02/20 23:30:00,1.23,5.94,3.72,96.58,60.09,87.52,2.5666367862802786,4399631.853688728,11292798.421666661,91.24093359522489,7.82,
2025/02/20 23:45:00,1.38,5.94,3.67,96.55,60.56,87.84,2.5731397291345797,4332390.9142417945,11148372.106666666,91.06800035294509,7.86,
2025/02/21 00:00:00,1.43,6.07,3.8,96.58,59.66,87.38,2.573090911103459,4369705.552342506,11244179.1,91.0460547942476,7.86,
2025/02/21 00:15:00,1.48,5.95,3.76,96.57,59.75,87.37,2.5741299713853043,4391543.765741741,11304956.532222224,90.9888528184127,7.85,
2025/02/21 00:30:00,1.52,5.93,3.74,96.56,59.83,87.36,2.575431788138988,4375145.237239864,11268438.891111111,90.94116460250392,7.85,
2025/02/21 00:45:00,1.67,6.16,3.91,96.55,59.92,87.34,2.5787466207884875,4352190.865259598,11223732.629999999,90.78687183724203,7.84,
2025/02/21 01:00:00,1.71,6.1,3.93,96.54,60.01,87.33,2.578561154527362,4336868.870902916,11183434.41111111,90.73974218384284,7.81,
2025/02/21 01:15:00,1.54,6.01,3.8,96.53,60.09,87.32,2.575111838860353,4328499.107025197,11146909.106666662,90.89593326674073,7.81,
2025/02/21 01:30:00,1.48,6.04,3.82,96.52,60.18,87.3,2.5741515794572645,4312744.997494562,11102194.253333334,90.94531619004,7.81,
2025/02/21 01:45:00,1.55,6.06,3.84,96.51,60.27,87.29,2.576131095675104,4293662.33896872,11061570.69111111,90.86850438521323,7.81,
2025/02/21 02:00:00,1.52,6.12,3.9,96.5,60.36,87.27,2.575848055536552,4276167.310801206,11015288.569999997,90.88876532481628,7.81,
2025/02/21 02:15:00,1.61,6.2,3.94,96.49,60.44,87.26,2.578285813724441,4255182.414712726,10971597.120000003,90.79253553511428,7.81,
2025/02/21 02:30:00,1.56,6.13,3.88,96.48,60.53,87.25,2.577548204327051,4238001.505808863,10924173.626666665,90.83221312763015,7.81,
2025/02/21 02:45:00,1.58,6.03,3.83,96.47,60.62,87.23,2.5783954161832727,4216527.02599477,10872403.978333337,90.80393652902295,7.81,
2025/02/21 03:00:00,1.58,6.08,3.87,96.46,60.71,87.22,2.5787925187070004,4197528.907520181,10825081.617777774,90.79507465340684,7.81,
2025/02/21 03:15:00,1.53,6.09,3.88,96.45,60.79,87.21,2.5780542342677704,4181977.904915926,10781888.98111111,90.83474734920671,7.81,
2025/02/21 03:30:00,1.59,6.1,3.9,96.44,60.88,87.19,2.5798121745267393,4159122.213965333,10730277.70833333,90.76764275221305,7.81,
2025/02/21 03:45:00,1.68,6.16,3.94,96.43,60.97,87.18,2.5827515405288897,4136125.7858193927,10683102.80888889,90.67122060723779,7.82,
2025/02/21 04:00:00,1.65,6.15,3.93,96.42,61.06,87.17,2.5824653022289867,4118219.2578238277,10635673.51,90.69148219237266,7.82,
2025/02/21 04:15:00,1.64,6.04,3.84,96.41,61.14,87.15,2.5826333100023655,4099722.437646989,10588597.305,90.69232705393158,7.82,
2025/02/21 04:30:00,1.68,6.06,3.86,96.4,61.23,87.14,2.583942294779439,4079330.0026811417,10541269.022777777,90.64463379222235,7.82,
2025/02/21 04:45:00,1.62,6.08,3.88,96.39,61.23,87.12,2.582971112101826,4075269.9925595964,10526819.343333337,90.69401478095875,7.82,
2025/02/21 05:00:00,1.64,6.11,3.93,96.38,61.13,87.11,2.5838228973634596,4085634.9667782267,10557078.363333331,90.6657369947748,7.82,
2025/02/21 05:15:00,1.63,6.17,3.96,96.37,61.03,87.1,2.584483878265227,4096166.001870211,10586990.79166666,90.66638951391894,7.83,
2025/02/21 05:30:00,1.59,6.17,3.93,96.36,60.93,87.08,2.5839682855942745,4107090.835583866,10613102.438888887,90.69635036839563,7.83,
2025/02/21 05:45:00,1.53,6.07,3.84,96.35,60.83,87.07,2.582993521165301,4120185.7709358623,10642926.506666664,90.74571863127883,7.83,
2025/02/21 06:00:00,1.43,6.02,3.79,96.34,60.73,87.06,2.5815897832322987,4134078.95059075,10673010.315000001,90.8337040012189,7.84,
2025/02/21 06:15:00,1.33,6.06,3.78,96.33,60.62,87.04,2.5797044267251197,4148749.077434404,10703050.233333338,90.92186563302685,7.84,
2025/02/21 06:30:00,1.44,6.1,3.82,96.33,60.52,87.03,2.5822155247669087,4156210.9211018384,10732738.451111108,90.8151326262755,7.84,
2025/02/21 06:45:00,1.35,6.11,3.8,96.32,60.42,87.02,2.58055609884425,4170492.2316990844,10762689.544444442,90.89359176574632,7.84,
2025/02/21 07:00:00,1.39,6.16,3.85,96.31,60.32,87.0,2.5823430892974413,4177501.1118520442,10788243.277777778,90.8457188711648,7.85,
2025/02/21 14:45:00,0.46,6.43,4.39,87.47,58.79,76.35,2.871174062410368,2615038.195735713,7508697.948888886,83.79336139209413,6.93,
2025/02/21 15:00:00,0.84,6.45,3.88,96.09,59.0,86.24,2.5741476122589604,4584842.734568865,11802553.253333328,91.18566831466458,7.76,
2025/02/21 15:15:00,0.95,6.48,3.81,96.69,59.21,87.76,2.5603218974833934,4849804.752768991,12417554.447222224,91.60833444774532,7.91,
2025/02/21 15:30:00,1.03,6.51,3.87,96.69,59.42,87.77,2.560720243903369,4765847.422995411,12204492.299999997,91.53130926822169,7.88,
2025/02/21 15:45:00,1.07,6.55,3.9,96.68,59.63,87.77,2.562481014486153,4695674.124254942,12033057.959999997,91.48344288405104,7.89,
2025/02/21 16:00:00,1.19,6.62,4.0,96.68,59.83,87.78,2.565656211968282,4665024.791193765,11969335.950000001,91.36681118921746,7.9,
2025/02/21 16:15:00,1.34,6.64,4.06,96.67,60.04,87.79,2.566072255910885,4637544.324352279,11900764.79166667,91.2137238551517,7.83,
2025/02/21 16:30:00,1.13,6.55,3.93,96.66,60.25,87.79,2.5646135323997323,4611678.363852151,11827652.760000002,91.40750323459622,7.89,
2025/02/21 16:45:00,1.25,6.57,3.95,96.66,60.46,87.8,2.5677954958950626,4579189.57954069,11758900.584444443,91.29086613087031,7.9,
2025/02/21 17:00:00,1.22,6.66,4.03,96.65,60.67,87.8,2.5641655816223636,4646024.308413165,11913657.188888887,91.31247370005192,7.83,
2025/02/21 17:15:00,1.26,6.67,4.07,96.65,60.88,87.81,2.567465726357365,4557739.437164769,11702319.291666666,91.27268577675504,7.88,
2025/02/21 17:30:00,1.27,6.75,4.12,96.64,61.08,87.82,2.569971605219043,4521413.79423112,11620376.54555555,91.25335424495982,7.92,
2025/02/21 17:45:00,1.76,6.78,4.33,96.63,61.24,87.82,2.582473777910159,4472706.392490419,11551154.119999995,90.76848146544096,7.94,
2025/02/21 18:00:00,2.0,6.81,4.43,96.63,61.09,87.83,2.587496255191363,4491129.618853116,11621307.988888886,90.53559068479387,7.93,
2025/02/21 18:15:00,1.96,6.77,4.38,96.62,60.94,87.83,2.5864934293644546,4518316.39952332,11687123.017777774,90.56576936006194,7.92,
2025/02/21 18:30:00,1.99,6.84,4.51,96.62,60.79,87.84,2.5866929474973905,4545088.0681742225,11757291.516666668,90.53681257186487,7.91,
2025/02/21 18:45:00,1.94,6.79,4.4,96.61,60.64,87.85,2.5849737485085256,4575140.603881418,11827151.50833333,90.57688696384082,7.89,
2025/02/21 19:00:00,1.77,6.79,4.39,96.6,60.49,87.85,2.581002577195205,4607687.616739325,11892986.159999995,90.73331102758509,7.88,
2025/02/21 19:15:00,1.59,6.7,4.14,96.61,60.41,87.86,2.5779557341944437,4625230.753847526,11924139.7,90.91637391626617,7.91,
2025/02/21 19:30:00,1.35,6.67,4.13,96.65,60.4,87.86,2.5704487408773344,4637079.059607482,11919874.93888889,91.1849570835142,7.9,
2025/02/21 19:45:00,1.34,6.69,4.13,96.69,60.38,87.87,2.5681770927870615,4642897.421714027,11924279.265555557,91.2302882778134,7.89,
2025/02/21 20:00:00,1.33,6.69,4.16,96.72,60.37,87.88,2.5658144722833627,4647066.013297768,11924010.816666666,91.26695010310361,7.87,
2025/02/21 20:15:00,1.31,6.72,4.15,96.76,60.35,87.88,2.5633121936947463,4651620.685039071,11924049.017222218,91.32198239017919,7.86,
2025/02/21 20:30:00,1.32,6.73,4.15,96.8,60.34,87.89,2.5619641596345195,4653954.3096739035,11923754.791666668,91.34769751194779,7.86,
2025/02/21 20:45:00,1.38,6.76,4.18,96.84,60.32,87.89,2.562219487651691,4653495.533006853,11923767.68,91.32467414095686,7.87,
2025/02/21 21:00:00,1.37,6.75,4.19,96.87,60.3,87.9,2.560813812205519,4657736.3164893035,11928089.800000003,91.3609406724143,7.87,
2025/02/21 21:15:00,1.34,6.76,4.18,96.91,60.29,87.91,2.5585699041781176,4661691.673192214,11927753.774444442,91.42547433778336,7.87,
2025/02/21 21:30:00,1.27,6.7,4.07,96.95,60.27,87.91,2.5559202603244935,4666517.284083222,11927725.675555551,91.52864834797661,7.88,
2025/02/21 21:45:00,1.31,6.75,4.11,96.98,60.26,87.92,2.5556347930114938,4666897.714978241,11927363.873333335,91.5163642867725,7.88,
2025/02/21 22:00:00,1.29,6.62,4.02,97.01,60.24,87.92,2.5540093782054187,4669844.229026433,11927310.462222222,91.56233068469358,7.88,
2025/02/21 22:15:00,1.21,6.59,3.98,97.02,60.22,87.93,2.551837935899713,4675480.394401452,11931550.375555558,91.64885085479249,7.88,
2025/02/21 22:30:00,1.15,6.56,3.98,97.03,60.21,87.94,2.550112277731624,4678484.04080365,11931146.773333332,91.71594934754657,7.88,
2025/02/21 22:45:00,1.18,6.56,3.96,97.04,60.19,87.94,2.550867376315827,4677063.505837443,11931052.375,91.69548291910235,7.89,
2025/02/21 23:00:00,1.2,6.58,3.99,97.05,60.18,87.95,2.5509198334589733,4676798.268982089,11930622.996111112,91.68491538884858,7.89,
2025/02/21 23:15:00,1.14,6.54,3.95,97.06,60.16,87.95,2.5491960498962065,4679914.009482108,11930503.285555556,91.75201366788802,7.89,
2025/02/21 23:30:00,1.18,6.54,3.96,97.08,60.14,87.96,2.549300601606171,4681352.180376694,11934660.992222218,91.73087810753452,7.89,
2025/02/21 23:45:00,1.21,6.54,3.95,97.09,60.13,87.96,2.5495749534324967,4678983.066655373,11929903.107222218,91.71059937238566,7.89,
2025/02/22 00:00:00,1.2,6.55,3.95,97.57,60.49,89.03,2.531034000175239,4861916.693583256,12306168.94222222,92.14446033948808,7.9,
2025/02/22 00:15:00,1.17,6.54,3.96,97.64,60.5,89.28,2.527639569623272,4907401.776379281,12404642.07888889,92.2354315774045,7.9,
2025/02/22 00:30:00,0.96,6.54,3.79,97.71,60.5,89.53,2.5287649812139157,4945840.209989852,12507340.034444444,92.49786220220356,8.08,
2025/02/22 00:45:00,0.98,6.67,3.9,98.02,60.5,89.57,2.518124184624087,4971575.446087588,12519510.684999995,92.7517386706141,8.1,
2025/02/22 01:00:00,1.11,6.61,3.9,98.3,60.51,89.59,2.511008897468375,4985357.971624456,12518752.595555557,92.87198043463907,8.12,
2025/02/22 01:15:00,1.04,6.61,3.86,98.3,60.51,89.6,2.5095000698227463,4988054.872841718,12517991.022777775,92.94000997517749,8.12,
2025/02/22 01:30:00,1.12,6.82,4.08,98.31,60.52,89.62,2.512648598538361,4981498.9210387245,12517225.966666665,92.87036638995704,8.16,
2025/02/22 01:45:00,1.01,6.7,3.94,98.31,60.52,89.63,2.510267392568181,4985785.177678415,12516119.427777775,92.97726388426496,8.16,
2025/02/22 02:00:00,1.0,6.6,3.88,98.31,60.52,89.64,2.510049666880903,4985907.354436202,12515347.288888888,92.9869811176498,8.16,
2025/02/22 02:15:00,1.05,6.8,4.06,98.32,60.53,89.66,2.5107460675023483,4984216.779407041,12514571.666666664,92.9472078595888,8.16,
2025/02/22 02:30:00,1.0,6.61,3.93,98.32,60.53,89.67,2.5096623423775237,4986054.610251337,12513792.56111111,92.99579581647163,8.16,
2025/02/22 02:45:00,0.97,6.54,3.86,98.32,60.53,89.68,2.5090137257357914,4987031.769015985,12513009.972222224,93.02494714803854,8.16,
2025/02/22 03:00:00,0.97,6.54,3.86,98.33,60.54,89.7,2.5086280760679744,4985865.602841039,12508160.940000001,93.03376190878325,8.16,
2025/02/22 03:15:00,0.97,6.54,3.85,98.33,60.54,89.71,2.5086284331013933,4978664.950155887,12490096.489444442,93.03376190878342,8.16,
2025/02/22 03:30:00,0.97,6.53,3.86,98.33,60.54,89.72,2.5086277170422977,4971323.134520104,12471677.9,93.03376190878382,8.16,
2025/02/22 03:45:00,0.98,6.54,3.88,98.34,60.55,89.74,2.508457686864181,4964310.891886101,12453243.751666663,93.03285915239037,8.16,
2025/02/22 04:00:00,1.02,6.53,3.89,98.34,60.55,89.75,2.5093212315625184,4955383.865997107,12435133.08888889,92.99398904730627,8.16,
2025/02/22 04:15:00,1.05,6.53,3.88,98.34,60.55,89.77,2.5099701188228685,5066711.067090418,12717785.849999998,92.96483520776299,8.16,
2025/02/22 04:30:00,1.04,6.54,3.86,98.34,60.55,89.78,2.5097550040368533,5040484.607204543,12650865.79166667,92.97455327426151,8.16,
2025/02/22 04:45:00,1.15,6.54,3.98,98.35,60.56,89.79,2.5112917911834773,5009011.15882118,12579593.308333334,92.87663589227682,8.15,
2025/02/22 05:00:00,1.17,6.52,3.99,98.35,60.56,89.81,2.5112694639804847,4984216.561902478,12517219.0,92.85737255920488,8.14,
2025/02/22 05:15:00,1.24,6.53,4.07,98.35,60.56,89.82,2.5127794540129362,4958988.098793752,12461364.21444444,92.78932997796842,8.14,
2025/02/22 05:30:00,1.2,6.52,3.96,98.36,60.57,89.83,2.511530712464411,4950911.162225194,12434864.407777777,92.83702328300642,8.14,
2025/02/22 05:45:00,1.16,6.52,3.94,98.36,60.57,89.85,2.5106676396624183,4945438.320310052,12416846.05333333,92.87590403373221,8.14,
2025/02/22 06:00:00,1.13,6.52,3.95,98.36,60.57,89.86,2.5100196700084614,4937835.759187237,12394559.802777776,92.90506334530278,8.14,
2025/02/22 06:15:00,1.22,6.51,4.03,98.37,60.57,89.87,2.5115712130102428,4935243.759499183,12395729.622222222,92.82639278532773,8.14,
2025/02/22 06:30:00,1.14,6.52,3.97,98.37,60.58,89.89,2.5098470927689576,5006357.279897411,12565696.898333332,92.90415521923067,8.14,
2025/02/22 06:45:00,1.16,6.52,3.96,98.37,60.58,89.9,2.5102790550607033,5030665.194080882,12628879.804444447,92.88471532532643,8.14,
2025/02/22 07:00:00,1.11,6.5,3.89,98.38,60.58,89.91,2.508360270917163,5038135.317120736,12637954.816666665,92.94230297246743,8.13,
2025/02/22 07:15:00,1.07,6.52,3.89,98.38,60.59,89.93,2.5074998659535725,5043350.130058025,12646692.41,92.98118091254565,8.13,
2025/02/22 07:30:00,1.08,6.49,3.92,98.38,60.59,89.94,2.5077128294712243,5046538.459415907,12655773.80833333,92.97146160652868,8.13,
2025/02/22 07:45:00,1.08,6.5,3.88,98.39,60.59,89.96,2.5073274492912625,5052661.458921928,12669172.101666663,92.98027321390963,8.13,
2025/02/22 08:00:00,1.07,6.49,3.9,98.39,60.6,89.97,2.507111160624404,5054999.303000736,12673946.358333332,92.9899926370287,8.13,
2025/02/22 08:15:00,1.01,6.48,3.84,98.39,60.6,89.98,2.505822735745767,5061230.273929559,12683037.510000002,93.0483066677803,8.13,
2025/02/22 08:30:00,0.98,6.48,3.8,98.4,60.6,89.99,2.5047930345164544,5066808.398566402,12691790.662222218,93.08627455888514,8.13,
2025/02/22 08:45:00,1.0,6.47,3.84,98.4,60.6,90.0,2.505220843187553,5069570.7130605625,12700888.199999997,93.06683750939641,8.13,
2025/02/22 09:00:00,1.0,6.48,3.84,98.4,60.61,90.01,2.5056737333340986,5070562.347015059,12705667.333333334,93.06665885564877,8.14,
2025/02/22 09:15:00,0.94,6.46,3.8,98.41,60.61,90.02,2.5039987138885396,5077590.949035469,12714769.747777775,93.13378044913935,8.14,
2025/02/22 09:30:00,0.87,6.46,3.78,98.42,60.61,90.03,2.5021112866126938,5084925.384488062,12723533.814444443,93.21061609284266,8.14,
2025/02/22 09:45:00,0.86,6.47,3.79,98.42,60.62,90.04,2.5018967925985938,5087272.785259608,12728316.198888892,93.2203332163303,8.14,
2025/02/22 10:00:00,0.88,6.46,3.76,98.43,60.62,90.05,2.5019411730751515,5090825.182324684,12737426.625,93.20971168388922,8.14,
2025/02/22 10:15:00,0.9,6.48,3.79,98.44,60.62,90.05,2.5019842350628774,5092648.853392741,12742210.635,93.19908890859071,8.14,
2025/02/22 10:30:00,0.92,6.47,3.8,98.44,60.62,90.06,2.5028619920107973,5094503.106589108,12751325.937777776,93.17947396694207,8.15,
2025/02/22 10:45:00,0.94,6.47,3.8,98.45,60.63,90.07,2.502905724582346,5096189.476357546,12755769.742222218,93.16884954979713,8.15,
2025/02/22 11:00:00,0.96,6.5,3.84,98.45,60.63,90.08,2.50333475678237,5098958.30259819,12764889.805555552,93.14941283278243,8.15,
2025/02/22 11:15:00,0.98,6.51,3.88,98.46,60.62,90.09,2.503377068258713,5104246.15461041,12778349.173333336,93.13878646165593,8.15,
2025/02/22 11:30:00,1.0,6.54,3.88,98.47,60.62,90.1,2.503421314331629,5107804.315913545,12787477.364444444,93.12815885230174,8.15,
2025/02/22 11:45:00,1.0,6.55,3.87,98.47,60.62,90.11,2.5034220319398157,5111314.988654176,12796266.395,93.12815885230157,8.15,
2025/02/22 12:00:00,0.98,6.55,3.9,98.48,60.62,90.12,2.5026055555379627,5116630.342538674,12805400.972222226,93.1564072406422,8.15,
2025/02/22 12:15:00,1.03,6.59,3.94,98.49,60.61,90.13,2.503743025649946,5092584.538536469,12751014.759999996,93.11644279053579,8.16,
2025/02/22 12:30:00,1.06,6.6,3.95,98.49,60.61,90.13,2.5043875430523497,5149028.14555588,12895659.479999999,93.08728331348573,8.16,
2025/02/22 12:45:00,1.08,6.63,3.95,98.5,60.61,90.14,2.504431571316698,5144934.155258909,12885627.131666666,93.07665159781992,8.16,
2025/02/22 13:00:00,1.1,6.64,3.96,98.51,60.61,90.15,2.504474258503555,5140973.891700726,12875928.022222225,93.06601864891675,8.16,
2025/02/22 13:15:00,1.1,6.65,3.97,98.51,60.6,90.16,2.5044742578930124,5138698.928386359,12870230.217777774,93.06601864891653,8.16,
2025/02/22 13:30:00,1.06,6.69,3.99,98.52,60.6,90.17,2.5009485564411102,5141920.226304542,12860163.848888889,93.11459556948182,8.11,
2025/02/22 13:45:00,1.17,6.69,4.01,98.52,60.6,90.18,2.503297814473217,5133067.971349418,12850087.726666668,93.00765697076322,8.11,
2025/02/22 14:00:00,1.17,6.71,4.04,98.53,60.6,90.19,2.502908787849998,5129972.874337647,12840345.423888886,93.01646339308304,8.11,
2025/02/22 14:15:00,1.18,6.72,4.05,98.54,60.59,90.2,2.5031967218087896,5127081.396377425,12834584.454999998,93.01537033220103,8.12,
2025/02/22 14:30:00,1.18,6.73,4.05,98.54,60.59,90.2,2.503197078951706,5121313.069286065,12820144.645,93.01537033220137,8.12,
2025/02/22 14:45:00,1.18,6.76,4.1,98.55,60.59,90.21,2.5028077582391886,5118204.381023038,12810373.546666663,93.02417609842803,8.12,
2025/02/22 15:00:00,1.18,6.76,4.08,98.56,60.59,90.22,2.5024198608709844,5114953.474507442,12800248.889999995,93.0329815757787,8.12,
2025/02/22 15:15:00,1.19,6.77,4.11,98.56,60.58,90.23,2.5030945524316293,5111248.483559393,12794429.633333335,93.02308283061438,8.13,
2025/02/22 15:30:00,1.23,6.79,4.1,98.57,60.58,90.24,2.5035627343783085,5106378.644145958,12784624.978888886,92.9929954511136,8.13,
2025/02/22 15:45:00,1.24,6.79,4.11,98.58,60.58,90.25,2.503387359332201,5102677.852369971,12774466.301666666,92.99207627582054,8.13,
2025/02/22 16:00:00,1.27,6.81,4.12,98.58,60.58,90.26,2.5044915947942785,5096368.72679553,12764297.871111114,92.96273068532962,8.14,
2025/02/22 16:15:00,1.49,7.13,4.37,98.59,60.57,90.27,2.5088228437886158,5085367.49506098,12758760.299999999,92.7575795866867,8.14,
2025/02/22 16:30:00,1.55,7.06,4.35,98.59,60.57,90.3,2.5105770411069877,5081168.991420988,12757149.606666664,92.69904842849651,8.15,
2025/02/22 16:45:00,1.53,7.01,4.33,98.6,60.57,90.33,2.5102189683251934,5081238.4087271355,12755509.653333332,92.72713291435909,8.16,
2025/02/22 17:00:00,1.55,7.03,4.36,98.62,60.57,90.36,2.5103300678583516,5080347.870063733,12753840.439999998,92.72510957871681,8.17,
2025/02/22 17:15:00,1.56,7.06,4.38,98.64,60.56,90.38,2.5097632748317067,5080957.223975984,12752488.209999995,92.73298062302536,8.17,
2025/02/22 17:30:00,1.59,7.07,4.4,98.66,60.56,90.41,2.509160325410067,5081489.1164325625,12750760.824999997,92.72156238314469,8.16,
2025/02/22 17:45:00,1.63,7.03,4.33,98.68,60.56,90.44,2.5092368638692397,5080636.238486448,12749004.179999998,92.70024293175936,8.16,
2025/02/22 18:00:00,1.68,7.12,4.43,98.7,60.56,90.47,2.5090557770852464,5080567.28029417,12747912.851666663,92.66935648677037,8.15,
2025/02/22 18:15:00,1.67,7.12,4.48,98.72,60.55,90.5,2.5080539174786614,5095768.243800938,12780957.841666667,92.69667726385605,8.15,
2025/02/22 18:30:00,1.58,7.04,4.34,98.74,60.55,90.53,2.505344332006416,5112785.148472698,12809772.78777778,92.80183396786826,8.15,
2025/02/22 18:45:00,1.64,7.17,4.43,98.75,60.55,90.56,2.506237040605836,5122476.3548403075,12838619.780555557,92.75225195197878,8.15,
2025/02/22 19:00:00,1.62,7.11,4.41,98.77,60.58,90.59,2.504551342062958,5132321.019000647,12854648.455000002,92.7894693266457,8.14,
2025/02/22 19:15:00,1.6,7.07,4.38,98.79,60.61,90.62,2.5033392424348566,5141208.165717056,12870677.129444445,92.82651774198362,8.14,
2025/02/22 19:30:00,1.65,7.18,4.42,98.81,60.64,90.65,2.5036225299801558,5147033.297699962,12886705.80388889,92.79545223215896,8.14,
2025/02/22 19:45:00,1.59,7.13,4.4,98.83,60.66,90.68,2.501557961450324,5159405.2768883165,12907033.95666667,92.87142180559854,8.14,
2025/02/22 20:00:00,1.45,7.1,4.27,98.85,60.69,90.7,2.4987383503290577,5169928.283007267,12918763.15277778,93.02488428721766,8.16,
2025/02/22 20:15:00,1.56,7.23,4.42,98.87,60.72,90.73,2.5026193387200197,5168313.614193691,12934791.827222226,92.93461087035257,8.21,
2025/02/22 20:30:00,1.56,7.13,4.4,98.89,60.75,90.76,2.499039053280736,5182126.725812337,12950820.501666667,92.95319826969376,8.15,
2025/02/22 20:45:00,1.6,7.09,4.4,98.91,60.77,90.79,2.4991029319063554,5189994.334155418,12970821.453333335,92.93185666704588,8.15,
2025/02/22 21:00:00,1.57,7.07,4.35,98.93,60.8,90.82,2.4976826103131016,5199367.329033329,12986855.468888884,92.97863131859282,8.15,
2025/02/22 21:15:00,1.58,7.11,4.35,98.94,60.83,90.85,2.4975038262838862,5206162.147338605,13002889.484444441,92.97769018802204,8.15,
2025/02/22 21:30:00,1.51,7.12,4.4,98.96,60.86,90.88,2.495235421772288,5217318.118328089,13018923.499999998,93.06338815648824,8.15,
2025/02/22 21:45:00,1.45,7.07,4.29,98.98,60.88,90.91,2.4941232784528626,5227818.2584805265,13039299.606666664,93.1390137771994,8.17,
2025/02/22 22:00:00,1.12,7.02,4.14,99.25,60.91,90.95,2.4776013247227002,5270917.0011103125,13059686.395555556,93.69704011188276,8.19,
2025/02/22 22:15:00,1.39,7.11,4.36,99.53,61.13,91.1,2.475108474077717,5270389.610614616,13045261.679999996,93.67914866182473,8.25,
2025/02/22 22:30:00,1.04,7.06,4.18,99.77,60.94,91.26,2.4612628753563994,5368523.365606104,13213802.995555557,94.22943251518468,8.31,
2025/02/22 22:45:00,0.87,7.11,4.16,99.86,60.74,91.41,2.455180658552588,5457297.017257981,13399099.376666663,94.47350615399853,8.33,
2025/02/22 23:00:00,0.92,7.09,4.13,99.8,60.55,91.57,2.4598344211780727,5526263.099023079,13594147.929999996,94.37171534949324,8.36,
2025/02/22 23:15:00,0.87,7.09,4.1,99.74,60.35,91.72,2.462394568457838,5599965.542498825,13789783.192777775,94.36722415350567,8.39,
2025/02/22 23:30:00,0.9,7.14,4.15,99.68,60.16,91.88,2.4648893199277366,5674195.452464312,13986729.582222221,94.28553653245999,8.38,
2025/02/22 23:45:00,0.8,7.06,4.13,99.62,59.96,92.03,2.4638100680073562,5756996.206515215,14184626.921666667,94.33063867635117,8.35,
2025/02/23 00:00:00,0.79,7.01,4.06,100.2,60.48,91.2,2.4400302490144066,5487418.347600572,13389911.040000003,94.84967385897154,8.32,
2025/02/23 00:15:00,0.9,7.19,4.24,100.18,60.63,91.23,2.443477658318719,5458125.517390885,13337251.4,94.72489528026088,8.33,
2025/02/23 00:30:00,0.76,6.95,4.03,100.16,60.78,91.26,2.440512784467921,5443034.464391052,13284240.64,94.84398181600714,8.31,
2025/02/23 00:45:00,0.59,6.87,3.93,100.15,60.93,91.29,2.4365674479794874,5430096.362492956,13231235.453333335,95.0010132328218,8.29,
2025/02/23 01:00:00,0.6,6.85,3.93,100.13,61.07,91.33,2.4379820169785273,5408780.759913171,13186951.604444444,94.97357480124063,8.3,
2025/02/23 01:15:00,0.6,6.83,3.9,100.11,61.22,91.36,2.439193181151418,5384370.01840509,13133957.1,94.95586782378925,8.31,
2025/02/23 01:30:00,0.52,6.81,3.87,100.03,61.37,91.39,2.4401907986613893,5360454.87471094,13080968.16888889,94.96371744942836,8.3,
2025/02/23 01:45:00,0.76,6.81,3.96,99.82,61.52,91.42,2.4531265256726185,5310583.536531496,13027984.81111111,94.5459491457252,8.3,
2025/02/23 02:00:00,0.74,6.8,3.96,99.9,61.67,91.46,2.4500894645890354,5297322.298957992,12979363.979999995,94.63543606467694,8.31,
2025/02/23 02:15:00,0.72,6.82,3.96,99.98,61.81,91.49,2.4466121014490403,5284983.1471866425,12930748.257777773,94.72507684046852,8.31,
2025/02/23 02:30:00,0.73,6.8,3.95,100.06,61.96,91.52,2.4437447153763423,5269510.228646874,12877781.155555556,94.78550646363085,8.31,
2025/02/23 02:45:00,0.81,6.81,3.98,100.15,62.11,91.55,2.441907428388186,5251786.107581835,12824819.626666665,94.78654521492564,8.31,
2025/02/23 03:00:00,0.75,6.81,4.0,100.23,62.26,91.59,2.4376157265976164,5288873.334033621,12892689.125555556,94.91507146037031,8.31,
2025/02/23 03:15:00,0.72,6.81,3.94,100.31,62.41,91.62,2.4343860355696214,5268236.24670535,12825356.408333337,95.01421579425713,8.32,
2025/02/23 03:30:00,0.73,6.8,3.97,100.39,62.55,91.65,2.431509679701613,5248628.291236175,12762529.266666668,95.0745699539316,8.32,
2025/02/23 03:45:00,0.78,6.8,3.98,100.47,62.7,91.68,2.4298821314595402,5224530.659350069,12695431.21,95.09579086425927,8.33,
2025/02/23 04:00:00,0.82,6.8,3.97,100.56,62.85,91.72,2.4272126297900978,5204348.551255216,12632493.530555554,95.13564143732651,8.33,
2025/02/23 04:15:00,0.86,6.81,4.01,100.58,62.52,91.75,2.4272374710753373,5263176.961884865,12775422.94111111,95.11419227352395,8.33,
2025/02/23 04:30:00,0.86,6.79,3.95,100.55,61.73,91.78,2.4283970008194022,5402067.640831475,13118813.308333334,95.08793056422236,8.33,
2025/02/23 04:45:00,0.89,6.8,4.0,100.51,61.7,91.81,2.4305399609172693,5401893.529911764,13129974.024444444,95.0236942146975,8.33,
2025/02/23 05:00:00,0.86,6.79,3.95,100.47,61.66,91.85,2.4310313249974653,5415442.178781313,13165560.454444444,95.01805088148122,8.32,
2025/02/23 05:15:00,0.86,6.8,4.02,100.44,61.62,91.88,2.4321874866132567,5436103.888816963,13222086.826666662,94.99178040557923,8.32,
2025/02/23 05:30:00,0.86,6.8,4.04,100.4,61.59,91.91,2.4337304259747117,5454131.889467132,13274355.404444441,94.95674932350586,8.32,
2025/02/23 05:45:00,0.85,6.79,3.97,100.36,61.55,91.94,2.4350742842615967,5474578.584270483,13331466.628333332,94.93145109260686,8.32,
2025/02/23 06:00:00,0.81,6.8,3.95,100.33,61.51,91.91,2.435426791710977,5486314.111908724,13361973.777777776,94.94411756152431,8.32,
2025/02/23 06:15:00,0.69,6.77,3.93,100.29,61.48,91.73,2.434996176037234,5393569.402861078,13133771.90277778,95.02572824657557,8.33,
2025/02/23 06:30:00,0.69,6.79,3.93,100.25,61.44,91.56,2.436531926624746,5367724.200511233,13079077.88,94.99067288926614,8.33,
2025/02/23 06:45:00,0.84,6.77,3.94,100.21,61.4,91.39,2.440653715815604,5336241.701309814,13024368.762777777,94.80976326059354,8.32,
2025/02/23 07:00:00,1.21,6.78,4.11,100.37,61.37,91.22,2.4423955967311746,5018053.212466899,12256521.108333332,94.58943854510225,8.33,
2025/02/23 07:15:00,2.26,6.78,4.69,99.58,61.33,91.04,2.4813246840345253,4495851.178410552,11156204.033333335,92.87877942122456,8.05,
2025/02/23 07:30:00,2.39,6.77,4.61,98.87,61.3,90.85,2.5115242153895765,4420605.396341179,11102985.666666664,92.12952749313216,8.03,
2025/02/23 07:45:00,2.46,6.77,4.63,98.56,61.26,90.65,2.5259870750540494,4374058.854090586,11049351.738333335,91.78880266150149,8.04,
2025/02/23 08:00:00,2.52,6.76,4.67,98.24,61.22,90.45,2.5396454796096952,4329516.081531863,10995986.607222224,91.44910806025364,8.03,
2025/02/23 08:15:00,2.48,6.76,4.63,98.11,61.19,90.26,2.5424834222980306,4303669.549701652,10942547.165000003,91.37412787570811,8.0,
2025/02/23 08:30:00,2.54,6.76,4.65,98.12,61.15,90.06,2.5397789009502576,4287049.383024778,10888697.734444445,91.32568766415677,7.93,
2025/02/23 08:45:00,2.52,6.77,4.65,98.13,61.11,89.87,2.53894116178135,4268844.650074381,10838880.262222223,91.35396158830564,7.93,
2025/02/23 09:00:00,2.51,6.75,4.66,98.14,61.08,89.67,2.538318454940891,4247265.168692025,10781451.010000002,91.3724993524164,7.93,
2025/02/23 09:15:00,2.5,6.76,4.64,98.15,61.04,89.47,2.537699550372047,4227130.523954206,10727716.18111111,91.39103693317844,7.93,
2025/02/23 09:30:00,2.46,6.77,4.62,98.16,61.0,89.28,2.5369517866323967,4208529.136533305,10677354.38,91.43861296935448,7.94,
2025/02/23 09:45:00,2.39,6.76,4.61,98.17,60.97,89.08,2.535031888953513,4188973.649390222,10619697.201666666,91.51556065962392,7.94,
2025/02/23 10:00:00,2.1,6.78,4.51,98.18,60.93,89.3,2.5309041663954464,4352669.784449001,11016695.139999999,91.80576604256711,7.99,
2025/02/23 10:15:00,1.11,6.76,3.95,98.19,60.89,89.73,2.5148207137474246,5064151.379804082,12735899.415555555,92.77519104054973,8.11,
2025/02/23 10:30:00,0.85,6.78,3.87,98.31,60.86,90.15,2.507695792242889,5163485.009355403,12948905.597222224,93.13236624727804,8.18,
2025/02/23 10:45:00,0.67,6.8,3.89,98.71,60.82,90.58,2.4906829056648805,5287866.296969133,13170856.746666666,93.65884523170583,8.23,
2025/02/23 11:00:00,0.54,6.8,3.87,99.11,60.78,91.0,2.4739643020784783,5411847.711753574,13389175.824444443,94.1367536944946,8.26,
2025/02/23 11:15:00,0.5,6.85,3.84,99.51,60.75,91.43,2.4591888492463334,5533181.800084868,13607587.32666667,94.52680567888655,8.29,
2025/02/23 11:30:00,0.54,6.84,3.86,99.9,60.71,91.85,2.4460058373721307,5652620.350924156,13826798.369999997,94.83002693876342,8.31,
2025/02/23 11:45:00,0.41,6.88,3.81,100.3,60.68,92.28,2.42986521384055,5780573.073578011,14046458.066666666,95.30667444504107,8.35,
2025/02/23 12:00:00,0.28,6.88,3.8,100.7,60.64,92.7,2.4133496399870835,5905937.8795820605,14253537.588888891,95.78316303706262,8.38,
2025/02/23 12:15:00,0.16,6.9,3.78,101.1,60.61,93.13,2.395774708414921,5963706.542894598,14288131.73333333,96.25009229616708,8.38,
2025/02/23 12:30:00,0.05,6.93,3.72,101.49,60.64,93.56,2.3814477809992685,6071300.672179131,14458908.42,96.69722265868394,8.44,
2025/02/23 12:45:00,0.07,6.96,3.73,101.89,60.66,93.98,2.366592318629719,6181522.501916112,14629564.351111114,97.02709933268721,8.44,
2025/02/23 13:00:00,0.09,6.96,3.74,102.2,60.69,94.41,2.355108334539341,6284074.490196457,14800099.526666665,97.27807330233227,8.44,
2025/02/23 13:15:00,0.11,7.0,3.77,102.23,60.72,94.83,2.3543294879993257,6356840.006082352,14966522.395,97.28473653953883,8.44,
2025/02/23 13:30:00,0.13,7.02,3.78,102.25,60.74,95.18,2.3539331473587253,6417212.693799921,15106118.72,97.28267683035625,8.44,
2025/02/23 13:45:00,0.15,7.05,3.82,102.27,60.77,95.17,2.3530828432504354,6409868.634811103,15083381.377777776,97.28077446090552,8.43,
2025/02/23 14:00:00,0.17,7.07,3.82,102.29,60.8,95.16,2.352684381983312,6401296.395502584,15060656.11111111,97.27870971675937,8.43,
2025/02/23 14:15:00,0.19,7.11,3.86,102.31,60.82,95.15,2.35228473288292,6394591.170106087,15042324.605,97.2766426322716,8.43,
2025/02/23 14:30:00,0.21,7.13,3.91,102.33,60.85,95.14,2.351883688973191,6386196.547188198,15020020.124999998,97.27457321037143,8.43,
2025/02/23 14:45:00,0.22,7.16,3.94,102.35,60.88,95.12,2.3517536744269227,6375039.472475868,14992950.32888889,97.28209474652098,8.44,
2025/02/23 15:00:00,0.24,7.18,3.97,102.37,60.9,95.11,2.3513523939001417,6368344.319131797,14974650.172777778,97.28002144061186,8.44,
2025/02/23 15:15:00,0.27,7.2,3.97,102.39,60.93,95.1,2.351591201504214,6358060.026542068,14951983.309999995,97.26803621813734,8.45,
2025/02/23 15:30:00,0.29,7.23,4.02,102.41,60.95,95.09,2.3516437028229618,6350143.651578901,14933702.776666665,97.26580191997233,8.46,
2025/02/23 15:45:00,0.32,7.26,4.03,102.43,60.98,95.08,2.351426776273401,6341100.90692075,14911058.555555556,97.2539686711429,8.46,
2025/02/23 16:00:00,0.35,7.27,4.05,102.45,61.01,95.07,2.3516634113546004,6331006.792818744,14888821.884444442,97.24197734591988,8.47,
2025/02/23 16:15:00,0.37,7.3,4.08,102.47,61.03,95.06,2.351260391690123,6324330.146995624,14870571.191666668,97.23989212940398,8.47,
2025/02/23 16:30:00,0.39,7.31,4.12,102.49,61.06,95.05,2.350855957115167,6315799.038604903,14847961.223333333,97.23780459813558,8.47,
2025/02/23 16:45:00,0.41,7.31,4.12,102.51,61.09,95.04,2.3509072423790363,6306049.115060457,14825363.330555556,97.23556152193194,8.48,
2025/02/23 17:00:00,0.43,7.32,4.12,102.53,61.11,95.03,2.3505028572894564,6299383.116176414,14807142.826666666,97.23346970724737,8.48,
2025/02/23 17:15:00,0.45,7.33,4.13,102.55,61.14,95.01,2.3500974725533474,6289174.507146569,14780597.040000001,97.23137558607662,8.48,
2025/02/23 17:30:00,0.47,7.33,4.17,102.57,61.17,95.0,2.350146995449428,6279439.660703324,14758034.909444444,97.22912746747923,8.49,
2025/02/23 17:45:00,0.49,7.34,4.18,102.59,61.19,94.99,2.3497408106713986,6272784.506796249,14739845.755555555,97.22702907774836,8.49,
2025/02/23 18:00:00,0.5,7.33,4.18,102.6,61.21,94.99,2.3495372054809147,6268780.855076306,14729162.836666662,97.22597902086488,8.49,
2025/02/23 18:15:00,0.5,7.33,4.18,102.6,61.21,94.99,2.3495372054809165,6268780.855076301,14729162.836666662,97.2259790208646,8.49,
2025/02/23 18:30:00,0.5,7.33,4.18,102.6,61.21,94.99,2.349537205480914,6268780.855076308,14729162.836666662,97.22597902086488,8.49,
2025/02/23 18:45:00,0.5,7.33,4.18,102.6,61.21,94.99,2.3495372054809223,6268780.855076286,14729162.836666662,97.22597902086449,8.49,
2025/02/23 19:00:00,0.5,7.33,4.18,102.6,61.21,94.99,2.3495372054809134,6268780.855076309,14729162.836666662,97.22597902086488,8.49,
2025/02/23 19:15:00,0.5,7.33,4.18,102.6,61.21,94.99,2.349537205480918,6268780.855076298,14729162.836666662,97.22597902086488,8.49,
2025/02/23 19:30:00,0.5,7.33,4.18,102.6,61.21,94.99,2.3495372054809263,6268780.855076275,14729162.836666662,97.22597902086522,8.49,
2025/02/23 19:45:00,0.5,7.33,4.18,102.6,61.21,94.99,2.349537205480919,6268780.855076293,14729162.836666662,97.2259790208646,8.49,
2025/02/23 20:00:00,0.5,7.33,4.18,102.6,61.21,94.99,2.349537205480921,6268780.85507629,14729162.836666662,97.22597902086466,8.49,
2025/02/23 20:15:00,0.5,7.33,4.18,102.6,61.21,94.99,2.3495372054809187,6268780.855076295,14729162.836666662,97.22597902086494,8.49,
2025/02/23 20:30:00,0.5,7.33,4.18,102.6,61.21,94.99,2.3495372054809143,6268780.855076307,14729162.836666662,97.22597902086494,8.49,
2025/02/23 20:45:00,0.5,7.33,4.18,102.6,61.21,94.99,2.349537205480916,6268780.855076303,14729162.836666662,97.22597902086477,8.49,
2025/02/23 21:00:00,0.5,7.33,4.18,102.6,61.21,94.99,2.349537205480903,6268780.855076336,14729162.836666662,97.22597902086466,8.49,
2025/02/23 21:15:00,0.5,7.33,4.18,102.6,61.21,94.99,2.349537205480911,6268780.855076315,14729162.836666662,97.22597902086477,8.49,
2025/02/23 21:30:00,0.5,7.33,4.18,102.6,61.21,94.99,2.3495372054809187,6268780.855076295,14729162.836666662,97.22597902086477,8.49,
2025/02/23 21:45:00,0.5,7.33,4.18,102.6,61.21,94.99,2.3495372054809307,6268780.855076263,14729162.836666662,97.2259790208646,8.49,
2025/02/23 22:00:00,0.5,7.33,4.18,102.6,61.21,94.99,2.3495372054809107,6268780.855076317,14729162.836666662,97.22597902086466,8.49,
2025/02/23 22:15:00,0.5,7.33,4.18,102.6,61.21,94.99,2.349537205480924,6268780.855076281,14729162.836666662,97.22597902086466,8.49,
2025/02/23 22:30:00,0.5,7.33,4.18,102.6,61.21,94.99,2.3495372054809134,6268780.855076309,14729162.836666662,97.22597902086494,8.49,
2025/02/23 22:45:00,0.5,7.33,4.18,102.6,61.21,94.99,2.349537205480918,6268780.855076298,14729162.836666662,97.22597902086466,8.49,
2025/02/23 23:00:00,0.5,7.33,4.18,102.6,61.21,94.99,2.3495372054809085,6268780.855076322,14729162.836666662,97.22597902086477,8.49,
2025/02/23 23:15:00,0.5,7.33,4.18,102.6,61.21,94.99,2.3495372054809214,6268780.855076288,14729162.836666662,97.22597902086449,8.49,
2025/02/23 23:30:00,0.5,7.33,4.18,102.6,61.21,94.99,2.3495372054809143,6268780.855076307,14729162.836666662,97.22597902086477,8.49,
2025/02/23 23:45:00,0.5,7.33,4.18,102.6,61.21,94.99,2.349537205480911,6268780.855076315,14729162.836666662,97.22597902086488,8.49,
2025/02/24 00:00:00,0.58,7.67,4.42,102.83,61.16,96.0,2.34253002563894,6476377.465118626,15171534.791111112,97.34793406664265,8.5,
2025/02/24 00:15:00,0.51,7.41,4.2,102.94,61.2,96.1,2.336972767243846,6477987.812598938,15139309.777777772,97.51194403565886,8.5,
2025/02/24 00:30:00,0.49,7.31,4.1,103.05,61.23,96.2,2.3318625888345292,6480306.858752362,15111611.356111113,97.62727981761704,8.49,
2025/02/24 00:45:00,0.47,7.29,4.09,103.17,61.27,96.29,2.3268220258125156,6477942.687261804,15073444.58888889,97.75113511709324,8.49,
2025/02/24 01:00:00,0.59,7.28,4.2,103.28,61.31,96.39,2.325133926728162,6305081.963553751,14660588.775555555,97.72942077845985,8.5,
2025/02/24 01:15:00,1.55,7.27,4.63,103.52,61.34,96.49,2.33713557586828,5817025.350451632,13595645.06666666,96.99855027431876,8.59,
2025/02/24 01:30:00,2.01,7.65,5.04,103.8,61.38,96.59,2.3365758597794244,5711648.452255242,13346164.669444446,96.79077100852736,8.64,
2025/02/24 01:45:00,1.59,7.35,4.79,104.28,61.42,96.56,2.312120361086407,5756703.488201364,13310655.221111111,97.61669736424122,8.69,
2025/02/24 02:00:00,1.84,7.43,4.91,103.48,61.46,96.37,2.344468586666946,5637168.0326737305,13216642.841111112,96.68019645618747,8.6,
2025/02/24 02:15:00,2.09,7.59,5.15,103.35,61.49,96.18,2.3542657748890066,5575586.522685599,13126907.994444445,96.32299891241527,8.6,
2025/02/24 02:30:00,2.13,7.52,5.08,103.53,61.53,95.99,2.3462457677939224,5554824.586628863,13033472.686666664,96.44029303930097,8.57,
2025/02/24 02:45:00,2.02,7.56,5.08,103.55,61.57,95.8,2.3434454288279065,5526212.259440597,12950853.941666665,96.56522362113212,8.57,
2025/02/24 03:00:00,1.84,7.3,4.82,103.47,61.61,95.61,2.343901389347067,5520349.32862289,12939631.22222222,96.67177722359011,8.58,
2025/02/24 03:15:00,1.77,7.25,4.78,103.39,61.64,95.42,2.3477608803019194,5507686.682846655,12931211.076666664,96.67033302098444,8.62,
2025/02/24 03:30:00,2.04,7.57,5.06,103.31,61.68,95.23,2.357360134962671,5479639.881670013,12917959.66388889,96.33659141231534,8.65,
2025/02/24 03:45:00,1.82,7.31,4.85,103.23,61.72,95.04,2.3555561608487587,5477936.11379219,12904069.64,96.48251740110373,8.63,
2025/02/24 04:00:00,2.08,7.48,5.08,103.15,61.76,94.91,2.3640507230312546,5461657.732202853,12912134.950000001,96.15880596783556,8.64,
2025/02/24 04:15:00,1.87,7.27,4.85,103.07,61.79,94.89,2.3609803079780547,5491767.426837226,12966450.566666666,96.29528610834103,8.59,
2025/02/24 04:30:00,1.89,7.48,4.92,102.99,61.83,94.88,2.3673847995132395,5506253.007249732,13035893.138888888,96.20553392002647,8.65,
2025/02/24 04:45:00,2.02,7.5,4.98,102.91,61.87,94.87,2.372549902290153,5526646.24585633,13112729.66666667,96.00914447608942,8.64,
2025/02/24 05:00:00,1.65,7.41,4.75,102.83,61.9,94.86,2.369242371842176,5721654.52669848,13556460.817777779,96.30106873511627,8.65,
2025/02/24 05:15:00,1.22,7.6,4.57,102.75,61.76,94.85,2.3602215515652745,5699950.098631977,13453555.719999999,96.65270286211447,8.56,
2025/02/24 05:30:00,1.08,7.43,4.44,102.45,61.59,94.84,2.3684507921198312,5764983.285512364,13654504.111111108,96.52867838427368,8.54,
2025/02/24 05:45:00,1.09,7.41,4.45,102.26,61.42,94.83,2.373769679940604,5788893.683405763,13741933.92,96.3542227003912,8.49,
2025/02/24 06:00:00,1.19,7.48,4.51,102.06,61.25,94.82,2.3834910972159156,5802213.226197949,13829961.584999997,96.08243786413891,8.49,
2025/02/24 06:15:00,1.01,7.3,4.36,101.86,61.09,94.8,2.387396455740422,5826058.187178787,13909556.912777774,96.08387870621975,8.48,
2025/02/24 06:30:00,1.01,7.4,4.39,101.65,60.92,94.79,2.3960112940013136,6046035.274548008,14486825.595000003,95.90057516454361,8.49,
2025/02/24 06:45:00,0.71,7.35,4.22,101.4,60.75,94.78,2.397174470512151,6136102.591242281,14709754.864444446,95.97572087303796,8.43,
2025/02/24 07:00:00,0.66,7.42,4.22,101.3,60.59,94.77,2.400946144806752,6217935.272184315,14929372.06444444,95.9367777704459,8.45,
2025/02/24 07:15:00,0.62,7.51,4.35,101.3,60.42,94.76,2.400606236776273,6395743.196024218,15354123.693333333,95.97559679917646,8.46,
2025/02/24 07:30:00,0.55,7.36,4.15,101.3,60.25,94.75,2.3974728090859143,6426091.486603206,15406835.58333333,96.04443187679983,8.42,
2025/02/24 07:45:00,0.48,7.42,4.23,101.3,60.08,94.74,2.3961137421563428,6451660.703824054,15459372.84222222,96.11263230350791,8.42,
2025/02/24 08:00:00,0.49,7.29,4.12,101.32,59.92,94.73,2.3959840348720163,6472003.226670947,15507280.635000002,96.12020757615245,8.43,
2025/02/24 08:15:00,0.32,7.4,4.11,101.37,59.89,94.71,2.3912205330452596,6478820.26823419,15492733.422222218,96.32935660782766,8.44,
2025/02/24 08:30:00,0.42,7.45,4.14,101.43,59.87,94.71,2.3943398889880005,6411585.961473066,15351955.666666666,96.28310358196491,8.52,
2025/02/24 08:45:00,0.39,7.37,4.09,101.49,59.85,94.71,2.39017246261939,6469293.883709443,15463173.62333333,96.36521633272399,8.49,
2025/02/24 09:00:00,0.29,7.26,4.03,101.55,59.83,94.71,2.384642444006515,6530981.311233433,15574509.084444439,96.51553105465958,8.46,
2025/02/24 09:15:00,0.28,7.33,3.97,101.6,59.82,94.72,2.3821034082162527,6570957.774731519,15653138.599999998,96.56910609874731,8.45,
2025/02/24 09:30:00,0.28,7.33,4.0,101.66,59.8,94.72,2.3811257761156708,6529573.704676645,15548174.62,96.6210274954419,8.48,
2025/02/24 09:45:00,0.26,7.32,4.01,101.72,59.78,94.72,2.379322082642681,6508086.307170207,15485272.122222219,96.69259060956789,8.5,
2025/02/24 10:00:00,0.28,7.31,4.03,101.77,59.76,94.72,2.377358926461665,6506772.240502258,15469374.653333332,96.71691093811958,8.49,
2025/02/24 10:15:00,0.28,7.28,3.99,101.82,59.74,94.72,2.3754477648343224,6505303.931136789,15453448.85333333,96.76055586010679,8.49,
2025/02/24 10:30:00,0.24,7.32,3.95,101.86,59.72,94.72,2.3731593420672317,6504859.095775012,15437494.722222222,96.8344499743413,8.49,
2025/02/24 10:45:00,0.23,7.42,4.1,101.9,59.71,94.73,2.3710004470059967,6504038.980264757,15421512.26,96.87926253656839,8.48,
2025/02/24 11:00:00,0.25,7.36,4.05,101.94,59.69,94.73,2.369406312995552,6501657.446083084,15405501.466666669,96.8948324892117,8.47,
2025/02/24 11:15:00,0.17,7.31,4.01,101.98,59.67,94.73,2.3663660171398484,6503232.837526245,15389462.342222221,97.00770708564131,8.47,
2025/02/24 11:30:00,0.19,7.33,3.95,102.02,59.65,94.73,2.364769647468639,6500833.153454939,15373394.886666669,97.02327169196951,8.46,
2025/02/24 11:45:00,0.14,7.33,3.98,102.06,59.63,94.73,2.3622994156628794,6500816.310241515,15357299.1,97.1069032549032,8.46,
2025/02/24 12:00:00,0.19,7.4,4.03,102.1,59.61,94.73,2.361704284202961,6495628.469563652,15341174.982222224,97.09305707521622,8.46,
2025/02/24 12:15:00,0.3,7.5,4.09,102.1,59.6,94.73,2.363765596999198,6592070.077974154,15582532.129999997,96.98582152414623,8.46,
2025/02/24 12:30:00,0.29,7.34,4.01,102.1,59.58,94.74,2.36357661812679,6630348.5496597905,15671773.039999997,96.99557074341085,8.46,
2025/02/24 12:45:00,0.23,7.29,4.0,102.1,59.56,94.74,2.3624516733600625,6669436.365105019,15756664.659999996,97.05406382228064,8.46,
2025/02/24 13:00:00,0.26,7.53,4.12,102.1,59.54,94.74,2.3630159761746325,6703810.868711075,15841642.666666666,97.02481776236918,8.46,
2025/02/24 13:15:00,0.27,7.48,4.15,102.1,59.52,94.74,2.363201803590072,6613472.560095668,15629405.256666662,97.01506886256026,8.46,
2025/02/24 13:30:00,0.22,7.39,4.07,101.95,59.5,94.74,2.3680138589931676,6556090.5215909835,15525348.104444442,96.93295662595844,8.46,
2025/02/24 13:45:00,0.25,7.37,4.06,101.74,59.49,94.74,2.376176129492441,6552818.993538018,15571092.166666662,96.72058902937414,8.45,
2025/02/24 14:00:00,0.2,7.34,4.02,101.71,59.47,94.75,2.376371583301036,6522347.604233384,15499958.319999998,96.74311666615107,8.45,
2025/02/24 14:15:00,0.24,7.43,4.08,101.73,59.45,94.75,2.3768103814497104,6489318.894905125,15424311.466666663,96.72144315390439,8.46,
2025/02/24 14:30:00,0.2,7.26,3.94,101.75,59.43,94.75,2.3757231958984635,6488024.994382317,15414185.648888886,96.77772248787174,8.47,
2025/02/24 14:45:00,0.19,7.26,3.96,101.76,59.41,94.75,2.3755880518044648,6501048.795574509,15444251.46,96.79603823367034,8.48,
2025/02/24 15:00:00,0.28,7.3,3.96,101.78,59.4,94.75,2.3769779525283816,6508066.95069718,15469965.194444442,96.72564043328063,8.49,
2025/02/24 15:15:00,0.33,7.31,4.03,101.8,59.38,94.75,2.3767262585186475,6633560.728988695,15766607.834999999,96.69452790170679,8.48,
2025/02/24 15:30:00,0.35,7.37,4.1,101.8,59.36,94.76,2.3766657072622595,6604075.883798946,15696129.900000002,96.67519285902964,8.47,
2025/02/24 15:45:00,0.35,7.44,4.15,101.8,59.34,94.76,2.3757781564372182,6643685.671895621,15784372.022222223,96.67550833309807,8.45,
2025/02/24 16:00:00,0.24,7.48,4.1,101.8,59.34,94.76,2.3728016737514674,6523941.511421949,15480446.776666667,96.78303365411888,8.43,
2025/02/24 16:15:00,0.29,7.47,4.16,101.8,59.36,94.76,2.374193961457262,6520931.244493241,15482392.56666667,96.73414464523604,8.44,
2025/02/24 16:30:00,0.2,7.47,4.09,101.8,59.39,94.79,2.373374951226259,6527861.298367526,15493490.466666667,96.82153360522902,8.46,
2025/02/24 16:45:00,0.15,7.36,3.98,101.81,59.41,94.84,2.372483657726347,6540356.174300702,15517316.466666667,96.87882602215629,8.47,
2025/02/24 17:00:00,0.16,7.39,4.01,101.83,59.43,94.89,2.3723481581019334,6550953.8700804,15541572.309999999,96.8863817913215,8.48,
2025/02/24 17:15:00,0.33,7.4,4.06,101.84,59.45,94.94,2.3751954937900415,6553317.955187058,15565846.96333333,96.72943881546625,8.48,
2025/02/24 17:30:00,0.37,7.45,4.1,101.86,59.48,94.98,2.3747467120125343,6560916.683768263,15580950.000000004,96.70806201477762,8.47,
2025/02/24 17:45:00,0.38,7.48,4.16,101.88,59.5,95.03,2.373276208326728,6575221.530912691,15605255.655,96.71608053888593,8.45,
2025/02/24 18:00:00,0.36,7.52,4.14,101.89,59.52,95.08,2.3716162183437985,6589909.414992401,15629167.228888886,96.74461796363859,8.43,
2025/02/24 18:15:00,0.39,7.57,4.21,101.91,59.54,95.13,2.3709600075614166,6601999.136750462,15653510.155555554,96.73298199740144,8.42,
2025/02/24 18:30:00,0.33,7.58,4.22,101.92,59.57,95.18,2.369896755445657,6613209.00184346,15673056.99666667,96.80003723282162,8.43,
2025/02/24 18:45:00,0.45,7.63,4.21,101.94,59.59,95.23,2.3713902967422755,6619326.278120879,15697434.059999999,96.70050126041814,8.43,
2025/02/24 19:00:00,0.33,7.43,4.1,101.96,59.61,95.28,2.3683585214103355,6637920.925063346,15721415.765,96.83493511565858,8.43,
2025/02/24 19:15:00,0.38,7.46,4.09,101.97,59.64,95.32,2.3689152180974142,6642945.349753071,15737008.906666663,96.79491517425436,8.43,
2025/02/24 19:30:00,0.41,7.5,4.16,101.99,59.66,95.37,2.3687086269298137,6653835.130266918,15761435.78166667,96.7831127110936,8.43,
2025/02/24 19:45:00,0.39,7.53,4.19,102.0,59.68,95.42,2.3679474321484535,6666122.200131439,15785466.485555556,96.8113340300416,8.43,
2025/02/24 20:00:00,0.34,7.54,4.2,102.02,59.7,95.47,2.366238611220548,6681275.034789851,15809930.63222222,96.87752522924885,8.43,
2025/02/24 20:15:00,0.43,7.6,4.24,102.04,59.73,95.52,2.3671572038131035,6686981.783498498,15829575.006666666,96.8072205019335,8.43,
2025/02/24 20:30:00,0.41,7.64,4.27,102.05,59.75,95.57,2.366396593699303,6699484.052736694,15854073.289999995,96.8354418979288,8.43,
2025/02/24 20:45:00,0.35,7.67,4.26,102.07,59.77,95.62,2.3649556825395397,6713758.789515636,15878174.125,96.9112260111527,8.44,
2025/02/24 21:00:00,0.33,7.54,4.15,102.08,59.8,95.66,2.364647026791297,6721261.202866176,15893845.293333331,96.93928871348258,8.45,
2025/02/24 21:15:00,0.35,7.49,4.11,102.1,59.82,95.71,2.3647025761410636,6731307.309707889,15917976.665555552,96.93707383242938,8.46,
2025/02/24 21:30:00,0.3,7.52,4.17,102.12,59.84,95.76,2.363443890871277,6745284.775727347,15942543.22222222,97.00310602626895,8.47,
2025/02/24 21:45:00,0.39,7.54,4.17,102.13,59.86,95.81,2.364747619040152,6751963.233981608,15967128.588888891,96.92407665012188,8.47,
2025/02/24 22:00:00,0.37,7.59,4.21,102.15,59.89,95.86,2.363602926235796,6763586.14484178,15986870.496666664,96.96101559208239,8.47,
2025/02/24 22:15:00,0.37,7.6,4.22,102.16,59.91,95.91,2.3636665782802124,6773819.520988466,16011489.999999998,96.96957915344711,8.48,
2025/02/24 22:30:00,0.37,7.64,4.29,102.18,59.93,95.96,2.362896394949289,6786275.708737662,16035709.964999996,96.98701600013908,8.48,
2025/02/24 22:45:00,0.45,7.62,4.25,102.2,59.96,96.0,2.363625044176413,6790847.648627773,16051459.16,96.92644124235811,8.48,
2025/02/24 23:00:00,0.25,7.7,4.23,103.11,59.98,96.05,2.327504770569589,6906663.189706227,16075709.66222222,97.9129621870012,8.54,
2025/02/24 23:15:00,0.24,7.6,4.16,103.13,60.0,96.1,2.3274528629781392,6917422.603352449,16100397.438888887,97.93981767605534,8.56,
2025/02/24 23:30:00,0.24,7.53,4.14,103.15,60.02,96.15,2.3266782187009305,6930161.367178429,16124684.51611111,97.95721072446572,8.56,
2025/02/24 23:45:00,0.2,7.48,4.13,103.17,60.05,96.2,2.3256322743967983,6939460.331279967,16139067.083333334,98.01349201759142,8.57,
2025/02/25 00:00:00,0.15,7.44,4.07,103.1,60.08,96.3,2.3278780857928996,6948358.617599003,16175365.042222222,98.00125330980771,8.58,
2025/02/25 00:15:00,0.1,7.43,4.06,103.1,60.12,96.34,2.326973714958364,6948167.596660063,16168636.171111114,98.05004004871816,8.58,
2025/02/25 00:30:00,0.13,7.47,4.09,103.11,60.16,96.36,2.3257914187535977,6898345.180560278,16044539.866666667,98.02991529482046,8.55,
2025/02/25 00:45:00,0.12,7.52,4.14,103.12,60.2,96.38,2.3229601150539283,6858089.867610166,15931493.159999996,98.04913000571156,8.5,
2025/02/25 01:00:00,0.12,7.46,4.03,103.13,60.23,96.4,2.3221160226945825,6910232.597203229,16046782.320555558,98.05798125114814,8.49,
2025/02/25 01:15:00,0.11,7.42,4.02,103.14,60.27,96.42,2.3215496721317743,6904659.796560675,16029934.25,98.07643780616111,8.49,
2025/02/25 01:30:00,0.11,7.42,4.02,103.16,60.31,96.43,2.3207754597407173,6897978.642650517,16009082.32,98.09383273875791,8.49,
2025/02/25 01:45:00,0.1,7.42,4.02,103.17,60.34,96.45,2.3206683049247228,6892954.681574128,15996683.859444441,98.11213559399212,8.5,
2025/02/25 02:00:00,0.11,7.42,4.04,103.18,60.38,96.47,2.320459512123358,6886505.276150964,15980281.075,98.11107355044102,8.5,
2025/02/25 02:15:00,0.11,7.43,4.04,103.19,60.42,96.49,2.3205299787957316,6879051.447425552,15963467.837777775,98.11961763519493,8.51,
2025/02/25 02:30:00,0.08,7.44,4.05,103.21,60.46,96.51,2.3192205768513334,6875870.405242911,15947082.005555557,98.16628790722733,8.51,
2025/02/25 02:45:00,0.06,7.47,4.09,103.22,60.49,96.53,2.3184769157586493,6872738.263053322,15934707.58,98.19450233749717,8.51,
2025/02/25 03:00:00,0.05,7.46,4.06,103.23,60.53,96.55,2.3183676586612894,6866002.007591895,15918336.609999998,98.21280503070706,8.52,
2025/02/25 03:15:00,0.08,7.41,4.01,103.24,60.57,96.57,2.3185161905376552,6858324.673664622,15901555.999999996,98.19222401248338,8.52,
2025/02/25 03:30:00,0.11,7.53,4.11,103.26,60.6,96.58,2.3187330120335656,6850631.564817967,15885201.982222218,98.18018503652901,8.53,
2025/02/25 03:45:00,0.1,7.44,4.05,103.27,60.64,96.6,2.3181671143461786,6845071.361965249,15868438.788888885,98.19863965500465,8.53,
2025/02/25 04:00:00,0.07,7.47,4.1,103.28,60.68,96.62,2.3172450588087727,6840744.11117862,15852101.723333336,98.23661330916377,8.53,
2025/02/25 04:15:00,0.09,7.51,4.12,103.29,60.72,96.64,2.3176689224239877,6832448.934455161,15835773.017777776,98.22563801891098,8.54,
2025/02/25 04:30:00,0.1,7.45,4.04,103.31,60.75,96.66,2.3170738392310604,6828883.269648287,15823442.249999998,98.23326677066032,8.54,
2025/02/25 04:45:00,0.12,7.43,4.05,103.32,60.79,96.68,2.317496114320676,6820598.078066329,15807128.406666666,98.22229048241314,8.55,
2025/02/25 05:00:00,0.1,7.43,4.03,103.33,60.83,96.7,2.31675290044587,6815569.6309855925,15790406.432777777,98.250504328684,8.55,
2025/02/25 05:15:00,0.1,7.43,4.05,103.34,60.86,96.72,2.316817471897975,6810243.739059249,15778509.572222222,98.25904840232343,8.56,
2025/02/25 05:30:00,0.1,7.5,4.11,103.36,60.9,96.73,2.3160440125243333,6803406.5968064405,15757404.984444445,98.27643467755573,8.56,
2025/02/25 05:45:00,0.11,7.55,4.13,103.37,60.94,96.75,2.3158357599127384,6796990.346732955,15741125.045555556,98.27536698939157,8.56,
2025/02/25 06:00:00,0.11,7.48,4.05,103.38,60.97,96.77,2.3159000756522885,6791493.8891533725,15728831.433333332,98.28391089256759,8.57,
2025/02/25 06:15:00,0.13,7.43,4.05,103.39,61.01,96.79,2.315868619552558,6777743.723243076,15696779.425555559,98.27308168320167,8.57,
2025/02/25 06:30:00,0.23,7.45,4.1,104.68,61.01,96.74,2.2731550271248198,6953125.976008291,15805941.634999996,99.29288196245632,8.7,
2025/02/25 06:45:00,0.26,7.45,4.13,104.6,60.98,96.57,2.276814976091593,6971916.978303259,15874180.018888885,99.19425584334282,8.7,
2025/02/25 07:00:00,0.27,7.46,4.11,104.51,60.95,96.41,2.280525972611756,6953743.345490772,15858604.409999995,99.10650177399849,8.7,
2025/02/25 07:15:00,0.3,7.48,4.12,104.43,60.91,96.24,2.284184281474781,6863637.129502123,15678219.412777776,99.0078540038108,8.7,
2025/02/25 07:30:00,0.28,7.49,4.13,104.35,60.88,96.08,2.286525909235954,6777934.087818994,15498325.33333333,98.95819046801026,8.69,
2025/02/25 07:45:00,0.28,7.56,4.22,104.26,60.85,95.92,2.2900521241468024,6689337.53206425,15319333.901666667,98.88016234716648,8.69,
2025/02/25 09:00:00,4.97,7.48,7.15,69.31,60.68,62.5,3.885653285323726,180174.39260005107,700512.0344444445,62.407075406067094,5.06,
2025/02/25 09:15:00,0.06,7.48,5.12,98.37,60.65,88.21,2.4700129236702786,5007990.771509947,12370325.904444443,93.9603796205821,7.78,
2025/02/25 09:30:00,0.16,7.49,4.06,103.69,60.62,95.06,2.307471062463923,6647994.431705308,15340452.30666667,98.50357234538811,8.63,
2025/02/25 09:45:00,0.19,7.5,4.09,103.89,60.58,95.59,2.300224138952922,6727004.535725871,15474019.33,98.64792419396753,8.63,
2025/02/25 10:00:00,0.21,7.52,4.13,103.88,60.55,96.13,2.3009639000512614,6863233.98535293,15792465.663333334,98.61971154363748,8.63,
2025/02/25 10:15:00,0.24,7.56,4.17,103.87,60.52,96.66,2.30233153711536,6916993.87405063,15925629.084444439,98.5815912064448,8.64,
2025/02/25 10:30:00,0.24,7.55,4.13,103.86,60.48,96.75,2.3027216343907724,6934482.728433294,15968596.93,98.57291126492403,8.64,
2025/02/25 10:45:00,0.24,7.52,4.12,103.85,60.45,96.75,2.303110791037964,6932639.60177465,15967053.116666663,98.564231094883,8.64,
2025/02/25 11:00:00,0.24,7.51,4.13,103.84,60.42,96.76,2.3039494012617574,6931524.87479688,15970301.441111112,98.55541017334163,8.65,
2025/02/25 11:15:00,0.25,7.55,4.16,103.83,60.39,96.76,2.3045150244519954,6929314.625004897,15969127.441666668,98.53696354308107,8.65,
2025/02/25 11:30:00,0.26,7.55,4.15,103.82,60.35,96.77,2.3050807795198733,6930900.885413498,15976703.34333333,98.5185168094341,8.65,
2025/02/25 11:45:00,0.27,7.59,4.25,103.81,60.32,96.77,2.3060933683237606,6927137.621320134,15975050.849999998,98.49993025246606,8.66,
2025/02/25 12:00:00,0.29,7.64,4.23,103.8,60.29,96.78,2.306837267574281,6926262.302912866,15978176.328888891,98.4717174943154,8.66,
2025/02/25 12:15:00,0.3,7.59,4.22,104.84,60.25,96.78,2.267099486800703,7011055.647230717,15895166.98611111,99.36327694259997,8.68,
2025/02/25 12:30:00,0.36,7.6,4.27,105.04,60.22,96.79,2.262486338010959,6946524.982809408,15716822.99,99.47705886291318,8.73,
2025/02/25 13:45:00,0.4,7.67,4.95,90.07,60.06,78.49,2.779117173124903,3055850.85890134,8492945.36444444,86.21489492220772,7.28,
2025/02/25 14:00:00,0.4,7.75,4.45,99.91,60.02,91.35,2.442778017630712,5894188.546965251,14398622.253888883,94.97499028859792,8.31,
2025/02/25 14:15:00,0.16,7.66,4.23,102.34,59.99,95.31,2.3541677971434667,6876327.306117723,16188462.84,97.33078581277968,8.51,
2025/02/25 14:30:00,0.21,7.66,4.24,102.4,59.95,95.29,2.353238931955055,6864104.804698318,16153313.22,97.33417324363948,8.52,
2025/02/25 14:45:00,0.22,7.69,4.26,102.46,59.91,95.27,2.3515642748238945,6854200.138213849,16118524.008888887,97.3765520018924,8.53,
2025/02/25 15:00:00,0.21,7.69,4.26,102.52,59.87,95.26,2.3495172056735774,6848503.608411089,16091107.505000005,97.43842610739647,8.54,
2025/02/25 15:15:00,0.22,7.7,4.28,102.59,59.83,95.24,2.3474553019632514,6842629.690204974,16063197.645,97.48949820639533,8.55,
2025/02/25 15:30:00,0.22,7.75,4.33,102.65,59.79,95.23,2.345591193880516,6838081.091025613,16039771.880000003,97.54160310560994,8.56,
2025/02/25 15:45:00,0.29,7.8,4.37,102.71,59.75,95.21,2.344574085557185,6828928.789081227,16011356.239999995,97.52556874050948,8.56,
2025/02/25 16:00:00,0.28,7.75,4.29,102.78,59.71,95.19,2.342137520045827,6824060.762498509,15983310.297777776,97.59611370913618,8.57,
2025/02/25 16:15:00,0.29,7.78,4.35,102.84,59.67,95.18,2.3404513947442735,6818895.251018226,15959716.984444447,97.63843382216659,8.58,
2025/02/25 16:30:00,0.34,7.84,4.39,102.9,59.63,95.16,2.3394972915658245,6809473.096280413,15931164.449444441,97.64171723055526,8.59,
2025/02/25 16:45:00,0.35,7.89,4.44,102.96,59.59,95.14,2.337806897926943,6802342.4505665265,15902982.424999997,97.68401697852934,8.6,
2025/02/25 17:00:00,0.4,7.95,4.48,103.03,59.55,95.13,2.336459226241987,6796097.920370018,15879221.56333333,97.69597084771434,8.61,
2025/02/25 17:15:00,0.39,8.02,4.57,103.09,59.51,95.11,2.333955331428574,6917723.145972488,16146081.355555555,97.7579114668694,8.61,
2025/02/25 17:30:00,0.38,7.92,4.42,103.15,59.47,95.09,2.3314518251470955,6941639.579824243,16184516.92,97.81984474779728,8.61,
2025/02/25 17:45:00,0.4,7.86,4.4,103.22,59.43,95.08,2.3291014484009285,6967113.2258561365,16227537.36388889,97.8611812197565,8.61,
2025/02/25 18:00:00,0.34,7.86,4.41,103.28,59.39,95.06,2.325690995985495,6993887.901646169,16266047.123333333,97.9719042070412,8.61,
2025/03/01 07:15:00,-0.18,7.63,4.96,98.29,59.9,87.49,2.4691639909311847,4876762.677621961,12041977.383333331,94.12239647073716,7.8,
2025/03/01 07:30:00,0.41,7.63,4.26,102.32,59.87,94.8,2.362245842728611,6375394.603444483,15060663.309999999,97.06867389358334,8.57,
2025/03/01 07:45:00,0.17,7.59,4.18,104.83,59.84,97.1,2.2653092346663044,6990093.68972606,15835123.259999994,99.48171577818268,8.68,
2025/03/01 08:45:00,-0.12,7.54,5.28,97.8,59.73,87.82,2.482700912393927,4953797.751969054,12299346.949999997,93.63402628210332,7.67,
2025/03/01 09:00:00,0.35,7.42,4.07,103.2,59.7,95.24,2.329856521688703,6619596.361893373,15423125.972222216,97.8923115218561,8.63,
2025/03/01 09:15:00,0.14,7.44,4.07,104.75,59.67,97.29,2.2670374951174557,7086544.0916890055,16065871.800000004,99.44203083271002,8.66,
2025/03/01 09:30:00,0.2,7.47,4.12,104.43,59.64,95.89,2.28246329845951,6737512.303459681,15378524.791666666,99.10557523772171,8.7,
2025/03/01 10:15:00,3.09,7.66,6.36,69.43,59.56,62.6,3.832368125560546,314572.6197563116,1205736.7911111107,64.28891230021006,5.66,
2025/03/01 10:30:00,0.28,7.61,5.12,98.16,59.53,86.96,2.4875339450975353,4796400.95669352,11931694.933888884,93.55937328339937,7.88,
2025/03/01 10:45:00,0.36,7.56,4.2,104.61,59.5,96.92,2.2799465058669703,7051262.099208875,16076916.753333332,99.10464605223503,8.74,
2025/03/01 11:00:00,0.34,7.54,4.19,104.9,59.47,97.06,2.268158981208469,7031400.986930814,15948745.761666667,99.37532042859951,8.74,
2025/03/01 11:15:00,0.33,7.58,4.22,105.19,59.44,96.01,2.2564838156290628,6789441.371275585,15320654.084999999,99.6360468466841,8.74,
2025/03/02 09:15:00,0.03,7.47,5.26,99.84,62.31,90.27,2.422822552184572,4672477.102826968,11321078.559999997,95.2794591631704,7.98,
2025/03/02 09:30:00,0.49,7.27,4.06,104.62,61.57,96.65,2.28086917223689,6181917.195830325,14100526.831111113,98.98648639615602,8.72,
2025/03/02 09:45:00,0.4,7.25,4.0,105.81,60.82,98.27,2.2351294553375474,6761670.219140848,15113598.713888885,100.10283956563026,8.79,
2025/03/12 12:00:00,0.09,9.53,6.17,104.37,59.78,93.34,2.2726835411132167,6140596.003700479,13955991.255555557,99.16418667564344,8.48,
2025/03/12 12:15:00,2.13,9.51,6.04,107.4,59.77,100.09,2.212323887053849,7533511.684808923,16666964.159999998,99.77338179581886,9.12,
2025/03/12 12:30:00,2.22,9.48,6.12,106.77,59.75,99.15,2.2382360306340723,7232642.072255058,16188766.122222222,99.14393197884274,9.07,
2025/03/12 12:45:00,2.34,9.58,6.26,106.52,59.74,98.2,2.2502924916488185,6979988.656765712,15707418.686666666,98.81123486165083,9.06,
2025/03/12 13:00:00,1.81,9.51,6.04,103.74,59.73,97.32,2.3446941830400734,7394001.825802795,17337130.32333333,96.93207654404785,8.84,
2025/03/12 13:15:00,1.48,9.39,5.79,103.8,59.72,97.21,2.3384453328571024,7367240.639970984,17228325.387777776,97.30614779027083,8.89,
2025/03/12 13:30:00,1.43,9.38,5.8,103.92,59.71,97.1,2.3314680187389776,7419294.713209377,17298286.163888887,97.45937575186696,8.86,
2025/03/12 13:45:00,1.39,9.4,5.82,103.69,59.7,96.99,2.33807237264036,7313180.554227261,17099180.339999996,97.29954469581536,8.82,
2025/03/12 14:00:00,1.37,9.42,5.82,103.81,59.68,96.89,2.3329619428702406,7315145.074923931,17066385.104999997,97.4231421757566,8.82,
2025/03/12 14:15:00,1.43,9.42,5.83,104.09,59.67,96.78,2.3238332705169484,7414628.824766406,17230793.561666664,97.6069014386124,8.84,
2025/03/12 14:30:00,1.57,9.43,5.84,104.0,59.66,96.67,2.330393837684979,7398723.742897566,17242375.064444445,97.39192656584214,8.85,
2025/03/12 14:45:00,1.6,9.56,5.92,103.92,59.65,96.56,2.3350124734960205,7388916.587747365,17253643.067222223,97.29305721724782,8.87,
2025/03/12 15:00:00,1.51,9.46,5.86,103.83,59.64,96.45,2.337373750371638,7378273.643594487,17246219.154999997,97.30293880509502,8.88,
2025/03/12 15:15:00,1.46,9.44,5.84,103.81,59.64,96.34,2.3332594376614795,7354404.243128372,17160165.611111112,97.33551663106475,8.79,
2025/03/12 15:30:00,1.48,9.62,5.97,103.83,59.65,96.24,2.3332794870892553,7317370.141530717,17073894.126666665,97.33318310272905,8.8,
2025/03/12 15:45:00,1.49,9.51,5.9,103.84,59.66,96.13,2.3330634467924725,7279162.754624143,16983175.35444444,97.33207435435226,8.8,
2025/03/12 16:00:00,1.5,9.51,5.84,103.86,59.67,96.02,2.3329008250996823,7241066.32569167,16893107.152777772,97.33951565574603,8.81,
2025/03/12 16:15:00,1.47,9.41,5.79,103.88,59.68,95.91,2.3320079514419985,7205131.199124174,16802844.000555553,97.38606315501536,8.82,
2025/03/12 16:30:00,1.47,9.4,5.81,103.9,59.69,95.8,2.331213277579176,7168965.521751285,16712809.354999997,97.40339637403238,8.82,
2025/03/12 16:45:00,1.47,9.42,5.82,103.91,59.7,95.69,2.3312629883606553,7130291.591589245,16623003.216111105,97.41194724105495,8.83,
2025/03/12 17:00:00,1.46,9.44,5.82,103.93,59.71,95.59,2.3307328906164093,7095638.362329489,16538451.453333333,97.43894117385058,8.84,
2025/03/12 17:15:00,1.55,9.44,5.83,103.95,59.71,95.48,2.33157398566522,7056725.777628085,16453691.271111116,97.36827651958232,8.84,
2025/03/12 17:30:00,1.53,9.46,5.88,103.96,59.72,95.37,2.3308123181710014,7020786.740217496,16364550.216666669,97.39649643391064,8.84,
2025/03/12 17:45:00,1.52,9.47,5.89,103.98,59.73,95.26,2.3298353527030518,6985746.324125502,16276050.211666672,97.4236027634228,8.84,
2025/03/12 18:00:00,1.49,9.49,5.87,104.0,59.74,95.15,2.328496705843711,7025130.9968353305,16358402.946111113,97.47026416191848,8.84,
2025/03/12 19:15:00,1.43,9.66,6.37,82.89,59.79,72.92,3.102276667359133,1863700.5421624263,5781966.19,78.6323031093471,6.94,
2025/03/12 19:30:00,1.14,9.63,6.15,103.7,59.8,94.58,2.32544301358883,6932987.954777634,16122686.360000003,97.55465854058512,8.65,
2025/03/12 19:45:00,1.64,9.59,5.95,103.74,59.81,96.62,2.34156834770144,7269597.472530246,17022686.34,97.09828902773016,8.84,
2025/03/12 20:00:00,1.64,9.57,5.97,103.78,59.82,96.5,2.341306809201123,7227268.570983967,16921682.213333335,97.13262359514134,8.87,
2025/03/12 20:15:00,1.6,9.48,5.86,103.82,59.83,96.39,2.3394236998630324,7192004.764746463,16825570.080000002,97.20628717863005,8.88,
2025/03/12 20:30:00,1.64,9.58,5.99,103.86,59.84,96.28,2.3385701319504415,7153826.088145612,16730148.57555555,97.20184542140372,8.88,
2025/03/12 20:45:00,1.58,9.43,5.83,103.9,59.85,96.16,2.336321020033236,7117844.612584153,16629990.08611111,97.29505987118976,8.89,
2025/03/12 21:00:00,1.57,9.49,5.88,103.94,59.86,96.05,2.3345505203829147,7082422.986773336,16534690.26611111,97.33949732066196,8.89,
2025/03/12 21:15:00,1.57,9.47,5.89,103.98,59.86,95.94,2.3329616329680496,7048465.24432489,16444215.675555555,97.37415426240739,8.89,
2025/03/15 08:00:00,-0.09,8.44,5.38,100.04,60.74,89.82,2.4176269562368016,5697479.746139793,13774814.728888882,95.56986147737464,8.08,
2025/03/15 08:15:00,0.79,8.47,4.93,102.99,60.68,95.75,2.346950671483685,6985027.428096641,16393939.100000001,97.27996500136807,8.65,
2025/03/15 08:30:00,0.76,8.49,4.99,103.03,60.62,95.5,2.3452829859895097,6899454.972610528,16181597.422222221,97.34389032499955,8.66,
2025/03/15 08:45:00,0.8,8.49,4.97,102.96,60.56,95.26,2.349625625071925,6916152.379976232,16250792.677777778,97.2437107212602,8.68,
2025/03/15 09:00:00,0.55,8.56,4.99,99.33,60.5,93.07,2.4721493634582115,7606099.011498321,18803940.277222216,94.31793752669508,8.41,
2025/03/15 09:15:00,0.1,8.5,4.81,88.37,60.44,82.4,2.861084121761958,6252627.425368823,17889906.760000005,84.93771291885386,7.91,
2025/03/15 09:30:00,0.06,8.48,4.8,88.31,60.39,82.26,2.8622179953688103,6218767.775158387,17800081.695000004,84.9211315122264,7.91,
2025/03/15 09:45:00,0.02,8.51,4.79,88.26,60.33,82.11,2.8626934845584726,6186319.463936029,17710139.590000004,84.9139233685443,7.9,
2025/03/15 10:00:00,0.1,8.51,4.79,88.2,60.27,81.97,2.8672203586061658,6148152.929382253,17628711.099999994,84.78263377736207,7.89,
2025/03/15 10:15:00,0.1,8.43,4.7,88.14,60.21,81.83,2.869579075005547,6114678.733860489,17547152.33333333,84.72770634617788,7.89,
2025/03/15 10:30:00,0.09,8.38,4.67,88.08,60.15,81.69,2.8713644312429865,6093141.0759877935,17496228.786666665,84.68258444894357,7.88,
2025/03/15 10:45:00,0.09,8.35,4.7,88.02,60.09,81.55,2.8737241188942466,6070551.56782712,17445699.553333323,84.6276316864494,7.88,
2025/03/15 11:00:00,0.08,8.39,4.7,87.96,60.03,81.41,2.875779890351207,6056806.964737948,17418645.89666666,84.58224012460612,7.88,
2025/03/15 11:15:00,0.07,8.42,4.73,87.91,59.98,81.27,2.8771759728113717,6047456.958162459,17400199.904999997,84.54624241093586,7.87,
2025/03/15 11:30:00,0.07,8.51,4.83,87.85,59.92,81.13,2.879540150822217,6017390.925134324,17327920.738333326,84.4912531639622,7.87,
2025/03/15 11:45:00,0.07,8.46,4.77,87.79,59.86,81.04,2.8819059634130197,6001472.679941891,17296279.880000006,84.4362515625271,7.87,
2025/03/15 12:00:00,0.07,8.48,4.79,87.73,59.8,81.02,2.8840099192498028,6006028.157592161,17322046.328888886,84.38148269848028,7.86,
2025/03/15 12:15:00,0.06,8.48,4.8,87.67,59.74,81.0,2.8860685732865954,6010576.237201117,17347539.916666664,84.33602603378279,7.86,
2025/03/15 12:30:00,0.05,8.58,4.83,87.61,59.68,80.97,2.8881292386948973,6013397.455807827,17368063.832777776,84.29055512384578,7.86,
2025/03/15 12:45:00,0.06,8.43,4.73,87.61,59.67,80.95,2.8886983121787986,6010070.282028593,17361882.657777775,84.28074102577682,7.87,
2025/03/15 13:00:00,0.1,8.44,4.74,87.63,59.67,80.93,2.889152716988132,6004246.237867743,17347786.76888889,84.2608130681455,7.87,
2025/03/15 13:15:00,0.13,8.51,4.82,87.65,59.67,80.9,2.8892950560943578,5996245.495376322,17325525.83055556,84.2504488009618,7.87,
2025/03/15 13:30:00,0.13,8.57,4.88,87.66,59.67,80.88,2.888899642176317,5992098.601169121,17311174.264999993,84.25962054575245,7.87,
2025/03/15 13:45:00,0.13,8.62,4.92,87.68,59.67,80.86,2.888369929473408,5988313.463093312,17297065.02333333,84.27771925960513,7.88,
2025/03/15 14:00:00,0.13,8.64,4.95,87.7,59.67,80.83,2.8875795230554524,5982152.455435501,17274542.022222217,84.29606041685088,7.88,
2025/03/15 14:15:00,0.14,8.65,4.89,87.71,59.66,80.81,2.8874970421849038,5980265.438022214,17268588.425000004,84.29565956941205,7.88,
2025/03/15 14:30:00,0.25,8.74,5.05,87.73,59.66,80.79,2.8901236425142067,5969855.425840089,17254221.532777783,84.2087033172337,7.88,
2025/03/15 14:45:00,0.24,8.74,5.01,87.75,59.66,80.76,2.889284338309544,5963876.686574042,17231929.24444445,84.2363700293758,7.89,
2025/03/15 15:00:00,0.19,8.57,4.88,87.77,59.66,80.74,2.8869380870114645,5963742.332961105,17217553.759999998,84.30256846678503,7.89,
2025/03/15 15:15:00,0.17,8.58,4.88,87.78,59.66,80.72,2.8859223200503523,5960944.451153938,17203419.09,84.33088038467743,7.89,
2025/03/15 15:30:00,0.2,8.61,4.93,87.8,59.66,80.69,2.886062512167276,5952839.626151741,17180866.24833333,84.32049489392942,7.89,
2025/03/15 15:45:00,0.21,8.64,4.92,87.82,59.66,80.67,2.885844822708635,5948389.982890915,17166722.40555556,84.32901141004355,7.9,
2025/03/15 16:00:00,0.26,8.71,5.0,87.83,59.66,80.65,2.887001600315878,5929793.713195895,17119916.27500001,84.29030603588915,7.9,
2025/03/15 16:15:00,0.24,8.74,5.04,87.85,59.66,80.62,2.8855896584970897,5906420.4916899325,17044096.76444445,84.32778257525179,7.9,
2025/03/15 16:30:00,0.22,8.71,4.96,87.87,59.65,80.6,2.8844412962182884,5888077.836370679,16984395.449999996,84.36501799639794,7.91,
2025/03/15 16:45:00,0.2,8.65,4.94,87.88,59.65,80.58,2.8834254891561666,5866659.902222082,16916660.872222222,84.39332931704119,7.91,
2025/03/16 01:15:00,0.02,8.88,5.56,98.11,60.82,89.92,2.495276427012526,6142242.9710549805,15327063.766666668,93.76266808814363,8.13,
2025/03/16 01:30:00,0.7,8.64,5.05,99.09,60.82,92.13,2.4864626512873462,6625871.273907871,16475445.50055555,93.9602475703504,8.46,
2025/03/16 01:45:00,0.61,8.55,4.94,99.4,60.82,92.18,2.472804427496681,6666926.333715135,16486462.471111111,94.32031753894331,8.46,
2025/03/16 02:00:00,0.57,8.55,4.99,99.41,60.82,92.23,2.471577567369732,6674523.320220833,16497065.97,94.36799147569252,8.46,
2025/03/16 02:15:00,0.57,8.51,4.95,99.41,60.82,92.29,2.471577569024012,6680916.1214268105,16512866.718333336,94.36799147569246,8.46,
2025/03/16 02:30:00,0.56,8.53,4.97,99.42,60.82,92.34,2.4709876869765353,6686759.731708338,16523365.368888892,94.38650190471287,8.46,
2025/03/16 02:45:00,0.56,8.55,5.03,99.43,60.82,92.39,2.4706087601782034,6692012.303917694,16533814.091666667,94.39529117540809,8.46,
2025/03/16 03:00:00,0.55,8.4,4.82,99.43,60.82,92.44,2.469994310260609,6697890.263260117,16544212.886666663,94.40517710634937,8.45,
2025/03/16 03:15:00,0.56,8.39,4.87,99.44,60.82,92.49,2.4698261277990965,6702533.186955176,16554561.753888886,94.40424492561937,8.45,
2025/03/16 03:30:00,0.57,8.38,4.82,99.44,60.82,92.54,2.4700382016372266,6706129.261411857,16564860.693333337,94.39452355777291,8.45,
2025/03/16 03:45:00,0.58,8.49,4.91,99.45,60.82,92.6,2.4698713471370777,6712994.543838572,16580695.926666664,94.39359050302117,8.45,
2025/03/16 04:00:00,0.55,8.37,4.83,99.45,60.82,92.65,2.469236986123302,6718845.680282507,16590890.598333335,94.42275496207056,8.45,
2025/03/16 04:15:00,0.54,8.37,4.84,99.46,60.82,92.7,2.4686474351434473,6724559.100165816,16601035.342222225,94.44126483594643,8.45,
2025/03/16 04:30:00,0.54,8.37,4.81,99.46,60.82,92.75,2.468648024363113,6728648.193776272,16611130.158333335,94.44126483594626,8.45,
2025/03/16 04:45:00,0.58,8.32,4.8,99.47,60.82,92.8,2.469113009821312,6731446.9486177545,16621175.046666665,94.41116652343923,8.45,
2025/03/16 05:00:00,0.47,8.42,4.85,99.48,60.82,92.85,2.4664164313142636,6742861.889760402,16631170.00722222,94.52688915506744,8.45,
2025/03/16 05:15:00,0.51,8.35,4.77,99.48,60.82,92.91,2.467259476650104,6735969.465846557,16619847.780555552,94.48800534569527,8.45,
2025/03/16 05:30:00,0.38,8.22,4.7,99.49,60.82,92.96,2.464143868743313,6727732.941652812,16578570.861111106,94.62316045592871,8.45,
2025/03/16 05:45:00,0.41,8.25,4.72,99.49,60.82,93.01,2.4647751191584626,6709330.953761632,16537458.703333331,94.59400063099756,8.45,
2025/03/16 06:00:00,0.45,8.23,4.71,99.5,60.82,93.06,2.465239226878534,6691306.679145146,16496138.706666663,94.56390776843249,8.45,
2025/03/16 06:15:00,0.64,8.37,4.88,102.6,60.82,94.38,2.358399670838674,6585733.076295728,15532201.911111107,97.08733984731354,8.63,
2025/03/16 06:30:00,0.59,8.38,4.85,102.64,60.82,95.58,2.355919948976743,6829085.450669316,16089198.986666666,97.17094205612344,8.63,
2025/03/16 06:45:00,0.6,8.16,4.72,102.67,60.82,95.6,2.355383014878521,6835253.593648918,16100071.631111106,97.18715750828946,8.64,
2025/03/16 07:00:00,0.61,8.13,4.69,102.7,60.82,95.61,2.354411130851541,6840727.634651003,16106316.55111111,97.20351173105571,8.64,
2025/03/16 07:15:00,0.52,8.12,4.66,102.72,60.82,95.62,2.3519615019948867,6850509.342537779,16112562.400000002,97.30872923775944,8.64,
2025/03/16 07:30:00,0.51,8.14,4.66,102.75,60.82,95.63,2.3506187207574234,6856909.383808961,16118404.995,97.34459618681159,8.64,
2025/03/16 07:45:00,0.55,8.18,4.68,102.77,60.82,95.65,2.351026571213312,6860347.8250430655,16129283.445000002,97.32283279238881,8.65,
2025/03/16 08:00:00,0.59,8.19,4.72,102.8,60.82,95.66,2.350611425711874,6864216.318832239,16135532.428888887,97.30990792603004,8.65,
2025/03/16 08:15:00,0.55,8.16,4.69,102.82,60.82,95.67,2.3490955949361028,6871306.377044555,16141782.341666665,97.36634119270003,8.65,
2025/03/16 08:30:00,0.6,8.04,4.6,102.85,60.82,95.69,2.348863454165767,6876617.155098049,16152665.436111107,97.34365196425208,8.65,
2025/03/16 08:45:00,0.57,8.13,4.65,102.87,60.82,95.7,2.3479708650793394,6881723.817231977,16158512.675555557,97.39018692440641,8.66,
2025/03/16 09:00:00,0.51,8.1,4.64,102.9,60.82,95.71,2.3457000972467528,6891050.6467662165,16164765.723333329,97.47483499952737,8.66,
2025/03/16 09:15:00,0.55,8.13,4.69,102.92,60.78,95.72,2.345667237119655,6901713.452210774,16189553.819999997,97.4531998925806,8.66,
2025/03/16 09:30:00,0.62,8.22,4.74,102.95,60.72,95.74,2.345801772412392,6917814.588408566,16228248.544444444,97.41097928154784,8.66,
2025/03/16 09:45:00,0.51,8.05,4.58,102.97,60.66,95.75,2.3429964529487437,6940637.150691114,16262316.24111111,97.53572655727156,8.66,
2025/03/16 10:00:00,0.53,8.04,4.6,102.99,60.61,95.76,2.3430276895065507,6952933.133628328,16291347.386111112,97.53346428809968,8.67,
2025/03/16 10:15:00,0.57,8.07,4.61,103.02,60.55,95.78,2.3426054986394913,6970713.237491453,16330062.081666669,97.52051634911908,8.67,
2025/03/16 10:30:00,0.57,8.17,4.72,103.04,60.5,95.79,2.3418311434429673,6985593.327491412,16359512.73611111,97.53790811245602,8.67,
2025/03/16 10:45:00,0.56,8.15,4.69,103.07,60.44,95.8,2.3404857527782053,7004175.611591402,16393605.164444445,97.57375436307785,8.67,
2025/03/16 11:00:00,0.64,8.18,4.73,103.09,60.39,95.82,2.341620246846709,7015343.18072103,16427704.094999995,97.51291908268114,8.68,
2025/03/16 11:15:00,0.55,8.17,4.71,103.12,60.33,95.83,2.338802958182289,7038200.500744728,16461397.333333334,97.62684940318259,8.68,
2025/03/16 11:30:00,0.59,8.11,4.66,103.14,60.27,95.84,2.33876235758595,7052906.889395943,16495508.455555554,97.60519248385461,8.68,
2025/03/16 11:45:00,0.66,8.16,4.69,103.17,60.22,95.85,2.338883191572934,7150932.416998977,16725634.523888886,97.56293659813142,8.68,
2025/03/16 12:00:00,0.63,8.19,4.74,103.19,60.16,95.87,2.3379948011094633,7109769.551655797,16623042.693888891,97.60947038738175,8.69,
2025/03/16 12:15:00,0.68,8.25,4.77,103.1,60.14,95.88,2.342843596882906,7093577.386000261,16619578.518888883,97.48229500558836,8.7,
2025/03/16 12:30:00,0.67,8.31,4.85,103.11,60.12,95.89,2.3418345720885787,7095141.135805598,16616085.08388889,97.50088505979723,8.69,
2025/03/16 12:45:00,0.71,8.47,4.97,103.12,60.11,95.91,2.3413043525127946,7095068.039041972,16612146.711111108,97.47080151307749,8.67,
2025/03/16 13:00:00,0.75,8.29,4.79,103.13,60.09,95.92,2.3420922005431386,7091164.58200491,16608594.407777777,97.44030703177327,8.68,
2025/03/16 13:15:00,0.75,8.28,4.82,103.14,60.07,95.93,2.3417024720934663,7090813.246833691,16605012.844444446,97.44899843966317,8.68,
2025/03/16 13:30:00,0.74,8.35,4.87,103.15,60.06,95.95,2.341129920527867,7091006.237011231,16601402.02111111,97.46745260995353,8.68,
2025/03/16 13:45:00,0.73,8.39,4.91,103.17,60.04,95.96,2.340608464605412,7091030.9395214645,16597761.937777773,97.49446252142839,8.69,
2025/03/16 14:00:00,0.74,8.43,4.95,103.18,60.03,95.97,2.3404033336944643,7087934.185446978,16589059.409999996,97.49339013293424,8.69,
2025/03/16 14:15:00,0.72,8.36,4.85,103.19,60.01,95.98,2.340086434851152,7087317.121029563,16585365.335000003,97.52147231409603,8.7,
2025/03/16 14:30:00,0.74,8.36,4.88,103.2,60.0,95.94,2.3400647223488664,7073980.5627875775,16554005.93,97.5106363914178,8.7,
2025/03/16 14:45:00,0.79,8.47,4.99,103.21,59.98,95.86,2.3405945382130424,7053096.777834699,16508872.379999999,97.47050819920283,8.7,
2025/03/16 15:00:00,0.91,8.66,5.12,103.22,59.97,95.78,2.3428540661566455,7029178.477810906,16468764.351111112,97.3618906614004,8.71,
2025/03/16 15:15:00,0.91,8.55,5.03,103.23,59.95,95.7,2.342463382801278,7021937.255269373,16449057.625000002,97.37057828605535,8.71,
2025/03/16 15:30:00,0.93,8.56,5.08,103.24,59.93,95.62,2.3428811863284644,7012083.6156112775,16428910.025,97.35960420783334,8.72,
2025/03/16 15:45:00,0.92,8.59,5.09,103.25,59.92,95.54,2.3423069340676603,7003402.249544006,16404545.617777778,97.37805661981038,8.72,
2025/03/16 16:00:00,0.89,8.63,5.09,103.26,59.9,95.46,2.341365124099317,6997594.089066908,16384345.071111105,97.41603951501479,8.72,
2025/03/16 16:15:00,0.96,8.62,5.11,103.27,59.89,95.38,2.3427027130559357,6983172.086740599,16359921.911666663,97.35623721406681,8.73,
2025/03/16 16:30:00,0.99,8.65,5.16,103.28,59.87,95.3,2.3428643270110863,6974220.364371145,16340079.799999999,97.33562473371548,8.73,
2025/03/16 16:45:00,1.01,8.77,5.25,103.29,59.86,95.22,2.3428422155829067,6963662.756473235,16315186.506666666,97.32477711964144,8.73,
2025/03/16 17:00:00,0.97,8.66,5.11,103.3,59.84,95.14,2.342154760874214,6957213.553467751,16295289.938888889,97.37239934989745,8.74,
2025/03/17 00:15:00,-0.02,8.66,5.36,96.52,60.29,88.47,2.5506155496283376,6144696.879300458,15673260.423333332,92.39508774268525,8.04,
2025/03/17 00:30:00,0.38,8.49,4.88,97.18,60.3,90.5,2.54479635779234,6572129.502963155,16725218.033333335,92.5879664644126,8.29,
2025/03/17 00:45:00,0.39,8.39,4.79,97.61,60.32,90.49,2.529995215955798,6575628.913779844,16636790.597777775,92.95826739115857,8.32,
2025/03/17 01:00:00,0.4,8.38,4.81,97.65,60.34,90.48,2.529489738881705,6542178.629702712,16548855.937777776,92.98357826069596,8.34,
2025/03/17 01:15:00,0.38,8.34,4.76,97.68,60.36,90.47,2.527912832452457,6514851.214616932,16469454.051111108,93.02950262999883,8.34,
2025/03/17 01:30:00,0.34,8.33,4.76,97.71,60.37,90.46,2.525889002774238,6508271.019891115,16439648.096666658,93.09482402813845,8.34,
2025/03/17 01:45:00,0.29,8.37,4.81,97.75,60.39,90.45,2.5236544102863157,6499932.552561583,16404060.970000003,93.1785024757552,8.35,
2025/03/17 02:00:00,0.33,8.38,4.78,97.78,60.41,90.44,2.523422882290958,6486582.107295159,16368860.841666663,93.16622471142169,8.35,
2025/03/17 02:15:00,0.36,8.25,4.7,97.81,60.43,90.42,2.5233508082127893,6470534.728654699,16327905.55,93.16346072719536,8.36,
2025/03/17 02:30:00,0.32,8.23,4.68,97.85,60.44,90.41,2.5209563722955206,6464907.820664686,16298225.46,93.23761319319237,8.36,
2025/03/17 02:45:00,0.36,8.33,4.74,97.88,60.46,90.4,2.5211076954686837,6450467.103301022,16262790.903333336,93.22514124519371,8.37,
2025/03/17 03:00:00,0.35,8.27,4.71,97.91,60.48,90.39,2.519757797087623,6440012.139529343,16227741.951666666,93.26134934948007,8.37,
2025/03/17 03:15:00,0.32,8.2,4.64,97.95,60.5,90.38,2.5175890885371475,6431515.897740222,16192383.68,93.32579298089479,8.37,
2025/03/17 03:30:00,0.27,8.23,4.66,97.98,60.51,90.37,2.515738228893791,6424498.502468528,16162823.184444448,93.40062390049006,8.38,
2025/03/17 03:45:00,0.25,8.2,4.66,98.01,60.53,90.36,2.5141702759347004,6414468.354887789,16127534.811666664,93.44652777605677,8.38,
2025/03/17 04:00:00,0.25,8.2,4.66,98.05,60.55,90.34,2.512672205004524,6402252.956229696,16087230.555000005,93.48185953875435,8.38,
2025/03/17 04:15:00,0.23,8.2,4.64,98.08,60.56,90.33,2.510334931740181,6396339.859176453,16057418.678888887,93.52811757749585,8.36,
2025/03/17 04:30:00,0.2,8.24,4.69,97.77,60.58,90.32,2.520126155283132,6445907.322585918,16244972.724444441,93.28383566241256,8.33,
2025/03/17 04:45:00,0.15,8.11,4.49,96.97,60.58,90.31,2.5455242438720562,6388126.531233229,16261603.086666668,92.62573236508203,8.24,
2025/03/17 05:00:00,0.13,8.02,4.44,96.92,60.57,90.3,2.546943688074567,6350681.521790342,16175303.503333328,92.60077797953107,8.24,
2025/03/17 05:15:00,0.18,8.22,4.65,96.95,60.57,90.29,2.546957557605849,6307052.174880529,16064267.60888889,92.57893384891537,8.24,
2025/03/17 05:30:00,0.14,8.12,4.59,96.98,60.56,90.28,2.5453047356900127,6312637.123016444,16068063.513333332,92.64409551175224,8.25,
2025/03/17 05:45:00,0.1,8.05,4.47,97.0,60.56,90.26,2.543645585694178,6315624.762310594,16065182.100000005,92.70058108013839,8.25,
2025/03/17 06:00:00,0.06,7.97,4.42,97.03,60.55,90.25,2.5416123592891493,6323796.3759064935,16073113.65,92.76593025455708,8.25,
2025/03/17 06:15:00,0.12,7.94,4.4,97.06,60.55,90.24,2.542234982281847,6323237.0704554785,16075630.706666661,92.73419696675086,8.26,
2025/03/17 06:30:00,0.07,7.98,4.45,97.08,60.54,90.23,2.540350598633546,6329419.912775445,16079422.779444449,92.80036976626923,8.26,
2025/03/17 06:45:00,0.05,7.97,4.42,97.11,60.54,90.22,2.53839106770883,6333124.083524236,16076419.33333333,92.84652815510726,8.25,
2025/03/17 07:00:00,0.11,8.02,4.46,97.14,60.53,90.21,2.538237335235233,6334322.796498038,16078487.039999995,92.81516452565064,8.24,
2025/03/17 07:15:00,0.05,8.05,4.48,97.16,60.53,90.2,2.535744304565791,6339365.915605906,16075481.271666668,92.89122093476125,8.23,
2025/03/17 07:30:00,0.07,8.05,4.51,97.19,60.52,90.18,2.534678159293235,6340844.493818177,16072473.877777778,92.89861305481446,8.22,
2025/03/17 07:45:00,-0.01,7.89,4.33,97.22,60.52,90.17,2.531756442687554,6346838.974270381,16069120.58888889,93.00271799764052,8.22,
2025/03/17 08:00:00,-0.06,7.84,4.3,97.24,60.51,90.16,2.530663660167775,6350530.979024842,16071530.475,93.06850064704241,8.24,
2025/03/17 08:15:00,-0.01,7.96,4.43,97.27,60.51,90.24,2.531437858643207,6366672.071964258,16117310.18333333,93.04624280396884,8.26,
2025/03/17 08:30:00,0.05,7.99,4.46,97.3,60.5,90.73,2.53205085799612,6473011.320780903,16390477.595555555,93.01447922581168,8.27,
2025/03/17 08:45:00,0.05,8.0,4.45,97.51,60.5,91.23,2.5249681097241714,6599522.841489841,16664071.48388889,93.20002796543692,8.29,
2025/03/17 09:00:00,0.05,7.89,4.31,97.75,60.49,91.72,2.5163816811167985,6730654.714156241,16937384.034999993,93.41216777076376,8.3,
2025/03/17 09:15:00,0.1,7.89,4.36,98.0,60.49,92.21,2.5089105132745013,6768097.5736346,16981044.715555552,93.5842907474267,8.32,
2025/03/17 09:30:00,0.16,7.91,4.38,98.6,60.48,92.7,2.488917770804539,6745883.512047895,16790430.91,94.05510073687148,8.35,
2025/03/17 09:45:00,0.22,7.95,4.43,99.47,60.47,93.19,2.459924626163772,6742282.045979833,16585973.408888886,94.76176030733703,8.41,
2025/03/17 10:00:00,0.27,7.97,4.5,100.34,60.47,93.68,2.43062290747281,6731415.471303171,16361991.360000001,95.47595895962068,8.47,
2025/03/17 10:15:00,0.42,8.18,4.69,101.21,60.46,93.91,2.4031516898284155,6802299.803630475,16347405.249999998,96.09067335550647,8.53,
2025/03/17 10:30:00,0.32,7.97,4.47,101.62,60.46,93.98,2.386439742656729,6852204.628470752,16352813.937777778,96.54603037176207,8.55,
2025/03/17 10:45:00,0.36,7.91,4.43,101.79,60.45,94.06,2.3811564637638654,6873719.020149292,16367842.198888887,96.65532618783335,8.56,
2025/03/17 11:00:00,0.38,8.11,4.64,101.96,60.45,94.14,2.375474478770762,6973087.403927276,16564837.703333331,96.78402823455593,8.57,
2025/03/17 11:15:00,0.35,8.04,4.57,102.13,60.44,94.22,2.3692606360855195,6925957.9242903795,16409839.820000002,96.96124609366208,8.59,
2025/03/17 11:30:00,0.34,8.08,4.6,102.31,60.44,94.3,2.363042383459074,6891253.644030187,16284758.196666665,97.12762164858717,8.61,
2025/03/17 11:45:00,0.42,8.02,4.54,102.34,60.43,94.38,2.364260941450872,6780130.147661984,16030424.238888884,97.07546848090114,8.63,
2025/03/17 12:00:00,0.5,7.96,4.53,102.21,60.43,94.46,2.3707602784379924,6692807.916141177,15867474.369999995,96.88416196857304,8.63,
2025/03/17 12:15:00,0.42,8.02,4.54,101.71,60.42,94.54,2.3845096239746106,6788445.511208015,16187551.6,96.52732816780725,8.54,
2025/03/17 12:30:00,0.4,8.06,4.59,101.86,60.42,94.62,2.379679536822977,6796814.280906716,16174677.200000001,96.67728375504257,8.57,
2025/03/17 12:45:00,0.41,8.15,4.65,102.02,60.42,94.69,2.374182421108567,6805045.340527035,16156850.428888883,96.80697376176178,8.58,
2025/03/17 13:00:00,0.43,8.15,4.65,102.17,60.42,94.72,2.3692490076073356,6803669.772052061,16120016.73333333,96.91812960988449,8.59,
2025/03/17 13:15:00,0.45,8.2,4.71,102.33,60.42,94.76,2.3639213850400065,6805366.383160266,16087778.715555558,97.03793826695652,8.6,
2025/03/17 13:30:00,0.49,8.26,4.73,102.48,60.42,94.79,2.3593427780946254,6802882.393722392,16050751.811111113,97.1294608132579,8.61,
2025/03/17 13:45:00,0.62,8.12,4.64,102.6,60.42,94.82,2.3575876855976268,6769161.125341976,15959314.311111106,97.10699448617993,8.62,
2025/03/17 14:00:00,0.62,8.23,4.72,102.62,60.42,94.86,2.3581230478433075,6681720.744862076,15756734.326666664,97.12398066820714,8.65,
2025/03/17 14:15:00,0.63,8.25,4.76,102.64,60.42,94.89,2.357971476515106,6843784.385647557,16137875.434999999,97.13149391951589,8.66,
2025/03/17 14:30:00,0.69,8.31,4.8,102.67,60.42,94.93,2.3579386237374416,6848763.836645604,16149389.709444446,97.09906457024198,8.66,
2025/03/17 14:45:00,0.69,8.34,4.86,102.69,60.42,94.96,2.357164978444219,6853903.452263923,16156209.727777772,97.11647044406487,8.66,
2025/03/17 15:00:00,0.69,8.38,4.86,102.71,60.42,94.99,2.356826459252056,6857778.344299794,16163017.206111107,97.13373680079792,8.67,
2025/03/17 15:15:00,0.68,8.33,4.79,102.73,60.41,95.03,2.3558665309053075,6867425.288191679,16179158.856666667,97.16089862246673,8.67,
2025/03/17 15:30:00,0.68,8.26,4.78,102.75,60.41,95.06,2.355092330744533,6872557.9061907055,16185937.075000001,97.17830188552563,8.67,
2025/03/17 15:45:00,0.7,8.3,4.83,102.77,60.41,95.09,2.3546924461166654,6876426.753907165,16192300.080000002,97.17618755283944,8.67,
2025/03/17 16:00:00,0.67,8.35,4.85,102.79,60.41,95.13,2.353359193863145,6885176.615496892,16203719.839999998,97.22286388487704,8.67,
2025/03/17 16:15:00,0.72,8.41,4.92,102.81,60.41,95.16,2.3535178562275902,6910032.838003242,16263314.680555552,97.19147040017853,8.67,
2025/03/17 16:30:00,0.72,8.44,4.92,102.83,60.41,95.2,2.3531790700515485,6953830.8111046,16364037.005555555,97.20873176525575,8.68,
2025/03/17 16:45:00,0.75,8.46,4.96,102.85,60.41,95.23,2.352963534893772,6995171.550344775,16459816.364444446,97.19685072364194,8.68,
2025/03/17 17:00:00,0.78,8.47,5.0,102.87,60.41,95.26,2.352746774443979,6955921.948559412,16365956.902777782,97.18496645225233,8.68,
2025/03/17 17:15:00,0.75,8.46,4.97,102.89,60.41,95.3,2.351412782461676,6913072.774865156,16255915.84833333,97.23164170310815,8.68,
2025/03/17 17:30:00,0.7,8.41,4.93,102.91,60.41,95.33,2.349707621768897,6865714.780996798,16132847.940000001,97.29783633998652,8.68,
2025/03/17 17:45:00,0.81,8.44,4.95,102.93,60.41,95.36,2.350976377578304,6832520.423992429,16063517.066666666,97.20786340869392,8.68,
2025/03/17 18:00:00,0.75,8.42,4.94,102.95,60.41,95.4,2.349085217263403,6847576.275589494,16085964.363333335,97.2838209570707,8.68,
2025/03/17 18:15:00,0.77,8.45,4.95,102.97,60.4,95.43,2.349117585227376,6857215.4227580335,16108827.686111113,97.28155444323009,8.69,
2025/03/17 18:30:00,0.79,8.34,4.83,102.99,60.4,95.47,2.3487123926383133,6867964.121366961,16131294.024999999,97.27942138176344,8.69,
2025/03/17 18:45:00,0.73,8.31,4.83,103.0,60.4,95.5,2.347211176048364,6880144.08116494,16149576.299999999,97.34668387435893,8.69,
2025/03/17 19:00:00,0.72,8.32,4.83,103.0,60.4,95.53,2.346589147316854,6889414.874649856,16167050.441666668,97.35658075068292,8.68,
2025/03/17 19:15:00,0.73,8.4,4.85,103.0,60.4,95.57,2.3467752791509495,6898455.392852392,16189542.324999997,97.34681962660825,8.68,
2025/03/17 19:30:00,0.73,8.33,4.87,103.0,60.4,95.6,2.3467737050186823,6906081.314461797,16207439.111111106,97.34681962660865,8.68,
2025/03/17 19:45:00,0.64,8.31,4.83,103.0,60.4,95.63,2.3451090532758334,6918619.111986467,16225342.863888888,97.43466606830951,8.68,
2025/03/17 20:00:00,0.63,8.36,4.87,103.0,60.4,95.67,2.3449243415100858,6928767.01205078,16247860.291666666,97.44442627309746,8.68,
2025/03/17 20:15:00,0.64,8.37,4.84,103.0,60.44,95.7,2.3451099252906675,6928002.137780948,16247347.661111115,97.43466606830951,8.68,
2025/03/17 20:30:00,0.64,8.39,4.88,103.0,60.5,95.73,2.344672658089956,6925142.19026542,16237614.647222223,97.43480348520931,8.67,
2025/03/17 20:45:00,0.64,8.41,4.9,103.0,60.56,95.73,2.344672657385638,6915089.639304457,16214044.091666669,97.43480348520949,8.67,
2025/03/17 21:00:00,0.66,8.28,4.75,103.0,60.61,95.71,2.3450424492773627,6901803.106629349,16185440.699999994,97.41528252363051,8.67,
2025/03/17 21:15:00,0.64,8.36,4.86,103.0,60.67,95.69,2.344672484376566,6888891.750621049,16152617.017777774,97.43480348520949,8.67,
2025/03/17 21:30:00,0.64,8.3,4.8,103.0,60.72,95.66,2.344672486457972,6874884.932175633,16119774.757777777,97.43480348520949,8.67,
2025/03/17 21:45:00,0.65,8.28,4.76,103.0,60.78,95.64,2.3444188081315995,6861613.627851898,16086913.92,97.42518091220072,8.66,
2025/03/17 22:00:00,0.64,8.31,4.81,103.0,60.84,95.62,2.3442339507424785,6848128.422340268,16054034.504444445,97.43494146460107,8.66,
2025/03/17 22:15:00,0.62,8.31,4.82,103.0,60.89,95.6,2.343864827489632,6836624.974161159,16024544.48833333,97.45446226290989,8.66,
2025/03/17 22:30:00,0.59,8.31,4.82,103.0,60.95,95.58,2.343311576588132,6822478.309726721,15987610.93722222,97.48374269360235,8.66,
2025/03/17 22:45:00,0.59,8.33,4.84,103.03,61.01,95.56,2.342149464757563,6810094.922101373,15950677.386111112,97.50983061816427,8.66,
2025/03/17 23:00:00,0.61,8.29,4.8,103.08,61.06,95.54,2.3414562487057324,6798309.555404509,15918360.52888889,97.5335082553042,8.68,
2025/03/17 23:15:00,0.63,8.19,4.69,103.14,61.12,95.52,2.339935428067793,6787115.877421996,15881826.399999999,97.56601000686163,8.69,
2025/03/17 23:30:00,0.68,8.19,4.72,103.19,61.18,95.5,2.3397871011890605,6771759.638140991,15844891.92,97.56038884512634,8.71,
2025/03/17 23:45:00,0.74,8.34,4.89,103.24,61.23,95.48,2.339383756683548,6686526.549978407,15642764.65277778,97.54512826001736,8.72,
2025/03/18 08:00:00,0.7,7.97,5.26,90.78,59.44,80.4,2.7684411078657307,3552743.249279679,9835997.013333337,86.56476707881096,7.5,
2025/03/18 08:15:00,0.64,7.89,4.59,99.83,59.51,91.5,2.4541925871757666,6116735.4270151835,15012096.586666668,94.6699684716849,8.39,
2025/03/18 08:30:00,0.52,7.83,4.42,100.96,59.57,94.22,2.4120960733704715,6740820.6557607725,16259964.874999998,95.77559506810086,8.47,
2025/03/18 08:45:00,0.33,7.79,4.39,101.12,59.63,94.28,2.4026791911048,6767240.84545891,16259964.874999998,96.10041142514801,8.48,
2025/03/18 09:00:00,0.36,7.75,4.34,101.27,59.7,94.34,2.3984133819839766,6777153.97893193,16254870.035555555,96.20203373789418,8.5,
2025/03/18 09:15:00,0.28,7.72,4.29,101.42,59.76,94.4,2.3915716546752805,6796375.689964242,16254467.82666667,96.41090051927787,8.51,
2025/03/18 09:30:00,0.26,7.72,4.32,101.57,59.82,94.46,2.3859025259733264,6812523.630142041,16254467.826666662,96.56127968876005,8.52,
2025/03/18 09:45:00,0.28,7.79,4.36,101.72,59.89,94.51,2.381002820012357,6822434.732438909,16244681.053333335,96.6726343726547,8.53,
2025/03/18 10:00:00,0.28,7.69,4.25,101.88,59.95,94.57,2.3753297837060714,6838730.179495709,16244681.053333327,96.81214444969109,8.54,
2025/03/18 10:15:00,0.29,7.65,4.24,101.89,60.01,94.63,2.3751383954242624,6839110.3975980515,16244279.076666664,96.81112568857539,8.54,
2025/03/18 10:30:00,0.28,7.68,4.25,101.87,60.08,94.69,2.375711253293415,6835318.135778645,16239185.049999999,96.80341729679444,8.54,
2025/03/18 10:45:00,0.39,7.73,4.33,101.85,60.14,94.75,2.378145508940074,6812942.747624443,16202615.739444444,96.67891210784329,8.53,
2025/03/18 11:00:00,0.44,7.78,4.4,101.83,60.21,94.8,2.379867979376116,6788381.96610527,16155901.336666662,96.61272613328481,8.53,
2025/03/18 11:15:00,0.42,7.85,4.4,101.81,60.27,94.86,2.3802519093647136,6771598.988497473,16118549.901666665,96.61476566081218,8.53,
2025/03/18 11:30:00,0.58,7.97,4.52,101.8,60.33,94.92,2.3837063138884322,6745947.756628701,16080796.838333335,96.45008522326792,8.53,
2025/03/18 11:45:00,0.54,7.76,4.36,101.78,60.4,94.98,2.3841393425789947,6727108.179278776,16038807.228888888,96.47147215273357,8.54,
2025/03/18 12:00:00,0.46,7.73,4.35,101.76,60.46,95.04,2.3837969350171235,6712409.487675317,16001466.592222225,96.53183843381446,8.55,
2025/03/18 12:15:00,0.59,7.72,4.36,101.74,60.52,95.1,2.387932322655422,6685146.573773401,15964125.955555553,96.38737957567244,8.57,
2025/03/18 12:30:00,0.87,8.03,4.68,101.73,60.59,95.15,2.394180898756733,6837979.274905041,16371822.72,96.10555645829646,8.58,
2025/03/18 12:45:00,0.77,8.0,4.67,101.71,60.65,95.21,2.392140502488383,6728067.15417172,16094939.519999998,96.18588956352077,8.56,
2025/03/18 13:00:00,0.63,7.89,4.48,101.68,61.12,95.27,2.391008586740469,6680090.277393204,15972596.26111111,96.29602654902243,8.57,
2025/03/18 13:15:00,0.67,7.92,4.49,101.84,61.07,95.33,2.386073395676049,6712302.775928117,16016487.19,96.39650374815007,8.58,
2025/03/18 13:30:00,0.71,7.97,4.56,101.97,61.02,95.39,2.382277064525997,6746092.165349381,16071503.65333333,96.47074354010805,8.59,
2025/03/18 13:45:00,0.66,8.05,4.6,102.11,60.97,95.44,2.375930977788438,6793732.707609448,16141877.784999998,96.64155837280416,8.59,
2025/03/18 14:00:00,0.45,8.14,4.66,102.3,60.92,95.5,2.365504152728749,6855471.331176506,16217078.655555554,97.01164854974256,8.61,
2025/03/18 14:15:00,0.55,8.22,4.73,102.58,60.87,95.56,2.3574851578022233,6871116.246653765,16198983.087222224,97.1577298572562,8.63,
2025/03/18 14:30:00,0.54,8.18,4.7,102.86,60.83,95.62,2.3478007262582454,6873411.12450544,16137824.694444448,97.41076128827764,8.66,
2025/03/18 14:45:00,0.61,8.22,4.73,103.1,60.78,95.68,2.340681126602849,6869895.091900751,16080653.905555557,97.55089633901925,8.68,
2025/03/18 15:00:00,0.61,8.38,4.87,103.1,60.73,95.74,2.3406814697828344,6893805.701328415,16136622.48,97.55089633901925,8.68,
2025/03/18 15:15:00,0.64,8.2,4.72,103.1,60.68,95.79,2.3412329305631143,6950173.02786349,16272400.491111115,97.52161266943561,8.68,
2025/03/18 15:30:00,0.63,8.23,4.77,103.1,60.63,95.85,2.3414855510458183,6944997.708099129,16262040.593333328,97.5312374277459,8.69,
2025/03/18 15:45:00,0.63,8.28,4.81,103.1,60.59,95.91,2.3414857273237644,6935993.24148236,16240956.208888885,97.53123742774608,8.69,
2025/03/18 16:00:00,0.64,8.37,4.87,103.1,60.54,95.97,2.3416704684401246,6930344.740995647,16229006.75,97.52147622503325,8.69,
2025/03/18 16:15:00,0.65,8.38,4.92,103.1,60.49,96.03,2.342289783854919,7043040.474629737,16497277.059999999,97.51157916406154,8.7,
2025/03/18 16:30:00,0.66,8.37,4.85,103.1,60.44,95.89,2.342475300366615,7049427.26403523,16513537.608333332,97.50181787975973,8.7,
2025/03/18 16:45:00,0.68,8.31,4.84,103.1,60.39,95.72,2.342843417367468,6999770.278566346,16399797.369999997,97.48229500558853,8.7,
2025/03/18 17:00:00,0.72,8.37,4.86,103.1,60.35,95.55,2.3440179527216185,6945762.413158972,16281415.822222218,97.4431136999078,8.71,
2025/03/18 17:15:00,0.73,8.42,4.94,103.1,60.3,95.38,2.3442022454455747,6897039.036358341,16168479.188888889,97.43335182485488,8.71,
2025/03/18 17:30:00,0.81,8.47,4.96,103.1,60.25,95.21,2.346117936670402,6843266.6897963835,16055529.551111108,97.35512049032894,8.72,
2025/03/18 17:45:00,0.9,8.61,5.13,103.1,60.2,95.04,2.347785274004251,6790465.792179298,15942975.62,97.26725282986499,8.72,
2025/03/18 23:00:00,0.72,8.43,5.61,90.65,60.08,80.33,2.7783627963817175,3428015.238235793,9524678.624999998,86.42540485875642,7.6,
2025/03/18 23:15:00,0.66,8.4,4.9,102.32,60.35,93.92,2.3669569896473734,6651649.069373818,15744585.504999999,96.8248522969424,8.57,
2025/03/18 23:30:00,0.73,8.36,4.85,103.44,60.62,96.18,2.330090090871247,7136885.70610884,16630015.282222224,97.72902929287712,8.69,
2025/03/18 23:45:00,0.63,8.36,4.87,103.52,60.89,96.16,2.3260435582619063,7070574.327774374,16446888.901666664,97.89589316928601,8.71,
2025/03/19 00:00:00,0.64,8.23,4.73,103.61,60.53,96.57,2.3231575314492683,7180776.333469553,16682503.542222222,97.96413886267491,8.72,
2025/03/19 00:15:00,0.71,8.22,4.72,103.69,60.65,96.71,2.3217374336533494,7121711.458647322,16535168.759999998,97.96507918258952,8.73,
2025/03/19 00:30:00,0.61,8.22,4.76,103.78,60.77,96.86,2.3173061853084445,7130957.399308635,16525039.574999997,98.14060530796668,8.75,
2025/03/19 00:45:00,0.73,8.26,4.78,103.86,60.89,97.0,2.317212285958074,7124886.024369477,16510298.456666667,98.09253628000546,8.77,
2025/03/19 01:00:00,0.88,8.38,4.93,105.88,61.01,97.71,2.2447858050111105,7108011.38296401,15956354.638888886,99.69221302547237,8.89,
2025/03/19 01:15:00,0.99,8.33,4.94,107.43,61.13,99.18,2.1876092926362003,7304606.794636488,15980006.472222226,100.91874018564552,9.0,
2025/03/19 01:30:00,1.1,8.16,4.81,106.85,61.25,99.75,2.2136134611776193,7142814.33057463,15811819.527777776,100.31173710583536,9.0,
2025/03/19 01:45:00,1.32,8.14,4.96,106.28,61.37,99.68,2.237935034871128,6888194.378456591,15415739.680000003,99.60567855804061,8.94,
2025/03/19 02:00:00,1.21,8.18,4.85,106.05,61.49,99.61,2.2423079482882846,7138926.052791688,16008076.797777776,99.51589167424008,8.87,
2025/03/19 02:15:00,1.2,8.21,4.86,106.14,61.61,99.54,2.241742115961333,7043647.898632707,15790440.221111113,99.60256427933011,8.94,
2025/03/19 02:30:00,1.19,8.18,4.91,106.23,61.73,99.47,2.2383477716037423,7000978.211935056,15671027.606666666,99.68985585446927,8.95,
2025/03/19 02:45:00,1.15,8.09,4.76,106.32,61.85,99.41,2.2339977037856493,6980768.039261647,15595412.799999997,99.8066304604524,8.95,
2025/03/19 03:00:00,1.07,8.04,4.75,106.4,61.97,99.34,2.2294109943596445,6959353.92598523,15515654.452222224,99.95397064517817,8.95,
2025/03/19 03:15:00,1.05,8.03,4.74,106.49,62.09,99.27,2.2253813157437614,6936120.9417850245,15435904.928888885,100.05113280337243,8.95,
2025/03/19 03:30:00,1.05,8.02,4.71,106.58,62.21,99.2,2.2221349866607567,6910371.66494297,15356164.229999999,100.1285819838326,8.96,
2025/03/19 03:45:00,1.02,8.0,4.7,106.67,62.33,99.13,2.217934893846855,6891555.663859363,15285405.42222222,100.23551978131523,8.96,
2025/03/19 04:00:00,0.95,8.01,4.7,106.7,62.44,99.07,2.2160502959939254,7015827.537577042,15547815.139999997,100.3298648221256,8.97,
2025/03/19 04:15:00,1.16,7.99,4.76,106.7,62.56,99.0,2.220326966885417,6872424.755895663,15259422.077777777,100.12384707196506,8.99,
2025/03/19 04:30:00,1.45,7.97,4.95,106.61,62.57,98.93,2.229180904638334,6839177.693743807,15246186.34,99.76197351218933,9.0,
2025/03/19 04:45:00,1.19,7.96,4.81,106.37,62.55,98.86,2.2335167348288625,6886927.43790267,15382477.33,99.81033080189957,8.97,
2025/03/19 05:00:00,1.12,7.94,4.67,106.12,62.54,98.8,2.240320432244205,6929289.595387176,15524229.489999998,99.66389583619485,8.92,
2025/03/19 05:15:00,0.66,7.94,4.55,105.16,62.52,98.73,2.2677878599613353,7120871.39371671,16149036.383333333,99.28607100718105,8.84,
2025/03/19 05:30:00,0.64,7.94,4.56,105.23,62.51,98.66,2.2646577186745964,7093691.760691394,16065192.549999995,99.36616654666061,8.84,
2025/03/19 05:45:00,0.62,7.91,4.54,105.3,62.49,98.59,2.2615260696450155,7081271.857139231,16014888.572222222,99.4462545632627,8.84,
2025/03/19 06:00:00,0.6,7.89,4.5,105.36,62.47,98.52,2.2587932006085247,7075759.020670049,15983079.93333333,99.51769092854042,8.84,
2025/03/19 06:15:00,0.59,7.89,4.51,105.43,62.46,98.46,2.2558255724936767,7077649.44608302,15966345.999999994,99.58798060906909,8.84,
2025/03/19 06:30:00,0.57,7.86,4.5,105.5,62.44,98.39,2.2526886574742737,7080254.958261767,15950014.391666666,99.66804699539921,8.84,
2025/03/19 06:45:00,0.55,7.87,4.5,105.57,62.43,98.32,2.2495505111581204,7080893.040275978,15929228.18055555,99.74810605346529,8.84,
2025/03/19 07:00:00,0.53,7.84,4.45,105.58,62.41,98.25,2.2488188241099705,7075920.774435842,15912862.435555557,99.77631824984385,8.84,
2025/03/19 07:15:00,0.51,7.83,4.43,105.53,62.4,98.19,2.250034720274375,7065001.460421873,15896895.996666664,99.75280250838618,8.83,
2025/03/19 07:30:00,0.5,7.81,4.43,105.49,62.38,98.12,2.2510128447988835,7054645.438982213,15880497.159999998,99.72813869989608,8.82,
2025/03/19 07:45:00,0.48,7.79,4.42,105.44,62.37,98.05,2.2522236299924763,7041590.44737033,15859637.102222221,99.70461240686821,8.81,
2025/03/19 08:00:00,0.46,7.83,4.44,105.4,62.35,97.98,2.2530326152156097,7031769.460464458,15843204.128888888,99.6897248195554,8.8,
2025/03/19 08:15:00,0.47,7.94,4.52,105.36,62.34,97.91,2.2547975288109283,7016998.965748296,15822306.68333333,99.64536064887491,8.8,
2025/03/19 08:30:00,0.51,7.83,4.43,105.31,62.32,97.85,2.2574608103787406,7003395.916333402,15810289.415555552,99.56299864527783,8.8,
2025/03/19 08:45:00,0.56,7.86,4.48,105.36,62.31,97.78,2.256295394620464,6997734.954482639,15789356.207777776,99.55730719103462,8.8,
2025/03/19 09:00:00,0.59,7.94,4.56,105.45,62.29,97.71,2.2531876646570406,7000064.469358077,15772856.586666662,99.60574402504253,8.8,
2025/03/19 09:15:00,0.57,7.83,4.45,105.53,62.27,97.67,2.2501074750772583,7008246.6953688655,15769704.866666665,99.69432851268618,8.81,
2025/03/19 09:30:00,0.54,7.82,4.41,105.62,62.26,97.78,2.2459968665076038,7047629.871670594,15829347.893333334,99.8014496224206,8.81,
2025/03/19 09:45:00,0.53,7.79,4.42,105.7,62.24,97.89,2.2430764489569,7085214.762925202,15893076.98611111,99.88022716997895,8.82,
2025/03/19 10:00:00,0.53,7.81,4.42,105.78,62.23,98.0,2.2398536393289006,7121890.304314319,15952388.631666666,99.94932494430876,8.82,
2025/03/19 10:15:00,0.53,7.81,4.46,105.87,62.21,98.11,2.236685189399286,7160506.39216752,16016200.627777774,100.0269265488507,8.83,
2025/03/19 10:30:00,0.54,7.84,4.46,105.95,62.2,98.22,2.2340789065819715,7195445.414368053,16075591.925555553,100.08609051879502,8.84,
2025/03/19 10:45:00,0.55,7.85,4.49,106.04,62.18,98.33,2.230595123510237,7235326.893397112,16139486.825,100.15398874037011,8.84,
2025/03/19 11:00:00,0.59,7.93,4.53,106.12,62.17,98.43,2.228926379688406,7265423.2417354025,16194491.561111115,100.18363377331153,8.86,
2025/03/19 11:15:00,0.63,7.9,4.53,106.22,62.15,98.54,2.226898509166701,7300766.1427381355,16258467.738333333,100.23040591734889,8.89,
2025/03/19 11:30:00,0.68,7.92,4.57,106.41,62.14,98.65,2.221341776344695,7345835.898530564,16318016.715000002,100.34497918944487,8.92,
2025/03/19 11:45:00,0.72,7.95,4.6,106.6,62.09,98.76,2.215586453671306,7400076.961726444,16395914.846666668,100.46927214184271,8.95,
2025/03/19 12:00:00,0.77,8.11,4.7,106.81,61.87,98.87,2.2095889002306497,6943717.490982834,15343131.222222222,100.60082156558057,8.99,
2025/03/19 12:15:00,1.18,8.14,4.93,107.48,61.64,98.98,2.189834911656274,7077659.5554150045,15499296.718888888,100.7750933012066,9.03,
2025/03/19 12:30:00,1.38,8.2,5.03,106.69,61.42,99.09,2.2242566998955624,7040518.342829694,15660331.45111111,99.89957895272488,8.99,
2025/03/19 12:45:00,1.56,8.25,5.12,106.27,61.2,99.18,2.2441453544832792,7046349.667277843,15813460.41,99.36146894648101,8.98,
2025/03/19 13:00:00,1.42,8.31,5.06,105.28,60.99,99.1,2.279084145212579,6966544.022107745,15877765.06555555,98.64524890757578,8.91,
2025/03/19 13:15:00,1.38,8.34,4.99,106.3,60.94,99.02,2.238087187259783,7080286.04246785,15846695.82222222,99.56411765849197,8.94,
2025/03/19 13:30:00,1.37,8.31,4.99,106.29,60.89,98.94,2.238808675581437,7064138.45016353,15815655.838888885,99.56519975866536,8.95,
2025/03/19 13:45:00,1.36,8.33,5.03,106.28,60.85,98.86,2.2395278234568403,7046365.5070975665,15780934.785,99.56628167443411,8.96,
2025/03/19 14:00:00,1.39,8.42,5.06,106.27,60.8,98.78,2.2408992562652568,7028233.042689759,15749957.85,99.52816665517803,8.97,
2025/03/19 14:15:00,1.45,8.47,5.16,106.26,60.75,98.7,2.242292293338294,7010062.388307343,15719010.174999999,99.4607511917968,8.97,
2025/03/19 14:30:00,1.53,8.51,5.18,106.25,60.71,98.63,2.2440157723008047,6990901.438214583,15688091.759999996,99.37373314403149,8.97,
2025/03/19 14:45:00,1.54,8.6,5.27,106.24,60.66,98.55,2.244593413953542,6975537.017852979,15657642.549999999,99.35531554939043,8.97,
2025/03/19 15:00:00,1.55,8.59,5.24,106.23,60.61,98.47,2.2451714955285644,6959997.138019213,15626782.306666665,99.33689788478189,8.97,
2025/03/19 15:15:00,1.61,8.53,5.22,106.22,60.56,98.39,2.2470395710855318,6940488.198425582,15595951.323333332,99.26938174727981,8.98,
2025/03/19 15:30:00,1.67,8.79,5.43,106.21,60.52,98.31,2.24891124356469,6919187.393101238,15561031.835555553,99.20186536010813,8.99,
2025/03/19 15:45:00,1.66,8.66,5.35,106.2,60.47,98.23,2.249627218519646,6903501.022359528,15530702.684444446,99.20295529480151,9.0,
2025/03/20 07:15:00,0.05,8.79,5.68,107.2,61.62,97.07,2.1669449866710435,6941021.034169126,15041194.727777775,101.64605835750554,8.67,
2025/03/20 07:30:00,1.77,8.7,5.44,107.19,61.63,100.05,2.2108173829034397,7351872.899193794,16254059.115555553,99.94701387058852,9.02,
2025/03/20 07:45:00,1.8,8.66,5.51,107.12,61.64,100.02,2.2137788341124645,7312848.546067958,16189453.73222222,99.85748121065917,9.01,
2025/03/20 08:00:00,1.71,8.69,5.52,107.05,61.65,99.99,2.2148487270726,7280394.493931202,16125392.909999995,99.88566760220509,9.0,
2025/03/20 08:15:00,1.74,8.53,5.37,106.99,61.65,99.95,2.2173787683449384,7243040.817693318,16060985.844444446,99.80472273057599,8.99,
2025/03/20 08:30:00,1.72,8.54,5.38,106.92,61.66,99.92,2.219538824726123,7257455.39270741,16108626.93,99.76421749460914,8.98,
2025/03/20 08:45:00,1.97,8.72,5.55,106.85,61.67,99.89,2.2284141327362135,7259227.132642428,16176990.830000002,99.4584144836792,9.02,
2025/03/20 09:00:00,1.71,8.7,5.43,106.8,61.68,99.86,2.2254050646912478,7299887.009045599,16245619.695555555,99.67059550585121,9.0,
2025/03/20 09:15:00,1.74,8.58,5.37,106.78,61.68,99.82,2.226725258793354,7190066.332940459,16010718.557777775,99.6239633260076,9.0,
2025/03/20 09:30:00,1.67,8.54,5.32,106.76,61.69,99.79,2.22644571136774,7189984.832979391,16008525.683333335,99.67540009611191,9.0,
2025/03/20 09:45:00,1.7,8.55,5.37,106.75,61.7,99.76,2.2273454583785015,7186079.659871999,16006302.155555556,99.6373741261467,9.0,
2025/03/20 10:00:00,1.88,8.59,5.47,106.73,61.71,99.72,2.2305928014408662,7172716.270339082,15999838.598333333,99.44372161558653,8.99,
2025/03/20 10:15:00,1.95,8.63,5.53,106.72,61.72,99.69,2.232621694292705,7165171.431445058,15997549.932222223,99.36637019519115,9.0,
2025/03/20 10:30:00,1.95,8.67,5.57,106.7,61.72,99.66,2.2353805904622863,7157176.6973181255,15999447.65222222,99.34881106295579,9.04,
2025/03/20 10:45:00,1.89,8.69,5.53,106.69,61.73,99.63,2.235777290767055,7154861.068017001,15997101.51111111,99.3988781311463,9.06,
2025/03/20 11:00:00,1.92,8.75,5.57,106.67,61.74,99.59,2.237575797530907,7146160.875859086,15990500.01388889,99.3521605422031,9.07,
2025/03/20 11:15:00,2.01,8.72,5.68,106.65,61.75,99.56,2.2389326760592185,7140744.153305644,15988088.734444445,99.24685428033307,9.05,
2025/03/20 11:30:00,2.0,8.76,5.64,106.64,61.75,99.53,2.238240974318543,7143756.008678254,15989879.167777777,99.24822892973111,9.03,
2025/03/20 11:45:00,2.05,8.8,5.69,106.62,61.76,99.49,2.2398952776026793,7135485.672118745,15983174.215555554,99.18197943748085,9.03,
2025/03/20 12:00:00,2.04,8.83,5.7,106.61,61.77,99.46,2.240154146366082,7133544.890271598,15980670.976111107,99.18318200386382,9.03,
2025/03/20 12:15:00,1.97,8.91,5.72,106.7,61.76,99.43,2.234750701640574,7138978.727832617,15954257.904444449,99.32936887151638,9.02,
2025/03/20 12:30:00,1.92,8.81,5.54,106.72,61.74,99.4,2.2331022122514845,7133545.650518696,15930345.285555555,99.39561820948042,9.02,
2025/03/20 12:45:00,1.94,8.95,5.7,106.75,61.71,99.36,2.233591376939719,7121476.927729938,15906880.274999999,99.40155456063741,9.05,
2025/03/20 13:00:00,1.96,8.83,5.63,106.78,61.69,99.33,2.233598031777918,7110756.556624284,15882988.440000001,99.40757897862385,9.07,
2025/03/20 13:15:00,2.18,8.83,5.78,106.81,61.66,99.3,2.235887106431077,6839202.970594697,15292107.355555555,99.21757645571819,9.07,
2025/03/20 13:30:00,2.54,9.07,5.99,106.84,61.64,99.26,2.2394714077799054,6819948.736696713,15273498.46,98.89029208946029,9.05,
2025/03/20 13:45:00,2.29,8.91,5.85,106.87,61.61,99.23,2.2336683504637755,6832973.352846988,15263015.020000001,99.16149283402821,9.04,
2025/03/20 14:00:00,2.38,8.95,5.9,106.9,61.59,99.2,2.2343233991935985,6824462.97158381,15248477.212222219,99.098888682032,9.05,
2025/03/20 14:15:00,2.38,9.0,5.95,106.94,61.56,99.16,2.233585622267849,6820015.759444022,15233508.399999995,99.1331144952336,9.07,
2025/03/20 14:30:00,2.45,9.09,6.02,106.97,61.54,99.13,2.235362414513291,6808097.429919736,15218981.854999995,99.08989483767736,9.11,
2025/03/20 14:45:00,2.5,9.1,6.07,107.0,61.51,99.1,2.2353671263459747,6803394.677868959,15208506.774999999,99.06653193086834,9.12,
2025/03/20 15:00:00,2.46,9.1,6.05,106.96,61.49,99.07,2.234503921290966,6799331.88257779,15193552.244444441,99.07171647674714,9.08,
2025/03/20 15:15:00,2.49,9.14,6.05,106.91,61.46,99.01,2.237611139217865,6779795.459593204,15170959.344444444,98.99922039325664,9.09,
2025/03/20 15:30:00,2.58,9.19,6.11,106.87,61.43,98.86,2.2407805744336287,6743914.282775691,15112046.424444443,98.87651209709507,9.09,
2025/03/20 15:45:00,2.59,9.23,6.13,106.82,61.41,98.71,2.2435633012389724,6707524.09920529,15049165.755555555,98.82364261575427,9.1,
2025/03/20 16:00:00,2.63,9.25,6.19,106.78,61.38,98.56,2.2464045453833896,6672681.542766445,14989957.68111111,98.74992687625934,9.11,
2025/03/20 16:15:00,2.64,9.29,6.2,106.73,61.36,98.41,2.2487018185601357,6637967.729029102,14927220.641666664,98.6971281126889,9.11,
2025/03/20 16:30:00,2.62,9.29,6.21,106.69,61.33,98.26,2.2505542513151804,6606448.761328162,14868582.208333334,98.6822866979764,9.12,
2025/03/20 16:45:00,2.73,9.31,6.22,106.64,61.31,98.11,2.254498531846061,6566937.482575257,14805559.999999998,98.531355881528,9.12,
2025/03/21 06:15:00,1.0,9.61,6.47,100.6,62.96,90.52,2.43375649785176,4632594.869511733,11274958.297777774,94.99374722100947,8.43,
2025/03/21 07:15:00,-0.07,9.44,6.16,100.62,62.6,90.0,2.403317460030426,5272165.737638153,12671056.933333332,96.0561435473075,8.24,
2025/03/21 07:30:00,1.97,9.51,5.98,105.15,62.51,98.6,2.297079728022613,6958431.436997376,15984471.524999997,97.99375419372481,8.98,
2025/03/21 07:45:00,2.04,9.43,6.03,104.74,62.42,98.4,2.312244056035841,6939776.347404802,16046878.112222224,97.57162728876388,8.92,
2025/03/21 08:00:00,2.02,9.26,5.89,104.79,62.33,98.11,2.3075420927229278,6963150.767819462,16068187.752222223,97.63492577000356,8.87,
2025/03/21 08:15:00,2.11,9.39,6.03,104.9,62.24,97.83,2.3051028885424762,6788656.1264311485,15648964.521666663,97.64173589294616,8.88,
2025/03/21 08:30:00,2.13,9.3,5.93,105.0,62.15,97.54,2.302769153781531,6721839.447544554,15479251.761111114,97.70821920206816,8.91,
2025/03/21 08:45:00,2.11,9.35,6.01,105.05,62.06,97.25,2.300373110545117,6680155.800174092,15367257.949999997,97.77098343147107,8.91,
2025/03/21 09:00:00,2.24,9.22,5.95,105.1,61.97,96.97,2.301059352294728,6631506.302659065,15259902.777777776,97.68672679286591,8.92,
2025/03/21 09:15:00,2.18,9.22,5.94,105.15,62.01,96.66,2.298896428184275,6561043.771861546,15083566.575,97.78846715470723,8.94,
2025/03/21 09:30:00,2.28,9.24,5.99,105.2,62.05,96.34,2.299052469278907,6482044.370377228,14902965.495000001,97.73357207092883,8.95,
2025/03/21 09:45:00,2.38,9.3,6.1,105.26,62.09,96.03,2.299259249079843,6405018.6027557375,14727205.203333333,97.68719198843598,8.97,
2025/03/21 10:00:00,2.54,9.33,6.17,105.1,62.14,95.71,2.3086606517302037,6278664.5557843195,14495714.364999996,97.39236863755316,8.97,
2025/03/21 10:15:00,3.56,9.35,6.56,101.95,62.18,94.26,2.438379501431115,5875363.717017853,14326869.186666667,93.67040588202883,8.58,
2025/03/21 10:30:00,3.71,9.36,6.5,100.71,62.22,91.88,2.486376591924031,5333654.717136601,13261943.358888885,92.44579988577793,8.46,
2025/03/21 10:45:00,2.61,9.42,6.19,98.33,62.27,90.22,2.5623292024403206,5389098.738954419,13809099.669444444,91.4326987717463,8.56,
2025/03/21 11:00:00,2.27,9.38,6.12,99.04,62.31,90.45,2.5284394014129226,5524693.887383616,13969299.446666664,92.38710021358371,8.6,
2025/03/21 11:15:00,2.22,9.4,6.07,99.41,62.35,90.67,2.513712753804522,5619166.352919525,14125407.12,92.76022677244472,8.62,
2025/03/21 11:30:00,2.29,9.32,6.05,99.44,62.4,90.89,2.513251260860995,5680650.618696723,14277351.97777778,92.71863656503128,8.6,
2025/03/21 11:45:00,2.4,9.36,6.13,99.47,62.44,91.11,2.515326525137322,5738687.25319127,14435133.160555556,92.63753463032518,8.62,
2025/03/21 12:00:00,2.43,9.44,6.18,99.5,62.48,91.33,2.5131282748714967,5806827.296773685,14593762.883333333,92.63514422942518,8.58,
2025/03/21 12:15:00,2.01,9.45,6.01,98.18,62.53,91.46,2.555946885772249,6157621.119764723,15739037.01944444,91.8836955050733,8.6,
2025/03/21 12:30:00,1.82,9.5,6.04,98.45,62.57,91.56,2.5423298639762284,6219728.752276938,15813081.887777777,92.30574494786975,8.63,
2025/03/21 12:45:00,1.77,9.47,5.9,98.73,62.61,91.67,2.5304314929570455,6280471.713187324,15892767.085555555,92.60074258083499,8.63,
2025/03/21 13:00:00,1.99,9.47,5.99,99.0,62.66,91.77,2.5245532410649183,6322255.999107116,15961347.765,92.62420980854922,8.62,
2025/03/21 13:15:00,2.06,9.54,6.12,99.27,62.7,91.88,2.5160394228225087,6375464.291651029,16041403.473333329,92.79303406084097,8.63,
2025/03/21 13:30:00,2.19,9.62,6.21,99.32,62.74,91.98,2.516562390625572,6388594.344150953,16077782.942222225,92.71048484085276,8.62,
2025/03/21 13:45:00,2.18,9.63,6.16,99.17,62.79,92.09,2.52258914795321,6385602.656060722,16108733.055555558,92.5884412939709,8.63,
2025/03/21 14:00:00,2.02,9.63,6.15,99.01,62.83,92.19,2.5260233961512397,6389170.076313613,16139674.808888888,92.6033885624747,8.65,
2025/03/21 14:15:00,2.38,9.83,6.39,99.24,62.87,92.3,2.5271281685094222,6400789.657344775,16176104.669999998,92.4542334964558,8.7,
2025/03/21 14:30:00,2.44,9.67,6.3,99.34,62.92,92.4,2.5249661185591843,6416337.270545268,16201533.235555556,92.48340626541528,8.71,
2025/03/21 14:45:00,2.5,9.69,6.31,99.19,62.96,92.51,2.5333511278396053,6409472.17892709,16237944.983333336,92.29300598034541,8.74,
2025/03/21 15:00:00,2.46,9.74,6.38,99.04,63.0,92.61,2.5375116795117103,6411141.272568701,16268852.6,92.20054960239808,8.72,
2025/03/21 15:15:00,2.44,9.8,6.41,99.18,63.34,92.65,2.5296142746729324,6338018.435219944,16033234.360000001,92.34354921724696,8.67,
2025/03/21 15:30:00,2.38,9.84,6.39,99.12,63.43,92.63,2.5318041874325927,6324842.688807735,16013747.199999997,92.34891944257237,8.7,
2025/03/21 15:45:00,2.39,9.89,6.46,99.26,63.53,92.62,2.5265721969774364,6330239.330638782,15994291.273888888,92.46204465317889,8.7,
2025/03/21 16:00:00,2.42,9.87,6.38,99.49,63.62,92.6,2.5186676311574434,6322491.237715878,15924725.739999998,92.63442147530453,8.71,
2025/03/21 16:15:00,2.54,9.84,6.46,99.72,63.72,92.59,2.512319560062552,6300126.109370114,15828412.153888889,92.71907311481557,8.71,
2025/03/21 16:30:00,2.77,9.9,6.6,99.96,63.81,92.57,2.509989039341929,6240968.639254671,15665250.84666666,92.70442251272367,8.76,
2025/03/21 16:45:00,2.79,9.94,6.64,99.89,63.91,92.55,2.5144023338362396,6187223.529195871,15557655.324444441,92.62331291573527,8.79,
2025/03/21 17:00:00,2.88,9.99,6.67,99.75,64.0,92.54,2.5215059288049333,6162837.9229015075,15540117.205555558,92.41314994024748,8.78,
2025/03/21 17:15:00,2.82,10.08,6.75,99.61,64.1,92.52,2.5248742129679917,6130045.643944837,15478076.716666667,92.34925947228169,8.76,
2025/03/21 17:30:00,2.65,10.02,6.6,99.47,64.12,92.51,2.526173180473277,6121605.280024314,15464704.896666666,92.3923471955105,8.75,
2025/03/21 17:45:00,2.54,10.1,6.63,99.33,64.13,92.49,2.528392965579329,6110942.279745759,15451326.806666667,92.37699279306266,8.73,
2025/03/21 18:00:00,2.43,9.94,6.45,99.2,64.15,92.47,2.530993977919177,6097222.0384880705,15432493.119999997,92.37006628641092,8.73,
2025/03/21 18:15:00,2.5,9.99,6.53,99.25,64.17,92.46,2.5306189875935288,6092832.294081844,15419101.444999998,92.3457746417572,8.73,
2025/03/21 18:30:00,2.65,10.03,6.62,99.3,64.19,92.44,2.5320364471627475,6081974.476929737,15400252.08333333,92.24354355640591,8.73,
2025/03/21 18:45:00,2.8,10.07,6.7,99.35,64.2,92.43,2.5334465414321925,6075577.2698863745,15392627.066666672,92.14126375917682,8.73,
2025/03/21 19:00:00,2.83,10.09,6.74,99.4,64.22,92.41,2.532556288284611,6070263.41289152,15373762.61055555,92.15574397342208,8.74,
2025/03/21 19:15:00,2.86,10.11,6.75,99.45,64.24,92.39,2.5312615971812837,6065913.293311421,15354889.794444444,92.17033461900736,8.74,
2025/03/21 19:30:00,2.97,10.0,6.7,99.5,64.25,92.38,2.532162277183813,6060604.837637545,15346920.043888884,92.10683129263376,8.75,
2025/03/21 19:45:00,3.06,10.18,6.86,99.55,64.27,92.36,2.534229021577149,6048210.399614737,15328032.59777778,92.06233239376326,8.8,
2025/03/21 20:00:00,2.98,10.14,6.85,99.6,64.29,92.35,2.530455490163148,6052046.917446844,15314920.402222214,92.18409836288369,8.8,
2025/03/21 20:15:00,2.97,10.0,6.73,99.65,64.31,92.33,2.5282595926136264,6049825.807834824,15296016.816666663,92.23763343623565,8.8,
2025/03/21 20:30:00,2.96,10.03,6.73,99.7,64.32,92.31,2.525663366911538,6050720.796166185,15282564.880000006,92.29127783617967,8.79,
2025/03/21 20:45:00,2.86,10.04,6.73,99.74,64.34,92.3,2.5214545533819495,6055484.453182854,15269106.673333328,92.42388856804236,8.78,
2025/03/21 21:00:00,2.83,10.09,6.74,99.78,64.36,92.28,2.5192140355451356,6053359.910742224,15250180.097777776,92.48815059073176,8.78,
2025/03/21 21:15:00,2.91,10.08,6.78,99.82,64.37,92.27,2.5198177233910517,6048728.598095244,15242171.449999994,92.44506937818991,8.79,
2025/03/21 21:30:00,2.95,10.15,6.81,99.86,64.39,92.25,2.51953379534351,6042023.4129538275,15223553.729999997,92.44096915260694,8.8,
2025/03/21 21:45:00,2.91,10.0,6.69,99.9,64.41,92.23,2.5170683683558974,6040411.720954141,15204603.700000003,92.51496959273592,8.8,
2025/03/21 22:00:00,3.01,10.01,6.7,99.95,64.43,92.22,2.5173097506700226,6034472.960241333,15191111.704999996,92.46122059168782,8.8,
2025/03/21 22:15:00,3.02,10.02,6.74,99.99,64.44,92.2,2.515948836859568,6032370.629731268,15177613.440000003,92.48646116043624,8.8,
2025/03/21 22:30:00,3.0,10.06,6.8,100.03,64.46,92.19,2.51392501416922,6031854.321609959,15164108.905000001,92.54095076566057,8.8,
2025/03/21 22:45:00,2.97,10.06,6.76,100.07,64.48,92.17,2.5116837181582086,6029810.850402921,15145450.081666667,92.60518875092535,8.8,
2025/03/21 23:00:00,2.95,10.08,6.8,100.08,64.49,92.15,2.5104387620023023,6027415.376542468,15131931.613333337,92.63355107442383,8.79,
2025/03/21 23:15:00,2.96,10.1,6.82,100.02,64.51,92.08,2.5134381883898516,6001779.80096748,15085576.45833333,92.5712080764499,8.8,
2025/03/21 23:30:00,2.97,10.0,6.74,99.95,64.53,91.97,2.5168284903488445,5966570.915745033,15017311.368888889,92.50010815110929,8.81,
2025/03/21 23:45:00,2.98,10.0,6.73,99.88,64.55,91.86,2.5202156753310923,5931455.039980245,14949019.109444449,92.42899666036102,8.82,
2025/03/22 00:00:00,3.01,10.02,6.71,99.84,64.03,92.03,2.5220603541699385,6091049.476258351,15362475.333333332,92.36485772470165,8.81,
2025/03/22 00:15:00,3.02,10.06,6.77,99.78,64.03,91.99,2.5246516155278447,6077775.293056358,15344749.346666662,92.30259540126046,8.81,
2025/03/22 00:30:00,3.0,10.08,6.76,99.72,64.03,91.96,2.5269727012436705,6067347.219839113,15332500.901666664,92.26945493410432,8.82,
2025/03/22 00:45:00,3.0,10.13,6.86,99.66,64.03,91.93,2.5293366041387078,6056699.453546602,15319919.450000001,92.21692076746382,8.82,
2025/03/22 01:00:00,2.98,9.99,6.75,99.6,64.02,91.89,2.530454258819758,6039584.225058956,15283383.115,92.18409836288369,8.8,
2025/03/22 01:15:00,2.87,9.99,6.68,99.71,64.02,91.86,2.524059194786,6035567.164231006,15234606.346666668,92.38752497385877,8.81,
2025/03/22 01:30:00,3.05,10.1,6.85,99.82,63.98,91.83,2.5249435504502085,6022810.20312882,15207741.602777781,92.30802096006535,8.84,
2025/03/22 01:45:00,3.01,10.06,6.79,99.93,63.93,91.79,2.518909263092118,6026566.251968231,15180853.636666667,92.4434970874775,8.82,
2025/03/22 02:00:00,3.08,10.11,6.87,100.06,63.89,91.76,2.5145020752652565,6026554.485433562,15154266.050000003,92.48917243765071,8.8,
2025/03/22 02:15:00,3.21,9.96,6.81,100.23,63.84,91.73,2.5101923806044675,5805023.41138793,14572201.16611111,92.5110899831024,8.79,
2025/03/22 02:30:00,3.44,9.96,6.89,100.4,63.8,91.69,2.5084309455187626,5811418.705164586,14578030.176111108,92.43515858472261,8.79,
2025/03/22 02:45:00,3.44,10.01,6.91,100.36,63.75,91.66,2.510034250800876,5814325.984564429,14594641.379999995,92.4002292104247,8.79,
2025/03/22 03:00:00,3.38,10.03,6.9,100.32,63.71,91.63,2.5103237560175837,5818064.691121059,14605705.839999996,92.4238485198141,8.79,
2025/03/22 03:15:00,3.3,10.03,6.89,100.27,63.66,91.59,2.510569880621271,5821903.56450423,14616774.480000004,92.45823287081926,8.79,
2025/03/22 03:30:00,3.12,10.07,6.86,100.23,63.62,91.56,2.50780519711131,5832870.877849072,14628171.714444447,92.5989997688655,8.78,
2025/03/22 03:45:00,3.07,9.95,6.74,100.17,63.57,91.53,2.5090932846086513,5836378.372901054,14644486.486666666,92.59532705013976,8.78,
2025/03/22 04:00:00,3.15,9.96,6.78,100.04,63.53,91.49,2.5155955114165622,5823613.017372876,14650330.12666666,92.40375160802895,8.77,
2025/03/22 04:15:00,3.07,10.01,6.8,99.92,63.48,91.46,2.518592446955163,5823296.238770975,14666982.317777775,92.37681223625867,8.77,
2025/03/22 04:30:00,3.07,10.01,6.79,99.8,63.44,91.43,2.523347258038053,5816718.7949355375,14678074.180000003,92.27181048988149,8.77,
2025/03/22 04:45:00,3.08,10.01,6.77,99.68,63.39,91.39,2.528322637546407,5809661.423604205,14689170.222222224,92.15702078518267,8.77,
2025/03/22 05:00:00,3.09,10.1,6.83,99.55,63.34,91.36,2.534098604056108,5803000.036217911,14705844.009999998,92.03332047393891,8.78,
2025/03/22 05:15:00,2.98,10.04,6.73,99.43,63.3,91.33,2.536358378164787,5779884.078038301,14660320.674999999,92.03539959349878,8.78,
2025/03/22 05:30:00,2.85,9.91,6.62,99.31,63.25,91.29,2.5357407112354573,5816735.029615434,14750200.544444446,92.05760341364547,8.72,
2025/03/22 05:45:00,2.8,9.92,6.59,99.19,63.21,91.26,2.5393361601118642,5843918.587328761,14840140.791666668,92.00107998916884,8.72,
2025/03/22 06:00:00,2.64,9.93,6.58,94.39,63.16,87.0,2.712882641714521,5444702.380521948,14771352.737777777,87.91643251010724,8.42,
2025/03/22 06:15:00,2.48,9.94,6.49,94.47,63.12,87.03,2.7085922035195953,5496813.295660662,14889127.605,88.14136110814202,8.51,
2025/03/22 06:30:00,2.47,9.95,6.5,94.86,63.07,87.07,2.6926927039132122,5540977.980637375,14920649.333333328,88.49868429166523,8.5,
2025/03/22 06:45:00,2.44,9.94,6.45,95.09,63.03,87.1,2.682897532551188,5568368.746046888,14939853.182222215,88.73246463802559,8.5,
2025/03/22 07:00:00,2.41,9.82,6.4,95.08,62.98,87.13,2.6821565887221204,5579320.518193606,14965112.341666665,88.752798983063,8.49,
2025/03/22 07:15:00,2.37,9.84,6.43,95.06,62.94,87.17,2.681548818554749,5589943.610795807,14990209.874444446,88.77392626571566,8.48,
2025/03/22 07:30:00,2.34,9.89,6.43,95.04,62.89,87.2,2.6812017557850294,5599969.901802063,15015145.780555557,88.78535865653501,8.47,
2025/03/22 07:45:00,2.37,9.85,6.43,95.02,62.85,87.23,2.681692807775067,5605880.870341232,15033753.631111111,88.73895389318841,8.44,
2025/03/22 08:00:00,2.41,9.88,6.45,95.0,62.8,87.27,2.683873343156729,5612688.541318292,15064248.588888887,88.68222971323652,8.45,
2025/03/22 08:15:00,2.43,9.86,6.46,94.99,62.76,87.3,2.6844252130736987,5618351.314052576,15082552.576666664,88.65410155577956,8.44,
2025/03/22 08:30:00,2.42,9.74,6.36,94.97,62.71,87.33,2.684227907270071,5636654.304596438,15130577.989999996,88.64630748423004,8.42,
2025/03/22 08:45:00,2.4,9.75,6.37,94.95,62.67,87.37,2.684132151400473,5661689.260307364,15197237.611111114,88.6480478578209,8.41,
2025/03/22 09:00:00,2.39,9.77,6.35,94.93,62.62,87.4,2.685023172891159,5684680.413113274,15264010.556666669,88.63977777197384,8.42,
2025/03/22 09:15:00,2.27,9.77,6.33,94.92,62.58,87.43,2.682662638680009,5712317.10814842,15324729.933333335,88.74700225234879,8.43,
2025/03/22 09:30:00,2.23,9.8,6.33,94.89,62.54,87.47,2.6831541402187353,5736239.306576669,15391722.445,88.75888533631026,8.44,
2025/03/22 09:45:00,2.19,9.84,6.32,94.82,62.51,87.5,2.6827099649154467,5757380.94157603,15445885.84,88.73625998429674,8.38,
2025/03/22 10:00:00,2.04,9.81,6.22,94.75,62.48,87.53,2.681566329646976,5758050.702475287,15441087.200000001,88.81918960615327,8.38,
2025/03/22 10:15:00,1.92,9.76,6.17,94.68,62.44,87.57,2.6808322664168887,5762239.880694962,15448090.906111108,88.87316828675934,8.37,
2025/03/22 10:30:00,1.79,9.8,6.14,94.61,62.41,87.6,2.6798370306264934,5762212.13422085,15442271.881666664,88.93677619313759,8.36,
2025/03/22 10:45:00,1.7,9.64,5.95,94.54,62.37,87.63,2.679872302819757,5762171.693183814,15442362.796666663,88.96161546075665,8.35,
2025/03/22 11:00:00,1.73,9.67,6.01,94.47,62.34,87.67,2.6830134016931177,5755478.958250707,15442510.489999996,88.87028921861106,8.34,
2025/03/22 11:15:00,1.74,9.71,6.03,94.4,62.31,87.7,2.6856400054584513,5747444.4470650265,15436047.97777778,88.79830661689284,8.33,
2025/03/22 11:30:00,1.79,9.76,6.08,94.33,62.27,87.73,2.6896645124367144,5738619.894085836,15435444.664444445,88.68742865843554,8.33,
2025/03/22 11:45:00,1.86,9.78,6.19,94.3,62.24,87.77,2.69230443772503,5733006.204753911,15435493.314999998,88.59307308155168,8.32,
2025/03/22 12:00:00,1.92,9.84,6.23,94.3,62.21,87.8,2.6920620769637025,5731215.470976189,15429280.093333328,88.53586682195159,8.27,
2025/03/22 12:15:00,1.96,9.92,6.28,94.3,62.17,87.83,2.693836561761169,5727403.755930824,15429178.379999997,88.49680103764437,8.29,
2025/03/22 12:30:00,2.01,9.85,6.21,94.3,62.14,87.87,2.696228814417318,5805520.715734571,15653508.762222225,88.44788636768116,8.32,
2025/03/22 12:45:00,2.06,9.81,6.24,94.3,62.1,87.9,2.6986096939151687,5854582.625672426,15799745.133333335,88.39897694505527,8.35,
2025/03/22 13:00:00,2.08,9.89,6.26,94.3,62.07,87.94,2.6991367642777915,5847289.714392928,15783137.528888885,88.37961583343825,8.35,
2025/03/22 13:15:00,2.11,9.93,6.36,94.3,62.04,87.97,2.699924068414778,5802715.346073942,15667398.67,88.35057313512063,8.35,
2025/03/22 13:30:00,2.15,9.99,6.42,94.3,62.0,88.0,2.7009763172659906,5812760.363269693,15700637.333333338,88.31184761510687,8.35,
2025/03/22 13:45:00,2.19,10.06,6.45,94.3,61.97,88.04,2.702030203480483,5822778.075383086,15733827.23,88.27311990112412,8.35,
2025/03/22 14:00:00,2.23,10.12,6.55,94.3,61.93,88.04,2.7030828105630222,5826186.585397111,15749176.306111112,88.23438999632738,8.35,
2025/03/22 14:15:00,2.29,10.18,6.58,94.3,61.9,88.04,2.704665163812084,5826103.225193325,15758166.441111116,88.17629103825256,8.35,
2025/03/22 14:30:00,2.38,10.14,6.58,94.3,61.87,88.03,2.7070394324434464,5822078.569258176,15761110.786666669,88.08913339517488,8.35,
2025/03/22 14:45:00,2.37,10.16,6.57,94.3,61.83,88.03,2.7067760870652924,5828178.199499257,15776084.011111116,88.0988181223612,8.35,
2025/03/22 15:00:00,2.39,10.21,6.62,94.3,61.8,88.03,2.707304293516428,5830338.464199385,15785011.446111111,88.07944853199642,8.35,
2025/03/22 15:15:00,2.41,10.27,6.71,94.3,61.76,88.02,2.7089118328911233,5836355.017563688,15810687.908888882,88.05959039594487,8.38,
2025/03/22 15:30:00,2.44,10.28,6.68,94.36,61.73,88.02,2.7087599469379504,5857663.814311623,15867517.911666663,88.08341683490215,8.42,
2025/03/22 15:45:00,2.51,10.36,6.76,94.43,61.7,88.02,2.707857516450417,5880635.120756,15924436.391111108,88.07803951240992,8.42,
2025/03/22 16:00:00,2.47,10.33,6.69,94.5,61.66,88.01,2.704040705513557,5910019.742752139,15981443.347222226,88.17919840394475,8.42,
2025/03/22 16:15:00,2.43,10.32,6.66,94.67,61.63,88.01,2.697005906088869,5868812.816342946,15828722.518888889,88.3691450518765,8.44,
2025/03/22 16:30:00,2.38,10.36,6.68,94.86,61.6,88.01,2.6885914541700267,5898553.485391123,15859295.967777776,88.58667250372639,8.45,
2025/03/22 16:45:00,2.68,10.57,6.95,94.99,61.56,88.0,2.6909306322276287,5904794.560200122,15889897.979999999,88.41174978753617,8.44,
2025/03/22 17:00:00,2.69,10.47,6.82,94.93,61.58,88.0,2.6931988139615135,5899916.119480986,15890149.012222225,88.34882086550488,8.43,
2025/03/22 17:15:00,2.8,10.41,6.87,94.87,61.6,88.0,2.699907423160873,5885449.362193055,15890687.999999998,88.18816942604265,8.47,
2025/03/22 17:30:00,2.89,10.54,6.99,94.81,61.62,87.99,2.7035644917786383,5875452.555265313,15885183.984999996,88.0479589144562,8.44,
2025/03/22 17:45:00,2.89,10.49,6.99,94.75,61.64,87.99,2.708109803760953,5865771.097238585,15885680.127777776,87.99365538662134,8.5,
2025/03/22 18:00:00,2.84,10.56,6.99,94.69,61.66,87.98,2.7088085945441374,5862210.484683638,15880123.746666672,87.98885489948898,8.49,
2025/03/22 18:15:00,2.82,10.54,7.01,94.63,61.68,87.98,2.7102996168497855,5859150.407967463,15880577.044444444,87.95495696029923,8.48,
2025/03/22 18:30:00,2.74,10.59,6.96,94.62,61.7,87.98,2.707865616483498,5864582.942371427,15881011.3,88.0238914735972,8.46,
2025/03/22 18:45:00,2.74,10.5,6.88,94.66,61.73,87.97,2.705924611719189,5864360.384710379,15869026.311111107,88.0596732509663,8.45,
2025/03/22 19:00:00,2.8,10.49,6.91,94.7,61.75,87.97,2.705562245987821,5865174.225595694,15869108.749999996,88.03728901378089,8.44,
2025/03/22 19:15:00,2.85,10.5,6.94,94.73,61.77,87.97,2.706053816762149,5864018.839603282,15868868.399999999,88.01537711710503,8.45,
2025/03/22 19:30:00,2.89,10.53,6.99,94.77,61.79,87.96,2.706245197946171,5861155.568272114,15862244.725555552,88.0119051613028,8.47,
2025/03/22 19:45:00,2.92,10.55,7.01,94.81,61.81,87.96,2.7047210029349325,5864242.585339772,15861660.222222218,88.01871890269798,8.45,
2025/03/22 20:00:00,2.92,10.6,7.07,94.85,61.83,87.96,2.702392348357165,5869184.974871351,15861361.468333328,88.05461642042611,8.43,
2025/03/22 20:15:00,2.94,10.62,7.06,94.89,61.85,87.95,2.7020656067745996,5867418.841714907,15854666.85,88.07051205601948,8.45,
2025/03/22 20:30:00,3.12,10.73,7.19,94.93,61.87,87.95,2.7074083374927476,5855601.381801103,15854024.755555559,87.93063433652003,8.51,
2025/03/22 20:45:00,3.05,10.59,7.09,94.96,61.89,87.95,2.7047226738339747,5861281.794347025,15853667.597777778,88.02506878653169,8.52,
2025/03/22 21:00:00,3.09,10.58,7.07,95.0,61.91,87.94,2.7041886890746425,5859938.013203717,15846902.035555556,88.02184196847102,8.52,
2025/03/22 21:15:00,3.1,10.7,7.23,95.04,61.93,87.94,2.7024974667177006,5863344.212446088,15846202.35,88.04785082703248,8.51,
2025/03/22 21:30:00,3.09,10.66,7.17,95.08,61.95,87.94,2.7006424930491897,5867219.002471422,15845786.78833333,88.09311252282734,8.51,
2025/03/22 21:45:00,3.0,10.67,7.1,95.14,61.97,88.0,2.695897248072588,5890857.137177099,15881659.316111114,88.23375632655774,8.51,
2025/03/22 22:00:00,2.94,10.69,7.12,95.22,61.99,88.17,2.690424196819324,5801052.778849114,15607796.050000003,88.36335556208167,8.49,
2025/03/22 22:15:00,3.04,10.64,7.07,95.31,62.01,88.34,2.689820425007662,5897200.794818755,15862922.466111116,88.34615218659873,8.5,
2025/03/22 22:30:00,3.1,10.63,7.09,95.4,62.03,88.51,2.6881694128607063,5955024.846326783,16008635.524444444,88.36771479273008,8.51,
2025/03/22 22:45:00,3.11,10.64,7.14,95.48,62.05,88.69,2.6852437510155838,6002370.309398144,16118355.879999999,88.4290349402096,8.51,
2025/03/22 23:00:00,3.11,10.69,7.2,95.57,62.07,88.86,2.6820349672643333,6048143.921346685,16221865.916666666,88.5087727625881,8.52,
2025/03/22 23:15:00,3.12,10.73,7.22,95.66,62.09,89.03,2.6787128194491534,6094456.899843112,16325831.573333329,88.57891961467578,8.52,
2025/03/22 23:30:00,3.16,10.76,7.26,95.74,62.11,89.2,2.6773072419081974,6136424.131453046,16429628.985000005,88.61076312647694,8.54,
2025/03/22 23:45:00,3.1,10.77,7.27,95.83,62.13,89.38,2.6729336792345464,6187739.307735316,16539955.208333328,88.74854686349286,8.56,
2025/03/23 00:00:00,2.22,10.8,6.92,97.41,61.32,91.19,2.593272479088826,6996538.6694044545,18144438.5711111,90.9995830645727,8.67,
2025/03/23 00:15:00,3.2,10.81,7.3,108.97,63.6,101.0,2.1746982653841456,8072099.467605988,17554780.833333336,100.06612236411341,9.44,
2025/03/23 00:30:00,3.01,10.73,7.12,106.13,62.79,98.97,2.2864375861197064,7416498.750044214,16957773.03,97.81711472229152,9.24,
2025/03/23 00:45:00,3.02,10.73,7.13,106.17,62.93,98.92,2.285381757826348,7370536.634477212,16844899.56111111,97.84166103511915,9.25,
2025/03/23 01:00:00,3.05,10.85,7.24,106.22,63.07,98.87,2.2837917821638047,7326356.313090015,16732277.588888891,97.8552526800063,9.25,
2025/03/23 01:15:00,3.05,10.79,7.18,106.27,63.22,98.83,2.2816806901447384,7283706.204300497,16619493.641666666,97.89826794903713,9.25,
2025/03/23 01:30:00,3.04,10.8,7.18,106.32,63.36,98.78,2.2793957440054426,7241822.5717325425,16507376.868888887,97.95108949174057,9.25,
2025/03/23 01:45:00,3.04,10.74,7.13,106.36,63.51,98.73,2.2777031694206396,7196048.584897518,16390857.743333334,97.98549490706837,9.25,
2025/03/23 02:00:00,3.07,10.73,7.18,106.41,63.65,98.68,2.276096220441395,7151914.401352071,16278843.845,97.99906151527563,9.25,
2025/03/23 02:15:00,3.13,10.73,7.13,106.46,63.79,98.63,2.275458823120059,7104984.77820844,16167490.386666665,97.98311849124156,9.26,
2025/03/23 02:30:00,3.15,10.79,7.19,106.5,63.94,98.59,2.2745601532417488,7058770.876238742,16055986.099999998,97.99782169663118,9.27,
2025/03/23 02:45:00,3.14,10.8,7.22,106.55,64.08,98.54,2.272722694387889,7015704.918890966,15945137.841111112,98.0505593431116,9.28,
2025/03/23 03:00:00,3.23,10.86,7.32,106.6,64.22,98.49,2.272581861518661,6967473.280162172,15834541.078888888,98.00514937098906,9.29,
2025/03/23 03:15:00,3.29,10.81,7.28,106.68,64.37,98.44,2.272024898350271,6918410.33842016,15719186.315555554,98.01478013978267,9.33,
2025/03/23 03:30:00,3.4,10.83,7.39,107.12,64.51,98.39,2.253510813275782,6926398.5324977655,15609101.37111111,98.28482891189273,9.3,
2025/03/23 03:45:00,3.62,10.82,7.44,107.18,63.93,98.34,2.2615588058816165,6999466.8517392855,15830108.305000002,98.11951853407311,9.45,
2025/03/23 04:00:00,5.34,10.72,8.12,100.92,63.1,91.74,2.5191556567529743,5225490.923640691,13164348.951111106,91.03337812335766,8.6,
2025/03/23 04:15:00,5.34,10.73,8.11,98.07,62.91,89.43,2.626056383281044,4642290.727368591,12191432.586666672,88.5463695359218,8.33,
2025/03/23 04:30:00,5.41,10.87,8.23,98.01,62.72,89.05,2.6287139637145187,4604954.459575337,12105616.838333331,88.42573754739661,8.3,
2025/03/23 04:45:00,5.31,10.83,8.09,97.96,62.53,88.67,2.63204059667245,4566529.621632302,12019779.028888889,88.47863014788214,8.37,
2025/03/23 05:00:00,5.17,10.71,7.95,97.9,62.34,88.3,2.629736191181381,4539518.616874414,11938216.546666663,88.56292269213937,8.34,
2025/03/23 05:15:00,5.18,10.72,8.07,97.84,62.15,87.92,2.6304782134036286,4505584.048500608,11852337.40166667,88.50095091418945,8.3,
2025/03/23 05:30:00,5.18,10.72,8.03,97.78,61.96,87.66,2.636039254289077,4484434.266161001,11821634.488888886,88.44752013626106,8.36,
2025/03/23 05:45:00,5.23,10.75,8.09,97.72,61.77,87.42,2.6387721439462135,4471636.235812069,11800124.325,88.3462592843709,8.34,
2025/03/23 06:00:00,5.19,10.76,8.06,97.61,61.58,87.19,2.6434548216855744,4470816.948096978,11818892.64111111,88.28836885389455,8.36,
2025/03/23 06:15:00,5.2,10.77,8.05,97.44,61.39,86.96,2.6498860479575645,4480786.060202433,11874063.067777773,88.12937775659763,8.34,
2025/03/23 06:30:00,4.86,10.78,7.92,94.05,61.2,85.78,2.778719094193477,5115131.943214752,14214116.937777773,85.46256509204274,8.22,
2025/03/23 07:15:00,3.5,10.72,7.8,99.54,60.87,89.12,2.5257753973758597,5312004.629545789,13417408.125000004,91.62968313052619,8.38,
2025/03/23 07:30:00,4.49,10.7,7.68,95.8,60.87,88.13,2.7026291953056854,5365542.782109259,14501629.41333333,87.37348896057229,8.38,
2025/03/23 07:45:00,3.38,10.66,7.26,94.66,60.87,87.24,2.7236661395613826,5663010.230158666,15424681.744999995,87.43879188736247,8.47,
2025/03/23 08:00:00,3.02,10.66,7.13,94.8,60.87,87.26,2.7095735600450315,5965814.722072838,16165346.975555561,87.91210983554855,8.5,
2025/03/23 08:15:00,2.86,10.64,7.07,94.82,60.87,87.29,2.7041875795072103,5971903.653392086,16149672.672222227,88.08519820942816,8.49,
2025/03/23 08:30:00,2.81,10.65,7.03,94.83,60.87,87.31,2.7021158200293676,5968285.2033642,16127514.260000005,88.14272417688164,8.48,
2025/03/23 08:45:00,2.75,10.7,7.1,94.84,60.87,87.33,2.7004948668368445,5963642.426646519,16105303.83,88.20964297703767,8.49,
2025/03/23 09:00:00,2.77,10.66,6.98,94.85,60.87,87.36,2.7006285049317666,5957471.107333187,16089422.616666663,88.19915480967505,8.49,
2025/03/23 09:15:00,2.69,10.58,6.94,94.87,60.87,87.38,2.698085135330349,5954810.235069232,16067095.378888886,88.29435927095159,8.5,
2025/03/23 09:30:00,2.64,10.58,6.94,94.88,60.87,87.4,2.6956699008876255,5951844.160880678,16044716.123333337,88.35202978693552,8.48,
2025/03/23 09:45:00,2.67,10.61,6.99,94.89,60.87,87.43,2.695346611711747,5946588.373875921,16028628.000000006,88.33215337538356,8.46,
2025/03/23 10:00:00,2.7,10.64,7.0,94.9,60.87,87.45,2.695376214771682,5938178.196095748,16006131.93666667,88.31212232373342,8.45,
2025/03/23 10:15:00,2.8,10.63,7.04,94.91,60.88,87.48,2.697962256693085,5933169.67972006,16007983.444444442,88.22391492492075,8.46,
2025/03/23 10:30:00,2.86,10.63,7.07,94.93,60.88,87.5,2.6987423142226525,5955954.918951249,16074109.88333333,88.18353007541596,8.46,
2025/03/23 10:45:00,2.82,10.65,7.05,94.94,60.88,87.52,2.6972979151238325,5911905.837864451,15946683.279999994,88.23121464561882,8.46,
2025/03/23 11:00:00,2.77,10.68,7.03,94.95,60.88,87.55,2.695593429069239,5918173.096502047,15953493.196666658,88.28859397124431,8.46,
2025/03/23 11:15:00,2.82,10.67,7.09,94.96,60.88,87.57,2.696504643228139,5925202.932897288,15977852.84333333,88.2490078809816,8.46,
2025/03/23 11:30:00,2.83,10.7,7.08,94.98,60.88,87.59,2.6959745145584084,5935297.3523751,16001920.934999997,88.2571026086939,8.46,
2025/03/23 11:45:00,2.83,10.62,7.05,94.99,60.88,87.62,2.695576838659492,5947444.855256366,16032313.134444444,88.26599801193929,8.46,
2025/03/23 12:00:00,2.84,10.66,7.06,95.0,60.88,87.64,2.695442607765832,5956802.018047139,16056732.926666666,88.26519548728331,8.46,
2025/03/23 12:15:00,2.9,10.71,7.11,95.01,60.88,87.66,2.696615364820977,5963273.587721672,16081171.296666658,88.21590101941737,8.46,
2025/03/23 12:30:00,2.93,10.71,7.13,95.03,60.88,87.69,2.6969730515626544,5973662.369416315,16111326.513333328,88.20444261499483,8.47,
2025/03/23 12:45:00,2.88,10.74,7.15,95.04,60.88,87.71,2.6959958741562655,5984908.016557721,16135806.451111104,88.2615332120215,8.49,
2025/03/23 13:00:00,2.82,10.82,7.13,95.05,60.88,87.73,2.6943911081557075,5997570.121696047,16160304.966666665,88.32846607170973,8.5,
2025/03/23 13:15:00,2.84,10.75,7.15,95.06,60.88,87.76,2.694517160537756,6008618.788495962,16190845.44,88.3179640724052,8.5,
2025/03/23 13:30:00,2.9,10.78,7.14,95.07,60.88,87.78,2.6956937626401114,6014985.5345891565,16215073.416666666,88.26866679755179,8.5,
2025/03/23 13:45:00,2.89,10.79,7.16,95.09,60.88,87.8,2.6949995535303604,5975660.282443555,16104913.928888883,88.29600257977431,8.51,
2025/03/23 14:00:00,2.89,10.66,7.03,95.1,60.89,87.83,2.694242956500197,5988280.709981194,16134395.93333333,88.30504058805774,8.5,
2025/03/23 14:15:00,2.88,10.65,7.08,95.12,60.89,87.85,2.6924602849639276,6003201.681628141,16163903.946666665,88.33281644717931,8.48,
2025/03/23 14:30:00,2.86,10.67,7.06,95.14,60.89,87.87,2.6907802891375714,6017927.791902345,16193437.96888889,88.37014441815593,8.47,
2025/03/23 14:45:00,2.82,10.71,7.15,95.16,60.89,87.9,2.688577546163004,6036084.887768672,16229006.517777776,88.42687124303427,8.46,
2025/03/23 15:00:00,2.84,10.73,7.09,95.19,61.37,87.92,2.689735767290944,5900707.826316167,15871846.650000004,88.43340044681511,8.51,
2025/03/23 15:15:00,3.18,10.75,7.27,95.96,61.93,87.95,2.669818060473587,5817565.287881247,15532348.443333333,88.78609402960473,8.56,
2025/03/23 15:30:00,3.12,10.79,7.19,94.89,61.88,87.97,2.7075450909924057,5745896.246850778,15557775.731666666,87.89563630518131,8.47,
2025/03/23 15:45:00,3.09,10.78,7.17,94.88,61.8,87.89,2.707883652067812,5739137.4841305,15541417.301666666,87.91554797562046,8.49,
2025/03/23 16:00:00,3.11,10.82,7.26,94.86,61.72,87.69,2.7099326473265983,5702409.77338936,15453651.931666667,87.87806805402882,8.51,
2025/03/23 16:15:00,3.16,10.8,7.26,94.85,61.65,87.5,2.7109323306614814,5667987.755981056,15366037.041666668,87.82096407705902,8.49,
2025/03/23 16:30:00,3.1,10.83,7.24,94.83,61.57,87.31,2.7101411036779157,5639674.496010037,15284809.539999997,87.86136638150518,8.49,
2025/03/23 16:45:00,3.14,10.89,7.29,94.82,61.49,87.11,2.7119636665796785,5603687.0705882255,15197487.946666662,87.81352864965997,8.5,
2025/03/24 00:15:00,1.32,10.8,7.32,98.34,60.8,87.95,2.524131459212709,5559738.128040877,14033928.516666668,92.6991940326838,8.35,
2025/03/24 00:30:00,2.21,10.8,7.03,101.72,61.28,93.73,2.4323026658038738,6861580.143086903,16689871.48888889,94.7862912800956,8.84,
2025/03/24 00:45:00,2.27,10.8,6.99,101.92,61.76,95.11,2.426497673415517,7033332.253194381,17066799.505555555,94.90165355550725,8.86,
2025/03/24 01:00:00,2.32,10.81,7.03,102.51,62.24,96.06,2.405480448556241,7160327.5184699735,17224463.996666662,95.36565427184809,8.89,
2025/03/24 01:15:00,2.92,10.84,7.16,103.02,62.96,96.4,2.399069010814199,7089566.212087804,17008798.98666667,95.22139016770076,8.94,
2025/03/24 01:30:00,2.77,10.82,7.08,101.6,61.6,96.29,2.4514580065733873,7188036.516722722,17621635.404999997,94.13432105849454,8.91,
2025/03/24 01:45:00,2.72,10.81,7.07,101.61,61.57,96.18,2.450025028759355,7166305.483837749,17558091.39333333,94.19184935295155,8.91,
2025/03/24 02:00:00,2.68,10.82,7.09,101.62,61.53,96.06,2.4488005876279404,7143983.300687265,17494653.275,94.23961242394739,8.91,
2025/03/24 02:15:00,2.69,10.82,7.1,101.63,61.5,95.95,2.4486123435537928,7118668.179723041,17431321.05,94.23855715991539,8.91,
2025/03/24 02:30:00,2.71,10.83,7.07,101.63,61.46,95.84,2.4490272482620754,7093711.203840055,17373147.99,94.21902952838256,8.91,
2025/03/24 02:45:00,2.73,10.84,7.12,101.64,61.43,95.73,2.449459854720834,7066685.158384199,17310020.933333334,94.2081047403009,8.92,
2025/03/24 03:00:00,2.75,10.81,7.1,101.65,61.4,95.61,2.449478680631128,7038845.086794028,17241959.735000003,94.19728348813572,8.92,
2025/03/24 03:15:00,2.77,10.8,7.11,101.65,61.36,95.5,2.4498929186884824,7014030.9158365065,17184084.5,94.17775442536878,8.92,
2025/03/24 03:30:00,2.78,10.79,7.11,101.66,61.33,95.39,2.4492880449710417,6990119.418000114,17121275.123333335,94.1768001071139,8.91,
2025/03/24 03:45:00,2.8,10.79,7.09,101.67,61.29,95.27,2.4493061492626973,6964630.016307245,17058966.185555555,94.16597612656325,8.91,
2025/03/24 04:00:00,2.79,10.79,7.08,101.67,61.26,95.16,2.449099329481932,6939659.55576624,16996367.666666664,94.17574133613756,8.91,
2025/03/24 04:15:00,2.77,10.78,7.08,101.68,61.22,95.05,2.4482890831914044,7125117.947214166,17444813.509444445,94.2039776376278,8.91,
2025/03/24 04:30:00,2.72,10.75,7.04,101.69,61.19,94.93,2.4472750680681106,7078853.363992628,17324361.584444445,94.2614038121338,8.92,
2025/03/24 04:45:00,2.66,10.72,7.02,101.69,61.15,94.82,2.4464469689767676,7036356.006236123,17214530.110555552,94.31988483687607,8.93,
2025/03/24 05:00:00,2.63,10.72,7.0,101.7,61.12,94.73,2.4458427053241407,7046614.442864405,17235366.71388889,94.35777895871382,8.94,
2025/03/24 05:15:00,2.54,10.71,6.97,101.69,61.08,94.74,2.4443756569811788,7075723.70238838,17296181.65,94.4369380885146,8.94,
2025/03/24 05:30:00,2.62,10.7,7.02,101.68,61.05,94.75,2.4460138199620087,7018756.599668073,17168435.044444446,94.35023169125947,8.93,
2025/03/24 05:45:00,2.76,10.7,7.03,101.67,61.02,94.75,2.44847779904207,6957313.662341161,17035285.904999997,94.20503635125816,8.91,
2025/03/24 06:00:00,2.75,10.64,6.99,101.65,60.98,94.76,2.448645509680551,6971793.727454687,17071912.806666672,94.19749229071579,8.9,
2025/03/24 06:15:00,2.65,10.64,6.92,101.64,60.95,94.76,2.44614062869421,7001824.917315204,17127901.816666666,94.28663890729413,8.88,
2025/03/24 06:30:00,2.54,10.62,6.92,101.63,60.91,94.77,2.443431902545768,7036685.779335253,17194119.28666666,94.38554258369062,8.86,
2025/03/24 06:45:00,2.39,10.62,6.88,101.62,60.88,94.77,2.4399090461694577,7069863.991913742,17250277.354444444,94.52348461587353,8.84,
2025/03/24 07:00:00,2.22,10.6,6.84,101.61,60.86,94.78,2.435987568327511,7104329.279460299,17306507.875555556,94.68092867275047,8.82,
2025/03/24 07:15:00,2.14,10.6,6.84,101.6,60.87,94.78,2.434747443075408,7121053.208879772,17338416.602222223,94.75028822711174,8.82,
2025/03/24 07:30:00,2.14,10.58,6.8,101.61,60.89,94.79,2.433937704197292,7135230.259668568,17367154.566666666,94.75911949973646,8.81,
2025/03/24 07:45:00,2.13,10.56,6.79,101.62,60.9,94.79,2.4333419071796594,7148940.166085742,17396266.06055556,94.77759254187009,8.81,
2025/03/24 08:00:00,2.13,10.56,6.78,101.63,60.92,94.8,2.43252998621583,7141292.7607798,17371857.066666663,94.78642399663738,8.8,
2025/03/24 08:15:00,2.12,10.53,6.75,101.64,60.93,94.8,2.4315128698483965,7075375.3154894905,17204309.778333332,94.80501503156523,8.79,
2025/03/24 08:30:00,2.11,10.51,6.74,101.65,60.95,94.81,2.4309175031562242,7097821.61572848,17254664.72888889,94.8234878011772,8.79,
2025/03/24 08:45:00,2.1,10.5,6.73,101.66,60.96,94.81,2.429899117338949,7142694.239394512,17356474.666666668,94.84207936170307,8.78,
2025/03/24 09:00:00,2.09,10.51,6.75,101.67,60.98,94.82,2.428879106151334,7175612.125783229,17429145.36,94.86067150974324,8.77,
2025/03/24 09:15:00,2.09,10.53,6.74,101.69,60.99,94.82,2.4285197550349813,7175525.1110898815,17426351.72666666,94.87797759370582,8.78,
2025/03/24 09:30:00,2.09,10.53,6.79,101.7,61.01,94.83,2.428126438372303,7146909.430983253,17354050.96333333,94.8866900475409,8.78,
2025/03/24 09:45:00,2.11,10.55,6.77,101.73,61.02,94.83,2.427778030574341,7104267.737174098,17248028.746666662,94.89318701257163,8.79,
2025/03/24 10:00:00,2.12,10.55,6.8,101.79,61.03,94.84,2.426047330240957,7063056.570544542,17135753.25,94.93557230385227,8.8,
2025/03/24 10:15:00,2.14,10.56,6.81,101.86,61.05,94.84,2.4236994774595972,7073324.751149533,17144056.703888893,94.97701150569081,8.8,
2025/03/24 10:30:00,2.15,10.57,6.82,101.92,61.06,94.85,2.421966248734914,7088592.087594219,17168774.088888884,95.01937526511713,8.81,
2025/03/24 10:45:00,2.17,10.55,6.8,101.98,61.08,94.85,2.420006149697381,7100342.179407299,17183314.79944444,95.05208206987636,8.81,
2025/03/24 11:00:00,2.18,10.56,6.84,102.04,61.09,94.86,2.4182694444663784,7205480.192331083,17425244.955555554,95.09442600094263,8.82,
2025/03/24 11:15:00,2.2,10.59,6.83,102.1,61.11,94.87,2.4167321697498196,7048006.777791489,17033581.742222223,95.12699630555896,8.83,
2025/03/24 11:30:00,2.21,10.62,6.86,102.17,61.12,94.87,2.414598280936631,7087038.494913148,17112789.375000004,95.17802106387516,8.84,
2025/03/24 11:45:00,2.23,10.65,6.89,102.16,61.14,94.88,2.4153916043135135,7214795.1773917675,17427002.413333327,95.1497908249341,8.84,
2025/03/24 12:00:00,2.24,10.7,6.9,102.12,61.15,94.88,2.416742998609022,7048034.021905243,17033719.333888885,95.10533845942639,8.83,
2025/03/24 12:15:00,2.26,10.73,6.96,102.17,61.17,94.89,2.4143061217920305,7101380.431799939,17145344.259999998,95.12953217319209,8.81,
2025/03/24 12:30:00,2.27,10.74,6.94,102.23,61.18,94.89,2.4138533028888522,7078555.621856053,17087027.80277778,95.17150465129292,8.85,
2025/03/24 12:45:00,2.29,10.76,6.97,102.28,61.2,94.9,2.413975976009803,7155358.32744565,17273301.95555556,95.1950160015232,8.89,
2025/03/24 13:00:00,2.3,10.78,7.03,102.3,61.21,94.83,2.4146456744536233,7149485.063245954,17263916.694444444,95.20231855279424,8.92,
2025/03/24 13:15:00,2.53,10.82,7.07,102.3,61.22,94.74,2.4192542083650617,7031950.973226722,17012515.47111111,94.9776576590302,8.92,
2025/03/24 13:30:00,2.65,10.85,7.1,101.99,61.24,94.65,2.432274970233194,7020633.912697285,17076556.322222225,94.59127305579577,8.88,
2025/03/24 13:45:00,2.63,10.91,7.12,101.61,61.25,94.56,2.4464965791074005,6948339.581343854,16999530.881666668,94.28014762955814,8.87,
2025/03/24 14:00:00,2.54,10.95,7.15,101.63,61.27,94.47,2.4442693681504015,6935805.532337179,16953415.84444444,94.38532431043633,8.88,
2025/03/24 14:15:00,2.61,10.95,7.18,101.8,61.28,94.38,2.4389897969107444,6865750.16915752,16745929.93333333,94.46499921957634,8.88,
2025/03/24 14:30:00,2.72,10.97,7.22,101.92,61.3,94.29,2.4369031190187793,6867654.269521487,16736244.873333337,94.46189620500516,8.89,
2025/03/24 14:45:00,2.74,10.97,7.22,101.97,61.31,94.2,2.4357491144844103,6884886.3222208405,16770293.063333334,94.48575550664039,8.9,
2025/03/24 15:00:00,2.77,10.99,7.23,102.03,61.3,94.11,2.433975104390488,6898345.147325938,16790836.486111112,94.50863950711486,8.9,
2025/03/24 15:15:00,2.86,11.02,7.26,102.08,61.23,94.02,2.434666372620399,6835262.473771589,16642016.178333333,94.46399117750941,8.92,
2025/03/24 15:30:00,2.92,11.06,7.35,101.83,61.16,93.93,2.4462697770909148,6807086.57314353,16652412.302777784,94.18782676729269,8.93,
2025/03/24 15:45:00,2.98,11.08,7.35,101.35,61.09,93.84,2.4665843375487966,6771105.6901131645,16701950.527777776,93.7113188200109,8.93,
2025/03/25 06:45:00,1.84,11.18,7.76,97.61,62.04,88.05,2.5677978951441522,5290748.427632222,13585996.929999996,91.54869785037911,8.44,
2025/03/25 07:00:00,2.96,11.16,7.39,103.15,62.4,96.43,2.3993945583621867,7348708.84723491,17632897.83444445,95.29396817506908,9.05,
2025/03/25 07:15:00,3.59,11.13,7.67,102.23,62.76,94.89,2.447432076370033,6747327.07431248,16514095.289999997,93.87999002109851,9.01,
2025/03/25 07:30:00,3.18,11.14,7.5,100.12,62.23,93.35,2.5159777621801505,6341813.713952502,15956314.928888885,92.44365979615594,8.84,
2025/03/25 07:45:00,3.02,11.12,7.41,100.2,61.54,93.17,2.5092830886123614,6467629.129825126,16229562.109444445,92.66964798131674,8.84,
2025/03/25 08:00:00,2.98,11.1,7.35,100.28,60.85,93.13,2.5056501069647537,6614898.820530117,16575075.219999995,92.77847687326017,8.85,
2025/03/25 08:15:00,2.98,11.1,7.34,100.36,60.78,93.09,2.501675590468606,6636365.226477141,16602484.525,92.8486090891587,8.83,
2025/03/25 08:30:00,2.97,11.08,7.35,100.44,60.89,93.05,2.4970536830041357,6622716.095842784,16537729.706666663,92.92859280620215,8.8,
2025/03/25 08:45:00,3.13,11.07,7.4,100.52,61.0,93.01,2.496919237893282,6596941.698146999,16472488.266666666,92.84246852122499,8.79,
2025/03/25 09:00:00,3.35,11.07,7.47,100.6,61.11,92.97,2.498906608815536,6565539.50489114,16407135.360000001,92.69748810981113,8.8,
2025/03/25 09:15:00,3.54,11.06,7.58,100.68,61.22,92.93,2.502368130552274,6530290.345843976,16341670.98666667,92.58118463714602,8.86,
2025/03/25 09:30:00,3.55,11.08,7.57,100.66,61.33,92.89,2.5025401744913998,6503786.500381617,16276461.593333334,92.55417872872142,8.84,
2025/03/25 09:45:00,3.57,11.07,7.59,100.6,61.44,92.85,2.5058076942621534,6469089.7051604055,16210772.544999998,92.48220199830757,8.85,
2025/03/25 10:00:00,3.63,11.07,7.6,100.55,61.55,92.81,2.509548046675374,6433227.547116488,16144972.030000001,92.37989499112888,8.86,
2025/03/25 10:15:00,3.69,11.06,7.61,100.49,61.66,92.77,2.5136950683397434,6396392.196020741,16079060.048333336,92.26885839338144,8.87,
2025/03/25 10:30:00,3.76,11.08,7.68,100.43,61.77,92.73,2.518902625434832,6357097.1866696365,16013396.08,92.14785762176699,8.9,
2025/03/25 10:45:00,3.74,11.09,7.69,100.38,61.88,92.7,2.5204672248033746,6328965.254355239,15952435.424444443,92.12373760887318,8.9,
2025/03/25 11:00:00,3.67,11.1,7.65,100.32,61.99,92.66,2.5213206264612213,6300552.846236889,15886191.016666664,92.13968035425837,8.9,
2025/03/25 11:15:00,3.33,11.11,7.5,99.53,62.1,92.62,2.542337170371889,6424202.656730209,16332964.51111111,91.7812845428064,8.83,
2025/03/25 11:30:00,3.22,11.14,7.45,99.57,62.21,92.58,2.5402328175105695,6455814.283743075,16399737.572777774,91.92300199944006,8.88,
2025/03/25 11:45:00,3.18,11.16,7.49,99.62,62.32,92.54,2.5369589245194906,6489891.596574999,16465058.084444443,92.00588391554305,8.87,
2025/03/25 12:00:00,3.24,11.19,7.54,99.67,62.43,92.5,2.5363419066775124,6463377.996664878,16393806.50111111,91.99116605142946,8.87,
2025/03/25 12:15:00,3.31,11.22,7.57,99.72,62.54,92.46,2.5359462086355267,6428030.224795757,16301606.15111111,91.9666805178237,8.87,
2025/03/25 12:30:00,3.41,11.24,7.64,99.77,62.65,92.42,2.5358203560201598,6391893.476288977,16209164.638333334,91.9130252700036,8.86,
2025/03/25 12:45:00,3.53,11.23,7.67,99.82,62.76,92.38,2.536536718425924,6353821.355385546,16117175.029999996,91.83972664440003,8.86,
2025/03/25 13:00:00,3.68,11.26,7.76,99.87,62.87,92.34,2.5395471797499205,6309970.412157221,16024947.742222227,91.73671777904724,8.9,
2025/03/25 13:15:00,3.87,11.31,7.85,99.83,62.98,92.3,2.544644407595544,6263000.764431454,15937594.566666663,91.5165667631282,8.88,
2025/03/25 13:30:00,3.87,11.33,7.87,99.58,63.09,92.26,2.554274262918597,6206406.241260454,15853348.872777779,91.29800933689279,8.87,
2025/03/25 13:45:00,3.89,11.35,7.88,99.52,63.2,92.22,2.5579502253358437,6164564.333598267,15769131.045555554,91.22579565082542,8.89,
2025/03/25 14:00:00,3.97,11.38,7.95,99.9,63.31,92.18,2.5457359978844645,6161070.728769552,15684941.085,91.47978206106333,8.92,
2025/03/25 14:15:00,4.05,11.37,7.98,100.08,63.42,92.14,2.5403021722001236,6141118.269618822,15600778.991111109,91.55897091521855,8.92,
2025/03/25 14:30:00,4.08,11.4,8.01,100.05,63.53,92.1,2.542190929925204,6103461.2618456865,15516644.763888882,91.50348166114865,8.92,
2025/03/25 14:45:00,4.1,11.42,8.03,100.01,63.64,92.06,2.5438459449205246,6066558.235254381,15432868.391111111,91.44911165290065,8.91,
2025/03/25 15:00:00,4.12,11.45,8.08,99.97,63.75,92.02,2.545500759883353,6029583.189620594,15348788.155555552,91.39473895157857,8.9,
2025/03/25 15:15:00,4.16,11.47,8.06,99.94,63.86,91.98,2.548449096604674,5989628.579616001,15264735.786666669,91.32929267814993,8.92,
2025/03/25 15:30:00,4.22,11.48,8.09,99.9,63.97,91.96,2.5522543750081446,5952029.119589728,15191566.279999994,91.2355880010218,8.94,
2025/03/25 15:45:00,4.28,11.5,8.12,99.87,64.08,91.95,2.5540195206187435,5921401.001379585,15123847.493333334,91.15099023068481,8.92,
2025/03/25 16:00:00,4.3,11.5,8.16,99.83,64.2,91.95,2.555268721353375,5892137.84467574,15056473.208333332,91.09670071340538,8.9,
2025/03/25 16:15:00,4.26,11.52,8.13,99.79,64.02,91.94,2.555975024133906,5925583.708058822,15146117.604444446,91.10078954545689,8.9,
2025/03/25 16:30:00,4.21,11.53,8.14,99.76,63.8,91.94,2.556043331328421,5971093.058286719,15262849.909999998,91.1233709492556,8.9,
2025/03/25 16:45:00,4.15,11.56,8.1,99.72,63.57,91.93,2.5562853657886917,6016178.882318864,15379541.344444448,91.14696068483121,8.9,
2025/03/25 17:00:00,4.25,11.58,8.17,99.69,63.35,91.92,2.5597946120376567,6051378.8956751805,15490769.867222223,91.02313509742783,8.9,
2025/03/25 17:15:00,4.36,11.57,8.2,99.65,63.12,91.92,2.5651825786651066,6086236.38490402,15612801.6,90.88051942010402,8.93,
2025/03/25 17:30:00,4.32,11.58,8.21,99.61,62.9,91.91,2.5654680283176745,6129013.975770619,15724287.076666666,90.88467794369421,8.92,
2025/03/25 17:45:00,4.24,11.59,8.21,99.58,62.67,91.9,2.564013432664626,6177939.198383778,15840818.510000004,90.93670548628263,8.9,
2025/03/25 18:00:00,4.15,11.58,8.11,99.54,62.45,91.9,2.5643607094043053,6222532.919713143,15957309.072222222,90.98934852849587,8.92,
2025/03/25 18:15:00,4.07,11.59,8.11,99.51,62.22,91.89,2.562909984008622,6278749.367326311,16092361.853333334,91.04134894913096,8.9,
2025/03/25 18:30:00,3.99,11.6,8.07,99.33,62.0,91.88,2.5678915111034684,6331190.475081112,16258302.279999996,90.96194189882813,8.89,
2025/03/25 18:45:00,3.91,11.6,8.0,99.12,61.77,91.88,2.57405246247732,6385029.8551967135,16435891.437777773,90.85612747233338,8.88,
2025/03/25 19:00:00,3.84,11.62,8.04,98.91,61.55,91.87,2.581200647665927,6431257.411986139,16600865.355555562,90.74019830934733,8.89,
2025/03/25 19:15:00,3.71,11.6,7.95,98.7,61.33,91.87,2.5825852592137224,6488457.502717265,16757489.723333336,90.68375025343919,8.79,
2025/03/25 19:30:00,3.45,11.6,7.83,98.62,61.16,91.86,2.5784683745275987,6547110.226791564,16881998.222222224,90.86719213692645,8.76,
2025/03/25 19:45:00,3.5,11.61,7.86,98.65,60.99,91.85,2.57924244034156,6608706.821622831,17045946.182222214,90.84459334038047,8.78,
2025/03/25 20:00:00,3.56,11.62,7.87,98.66,60.93,91.85,2.5810461791420143,6580485.923756685,16985025.933333326,90.79469169954382,8.8,
2025/03/25 20:15:00,3.47,11.62,7.84,98.7,61.09,91.84,2.5765494745400974,6487553.1904344205,16715976.750000004,90.91771392595277,8.78,
2025/03/25 20:30:00,3.42,11.61,7.85,98.85,61.25,91.83,2.5694168138057005,6451632.490358947,16577404.40888889,91.0980730161868,8.78,
2025/03/25 20:45:00,3.42,11.62,7.81,99.01,61.41,91.83,2.563855155876541,6413892.4846199,16444751.180000003,91.2382025862632,8.8,
2025/03/25 21:00:00,3.42,11.63,7.84,99.16,61.57,91.82,2.559086915900316,6439066.782992508,16478593.388888882,91.36938902395254,8.83,
2025/03/25 21:15:00,3.46,11.6,7.85,99.32,61.73,91.81,2.5544453152579614,6448147.332498262,16471904.924444448,91.47039828886777,8.85,
2025/03/25 21:30:00,3.74,11.6,7.97,99.53,61.89,91.81,2.5552924907313166,6417562.040478384,16399226.8,91.38055216364462,8.92,
2025/03/25 21:45:00,4.0,11.6,8.1,99.81,62.05,91.8,2.5496342162516754,6401214.680413042,16321248.319444446,91.37193165828108,8.91,
2025/03/25 22:00:00,4.01,11.63,8.16,99.77,62.22,91.8,2.5506549547392896,6367877.435240901,16242752.68,91.32739718760381,8.89,
2025/03/25 22:15:00,4.01,11.6,8.09,99.58,62.38,91.79,2.5574879953904834,6320240.841756912,16164428.768888889,91.16142637788714,8.87,
2025/03/25 22:30:00,3.99,11.6,8.07,99.39,62.54,91.78,2.5646737119285627,6271794.261206929,16085591.646666665,91.01466911647715,8.87,
2025/03/25 22:45:00,3.95,11.6,8.09,99.2,62.7,91.78,2.5717779044009967,6226019.782066118,16012428.642222222,90.88720750878473,8.88,
2025/03/25 23:00:00,3.91,11.6,8.07,99.01,62.86,91.77,2.5784576227943687,6179186.143071594,15933255.029999996,90.75972857492192,8.88,
2025/03/25 23:15:00,3.87,11.59,8.04,98.82,62.57,91.76,2.585505859808812,6195415.230705905,16018769.818333333,90.63202867453543,8.89,
2025/03/25 23:30:00,3.66,11.57,7.93,98.72,62.0,91.83,2.5814034169241373,6278929.285904581,16208929.28111111,90.74980587116843,8.81,
2025/03/25 23:45:00,3.51,11.58,7.83,98.8,61.44,91.91,2.574299755319315,6363595.804720815,16382271.674999995,90.9662813130095,8.8,
2025/03/26 00:00:00,3.54,11.58,7.86,99.23,61.46,91.77,2.5578661369218696,6499079.086676457,16624248.623888886,91.31409801325675,8.8,
2025/03/26 00:15:00,3.56,11.57,7.86,99.13,61.48,91.77,2.561911750238861,6466001.189730463,16565799.567777777,91.20707308541506,8.79,
2025/03/26 00:30:00,3.57,11.58,7.87,99.03,61.5,91.77,2.5657295145207426,6384173.417788533,16380533.14333333,91.10977202761313,8.78,
2025/03/26 00:45:00,3.42,11.59,7.86,98.61,61.52,91.78,2.5789509445786596,6395392.310587376,16493878.72,90.88740597730056,8.78,
2025/03/26 01:00:00,3.38,11.57,7.81,98.62,61.54,91.78,2.5764286797333384,6487230.97640788,16714365.36,90.93549729546277,8.75,
2025/03/26 01:15:00,3.37,11.56,7.78,98.63,61.56,91.78,2.575797546150352,6474585.878980318,16677696.077777775,90.95401945267622,8.75,
2025/03/26 01:30:00,3.36,11.55,7.75,98.64,61.58,91.78,2.5755635504392913,6460951.290066824,16641060.699999997,90.97242513267032,8.76,
2025/03/26 01:45:00,3.35,11.56,7.79,98.65,61.6,91.79,2.5753269665618856,6449467.7396450015,16609961.03555556,90.99083102345199,8.77,
2025/03/26 02:00:00,3.33,11.56,7.79,98.66,61.62,91.79,2.574461827055901,6437564.374929936,16573735.29777778,91.01909316516604,8.77,
2025/03/26 02:15:00,3.34,11.56,7.77,98.68,61.64,91.79,2.573903200203617,6424765.725091293,16537192.925000003,91.02691309299618,8.77,
2025/03/26 02:30:00,3.35,11.54,7.8,98.69,61.67,91.79,2.5737395448530114,6408859.484773481,16495207.960000003,91.02595184795089,8.77,
2025/03/26 02:45:00,3.36,11.53,7.78,98.7,61.69,91.79,2.573576884787909,6395910.829280324,16460838.838888893,91.02498999249788,8.77,
2025/03/26 03:00:00,3.38,11.52,7.76,98.71,61.71,91.8,2.5736479060007023,6386143.823979368,16436154.313333329,91.01428584061352,8.77,
2025/03/26 03:15:00,3.39,11.52,7.77,98.72,61.73,91.8,2.573484438221939,6374978.03890945,16406375.76111111,91.01332254560292,8.77,
2025/03/26 03:30:00,3.4,11.52,7.76,98.73,61.75,91.8,2.5733211863523215,6363821.017272689,16376622.288888885,91.01235864133432,8.77,
2025/03/26 03:45:00,3.41,11.51,7.77,98.75,61.77,91.8,2.572361319723864,6354638.274908459,16346893.896666665,91.02028638925125,8.76,
2025/03/26 04:00:00,3.43,11.52,7.78,98.76,61.79,91.81,2.572430300177694,6345035.008060157,16322627.835555557,91.00957783570283,8.76,
2025/03/26 04:15:00,3.43,11.5,7.77,98.77,61.81,91.81,2.571631198464925,6335463.521495821,16292943.33333333,91.01846955640428,8.75,
2025/03/26 04:30:00,3.43,11.48,7.76,98.78,61.83,91.81,2.5716342400820698,6323787.217096025,16262935.810000002,91.02713081992238,8.76,
2025/03/26 04:45:00,3.43,11.48,7.8,98.79,61.85,91.81,2.5716352710696064,6312259.587191865,16233301.7,91.03579242316442,8.77,
2025/03/26 05:00:00,3.46,11.46,7.76,98.8,61.87,91.81,2.572336433836903,6299029.690979301,16203692.669999998,91.01522440564194,8.78,
2025/03/26 05:15:00,3.48,11.46,7.76,98.82,61.9,91.82,2.5724053611136557,6295328.477956971,16194605.58222222,91.01317431029271,8.79,
2025/03/26 05:30:00,3.5,11.45,7.79,98.83,61.92,91.82,2.5728704973146415,6296052.916922353,16199403.061111102,91.00234889010937,8.8,
2025/03/26 05:45:00,3.6,11.44,7.78,98.84,61.94,91.82,2.5752085622675174,6292056.434956174,16203832.699999996,90.91356583861503,8.81,
2025/03/26 06:00:00,3.54,11.43,7.77,98.85,61.96,91.82,2.5738001350067634,6297347.4839467285,16208588.611111106,90.98069782314367,8.82,
2025/03/26 06:15:00,3.47,11.4,7.72,98.86,61.98,91.83,2.5713719593877715,6307249.792678803,16218757.041666666,91.05779116584549,8.81,
2025/03/26 06:30:00,3.55,11.39,7.77,98.87,62.0,91.83,2.5724456747123177,6307929.572119173,16227286.331666665,90.98871969287747,8.8,
2025/03/26 06:45:00,3.51,11.38,7.7,98.89,62.02,91.83,2.5703188547042126,6316460.553151482,16235789.612777771,91.04535575079147,8.79,
2025/03/26 07:00:00,3.47,11.37,7.71,98.9,62.04,91.83,2.568589667676088,6324012.288796345,16244266.884999998,91.09321960870429,8.78,
2025/03/26 07:15:00,3.43,11.35,7.66,98.85,62.06,91.86,2.570441189635471,6329117.672786059,16269096.433333332,91.08810364104244,8.8,
2025/03/26 07:30:00,3.4,11.36,7.72,98.79,62.08,91.92,2.572903225106443,6339086.715505989,16310336.777777778,91.06445580303361,8.82,
2025/03/26 07:45:00,3.42,11.34,7.73,98.73,62.08,91.98,2.5749698318767664,6354283.2630112395,16362574.005555559,90.99253312144607,8.8,
2025/03/26 08:00:00,3.44,11.32,7.67,98.67,62.03,92.04,2.5770357508502246,6380121.0328798,16442283.934999999,90.92060447791903,8.78,
2025/03/26 08:15:00,3.38,11.31,7.66,98.61,61.98,92.09,2.577615558712534,6407536.266074933,16516651.476111114,90.9264841549205,8.77,
2025/03/26 08:30:00,3.27,11.29,7.6,98.55,61.93,92.15,2.577018585850856,6440061.364870905,16596641.001111116,90.98104002228688,8.76,
2025/03/26 08:45:00,3.16,11.28,7.56,98.48,61.89,92.21,2.5768127071632607,6469540.34581271,16671275.133333327,91.02677366219243,8.75,
2025/03/26 09:00:00,3.07,11.29,7.48,98.21,61.84,92.27,2.583009456857795,6485098.267048698,16751544.25388888,90.87774400631446,8.69,
2025/03/26 09:15:00,3.05,11.27,7.45,98.01,61.79,92.33,2.5908196368566494,6361224.830819303,16481253.726666661,90.72110135029864,8.7,
2025/03/26 09:30:00,3.02,11.28,7.47,98.09,61.74,92.38,2.5869526986151974,6396819.462570508,16548738.89777777,90.8207050037556,8.7,
2025/03/26 09:45:00,3.0,11.28,7.43,98.16,61.7,92.44,2.584109529645651,6430008.642041983,16616312.313333329,90.90163902928123,8.71,
2025/03/26 10:00:00,2.97,11.24,7.44,98.23,61.65,92.5,2.5806438269103893,6466817.5396449715,16689025.619444443,90.9924188998306,8.71,
2025/03/26 10:15:00,2.98,11.25,7.42,98.3,61.6,92.56,2.5785125882837394,6500539.273207403,16762192.92,91.0441313881055,8.72,
2025/03/26 10:30:00,3.0,11.41,7.6,98.37,61.55,92.62,2.5762260329242905,6534605.9949043505,16835096.532222226,91.08621826876191,8.72,
2025/03/26 10:45:00,3.01,11.29,7.44,98.44,61.51,92.67,2.5740937543832336,6564306.510096505,16897610.98666667,91.13790014660331,8.73,
2025/03/26 11:00:00,3.01,11.29,7.48,98.51,61.46,92.73,2.5713354482778583,6608664.35171077,16993570.317777783,91.19942526636662,8.73,
2025/03/26 11:15:00,3.02,11.41,7.59,98.58,61.41,92.79,2.5688104202360686,6640842.816778168,17059543.490000002,91.25119974629193,8.73,
2025/03/26 11:30:00,2.84,11.37,7.51,98.65,61.36,92.85,2.561874613747166,6680596.502922203,17115322.338888884,91.48795205630827,8.73,
2025/03/26 11:45:00,2.9,11.23,7.4,98.72,61.32,92.91,2.5605129602920336,6703798.446576901,17165639.205,91.49102919213536,8.73,
2025/03/26 12:00:00,2.84,11.29,7.46,98.79,61.27,92.96,2.556376943083291,6734461.4321017,17216298.482777774,91.61093060563044,8.73,
2025/03/26 12:15:00,2.63,11.29,7.41,100.81,61.23,92.96,2.4755630399245945,6961458.88030111,17233976.74777778,93.58327056638348,8.81,
2025/03/26 12:30:00,2.58,11.29,7.43,100.3,61.2,92.95,2.4941205096438885,6912536.2854739865,17241153.111111112,93.18658407801693,8.8,
2025/03/26 12:45:00,2.57,11.31,7.44,100.35,61.17,92.93,2.4923481012116535,6982217.094045024,17402572.63555556,93.23993193221452,8.81,
2025/03/26 13:00:00,2.57,11.22,7.38,100.4,61.13,92.92,2.4903875442980072,6987791.777078588,17402769.67611111,93.28364066709753,8.81,
2025/03/26 13:15:00,2.56,11.22,7.39,100.44,61.1,92.9,2.489007577045929,6987337.964809088,17391997.7,93.32823749913433,8.82,
2025/03/26 13:30:00,2.56,11.25,7.41,100.49,61.07,92.89,2.487451598265257,6989571.512701795,17386679.57888889,93.37181948726362,8.83,
2025/03/26 13:45:00,2.59,11.29,7.42,100.53,61.03,92.87,2.486530401429415,6990164.255972745,17381710.72,93.37751770503107,8.83,
2025/03/26 14:00:00,2.64,11.39,7.54,100.58,61.0,92.86,2.4860487301884975,6989362.2210573545,17376351.96,93.37232478147529,8.84,
2025/03/26 14:15:00,2.65,11.29,7.42,100.63,60.97,92.84,2.484300226768522,6989924.1781475125,17365523.902222224,93.40624627302319,8.84,
2025/03/26 14:30:00,2.63,11.22,7.4,100.67,60.93,92.83,2.4827041051740775,6994435.616274746,17365573.133333333,93.46057568182505,8.85,
2025/03/26 14:45:00,2.61,11.24,7.41,100.72,60.9,92.81,2.4807167828676056,6995662.512506008,17354714.422222223,93.523635013206,8.86,
2025/03/26 15:00:00,2.63,11.2,7.38,100.76,60.87,92.8,2.4795746399966636,6996692.512309388,17349279.02888889,93.53905363476343,8.86,
2025/03/26 15:15:00,2.61,11.17,7.37,100.81,60.83,92.78,2.4775877517253275,7000250.4652661225,17344194.175,93.60210388227149,8.87,
2025/03/26 15:30:00,2.59,11.21,7.37,100.86,60.8,92.77,2.4751993968043267,7004795.03188801,17338718.142777774,93.66526070184815,8.87,
2025/03/26 15:45:00,2.58,11.25,7.4,100.9,60.77,92.75,2.4738205200023957,7004288.056589607,17327803.35,93.70981861606002,8.88,
2025/03/26 16:00:00,2.57,11.18,7.36,100.95,60.73,92.74,2.472048574283899,7009267.592616769,17327704.77166666,93.76310069347375,8.89,
2025/03/26 16:15:00,2.57,11.19,7.37,100.99,60.7,92.73,2.469670900535496,7013773.978761915,17322167.432777777,93.79822682402056,8.87,
2025/03/26 16:30:00,2.57,11.28,7.43,100.81,60.67,92.71,2.47592577708482,6991629.059812693,17311206.659999993,93.64134593294824,8.85,
2025/03/26 16:45:00,2.56,11.2,7.38,100.6,60.63,92.7,2.4827334013807465,6972535.238667576,17311403.816666666,93.46804590753248,8.82,
2025/03/26 17:00:00,2.56,11.2,7.38,100.38,60.6,92.68,2.490143446457064,6964872.795092253,17343993.186666664,93.27614269029652,8.79,
2025/03/26 23:15:00,1.99,11.25,7.73,101.57,59.08,91.47,2.4215405439409383,6446334.60801573,15610490.059999999,94.8737799074133,8.56,
2025/03/26 23:30:00,3.63,11.33,7.77,99.16,59.21,92.45,2.561508304924943,6654781.259671973,17046786.826666664,91.16534682914903,8.77,
2025/03/26 23:45:00,3.36,11.31,7.67,98.47,59.34,92.12,2.580321045504233,6768839.228631958,17466294.877777778,90.82369817564025,8.71,
2025/03/27 00:00:00,2.62,11.28,7.4,99.75,59.25,92.23,2.514540807401605,6978869.882785721,17549119.72,92.6669020075019,8.75,
2025/03/27 00:15:00,2.53,11.2,7.33,100.18,59.32,93.0,2.495296205495852,7255620.487694519,18105398.76444444,93.13110158174268,8.74,
2025/03/27 00:30:00,2.5,11.21,7.35,100.37,59.39,93.77,2.4876037931185633,7369629.656305829,18333199.939999998,93.3263793344135,8.75,
2025/03/27 00:45:00,2.59,11.23,7.35,100.57,59.46,94.54,2.482500455307234,7473941.766255999,18554546.731111113,93.41316302422305,8.77,
2025/03/27 01:00:00,2.82,11.26,7.51,105.05,59.53,97.23,2.3180280200400416,7615777.968903469,17654009.388888888,97.07443724810906,9.02,
2025/03/27 01:15:00,2.74,11.28,7.51,105.16,59.6,97.29,2.3134448871936484,7622222.358336411,17634009.83055556,97.24747810778861,9.05,
2025/03/27 01:30:00,2.84,11.28,7.5,105.26,59.67,97.36,2.3120020511473993,7620544.315283727,17619130.656111106,97.23556972894013,9.07,
2025/03/27 01:45:00,2.78,11.23,7.46,105.37,59.73,97.43,2.3077587118407332,7629943.457083929,17608484.54444445,97.3889875498617,9.1,
2025/03/27 02:00:00,2.77,11.22,7.46,105.48,59.8,97.5,2.3034777872337604,7637472.495740444,17593163.683333334,97.49354433672691,9.11,
2025/03/27 02:15:00,2.77,11.26,7.5,105.58,59.87,97.57,2.29978172922247,7643085.728717972,17577842.822222218,97.57965914539953,9.12,
2025/03/27 02:30:00,2.75,11.16,7.37,105.69,59.94,97.64,2.2953142736063885,7651289.116688842,17562521.961111113,97.69397868081916,9.13,
2025/03/27 02:45:00,2.72,11.14,7.37,105.8,60.01,97.7,2.290667674734958,7658089.29704034,17542546.67,97.81808353244256,9.14,
2025/03/27 03:00:00,2.73,11.13,7.38,105.9,60.08,97.77,2.286665832481167,7664792.996407771,17527229.872777775,97.89441352484177,9.14,
2025/03/27 03:15:00,2.79,11.13,7.36,106.01,60.15,97.84,2.283555666852265,7668718.062103764,17512350.698333334,97.93022451233902,9.15,
2025/03/27 03:30:00,2.81,11.12,7.37,106.12,60.22,97.91,2.2797422828661835,7674826.810848715,17497033.90111111,98.00523108042944,9.16,
2025/03/27 03:45:00,2.83,11.11,7.37,106.22,60.29,97.98,2.2772639373727954,7676453.383283464,17481717.103888888,98.07146449968705,9.19,
2025/03/27 04:00:00,2.84,11.11,7.37,106.35,60.36,98.05,2.2742532137549203,7679881.40801567,17466400.306666665,98.1731688193635,9.24,
2025/03/27 04:15:00,2.88,11.34,7.59,106.54,60.43,98.11,2.2691880800189383,7688234.95432865,17446453.346666664,98.2970274560762,9.29,
2025/03/27 04:30:00,2.95,11.18,7.46,106.66,60.5,98.18,2.2643674599466483,7697839.405838501,17431140.613333337,98.3316394477104,9.27,
2025/03/27 04:45:00,2.94,11.1,7.4,106.4,60.56,98.25,2.273845574490904,7661241.033863343,17420887.537777778,98.118075807845,9.24,
2025/03/27 05:00:00,2.99,11.09,7.4,106.14,60.63,98.32,2.284298620363313,7638824.808413717,17449770.641111106,97.84553865710008,9.21,
2025/03/27 05:15:00,2.99,11.22,7.49,105.88,60.7,98.39,2.293849687543144,7613696.254742589,17465087.438333333,97.62193960263632,9.18,
2025/03/27 05:30:00,2.81,11.22,7.47,105.68,60.77,98.45,2.2981494095354584,7604288.755392665,17476203.8,97.62631457321908,9.16,
2025/03/27 05:45:00,2.78,11.09,7.37,105.6,60.84,98.27,2.3004950059981817,7552743.951111289,17375463.47777777,97.58686299398735,9.15,
2025/03/27 06:00:00,2.81,11.22,7.42,105.52,60.87,98.06,2.3038919137698057,7500002.060492869,17279597.964444444,97.4885831946828,9.14,
2025/03/27 06:15:00,2.81,11.08,7.35,105.44,60.9,97.84,2.3067556585828224,7446840.952067727,17178452.414444443,97.41970006690389,9.13,
2025/03/27 06:30:00,2.77,11.1,7.36,105.37,60.93,97.63,2.3084936479727793,7399533.967246964,17082184.227777775,97.39863040710098,9.12,
2025/03/27 06:45:00,2.73,11.12,7.36,105.29,60.96,97.42,2.310638692962486,7350733.303537272,16985292.06,97.36892131310363,9.11,
2025/03/27 07:00:00,2.67,11.11,7.36,105.21,60.99,97.21,2.3119661959099767,7304155.799923295,16887363.71666666,97.35887159581024,9.09,
2025/03/27 07:15:00,2.72,11.13,7.38,105.13,61.03,97.0,2.3157003728891925,7243666.264088633,16774561.540000001,97.24094425769542,9.08,
2025/03/27 07:30:00,2.6,11.12,7.31,104.79,61.06,96.79,2.3261504746647264,7164795.038761333,16666786.510000002,97.06526516476848,9.05,
2025/03/27 07:45:00,2.79,11.24,7.43,104.25,61.09,96.58,2.349876785294159,7046388.202383017,16558543.66833333,96.4129610576356,9.01,
2025/03/27 08:00:00,3.68,11.04,7.65,102.4,61.12,94.91,2.4347847328217145,6476484.128319213,15769299.290555555,93.94111755004565,8.84,
2025/03/27 08:15:00,4.16,11.0,7.73,100.67,61.15,92.72,2.508642004558843,5874131.765881846,14736556.79222222,91.96865639393789,8.69,
2025/03/27 08:30:00,4.14,11.01,7.78,100.61,61.18,92.73,2.5097379995753477,5869304.005865306,14730884.3,91.93610173825503,8.67,
2025/03/27 08:45:00,4.13,11.04,7.8,100.55,61.21,92.74,2.5119829896253605,5861653.147421059,14724841.064999994,91.89355433881042,8.67,
2025/03/27 09:00:00,4.18,11.07,7.8,100.48,61.24,92.74,2.5168659619273757,5798941.43293488,14595619.499999994,91.78344617904037,8.69,
2025/03/27 09:15:00,4.27,11.1,7.83,100.42,61.27,92.75,2.5203576046265406,5820730.510121597,14670787.046666663,91.64339621138843,8.67,
2025/03/27 09:30:00,4.35,11.09,7.91,100.37,61.3,92.76,2.5227455782030423,5845112.448307152,14746212.592222223,91.52193809293064,8.64,
2025/03/27 09:45:00,4.43,11.2,7.95,100.32,61.33,92.77,2.5302917536079574,5857449.027034331,14821530.386666665,91.39932751635337,8.72,
2025/03/27 10:00:00,4.34,11.05,7.82,100.27,61.36,92.78,2.5317238102637014,5883840.554198135,14896740.43,91.44332317169076,8.75,
2025/03/27 10:15:00,4.46,11.05,7.86,100.23,61.39,92.78,2.5346554906985084,5745603.712681071,14563603.254444445,91.29149565956122,8.72,
2025/03/27 10:30:00,4.4,11.09,7.9,100.18,61.42,92.79,2.5376425310218593,5736044.940127117,14556509.562222222,91.30597199396604,8.77,
2025/03/27 10:45:00,4.49,11.14,7.99,100.14,61.45,92.8,2.5390233259080257,5729984.7116884785,14549049.074999997,91.18364673234039,8.72,
2025/03/27 11:00:00,4.46,11.21,7.95,100.39,61.48,92.81,2.5317098179628754,5741441.715438696,14536129.62388889,91.43028445934674,8.8,
2025/03/27 11:15:00,4.08,11.27,7.95,100.83,61.52,92.82,2.505394738121813,5790395.064170545,14507673.461111106,92.18515156406384,8.8,
2025/03/27 11:30:00,2.92,11.26,7.47,104.33,61.55,97.49,2.352157672285972,7074880.821766553,16641639.629999997,96.35422619668942,9.08,
2025/03/27 11:45:00,2.81,11.32,7.51,104.75,61.58,97.51,2.3333977601335674,7122807.343585563,16620738.933333335,96.82470209532465,9.09,
2025/03/27 12:00:00,2.85,11.3,7.48,104.91,61.61,97.52,2.328003613146119,7128174.513627437,16594808.999999998,96.92356550032272,9.1,
2025/03/27 12:15:00,2.89,11.28,7.52,105.07,61.64,97.54,2.3225834003977095,7135639.180686252,16573514.222222222,97.02236359638032,9.11,
2025/03/27 12:30:00,2.93,11.35,7.58,105.23,61.67,97.56,2.3171384846888476,7143222.086408816,16552228.733333329,97.12109703425676,9.12,
2025/03/27 12:45:00,2.96,11.41,7.62,105.39,61.7,97.58,2.3114897354236827,7151656.005823407,16531369.139999995,97.2295688206663,9.13,
2025/03/27 13:00:00,3.0,11.47,7.7,105.55,61.73,97.59,2.305991978128868,7266003.1462060455,16755740.393333336,97.32817673168188,9.14,
2025/03/27 13:15:00,4.27,11.51,8.17,102.69,61.76,94.92,2.4370266353241115,6368683.132650462,15521105.404444445,93.61478295228407,8.89,
2025/03/27 13:30:00,4.99,11.56,8.45,101.02,61.79,92.47,2.515840818110153,5717532.258252968,14384878.762222221,91.46121573734054,8.77,
2025/03/27 13:45:00,5.2,11.61,8.52,100.24,61.82,91.76,2.5497423876747503,5514840.512589755,14061903.16666667,90.57718389557378,8.7,
2025/03/27 14:00:00,4.12,11.68,8.12,98.4,61.81,91.2,2.60518348901148,5887253.751570951,15337847.469999999,90.02062873540046,8.81,
2025/03/27 14:15:00,3.87,11.8,8.15,98.7,61.81,91.21,2.587560238634936,5955362.314120218,15410315.433333328,90.5274914712034,8.82,
2025/03/27 14:30:00,3.79,11.65,7.99,98.99,61.81,91.23,2.574059409381363,6016815.206287075,15488093.622222222,90.85981255429415,8.82,
2025/03/27 14:45:00,3.8,11.67,8.03,99.12,61.8,91.25,2.5686778532471966,6056335.171357365,15557230.822222224,90.9641124101923,8.81,
2025/03/27 15:00:00,3.81,11.7,8.06,99.16,61.8,91.27,2.5668970505837647,6055321.75446783,15543843.443333331,90.989517997169,8.8,
2025/03/27 15:15:00,3.87,11.76,8.14,99.19,61.8,91.28,2.5666686707692605,6048446.105186624,15524814.922222225,90.9573990402099,8.79,
2025/03/27 15:30:00,3.92,11.81,8.2,99.23,61.79,91.3,2.566214283235644,6046326.6481473595,15516628.508333333,90.9436741776337,8.79,
2025/03/27 15:45:00,3.99,11.86,8.22,99.26,61.79,91.32,2.5662045659958164,6040962.6615104955,15502800.487777773,90.90177876780696,8.78,
2025/03/27 16:00:00,4.02,11.86,8.25,99.3,61.79,91.33,2.568586189147317,6028056.407493769,15484040.88,90.90671432893326,8.86,
2025/03/27 16:15:00,4.08,11.95,8.36,99.33,61.78,91.35,2.567950834809954,6026177.788828924,15475388.86055555,90.87465435181285,8.84,
2025/03/27 16:30:00,4.04,11.91,8.29,99.37,61.78,91.37,2.5654121719450558,6026848.347843129,15461805.718333336,90.94869091963456,8.84,
2025/03/27 16:45:00,4.09,11.88,8.29,99.4,61.78,91.38,2.5657690581789474,6018534.739274378,15442629.155555552,90.92607107203011,8.85,
2025/03/27 17:00:00,4.18,11.92,8.34,99.44,61.77,91.4,2.5662337786996035,6014158.90798242,15434197.863333333,90.87326701811077,8.85,
2025/03/27 17:15:00,4.24,12.08,8.51,99.47,61.77,91.42,2.5659887203611467,6009267.1513238195,15420172.686111111,90.84106826543548,8.84,
2025/03/27 17:30:00,4.23,12.02,8.46,99.5,61.77,91.44,2.5641225281812328,6008292.344416227,15406459.034999996,90.87717167466424,8.83,
2025/03/27 17:45:00,4.24,11.95,8.35,99.54,61.76,91.45,2.5623090531928323,6007047.795723267,15392368.13888889,90.90250263661933,8.82,
2025/03/27 18:00:00,4.25,11.94,8.36,99.57,61.76,91.47,2.5617431423100436,6084866.582087007,15588328.62888889,90.91888267375998,8.83,
2025/03/27 18:15:00,4.38,11.95,8.41,100.38,61.75,91.49,2.5351519818338986,6154355.593392083,15602687.857777772,91.49868419258934,8.91,
2025/03/27 18:30:00,4.66,11.97,8.58,100.64,61.73,91.5,2.5303197087442566,6171774.98209893,15617044.3,91.45186275967436,8.9,
2025/03/27 18:45:00,4.73,12.01,8.62,100.45,61.72,91.52,2.5422863300840466,6148368.550738268,15631397.955555553,91.21733593371535,8.96,
2025/03/27 19:00:00,4.72,12.02,8.66,100.26,61.7,91.54,2.5485670582030395,6140766.712491808,15650647.319999997,91.0616745548011,8.93,
2025/03/27 19:15:00,4.71,12.04,8.59,100.08,61.68,91.55,2.555292222682378,6130223.851944139,15664994.589444444,90.91447355529179,8.92,
2025/03/27 19:30:00,4.69,12.04,8.64,99.98,61.66,91.57,2.5589289070537222,6129163.20639472,15684582.998333331,90.84671639690316,8.92,
2025/03/27 19:45:00,4.69,12.05,8.61,99.94,61.64,91.59,2.559716815841312,6134929.595100089,15704167.691666665,90.81196975280676,8.9,
2025/03/27 20:00:00,4.74,12.09,8.66,99.9,61.62,91.61,2.5629285735025555,6134880.446401419,15723748.669444444,90.72811654080256,8.91,
2025/03/27 20:15:00,4.64,12.05,8.61,99.86,61.6,91.62,2.562688853556959,6140912.348608596,15737734.833333336,90.79075761738112,8.92,
2025/03/27 20:30:00,4.57,11.94,8.51,99.83,61.58,91.64,2.5623020815625255,6149477.614425614,15757308.379999997,90.83290770817018,8.92,
2025/03/27 20:45:00,4.56,11.92,8.48,99.79,61.56,91.66,2.5641192271205417,6152751.872948743,15776878.211111106,90.80763571507367,8.93,
2025/03/27 21:00:00,4.55,11.95,8.49,99.75,61.54,91.67,2.5659317302382116,6153989.24997988,15791203.303333335,90.78235863251616,8.94,
2025/03/27 21:15:00,4.47,11.95,8.47,99.71,61.53,91.69,2.5657071149336317,6160111.155673547,15805525.608888885,90.8255033860016,8.94,
2025/03/27 21:30:00,4.38,11.97,8.48,99.68,61.51,91.71,2.564432343504788,6170664.322897995,15824734.566666665,90.88722534783301,8.93,
2025/03/27 21:45:00,4.33,11.97,8.48,99.64,61.49,91.72,2.5644874179999912,6176113.99630416,15839050.486111108,90.90114991831591,8.92,
2025/03/27 22:00:00,4.29,11.96,8.45,99.6,61.47,91.73,2.5647728540237664,6181008.1864052275,15853363.618888889,90.90530591945965,8.91,
2025/03/27 22:15:00,4.22,11.85,8.3,99.56,61.45,91.72,2.564363476804425,6183491.845823681,15857196.794999996,90.93872992495645,8.9,
2025/03/27 22:30:00,4.17,11.83,8.3,99.53,61.43,91.72,2.5640101771855566,6187743.171967896,15865915.46222222,90.96137422869829,8.89,
2025/03/27 22:45:00,4.14,11.81,8.26,99.49,61.41,91.71,2.5649311690047663,6187015.739813335,15869746.199999996,90.95565109192721,8.89,
2025/03/27 23:00:00,4.16,11.8,8.26,99.45,61.39,91.7,2.5670083099206886,6183500.5231885705,15873576.008888891,90.9011378218577,8.89,
2025/03/27 23:15:00,4.27,11.99,8.4,99.41,61.37,91.7,2.5707713630492623,6177977.618479202,15882641.500000002,90.75890474680413,8.88,
2025/03/27 23:30:00,4.33,11.87,8.36,99.37,61.36,91.69,2.5741963235923397,6169206.035883878,15881232.839999998,90.66526019748214,8.89,
2025/03/27 23:45:00,4.26,11.83,8.33,99.34,61.34,91.68,2.5729594655520875,6173521.716852538,15884707.581111114,90.70750026907915,8.87,
2025/03/28 00:00:00,4.15,11.85,8.29,99.71,61.69,92.95,2.5554530335888086,6322492.150051037,16157312.783333331,91.13850826840988,8.87,
2025/03/28 00:15:00,3.76,11.85,8.13,100.8,61.68,93.65,2.508171174273983,6549373.814221481,16427404.412222223,92.46967638227277,9.0,
2025/03/28 00:30:00,3.46,11.94,8.07,103.64,61.68,95.9,2.3936526632456125,7250278.431239857,17355074.134444445,95.22828114301846,9.15,
2025/03/28 00:45:00,3.27,11.72,7.93,104.05,61.68,96.92,2.3719512696340055,7435510.324551724,17637103.14666667,95.76915148647952,9.12,
2025/03/28 01:00:00,3.12,11.71,7.87,104.42,61.67,97.08,2.355303330935009,7384895.991986886,17394088.396666665,96.23557826436468,9.15,
2025/03/28 01:15:00,3.49,11.71,7.97,105.79,61.67,97.25,2.3114438684976593,7089138.4162970465,16386537.016666666,97.05334145737648,9.29,
2025/03/28 01:30:00,3.88,11.71,8.14,105.45,61.67,97.41,2.3305112996022785,7058471.889168797,16450266.225555552,96.37836267922603,9.24,
2025/03/28 01:45:00,3.95,11.71,8.16,105.12,61.66,97.41,2.3434097275126247,7017331.386988701,16444906.652777774,96.02576728520908,9.19,
2025/03/28 02:00:00,4.01,11.73,8.14,104.79,61.66,97.39,2.357017935229147,6968865.830341492,16426164.810000002,95.68268068647738,9.16,
2025/03/28 02:15:00,3.99,11.71,8.15,104.59,61.64,97.38,2.365028766241993,6942991.053206547,16420802.566666666,95.52979366564689,9.16,
2025/03/28 02:30:00,3.97,11.71,8.12,104.55,61.61,97.36,2.365868464174107,6938434.891054316,16415849.847222218,95.51495683122212,9.15,
2025/03/28 02:45:00,3.95,11.57,8.01,104.52,61.59,97.34,2.366745586959603,6931652.680717872,16405887.513888888,95.50867652293941,9.15,
2025/03/28 03:00:00,3.92,11.61,8.01,104.49,61.56,97.32,2.367433785806658,6927544.2131703235,16400926.666666664,95.51219451351757,9.15,
2025/03/28 03:15:00,3.91,11.6,8.0,104.46,61.53,97.3,2.3684965123515584,6924969.291857114,16402190.42,95.49610563764529,9.15,
2025/03/28 03:30:00,3.84,11.57,8.0,104.42,61.51,97.28,2.3688402910489064,6935358.923492229,16429186.833888888,95.53018622031888,9.15,
2025/03/28 03:45:00,3.75,11.57,7.97,104.39,61.48,97.27,2.3679351412091276,6953122.26240457,16464968.795,95.59255641925489,9.14,
2025/03/28 04:00:00,3.7,11.56,7.95,104.36,61.45,97.25,2.368235416954937,6965592.270100403,16496588.288888887,95.61564895158033,9.14,
2025/03/28 04:15:00,3.7,11.51,7.92,104.32,61.42,97.23,2.3698923816069026,6974069.086694773,16528222.877222223,95.58110866686734,9.14,
2025/03/28 04:30:00,3.69,11.55,7.89,104.29,61.4,97.21,2.370946234051352,6982371.326696394,16555249.479999993,95.56499903743457,9.14,
2025/03/28 04:45:00,3.69,11.41,7.8,104.26,61.37,97.19,2.3726346745334452,6990742.0796168735,16586906.71,95.53901758569259,9.15,
2025/03/28 05:00:00,3.67,11.39,7.82,104.23,61.34,97.17,2.374382723000554,6988945.024956433,16594865.546111109,95.53255768124201,9.17,
2025/03/28 05:15:00,3.76,11.38,7.83,104.19,61.32,97.15,2.3764140837345855,6969840.062838584,16563663.587777782,95.41004556756694,9.14,
2025/03/28 05:30:00,3.7,11.4,7.81,104.16,61.29,97.14,2.376510770364001,6960312.585593337,16541689.908333328,95.4429127740451,9.14,
2025/03/28 05:45:00,3.63,11.46,7.83,104.13,61.26,97.12,2.3764133703739394,6949400.957024017,16515075.96444445,95.48556705188321,9.14,
2025/03/28 06:00:00,3.59,11.34,7.73,104.1,61.23,97.1,2.376884843265809,6936817.424021088,16488444.603888886,95.49882606225324,9.14,
2025/03/28 06:15:00,3.59,11.31,7.71,104.11,61.21,97.08,2.376472950474008,6924875.4371742625,16457207.812222218,95.5074673307968,9.14,
2025/03/28 06:30:00,3.57,11.33,7.7,104.11,61.18,97.06,2.3765340534732657,6913482.204399809,16430550.32666667,95.52698407649444,9.15,
2025/03/28 06:45:00,3.54,11.32,7.71,104.12,61.15,97.04,2.3759897688770115,6903838.438182647,16403875.424444446,95.56493685005945,9.16,
2025/03/28 07:00:00,3.49,11.32,7.73,104.13,61.12,97.03,2.3737419149773604,6941803.109250054,16478478.555000002,95.62269830799143,9.14,
2025/03/28 07:15:00,3.4,11.31,7.66,104.14,61.1,97.01,2.3702897730105197,6998883.201141035,16589805.540000001,95.71971584537724,9.11,
2025/03/28 07:30:00,3.28,11.25,7.57,104.14,61.07,96.99,2.3666803872788718,7058562.207198648,16705783.355555553,95.83747548066148,9.08,
2025/03/28 07:45:00,3.3,11.19,7.53,104.15,61.04,96.97,2.366198473969287,7108861.943434836,16821405.98722222,95.82661200638945,9.07,
2025/03/28 08:00:00,3.33,11.15,7.52,104.16,61.02,96.95,2.3668023941077387,7154108.318032427,16932794.975555554,95.80579332590894,9.08,
2025/03/28 08:15:00,3.35,11.28,7.58,104.16,60.99,96.93,2.3671810505627646,7085855.3787285,16773924.786666665,95.78620533084185,9.08,
2025/03/28 08:30:00,3.3,11.25,7.55,104.17,60.96,96.92,2.3658268921975827,7109034.217443386,16819167.248888887,95.84381724127026,9.08,
2025/03/28 08:45:00,3.18,11.19,7.42,104.18,60.93,96.9,2.359995791080889,7052666.34233769,16644671.87166667,95.97056073112901,9.01,
2025/03/28 09:00:00,3.23,11.1,7.43,104.18,60.91,96.88,2.36184155053464,7049448.558613018,16650101.343333332,95.92142416696903,9.03,
2025/03/28 09:15:00,3.3,11.14,7.44,104.19,60.88,96.86,2.3636521694438413,7054138.161646172,16673947.546666663,95.86134372039443,9.05,
2025/03/28 09:30:00,3.32,11.16,7.5,104.2,60.85,96.83,2.3636156067104346,7062552.361971157,16693582.63222222,95.85039671303628,9.05,
2025/03/28 09:45:00,3.33,11.18,7.55,104.22,60.83,96.8,2.3625240003909695,7071982.226055983,16708154.924999999,95.85796602379683,9.04,
2025/03/28 10:00:00,3.35,11.22,7.57,104.26,60.82,96.76,2.362161643746792,7075295.196263393,16713415.803333333,95.87277573728986,9.06,
2025/03/28 10:15:00,3.36,11.25,7.6,104.3,60.86,96.72,2.361607371182786,7069313.06839253,16695366.098888887,95.89737938674138,9.08,
2025/03/28 10:30:00,3.41,11.25,7.61,104.34,60.9,96.69,2.360894515236714,7065740.137651136,16681891.985,95.88295300191155,9.08,
2025/03/28 10:45:00,3.57,11.39,7.75,104.38,60.94,96.65,2.36223578633146,7054017.202698063,16663676.70611111,95.76074201855084,9.08,
2025/03/28 11:00:00,3.51,11.32,7.66,104.41,60.99,96.62,2.359870912692391,7053332.698262356,16645375.969444444,95.84543627769055,9.08,
2025/03/28 11:15:00,3.55,11.23,7.65,104.45,61.03,96.58,2.358958306933819,7048263.54544466,16626989.774999999,95.84078120334347,9.08,
2025/03/28 11:30:00,3.58,11.27,7.68,104.49,61.07,96.55,2.35831659466362,7044335.092820762,16613200.535555553,95.8458419351687,9.09,
2025/03/28 11:45:00,3.6,11.33,7.73,104.53,61.11,96.51,2.357486566043791,7038946.788891302,16594648.76666667,95.86069735581677,9.1,
2025/03/28 12:00:00,3.65,11.36,7.78,104.56,61.15,96.47,2.3580863722270107,7029251.92441617,16576011.54,95.8374441769378,9.12,
2025/03/28 12:15:00,3.71,11.41,7.85,104.6,61.19,96.44,2.3579976591302154,7023567.996704508,16561987.291666664,95.81308836323898,9.13,
2025/03/28 12:30:00,3.79,11.47,7.89,104.64,61.23,96.4,2.358737349135248,6895844.33354335,16265906.164444448,95.76904994970751,9.15,
2025/03/28 12:45:00,3.91,11.57,8.04,104.68,61.28,96.37,2.3602213540193095,6881871.64620834,16243166.848333335,95.68579025442793,9.17,
2025/03/28 13:00:00,3.98,11.47,7.98,104.71,61.32,96.33,2.3611875010724384,6869395.801730502,16220362.509999998,95.64290968909752,9.19,
2025/03/28 13:15:00,4.04,11.49,8.0,104.75,61.36,96.29,2.361545959826312,6858669.241146922,16197493.149444448,95.61845245619197,9.21,
2025/03/28 13:30:00,4.01,11.55,8.08,104.79,61.4,96.26,2.3602131251871006,6854791.073940108,16179199.96,95.68223407148604,9.23,
2025/03/28 13:45:00,4.91,11.6,8.48,102.99,61.44,94.25,2.436784779751746,6254393.4273534715,15241088.946111111,93.24781055191866,8.88,
2025/03/28 14:00:00,5.53,11.62,8.67,101.49,61.48,92.62,2.5071409992963067,5774354.2809234895,14477624.370000001,91.34132174805777,8.76,
2025/03/28 14:15:00,5.75,11.66,8.68,101.29,61.52,92.15,2.5213662436571336,5652676.126565689,14252962.606666666,90.95204742884602,8.78,
2025/03/28 14:30:00,5.89,11.64,8.65,101.1,61.56,91.67,2.532508666158369,5537094.271411719,14023228.993888889,90.64989833350306,8.78,
2025/03/28 14:45:00,5.85,11.71,8.73,100.81,61.61,91.2,2.5439880339753738,5421639.398344842,13793072.736666668,90.43694364733071,8.78,
2025/03/28 15:00:00,5.76,11.71,8.72,100.44,61.51,90.72,2.556239125815126,5331006.321901625,13627810.282777779,90.20327497157909,8.75,
2025/03/28 15:15:00,5.42,11.77,8.63,100.1,61.08,92.48,2.563415991085975,5719779.352355181,14662671.344444446,90.23946124194158,8.76,
2025/03/28 15:30:00,3.87,11.8,8.09,103.96,61.14,96.53,2.3889315780698444,6923865.0768635515,16541061.863333333,95.10342499034238,9.16,
2025/03/28 15:45:00,3.47,11.83,8.05,105.1,61.2,97.77,2.3368218483655885,7320823.543175725,17107872.65,96.47898870954887,9.22,
2025/03/28 16:00:00,3.42,11.77,7.98,105.86,61.26,97.79,2.3063478046054358,7416066.213629611,17104429.723333336,97.18237823291419,9.27,
2025/03/28 16:15:00,3.36,11.81,8.02,105.89,61.31,97.82,2.304023707527878,7421138.72948217,17098880.424999997,97.26705520839546,9.27,
2025/03/28 16:30:00,3.46,11.85,8.06,105.87,61.37,97.85,2.306633529693695,7398203.8881608555,17065346.026666667,97.15174615875348,9.27,
2025/03/28 16:45:00,3.5,11.88,8.11,105.86,61.43,97.87,2.3082181273911533,7376768.821709518,17027594.124444444,97.10383995465202,9.28,
2025/03/28 17:00:00,3.54,11.99,8.22,105.85,61.49,97.9,2.3093496068875465,7358846.544948456,16994551.572777778,97.05599321158259,9.28,
2025/03/28 17:15:00,3.57,11.97,8.15,105.84,61.55,97.92,2.310305220288811,7339315.7218486015,16956455.749444444,97.01795618210474,9.28,
2025/03/28 17:30:00,3.61,11.85,8.06,105.82,61.6,97.95,2.3118608433690064,7322127.219568878,16928138.455555554,96.96150232834039,9.28,
2025/03/28 17:45:00,3.63,11.87,8.08,105.81,61.66,97.98,2.3130944911329334,7303795.7650472615,16894768.58666667,96.93321696728378,9.29,
2025/03/28 18:00:00,3.66,11.88,8.14,105.8,61.72,98.0,2.3145051981503664,7283112.613621138,16857205.71333333,96.89512182095618,9.3,
2025/03/28 18:15:00,3.68,11.92,8.2,105.78,61.78,98.03,2.3161599021120916,7263531.035358688,16823904.930555552,96.85823199990938,9.31,
2025/03/28 18:30:00,3.67,11.94,8.16,105.77,61.84,98.05,2.3168547605905396,7245176.824003873,16786420.89666666,96.85938000723856,9.32,
2025/03/28 18:45:00,3.66,11.98,8.18,105.76,61.9,98.08,2.3170977429228863,7230076.319878093,16753189.199999997,96.86058351720013,9.32,
2025/03/28 19:00:00,3.65,11.87,8.09,105.75,61.95,98.11,2.3177882590191823,7215774.444030986,16725034.577777773,96.86173082561831,9.33,
2025/03/28 19:15:00,3.69,11.99,8.19,105.73,62.01,98.13,2.3193504687962685,7194801.368467889,16687660.73333333,96.80527726751785,9.33,
2025/03/28 19:30:00,3.7,11.94,8.18,105.72,62.07,98.16,2.3203987253481038,7177269.050447368,16654524.479999995,96.78680546616918,9.34,
2025/03/28 19:45:00,3.7,11.91,8.09,105.71,62.13,98.18,2.3212666336800125,7158521.817799651,16617229.475000001,96.77814398196726,9.35,
2025/03/28 20:00:00,4.6,11.88,8.57,103.44,62.19,95.35,2.4155781688610944,6334701.048194118,15302411.519999998,93.94018129610001,8.96,
2025/03/28 20:15:00,5.89,11.88,8.97,102.09,62.2,93.27,2.494163820892818,5764591.963760162,14378339.848888883,91.50833822035206,8.86,
2025/03/28 20:30:00,6.22,12.0,9.11,101.03,62.19,93.14,2.5447392623918064,5643868.327000469,14362696.547222225,90.2656180163373,8.82,
2025/03/28 20:45:00,6.03,11.89,8.87,100.62,62.18,93.01,2.558043870138417,5608285.174771629,14346743.925555557,90.09515502017078,8.82,
2025/03/28 21:00:00,6.0,11.82,8.85,100.66,62.17,92.88,2.555665171349681,5485338.928323196,14019190.068888884,90.15931974171525,8.82,
2025/03/28 21:15:00,5.99,11.83,8.86,100.69,62.17,92.75,2.55416345057035,5524270.695297467,14110393.488888886,90.19520665236179,8.82,
2025/03/28 21:30:00,5.97,11.86,8.87,100.73,62.16,92.61,2.5520135327976434,5506391.636401573,14052883.075000001,90.24957837783509,8.82,
2025/03/28 21:45:00,5.95,11.91,8.9,100.77,62.15,92.48,2.5498649248070633,5490419.573801592,14000319.575000001,90.30394707672575,8.82,
2025/03/28 22:00:00,5.94,11.88,8.89,100.8,62.14,92.35,2.5488495613557336,5471975.126274616,13947733.781666663,90.3397480106974,8.83,
2025/03/28 22:15:00,5.9,11.92,8.93,100.84,62.13,92.22,2.5438162773396766,5462122.748092091,13895125.694999997,90.41409194143202,8.78,
2025/03/28 22:30:00,5.82,11.85,8.83,100.87,62.13,92.09,2.545125696803871,5487938.178626727,13967979.495555555,90.51776626226899,8.87,
2025/03/28 22:45:00,5.72,11.81,8.82,100.4,62.12,92.13,2.561339258586813,5584729.141376105,14304895.042777775,90.2068178604338,8.84,
2025/03/28 23:00:00,3.63,11.8,8.01,101.34,62.11,94.14,2.4865501212484014,6662099.413105985,16566086.826666666,93.06649739371835,9.07,
2025/03/28 23:15:00,3.13,11.84,7.97,103.21,62.1,96.14,2.4041375154170597,7338507.585606726,17643217.557777777,95.17892676091179,9.14,
2025/03/28 23:30:00,3.09,11.85,8.04,103.27,62.09,96.1,2.400514068624258,7358567.951969068,17664788.33166666,95.27013020574466,9.13,
2025/03/28 23:45:00,3.07,11.89,8.01,103.33,62.08,96.04,2.3972864572743493,7373271.6899828855,17676278.10666667,95.34176428814203,9.12,
2025/03/29 00:00:00,3.05,11.91,8.06,103.78,62.02,96.33,2.378726857461746,7499346.4075161405,17839332.011111107,95.7509798396887,9.12,
2025/03/29 00:15:00,3.1,11.79,7.93,103.96,62.01,96.38,2.3723805752449474,7494037.981280187,17779140.823888883,95.85776578598623,9.12,
2025/03/29 00:30:00,3.4,11.79,7.97,104.0,62.0,96.44,2.3773570841662472,7342365.205994361,17455852.773333333,95.5984725384022,9.14,
2025/03/29 00:45:00,3.81,11.79,8.1,104.0,61.99,96.49,2.386120158404464,7211798.995958334,17208659.416666664,95.19676729534046,9.16,
2025/03/29 01:00:00,4.01,11.82,8.2,104.0,61.98,96.55,2.3886352909011266,7154627.407609299,17090242.222777776,95.00104043371441,9.13,
2025/03/29 01:15:00,4.16,11.84,8.23,104.02,61.97,96.6,2.392954333582567,7089921.625015391,16966304.75833333,94.87099979114456,9.18,
2025/03/29 01:30:00,4.24,11.85,8.35,104.04,61.95,96.66,2.3941211259519988,7070679.269038105,16928522.086666662,94.8098137515508,9.19,
2025/03/29 01:45:00,4.29,11.89,8.37,104.06,61.94,96.71,2.394707664562964,7098700.541120134,16999771.58,94.77802179368076,9.2,
2025/03/29 02:00:00,4.27,11.77,8.24,104.08,61.93,96.77,2.3934855320124453,7134201.450149759,17076067.262222216,94.81489364398543,9.2,
2025/03/29 02:15:00,4.56,11.91,8.41,104.99,67.71,96.86,2.373671050027222,6029722.6687254235,14312960.933333335,95.31392047587872,9.49,
2025/03/29 02:30:00,4.09,11.86,8.27,102.33,62.09,94.81,2.457153547752911,6547038.655017877,16087524.199999997,93.47712042721608,9.09,
2025/03/29 02:45:00,3.93,11.79,8.11,102.64,62.09,94.81,2.4424966154110597,6595198.1409288775,16109179.386666665,93.90232853644756,9.12,
2025/03/29 03:00:00,3.87,11.76,8.09,102.95,62.09,94.81,2.42949613300636,6639404.05258544,16130834.57333333,94.22959950413315,9.14,
2025/03/29 03:15:00,3.86,11.78,8.12,103.26,62.09,94.81,2.414448232976187,6689753.878686417,16152489.759999998,94.50826046593075,9.09,
2025/03/29 03:30:00,3.57,11.8,8.01,101.6,62.09,94.84,2.4740454134841574,6880254.420152426,17022512.98611111,93.35157534707935,9.05,
2025/03/29 03:45:00,3.21,11.82,7.92,102.12,62.09,94.98,2.446106116439146,7021225.223009169,17175095.874444444,94.15543958221183,9.06,
2025/03/29 04:00:00,3.19,11.8,7.96,102.63,62.09,95.13,2.426538803735938,7140318.770050356,17326699.133333325,94.61766194233962,9.09,
2025/03/29 04:15:00,3.25,11.81,7.95,103.14,62.09,95.27,2.4080784749776707,7226187.205264723,17401658.376666665,95.00112032451676,9.11,
2025/03/29 04:30:00,3.4,11.72,7.92,103.66,62.09,95.41,2.392522559355711,7304343.8351705205,17476243.742222216,95.30417017794886,9.17,
2025/03/29 04:45:00,3.66,11.73,7.98,103.49,62.09,95.56,2.404983100829057,7299692.052070573,17556084.180555556,94.90246744617517,9.18,
2025/03/29 05:00:00,3.81,11.83,8.13,103.26,62.09,95.7,2.4164963505096324,7295781.552176004,17630689.401111107,94.5566824987676,9.16,
2025/03/29 05:15:00,3.71,11.78,8.04,103.03,62.09,95.85,2.4234317087952846,7307856.481321601,17710550.391111106,94.45541665529281,9.15,
2025/03/29 05:30:00,3.67,11.79,8.06,102.8,62.09,95.99,2.4319495817279737,7312943.650882615,17785175.46666666,94.2952034054597,9.15,
2025/03/29 05:45:00,3.63,11.68,7.91,102.72,62.09,96.0,2.4343695381215062,7308477.731289104,17791996.762222223,94.264960937755,9.15,
2025/03/29 06:00:00,3.59,11.68,7.95,102.74,62.09,95.97,2.432743926117547,7307374.6046483535,17777436.428888883,94.32143247015344,9.15,
2025/03/29 06:15:00,3.5,11.7,7.94,102.77,62.09,95.94,2.4296993871470725,7310539.700645544,17762874.00555555,94.43548137637225,9.15,
2025/03/29 06:30:00,3.47,11.7,7.95,102.8,62.09,95.92,2.4278799097224155,7312180.771639537,17753557.36611111,94.49084175629699,9.15,
2025/03/29 06:45:00,3.48,11.73,7.95,102.83,62.09,95.89,2.4268742919846327,7309210.42913867,17738991.11111111,94.50707629247366,9.15,
2025/03/29 07:00:00,3.44,11.74,7.94,102.86,62.09,95.87,2.4244384536704837,7312711.319522251,17729671.336666662,94.57229450441076,9.14,
2025/03/29 07:15:00,3.43,11.74,7.91,102.88,62.09,95.84,2.4234303233060372,7309742.930577779,17715101.25,94.59941786152712,9.14,
2025/03/29 07:30:00,3.45,11.6,7.85,102.91,62.09,95.82,2.421784414583461,7311019.311124683,17706169.983333327,94.6060245531974,9.12,
2025/03/29 07:45:00,3.48,11.62,7.86,102.94,62.09,95.79,2.4207535737317563,7308112.839982649,17691595.716666665,94.60276513743572,9.11,
2025/03/29 08:00:00,3.41,11.67,7.89,102.97,62.09,95.77,2.4172859108074904,7314739.916708259,17682269.43999999,94.69741339620643,9.09,
2025/03/29 08:15:00,3.29,11.66,7.86,103.0,62.09,95.74,2.4132500903479657,7320933.600909228,17667691.34166666,94.84089121094463,9.08,
2025/03/29 08:30:00,3.14,11.68,7.85,103.02,62.09,95.71,2.409033275196255,7327698.152933138,17653111.153333325,95.0050364514551,9.07,
2025/03/29 08:45:00,2.99,11.68,7.85,103.05,62.09,95.69,2.404429431233147,7337848.629423883,17643779.999999996,95.17783991932659,9.06,
2025/03/29 09:00:00,3.0,11.57,7.75,103.08,62.09,95.66,2.4034221160871865,7335018.012699571,17629585.764999993,95.19407158886116,9.06,
2025/03/29 09:15:00,3.01,11.59,7.74,103.08,62.09,95.64,2.4036201510475967,7330531.653188109,17620251.244444445,95.18429133990183,9.06,
2025/03/29 09:30:00,3.01,11.59,7.77,102.99,62.09,95.61,2.407234049667798,7313464.676433535,17605663.044444438,95.10625137039072,9.06,
2025/03/29 09:45:00,3.0,11.6,7.74,102.9,62.09,95.59,2.410645626701176,7299242.614830079,17596325.388888884,95.03797075253402,9.06,
2025/03/29 10:00:00,3.0,11.62,7.82,102.82,62.09,95.56,2.41384954164148,7283506.028240922,17581733.35722222,94.96856805237553,9.06,
2025/03/29 10:15:00,3.0,11.63,7.78,102.73,62.09,95.54,2.4174520070753744,7211596.252970104,17434125.133333337,94.89047184200064,9.06,
2025/03/29 10:30:00,3.06,11.73,7.84,102.64,62.06,95.51,2.4222606740969868,7241213.837798883,17540544.450000003,94.7537003225126,9.06,
2025/03/29 10:45:00,3.01,11.65,7.82,102.55,62.0,95.48,2.4248457384574165,7284064.059659865,17663179.380000003,94.72444650945845,9.06,
2025/03/29 11:00:00,2.96,11.53,7.72,102.47,61.94,95.46,2.427021570001317,7330326.115188021,17791313.56444444,94.70384669204672,9.06,
2025/03/29 11:15:00,3.1,11.52,7.7,102.38,61.89,95.43,2.433463122805004,7287598.825228572,17734556.363333333,94.48884450489365,9.06,
2025/03/29 11:30:00,3.27,11.56,7.77,102.29,61.83,95.41,2.4401303427201184,7209722.445563231,17593117.935555555,94.2445932820243,9.05,
2025/03/29 11:45:00,3.44,11.55,7.78,102.14,61.78,95.38,2.4496548342380633,7181506.317507403,17592672.533333328,93.94811077036735,9.05,
2025/03/29 12:00:00,3.44,11.59,7.82,102.0,61.72,95.36,2.454857846257509,7170201.769593012,17602288.855555553,93.82653988382765,9.04,
2025/03/29 12:15:00,3.44,11.59,7.85,101.85,61.67,95.33,2.4604569203385425,7153688.522062972,17601810.709999997,93.69622694930757,9.03,
2025/03/29 12:30:00,3.46,11.58,7.82,101.71,61.61,95.31,2.465241948855771,7143844.06908717,17611771.650000002,93.55519767922964,9.0,
2025/03/29 12:45:00,3.43,11.52,7.79,101.57,61.56,95.28,2.4693858423420743,7131488.539354555,17610869.466666665,93.46288904879367,8.98,
2025/03/29 13:00:00,3.38,11.55,7.8,101.42,61.5,95.25,2.4730811047440695,7118136.752561237,17604200.624999996,93.38145279514117,8.95,
2025/03/29 13:15:00,3.52,11.59,7.89,101.99,63.03,95.25,2.454819031697658,6816893.633846741,16734688.52,93.74010018398427,8.99,
2025/03/29 13:30:00,3.49,11.6,7.86,101.43,63.06,95.27,2.4775063469731466,6723540.174781184,16658061.804999996,93.28214407939147,9.01,
2025/03/29 13:45:00,3.52,11.71,7.92,101.47,63.1,95.29,2.478181317578313,6688731.496756328,16576329.91666667,93.28729671906073,9.05,
2025/03/29 14:00:00,3.56,11.57,7.85,101.51,63.13,95.3,2.477027028543409,6760973.114039434,16747566.17111111,93.28312066964475,9.04,
2025/03/29 14:15:00,3.56,11.58,7.84,101.55,63.16,95.32,2.4750148094489317,6762708.191050989,16738252.66666666,93.31801778989461,9.03,
2025/03/29 14:30:00,3.53,11.62,7.9,101.59,63.2,95.34,2.4731845494538613,6773461.879049061,16752473.258888887,93.38204535415227,9.04,
2025/03/29 14:45:00,3.56,11.62,7.88,101.63,63.23,95.35,2.4722194423016006,6783807.883704536,16771511.533333331,93.38753396589232,9.04,
2025/03/29 15:00:00,3.61,11.69,7.93,101.68,63.27,95.37,2.4716866237802146,6792958.783059299,16790513.116666667,93.3820821346766,9.05,
2025/03/29 15:15:00,3.67,11.58,7.87,101.73,63.3,95.39,2.4709489567946274,6806740.1004308,16819561.678333335,93.36693115577897,9.05,
2025/03/29 15:30:00,3.74,11.62,7.91,101.8,63.34,95.4,2.470027956212898,6830943.324753416,16873076.476666667,93.35929279478985,9.06,
2025/03/29 15:45:00,3.76,11.65,7.95,101.87,63.37,95.42,2.466791625331299,6865981.430558281,16937402.96111111,93.40076062810151,9.04,
2025/03/29 16:00:00,3.71,11.7,7.99,101.94,63.41,95.44,2.46249454330088,6735938.474116707,16587657.252222218,93.51056163355013,9.03,
2025/03/29 16:15:00,3.61,11.66,7.95,102.0,63.44,95.45,2.457983454736024,6750589.489611499,16593281.558333334,93.66045906171912,9.03,
2025/03/29 16:30:00,3.46,11.59,7.85,102.0,63.47,95.47,2.4552742074226903,6762435.9218048155,16604074.666666666,93.80699225134371,9.04,
2025/03/29 16:45:00,3.43,11.59,7.85,102.0,63.51,95.49,2.4550638569774956,6841518.8965746295,16796810.98333333,93.83622560708352,9.05,
2025/03/29 17:00:00,3.02,11.59,7.76,103.47,63.54,96.67,2.389818519643137,7187212.307019614,17176557.71333333,95.51212187586894,9.1,
2025/03/29 17:15:00,3.27,11.59,7.84,106.61,63.58,99.31,2.275133164514836,7242495.278589332,16478022.935000002,97.97419983849515,9.34,
2025/03/29 17:30:00,3.57,11.58,7.88,107.17,63.61,99.26,2.2579273826609194,7283361.235271985,16445681.694444446,98.16036461280805,9.38,
2025/03/29 17:45:00,3.75,11.57,7.9,106.91,63.65,99.21,2.2713172395814145,7223960.275648234,16408292.75555555,97.76050964618378,9.36,
2025/03/29 18:00:00,4.0,11.81,8.18,106.65,63.68,99.16,2.285925661565795,7163625.349963263,16375910.295555556,97.29185101971325,9.34,
2025/03/29 18:15:00,3.87,11.76,8.11,106.39,63.71,99.11,2.2958228917603622,7118629.279372636,16343507.4,97.19606924395066,9.36,
2025/03/29 18:30:00,3.84,11.6,7.96,106.37,63.75,99.06,2.2956973649960215,7097882.923872156,16294986.308333332,97.20838430656264,9.35,
2025/03/29 18:45:00,3.85,11.6,7.94,106.47,63.78,99.01,2.2915759713529735,7089720.174677343,16247023.014444448,97.28449153686879,9.35,
2025/03/29 19:00:00,3.89,11.59,7.93,106.57,63.82,98.95,2.2879596500027253,7075778.939652337,16189484.85,97.3311205481226,9.35,
2025/03/29 19:15:00,4.05,11.85,8.23,106.68,63.85,98.9,2.2859535116298697,7061052.762266156,16141629.074999997,97.26845523696302,9.35,
2025/03/29 19:30:00,3.98,11.83,8.21,106.78,63.89,98.85,2.280407578460322,7055244.714783957,16089221.279999997,97.42305983914333,9.35,
2025/03/29 19:45:00,3.92,11.76,8.11,106.88,63.92,98.8,2.2745622529140603,7052206.324000541,16041063.96444444,97.56788106291306,9.34,
2025/03/29 20:00:00,3.88,11.56,7.93,106.99,63.96,98.75,2.269562614949186,7044699.211594617,15988766.939444441,97.70153271477233,9.35,
2025/03/29 20:15:00,3.86,11.5,7.95,107.09,63.99,98.7,2.266743116002668,7032260.668231277,15940715.981666666,97.80680531950584,9.39,
2025/03/29 20:30:00,3.94,11.47,7.91,107.19,64.02,98.65,2.2655893295100813,7014834.509236674,15893119.13444445,97.81383086809564,9.43,
2025/03/29 20:45:00,4.2,11.46,8.1,107.53,64.43,98.6,2.2587049506269037,6937999.630303092,15671294.08166666,97.8495469662033,9.51,
2025/03/29 21:00:00,4.22,11.45,8.06,107.32,64.89,98.55,2.265989362139778,6807648.216733383,15426450.929999998,97.65005797906102,9.46,
2025/03/29 21:15:00,4.4,11.43,8.11,107.46,65.35,98.49,2.2674924309938023,6693451.070237774,15177744.413333332,97.59281728986625,9.56,
2025/03/29 21:30:00,4.61,11.42,8.22,107.79,65.82,98.44,2.25768958599405,6612328.602308517,14928985.182222225,97.66894383893437,9.59,
2025/03/29 21:45:00,4.84,11.42,8.34,107.67,66.28,98.39,2.267409406389221,6476597.7047385955,14685510.283888886,97.33998585454353,9.6,
2025/03/29 22:00:00,4.06,11.41,7.95,105.01,65.72,98.36,2.358586428025866,6892990.611077949,16258149.01333333,95.82201436928017,9.38,
2025/03/29 22:15:00,3.37,11.4,7.68,104.52,63.56,98.36,2.359818717744205,7335389.313122032,17310620.066666663,96.07642027144385,9.24,
2025/03/29 22:30:00,2.91,11.39,7.6,104.32,62.05,98.35,2.3567363986913143,7651208.563711723,18032321.449999996,96.35457338666973,9.18,
2025/03/29 22:45:00,2.91,11.38,7.59,104.51,62.32,98.35,2.348142196273006,7611761.954598246,17873932.54166666,96.51891403648912,9.16,
2025/03/29 23:00:00,2.91,11.36,7.58,104.69,62.6,98.35,2.341227730708153,7564631.524077818,17710953.180555552,96.67430959798455,9.17,
2025/03/29 23:15:00,2.91,11.35,7.58,104.88,62.88,98.35,2.333884611674844,7518587.712177718,17547939.102222215,96.83826978362143,9.18,
2025/03/29 23:30:00,2.9,11.33,7.57,105.06,63.16,98.35,2.326749282690372,7471926.3851268105,17385717.25,97.00332647706867,9.19,
2025/03/29 23:45:00,2.97,11.33,7.55,105.25,63.43,98.35,2.3206254617269675,7424031.398804318,17228806.319999997,97.09854565769322,9.2,
2025/03/30 00:00:00,3.25,11.32,7.61,107.34,63.71,100.52,2.2443015488376337,7617429.7590613235,17096199.999999996,98.62065162881504,9.36,
2025/03/30 00:15:00,4.29,11.31,8.26,108.48,67.83,100.0,2.224970094982838,6651081.808572792,14798863.059444444,98.57404494236654,9.67,
2025/03/30 00:30:00,5.3,11.3,8.59,108.16,68.81,99.72,2.2570812741454116,6293115.556619145,14204522.21222222,97.30655216764195,9.69,
2025/03/30 00:45:00,5.57,11.29,8.69,107.96,69.71,99.44,2.270796600047369,6011136.489245381,13650522.893333334,96.86981045754402,9.69,
2025/03/30 01:00:00,5.82,11.28,8.94,107.76,70.62,99.16,2.28752800181739,5723373.361893068,13092867.699999997,96.45269873925929,9.76,
2025/03/30 01:15:00,6.02,11.26,9.08,107.56,71.52,98.88,2.295884307258338,5542159.48298584,12724672.399999999,96.08484754215168,9.67,
2025/03/30 01:30:00,5.95,11.24,8.86,107.36,70.07,98.6,2.302854434841051,5758665.487305579,13261863.009999998,95.98263266607499,9.65,
2025/03/30 01:45:00,3.88,11.24,7.76,105.14,63.1,98.32,2.34447710719459,6979218.907677952,16363049.596666662,96.11121814386871,9.26,
2025/03/30 03:00:00,3.48,11.23,7.6,105.39,63.09,98.16,2.3271429968397044,6997594.696759239,16284809.053333329,96.7188029205375,9.27,
2025/03/30 03:15:00,3.43,11.22,7.57,105.64,63.09,98.16,2.3171188595050305,7024179.046271363,16276257.818333328,96.98298853404873,9.3,
2025/03/30 03:30:00,3.41,11.21,7.59,105.89,63.08,98.17,2.3067100944550276,7056189.538855424,16276983.861111112,97.21776919250962,9.31,
2025/03/30 03:45:00,3.4,11.2,7.57,105.98,63.08,98.17,2.3031910458159173,7063256.843169883,16268427.749444446,97.30497297126234,9.32,
2025/03/30 04:00:00,3.4,11.2,7.54,105.95,63.07,98.18,2.304455558772311,7059691.010182181,16269139.162222223,97.27915714441511,9.32,
2025/03/30 04:15:00,3.39,11.18,7.53,105.92,63.07,98.18,2.305987963654674,7051286.530483517,16260578.173888892,97.26309139395003,9.33,
2025/03/30 04:30:00,3.38,11.17,7.53,105.89,63.07,98.19,2.307071588874365,7046269.6181305535,16256646.07111111,97.24708057089191,9.33,
2025/03/30 04:45:00,3.37,11.16,7.53,105.85,63.06,98.19,2.30857364282365,7024784.183911901,16217629.834999997,97.22245958701495,9.33,
2025/03/30 05:00:00,3.36,11.14,7.52,105.82,63.06,98.2,2.3100967079729453,6969341.600301958,16100249.97777778,97.20638567828759,9.34,
2025/03/30 05:15:00,3.34,11.13,7.52,105.8,63.05,98.2,2.310577492831337,6917590.891202014,15984025.07777778,97.20878343510705,9.34,
2025/03/30 05:30:00,3.36,11.13,7.51,105.81,63.05,98.21,2.310073460551214,7072164.976695058,16337623.353333332,97.19783461667988,9.33,
2025/03/30 05:45:00,3.38,11.11,7.5,105.82,63.04,98.22,2.3095660902564332,7064831.174712904,16317097.695555553,97.18688505906721,9.32,
2025/03/30 06:00:00,3.4,11.11,7.5,105.83,63.04,98.22,2.3090558523080786,7053478.777023295,16287278.736666668,97.17593476273615,9.31,
2025/03/30 06:15:00,3.39,11.08,7.46,105.84,63.03,98.23,2.3080099162050605,7049354.543746682,16270380.622222224,97.19441031783053,9.3,
2025/03/30 06:30:00,3.36,11.08,7.43,105.85,63.03,98.23,2.3066084268786655,7043008.102767,16245857.955555554,97.23250405518054,9.29,
2025/03/30 06:45:00,3.33,11.07,7.47,105.86,63.02,98.24,2.3061045372504236,7037907.6960034985,16230551.956666663,97.27047746627743,9.3,
2025/03/30 07:00:00,3.31,11.06,7.44,105.86,63.02,98.24,2.3057503633827854,7028348.540621784,16206015.356666658,97.29009415275829,9.3,
2025/03/30 07:15:00,3.29,11.05,7.43,105.87,63.02,98.25,2.3054228506428602,7020697.131140336,16186073.15722222,97.31825878019363,9.31,
2025/03/30 07:30:00,3.27,11.03,7.43,105.88,63.01,98.25,2.3046485460089263,7042624.924275615,16231175.937777778,97.3464830496939,9.31,
2025/03/30 07:45:00,3.25,11.03,7.37,105.89,63.01,98.26,2.303875850283021,7068129.303353712,16284487.541666668,97.37470717713887,9.31,
2025/03/30 08:00:00,3.24,10.99,7.38,105.9,63.0,98.26,2.302832437497511,7094491.514549714,16337826.780000001,97.39318354189193,9.3,
2025/03/30 08:15:00,3.23,10.98,7.37,105.86,63.0,98.27,2.3038863212027514,7093257.219416504,16342460.309999997,97.36861870628572,9.29,
2025/03/30 08:30:00,3.22,10.97,7.34,105.82,62.99,98.27,2.304938739803798,7078345.208860783,16315551.559999995,97.34405099441827,9.28,
2025/03/30 08:45:00,3.2,10.96,7.31,105.78,62.99,98.28,2.3058122197964193,7063809.512077784,16288215.17277778,97.32928727346943,9.27,
2025/03/30 09:00:00,3.19,10.96,7.31,105.73,62.98,98.29,2.307279025550928,7064207.838320162,16299496.180000002,97.2961017993108,9.26,
2025/03/30 09:15:00,4.09,10.94,7.76,104.58,62.98,96.69,2.3602480722610437,6602839.843090236,15584794.090555552,95.42418797517357,9.01,
2025/03/30 09:30:00,4.73,10.93,7.97,101.42,62.98,92.8,2.4906849547476537,5543462.23526286,13807491.646666666,92.06397877575326,8.71,
2025/03/30 09:45:00,4.77,10.93,7.89,101.02,62.97,92.72,2.5072550806399208,5502443.9088367885,13796496.388888886,91.67715751060074,8.69,
2025/03/30 10:00:00,4.81,10.93,7.96,101.19,62.97,92.65,2.5010068111231005,5511612.806096836,13785055.728888892,91.78592490697594,8.69,
2025/03/30 10:15:00,5.03,10.93,7.97,101.29,62.96,92.57,2.4999828797630865,5509253.91522213,13773515.909999995,91.65790739088928,8.66,
2025/03/30 10:30:00,5.06,10.94,8.0,101.27,62.96,92.49,2.5014588442146115,5544033.04008777,13868652.942222219,91.61116396060197,8.66,
2025/03/30 10:45:00,5.08,10.93,8.03,101.24,62.94,92.42,2.507107695809863,5456503.601302177,13680526.46888889,91.56476716817183,8.74,
2025/03/30 11:00:00,5.09,10.96,8.03,101.21,62.91,92.34,2.5080933703581954,5453012.036231752,13677142.875000004,91.52899162898572,8.73,
2025/03/30 11:15:00,5.1,10.95,8.03,101.19,62.88,92.27,2.5091472372027916,5451200.414938375,13678346.01833333,91.50181772679767,8.73,
2025/03/30 11:30:00,4.94,10.96,7.97,101.16,62.85,92.19,2.5055193645534546,5457696.968988398,13674834.469999999,91.63255814545721,8.7,
2025/03/30 11:45:00,4.91,10.97,7.96,101.14,62.82,92.12,2.5086238335184228,5451377.777291447,13675923.127777781,91.64395219078679,8.76,
2025/03/30 12:00:00,5.0,10.97,7.97,101.11,62.79,92.04,2.5108475154586034,5444964.257804269,13671944.000000004,91.52999783618213,8.74,
2025/03/30 12:15:00,5.15,10.97,8.09,101.1,62.76,91.97,2.5144892055451007,5411426.374409096,13607460.649444444,91.3745427721926,8.74,
2025/03/30 12:30:00,4.9,10.98,7.99,101.1,62.73,91.89,2.509599187421915,5394214.82010249,13537782.72,91.61903334285208,8.75,
2025/03/30 12:45:00,4.9,10.98,7.97,101.1,62.7,91.82,2.5110314775449436,5365162.421835691,13472552.426666662,91.61875778009866,8.78,
2025/03/30 13:00:00,4.86,10.99,8.0,101.1,62.67,91.74,2.5092181633577373,5341391.459409116,13403177.314999996,91.65806794690299,8.76,
2025/03/30 13:15:00,4.82,10.99,7.98,101.1,62.64,91.67,2.510718850794997,5312328.35247308,13338218.95388889,91.69673567668877,8.81,
2025/03/30 13:30:00,4.85,10.99,8.0,101.08,62.61,91.59,2.508399167987562,5289704.620344799,13269146.660000002,91.65073066554467,8.73,
2025/03/30 13:45:00,4.88,11.01,8.01,101.06,62.58,91.51,2.510838936521498,5256985.823743999,13199897.52888889,91.60379887398148,8.75,
2025/03/30 14:00:00,4.91,11.0,8.03,101.03,62.55,91.44,2.513213983580839,5226468.952310778,13135690.755,91.54826093845517,8.76,
2025/03/30 14:15:00,4.94,11.02,8.03,101.0,62.52,91.36,2.515114447850213,5327313.582777466,13399265.879999997,91.49281427757342,8.76,
2025/03/30 14:30:00,4.97,11.04,8.03,100.98,62.49,91.29,2.517075619792209,5302363.126820428,13346907.200000001,91.44597610196845,8.77,
2025/03/30 14:45:00,4.98,11.06,8.09,100.95,62.47,91.21,2.515659689865524,5281027.874092894,13285730.809999997,91.41064695909758,8.71,
2025/03/30 15:00:00,4.96,11.06,8.08,100.92,62.44,91.14,2.5174502681509168,5256558.142524998,13233582.755555557,91.40391456849049,8.73,
2025/03/30 15:15:00,4.94,11.07,8.09,100.9,62.41,91.06,2.5202341208832224,5228404.715722662,13177261.900000002,91.40560698823805,8.78,
2025/03/30 15:30:00,5.02,11.1,8.14,100.87,62.38,90.99,2.522278098440708,5203570.895665604,13125312.743888885,91.30143431211984,8.76,
2025/03/30 15:45:00,5.03,11.14,8.16,100.85,62.35,90.91,2.523332195494558,5179166.65063259,13069213.079999996,91.2742457118429,8.76,
2025/03/30 16:00:00,5.03,11.18,8.2,100.82,62.32,90.84,2.5245857212440326,5156228.265796776,13017793.971111113,91.2481322932961,8.76,
2025/03/30 16:15:00,3.98,11.2,7.78,96.73,62.29,89.07,2.6639235815918982,5753634.3480956,15327750.21555555,88.68804700576966,8.68,
2025/03/30 16:30:00,3.26,11.22,7.54,97.17,62.26,89.88,2.6327497941762883,6033257.180155678,15884536.665555554,89.77527827329293,8.8,
2025/03/30 16:45:00,3.18,11.25,7.47,97.61,62.23,90.68,2.6138272043105877,6289382.526503572,16439837.241666673,90.24098606331722,8.81,
2025/03/30 17:00:00,3.15,11.27,7.5,98.05,62.2,91.48,2.5961729820239663,6547921.265615926,17000026.56,90.65754196010957,8.82,
2025/03/30 17:15:00,3.11,11.3,7.53,98.32,62.17,92.13,2.5846070994690242,6736299.398472875,17411185.757777773,90.93398083311367,8.82,
2025/03/30 17:30:00,3.13,11.33,7.54,98.37,62.14,92.4,2.5834915964149974,6797443.557199374,17561638.123333335,90.95835704775021,8.83,
2025/03/30 17:45:00,3.17,11.35,7.56,98.42,62.11,92.67,2.5824756660964545,6858329.024056148,17711971.591111112,90.96336887261232,8.83,
2025/03/30 18:00:00,3.15,11.36,7.56,98.46,62.08,92.94,2.5808027610955637,6920704.706669645,17861479.973333333,91.01788133573999,8.84,
2025/03/30 18:15:00,3.25,11.39,7.59,99.42,62.05,93.2,2.545670306931091,6720999.586562512,17109923.172222227,91.7627057229376,8.85,
2025/03/30 18:30:00,3.5,11.39,7.72,99.67,62.02,93.28,2.538565681575418,6668096.32667631,16927883.94,91.7386156136003,8.78,
2025/03/30 18:45:00,3.65,11.39,7.76,99.65,62.42,93.36,2.543166552379628,6502575.795708855,16537612.20222222,91.57469956677684,8.79,
2025/03/30 19:00:00,3.78,11.4,7.79,99.62,62.97,93.43,2.548564699418652,6382861.05271977,16267609.746666672,91.42131929692906,8.82,
2025/03/30 19:15:00,4.26,11.41,8.07,101.37,64.06,93.39,2.498563495581158,6263878.120320277,15651175.625555554,92.47705460264534,9.06,
2025/03/30 19:30:00,4.0,11.41,7.94,99.2,63.77,92.79,2.5729447051229215,6013395.190627888,15472611.134444444,90.83844615281538,8.88,
2025/03/30 19:45:00,3.92,11.42,7.91,99.2,63.35,92.2,2.5714752356414183,5976637.020674968,15369242.869444441,90.91636206048834,8.89,
2025/03/30 20:00:00,3.95,11.42,7.93,99.2,62.92,92.11,2.572175671855242,6040417.423507618,15537491.584999995,90.88710688032431,8.89,
2025/03/30 20:15:00,3.97,11.42,7.95,99.2,62.6,92.2,2.57224398504021,6119885.992060023,15742325.866666669,90.86770329311597,8.88,
2025/03/30 20:30:00,3.99,11.42,7.92,99.2,62.51,92.29,2.5719082836686282,6152798.114529315,15824916.628888894,90.84840074620872,8.86,
2025/03/30 20:45:00,4.0,11.42,7.94,99.2,62.43,92.38,2.5721409901022154,6182223.160609283,15902039.022222219,90.83864804067389,8.86,
2025/03/30 21:00:00,4.01,11.43,7.96,99.2,62.35,92.47,2.5719691091384513,6212426.296432086,15978661.673333332,90.82899691650316,8.85,
2025/03/30 21:15:00,4.0,11.42,7.97,99.2,62.26,92.57,2.571735681170864,6246981.255484448,16066083.238333331,90.83874983903542,8.85,
2025/03/30 21:30:00,3.99,11.41,7.93,99.2,62.18,92.66,2.5710972709982634,6278349.898478376,16142744.786666662,90.84860512762931,8.84,
2025/03/30 21:45:00,4.02,11.43,7.96,99.2,62.09,92.75,2.5713866621853017,6309316.2093882635,16224192.086666666,90.81944875071234,8.83,
2025/03/30 22:00:00,4.05,11.44,8.03,99.2,62.01,92.84,2.572083118609384,6337289.460679295,16300547.21777778,90.79018835702989,8.83,
2025/03/30 22:15:00,4.02,11.45,8.0,99.2,61.92,92.93,2.571794810997912,6369686.496752312,16382035.156666668,90.81934603488337,8.84,
2025/03/30 22:30:00,3.98,11.46,8.0,99.2,61.84,93.02,2.571270074639632,6400422.418085098,16457723.809999997,90.85825535824837,8.85,
2025/03/30 22:45:00,3.94,11.47,7.96,99.2,61.76,93.11,2.5703399360219423,6432269.263409037,16533622.508333335,90.8972650921632,8.85,
2025/03/30 23:00:00,3.34,11.47,7.69,99.54,61.67,93.2,2.5421706834028996,6582088.117582785,16733256.521666668,91.78029161669568,8.83,
2025/03/30 23:15:00,2.92,11.48,7.62,101.05,61.59,93.45,2.4763728625709165,6859376.195667891,16986815.669999994,93.50860256442418,8.91,
2025/03/30 23:30:00,2.78,11.49,7.62,101.58,61.5,93.73,2.4528741221907144,7037706.8471202925,17263050.505555555,94.1070363075435,8.92,
2025/03/30 23:45:00,2.82,11.49,7.6,101.54,61.42,94.01,2.455290679477642,7141984.950905331,17536096.001111113,94.03314505883424,8.92,
2025/03/31 00:00:00,2.83,11.57,7.7,101.89,62.42,95.01,2.4428696672828645,7030061.966607982,17173961.352777775,94.32773810620101,8.95,
2025/03/31 00:15:00,2.92,11.58,7.7,102.0,62.4,95.48,2.440766546822685,7155600.8866650555,17465593.102222227,94.33540648248517,8.96,
2025/03/31 00:30:00,2.95,11.59,7.7,102.7,62.39,95.96,2.416391488427692,6584135.700655947,15910244.129999997,94.91358769859151,9.03,
2025/03/31 00:45:00,3.09,11.62,7.85,107.05,62.38,99.23,2.2495312102870297,7683490.483035902,17284641.94722222,98.52937046292325,9.26,
2025/03/31 01:00:00,3.2,11.6,7.81,106.95,62.36,99.32,2.256136249029354,7685196.497186298,17339241.919999994,98.3354267769531,9.27,
2025/03/31 01:15:00,3.26,11.54,7.75,106.84,62.35,99.41,2.2623433194326314,7686368.014587641,17389597.915555555,98.1819778623046,9.28,
2025/03/31 01:30:00,3.27,11.52,7.76,106.73,62.34,99.51,2.2681655470477797,7690913.429674045,17444665.7,98.07754358412159,9.3,
2025/03/31 01:45:00,3.28,11.53,7.78,106.63,62.32,99.6,2.273076154556094,7698341.428885436,17499321.05777777,97.98174106851835,9.31,
2025/03/31 02:00:00,3.41,11.53,7.79,106.52,62.31,99.7,2.280456914968269,7697588.528715042,17554428.43611111,97.75954879650075,9.32,
2025/03/31 02:15:00,3.5,11.51,7.79,106.42,62.3,99.79,2.2867348823539606,7698317.090218669,17604425.067777783,97.5852060319923,9.33,
2025/03/31 02:30:00,3.55,11.52,7.81,106.31,62.28,99.89,2.2918350204715705,7707295.078535996,17664267.805555552,97.44162615378663,9.32,
2025/03/31 02:45:00,3.62,11.65,7.92,106.21,62.27,99.98,2.2968584393740388,7712411.7269568965,17714737.590000004,97.28700314634631,9.31,
2025/03/31 03:00:00,3.56,11.58,7.86,106.1,62.26,100.07,2.300027743283672,7723543.347419492,17764786.936111107,97.25134240338338,9.3,
2025/03/31 03:15:00,3.49,11.5,7.77,106.04,62.24,100.17,2.3008862719820065,7746696.632245885,17824691.445,97.26847320991114,9.29,
2025/03/31 03:30:00,4.19,11.43,8.16,109.91,64.32,101.32,2.1529539838744083,8045060.334187998,17321060.777777776,99.89444094695313,9.6,
2025/03/31 03:45:00,3.68,11.44,7.79,105.64,62.42,98.62,2.3211626075861798,7269563.873542555,16874255.933333334,96.73784150161202,9.29,
2025/03/31 04:00:00,3.67,11.45,7.8,105.7,62.38,98.63,2.318904790685272,7255655.523228267,16825588.54166666,96.79924320615386,9.3,
2025/03/31 04:15:00,3.64,11.46,7.8,105.76,62.34,98.63,2.316287275898465,7240764.200095699,16772100.913333328,96.88025984916742,9.31,
2025/03/31 04:30:00,3.66,11.44,7.78,105.82,62.3,98.63,2.3145628710812725,7222799.500838088,16718032.613333331,96.91222058874084,9.32,
2025/03/31 04:45:00,3.62,11.47,7.8,105.88,62.26,98.63,2.311764681031723,7208268.731609345,16664226.840555554,97.00303918255469,9.33,
2025/03/31 05:00:00,3.67,11.46,7.81,105.94,62.22,98.64,2.3105679580776872,7190437.697761334,16614401.356666666,97.00555275315885,9.34,
2025/03/31 05:15:00,3.59,11.46,7.83,106.0,62.18,98.64,2.3057049180334874,7290629.478750515,16810452.181111112,97.13577406492342,9.32,
2025/03/31 05:30:00,3.45,11.42,7.68,106.01,62.14,98.64,2.3019065798391907,7323196.332154902,16857713.58333333,97.28184982063406,9.3,
2025/03/31 05:45:00,3.33,11.32,7.63,106.01,62.1,98.64,2.2993423760618295,7351942.376087932,16905038.149999995,97.39963410571777,9.29,
2025/03/31 06:00:00,3.3,11.34,7.6,106.02,62.06,98.65,2.2983947122000465,7377424.894754569,16956635.37333333,97.43766883497445,9.29,
2025/03/31 06:15:00,3.41,11.36,7.68,106.03,62.02,98.65,2.2999031370574747,7387485.068426945,16990908.935,97.33835962370225,9.29,
2025/03/31 06:30:00,3.36,11.34,7.62,106.03,61.98,98.65,2.2990257464613673,7405228.889310857,17025216.865555555,97.38741277498629,9.29,
2025/03/31 06:45:00,3.31,11.34,7.64,106.04,61.94,98.65,2.2986283295232615,7421448.290659344,17059559.165000003,97.44494965510728,9.31,
2025/03/31 07:00:00,3.26,11.37,7.65,106.05,61.9,98.66,2.297777267068989,7441182.893683841,17098587.24444444,97.50254431083589,9.32,
2025/03/31 07:15:00,3.21,11.36,7.62,106.06,61.86,98.66,2.2951323586612875,7464940.150202613,17133429.866666667,97.56037613256102,9.29,
2025/03/31 07:30:00,3.14,11.32,7.57,106.06,61.82,98.66,2.2930060828279406,7486886.724354867,17167880.03333333,97.62916480691779,9.27,
2025/03/31 07:45:00,3.01,11.23,7.46,106.07,61.78,98.66,2.2903208576363245,7510722.118631346,17202364.568888884,97.76528259132674,9.27,
2025/03/31 08:00:00,2.95,11.23,7.48,106.08,61.74,98.67,2.2884072662840436,7534125.998688243,17241552.184999995,97.83280183905559,9.26,
2025/03/31 08:15:00,2.98,11.21,7.48,106.08,61.7,98.67,2.288928064094305,7547508.103190904,17276109.754444446,97.80337815573797,9.26,
2025/03/31 08:30:00,2.95,11.35,7.6,106.09,61.66,98.67,2.287536062811579,7563842.245471705,17302966.602777783,97.84147449444451,9.25,
2025/03/31 08:45:00,2.87,11.16,7.41,106.1,61.62,98.67,2.2857306329004348,7577245.524863021,17319946.69166667,97.92854320492904,9.25,
2025/03/31 09:00:00,2.89,11.15,7.43,106.1,61.58,98.67,2.286076493943847,7583711.8762846235,17337353.72111111,97.90892825718173,9.25,
2025/03/31 09:15:00,2.9,11.24,7.48,106.1,61.55,98.68,2.2857978299009196,7592252.246697459,17354757.96388889,97.89918725422089,9.24,
2025/03/31 09:30:00,2.84,11.1,7.37,106.1,61.51,98.68,2.284759804328105,7603316.4750178205,17372159.42,97.95803217457322,9.24,
2025/03/31 09:45:00,2.84,11.07,7.34,106.1,61.47,98.68,2.2843070755116357,7612439.8768376885,17389558.089444447,97.95809998137216,9.23,
2025/03/31 10:00:00,2.85,11.04,7.34,106.1,61.43,98.68,2.2844793325576496,7619479.037500106,17406953.972222228,97.94829260769936,9.23,
2025/03/31 10:15:00,2.82,11.03,7.34,106.1,61.39,98.69,2.2835073558685677,7632384.792755274,17429019.72777778,97.97778310428538,9.22,
2025/03/31 10:30:00,2.79,11.02,7.3,106.1,61.35,98.69,2.2829905371299537,7641731.135295352,17446409.688888885,98.0072045077509,9.22,
2025/03/31 10:45:00,2.77,11.03,7.31,106.1,61.31,98.69,2.282191468579107,7652025.313907169,17463796.86333333,98.02688809725133,9.21,
2025/03/31 11:00:00,2.75,11.02,7.28,106.1,61.27,98.69,2.281847482730019,7554361.239553684,17238302.58333333,98.0465018037014,9.21,
2025/03/31 11:15:00,2.77,11.01,7.29,106.1,61.23,98.7,2.2817356627793526,7592662.822615221,17324856.10166667,98.0269584633853,9.2,
2025/03/31 11:30:00,2.78,11.01,7.27,106.1,61.22,98.69,2.281450447704182,7621263.594564521,17387941.009999998,98.01722227756974,9.19,
2025/03/31 11:45:00,2.79,11.02,7.29,106.1,61.26,98.67,2.2811629593891083,7637818.5167730525,17423516.293333337,98.0074864339531,9.18,
2025/03/31 12:00:00,2.8,11.03,7.3,106.1,61.29,98.64,2.28087376842351,7654104.487184912,17458454.475,97.99775093131554,9.17,
2025/03/31 12:15:00,2.81,11.07,7.33,106.1,61.32,98.62,2.281045365300596,7641764.554857076,17431618.294444446,97.98794330820141,9.17,
2025/03/31 12:30:00,2.83,11.08,7.32,106.1,61.35,98.6,2.281850016794607,7625608.430942941,17400898.777777772,97.96825616510829,9.18,
2025/03/31 12:45:00,2.84,11.1,7.37,106.1,61.38,98.57,2.2824814082966607,7608001.908922292,17365529.59166666,97.95837746102663,9.19,
2025/03/31 13:00:00,2.86,11.09,7.35,106.1,61.41,98.55,2.2832844301795383,7591890.948995144,17334851.526666664,97.9386917401351,9.2,
2025/03/31 13:15:00,2.86,11.09,7.36,106.14,61.44,98.53,2.2820619487429092,7582523.384420902,17304193.200555556,97.9730508879526,9.21,
2025/03/31 13:30:00,2.86,11.1,7.36,106.18,61.47,98.5,2.2808382140468355,7571114.953353114,17268891.126666665,98.00740789442547,9.22,
2025/03/31 13:45:00,2.87,11.1,7.37,106.22,61.5,98.48,2.279784268861946,7561373.6814637445,17238703.63111111,98.03195404404153,9.23,
2025/03/31 14:00:00,2.88,11.12,7.39,106.26,61.53,98.46,2.2787285730858344,7533385.336114097,17166941.27499999,98.05649739585857,9.24,
2025/03/31 14:15:00,3.03,11.35,7.59,106.3,61.56,98.44,2.2800717607927177,7492650.255234144,17084176.46222222,97.9436963861414,9.25,
2025/03/31 14:30:00,2.96,11.24,7.49,106.34,61.59,98.41,2.2776390411218546,7462172.248907607,16996529.29333333,98.04671478708518,9.26,
2025/03/31 14:45:00,2.96,11.27,7.52,106.38,61.62,98.39,2.2759495141185884,7431309.408082683,16913677.04888889,98.08112198336634,9.26,
2025/03/31 15:00:00,2.98,11.32,7.54,106.41,61.66,98.37,2.275022977416653,7395976.789870692,16826403.75777778,98.08730304670583,9.26,
2025/03/31 15:15:00,3.0,11.36,7.58,106.45,61.69,98.34,2.2741285237419913,7576907.9404469915,17231258.122222226,98.1020176731949,9.27,
2025/03/31 15:30:00,3.01,11.25,7.52,106.49,61.72,98.32,2.2726030926738408,7569216.979155017,17202225.699999996,98.12660304750175,9.27,
2025/03/31 15:45:00,3.04,11.28,7.52,106.53,61.75,98.3,2.271416017281903,7560586.46150887,17173632.758333333,98.13155906991672,9.27,
2025/03/31 16:00:00,3.08,11.32,7.59,106.57,61.78,98.27,2.270393864938955,7542988.009243438,17125951.03388888,98.12669552792401,9.27,
2025/03/31 16:15:00,3.13,11.37,7.62,106.52,61.81,98.25,2.2733709364209216,7491521.893159976,17031402.104444444,98.03464315372247,9.27,
2025/03/31 16:30:00,3.11,11.34,7.62,106.24,61.84,98.23,2.2848966512021347,7412435.797320209,16937048.241666667,97.81347001456705,9.27,
2025/03/31 16:45:00,3.11,11.37,7.64,105.96,61.87,98.21,2.296683090631111,7333397.737930869,16842889.445555553,97.57252118566397,9.27,
2025/03/31 17:00:00,3.87,11.57,7.91,105.53,61.9,98.18,2.3274085798178286,7194404.138716344,16744731.66666667,96.45699145714053,9.25,
2025/03/31 17:15:00,4.01,11.35,7.92,103.4,61.93,96.06,2.409405264280235,6592142.783652563,15883588.153888889,94.4829464049934,9.04,
2025/03/31 17:30:00,4.12,11.35,7.94,103.41,61.96,95.24,2.4120666963070025,6425038.17607264,15498057.813333329,94.38371689375106,9.06,
2025/03/31 17:45:00,4.25,11.38,8.04,103.42,61.99,95.27,2.414216598470194,6423313.851238649,15507718.257777773,94.26503820777896,9.06,
2025/03/31 18:00:00,4.29,11.4,8.08,103.42,62.02,95.31,2.414087555750098,6429589.068695866,15522041.376111109,94.22600550299963,9.04,
2025/03/31 18:15:00,4.27,11.45,8.09,103.43,62.05,95.34,2.412816559621834,6437143.447750178,15532091.257222222,94.25432186750804,9.03,
2025/03/31 18:30:00,4.23,11.47,8.11,103.44,62.09,95.37,2.412074614075264,6441194.254293516,15537086.00888889,94.30207809613604,9.04,
2025/03/31 18:45:00,4.27,11.5,8.1,103.45,62.12,95.41,2.4129073103659615,6444912.983925271,15551417.951666666,94.27147005887035,9.05,
2025/03/31 19:00:00,4.32,11.42,8.07,103.46,62.15,95.44,2.4134754962957117,6447396.714279708,15561081.298888888,94.23113854385741,9.05,
2025/03/31 19:15:00,4.34,11.42,8.13,103.46,62.18,95.47,2.4143288600147583,6449276.811882046,15571131.18,94.21147223077261,9.06,
2025/03/31 19:30:00,4.3,11.46,8.13,103.47,62.17,95.51,2.4131244744211258,6466199.800386902,15604196.141111113,94.25930553338573,9.06,
2025/03/31 19:45:00,4.3,11.49,8.15,103.48,62.14,95.54,2.4131669108686555,6481740.811704065,15641973.355555559,94.26788051015184,9.07,
2025/03/31 20:00:00,4.29,11.49,8.14,103.49,62.11,95.57,2.412553980360756,6499060.78068729,15679785.40333333,94.28632470874307,9.07,
2025/03/31 20:15:00,4.27,11.57,8.18,103.5,62.08,95.61,2.412201292656603,6517807.792202461,15722710.636111112,94.31449201788722,9.08,
2025/03/31 20:30:00,4.26,11.46,8.08,103.5,62.04,95.64,2.4120038979795027,6535992.463735266,15765288.0,94.32428793019209,9.08,
2025/03/31 20:45:00,4.27,11.45,8.11,103.51,62.01,95.67,2.412239725534151,6551071.8687066045,15803211.05,94.3230676667121,9.09,
2025/03/31 21:00:00,4.26,11.49,8.12,103.52,61.98,95.7,2.4116276396664795,6568475.4095719885,15841168.933333334,94.34151136199692,9.09,
2025/03/31 21:15:00,4.25,11.52,8.17,103.53,61.95,95.74,2.4110146826258374,6588014.179585696,15884254.747777775,94.35995493222987,9.09,
2025/03/31 21:30:00,4.24,11.55,8.2,103.54,61.92,95.77,2.410855712354522,6604223.1134656165,15922285.897222219,94.37832655242728,9.1,
2025/03/31 21:45:00,4.24,11.56,8.15,103.54,61.89,95.8,2.41085693003006,6620012.067697488,15960351.879999995,94.37832655242728,9.1,
2025/03/31 22:00:00,4.29,11.6,8.12,103.55,61.86,95.84,2.4118818583231914,6610742.035326149,15944769.536666669,94.33792216701933,9.11,
2025/03/31 22:15:00,4.31,11.5,8.1,103.56,61.83,95.87,2.412311507966868,6574700.746001914,15860675.135555556,94.32690590135701,9.12,
2025/03/31 22:30:00,4.33,11.5,8.11,103.57,61.79,95.9,2.4113837748915063,6605208.30123806,15928143.935,94.31609872257472,9.1,
2025/03/31 22:45:00,4.35,11.49,8.13,103.58,61.76,95.94,2.409986796614407,6637254.336007824,15996152.651111111,94.30536392364192,9.07,
2025/03/31 23:00:00,4.37,11.6,8.24,103.58,61.73,95.97,2.4126641969063756,6656027.040096663,16059218.168888886,94.28541640174069,9.12,
2025/03/31 23:15:00,4.36,11.53,8.16,103.59,61.7,96.0,2.411597021337708,6685174.200593544,16122406.299999999,94.30392825667498,9.11,
2025/03/31 23:30:00,3.87,11.51,7.96,103.61,61.67,96.04,2.401587715456573,6741370.334072256,16190427.672222225,94.80111517331562,9.12,
2025/03/31 23:45:00,3.53,11.52,7.8,105.52,61.64,97.48,2.3226063740854896,7184019.946740709,16686054.684444446,96.78175545561928,9.27,
2025/04/07 18:30:00,2.82,12.66,9.04,99.61,61.36,89.92,2.522014777098292,5364929.327478183,13530818.84,92.35010696943073,8.69,
2025/04/07 18:45:00,4.89,12.65,9.07,103.87,61.91,96.24,2.4166996764815196,6933378.346858982,16756345.216111107,94.02554844848821,9.25,
2025/04/07 19:00:00,4.42,12.67,8.89,102.39,62.45,95.01,2.4715712910117373,7098955.215892144,17546039.524444446,93.20467177854347,9.33,
2025/04/07 19:15:00,3.96,12.72,8.78,100.76,62.99,94.73,2.522043588726229,7266664.983837386,18327328.433333334,92.2378218452698,9.2,
2025/04/07 19:30:00,3.61,12.68,8.72,101.0,63.31,94.66,2.5039364751478352,7229573.906992275,18102862.43333333,92.78893533893479,9.18,
2025/04/07 19:45:00,3.58,12.7,8.75,101.24,63.18,94.59,2.492991264953754,7275359.010419076,18137873.765,93.02749624724616,9.16,
2025/04/07 20:00:00,3.56,12.73,8.79,101.48,63.05,94.52,2.4830133129277194,7318843.408624405,18173251.891666662,93.25599185039607,9.16,
2025/04/07 20:15:00,3.61,12.74,8.8,101.72,62.91,94.45,2.4745214934852546,7360592.023947755,18214407.823333334,93.41595436620527,9.16,
2025/04/07 20:30:00,3.52,12.59,8.66,101.7,62.78,94.38,2.473392827249233,7378107.634373743,18249424.84444444,93.48649544923852,9.16,
2025/04/07 20:45:00,3.53,12.62,8.65,101.54,62.64,94.31,2.479588596144923,7376272.67200008,18290586.23333333,93.33759820397816,9.15,
2025/04/07 21:00:00,3.54,12.63,8.66,101.38,62.51,94.24,2.4857816407540225,7372130.958679784,18325975.274444442,93.18864099628287,9.14,
2025/04/07 21:15:00,3.55,12.63,8.67,101.22,62.37,94.17,2.4919728136345265,7370185.554723623,18366773.700000003,93.0396233497918,9.13,
2025/04/07 21:30:00,3.62,12.78,8.81,101.06,62.24,94.1,2.4990909064469924,7363355.264633089,18402167.84999999,92.83204080866392,9.11,
2025/04/07 21:45:00,3.51,12.66,8.65,100.91,62.11,94.03,2.5022470179025156,7368214.989307996,18437564.786666665,92.80878721812688,9.1,
2025/04/07 22:00:00,3.48,12.54,8.59,100.75,61.97,93.96,2.507541708737746,7368925.805113558,18478369.482222218,92.69862577855811,9.09,
2025/04/07 22:15:00,3.46,12.56,8.61,100.59,61.84,93.89,2.5130494371552197,7366861.9055528315,18513771.527777776,92.57862983962313,9.08,
2025/04/07 22:30:00,3.45,12.57,8.61,100.43,61.7,93.83,2.518392511093385,7369877.699688064,18560729.879999995,92.44889585521615,9.06,
2025/04/07 22:45:00,3.47,12.61,8.66,100.27,61.57,93.76,2.5247885010889104,7365082.228382245,18595764.201666668,92.28973416521038,9.05,
2025/04/07 23:00:00,3.53,12.6,8.65,101.57,63.14,94.8,2.4776077270360983,7382063.928853607,18290324.98333333,93.36386983556756,9.13,
2025/04/07 23:15:00,3.49,12.6,8.59,100.62,62.98,93.41,2.512530670666058,6999880.717144392,17587867.158888888,92.57553275692199,9.08,
2025/04/07 23:30:00,3.49,12.47,8.52,100.65,62.81,93.43,2.5113413478456734,7059519.408536267,17729325.325555556,92.60171081138414,9.08,
2025/04/07 23:45:00,3.49,12.48,8.51,100.68,62.64,93.45,2.5097678801360073,7120321.917001348,17870818.441666666,92.62797632230202,9.07,
2025/04/08 00:00:00,3.42,12.49,8.54,100.89,63.36,93.83,2.5006722161489177,7026473.373706017,17571361.732222218,92.87929563180064,9.09,
2025/04/08 00:15:00,3.39,12.57,8.64,100.97,63.41,93.94,2.496845306419821,7047124.582441139,17596036.736666664,92.97833502750863,9.09,
2025/04/08 00:30:00,3.39,12.52,8.56,101.05,63.45,94.06,2.493676874632961,7070721.778024345,17632548.688333333,93.0480735251234,9.09,
2025/04/08 00:45:00,3.4,12.47,8.5,101.13,63.5,94.18,2.491112549684848,7090183.400012987,17662896.99777778,93.10794356265845,9.1,
2025/04/08 01:00:00,3.42,12.35,8.41,101.21,63.55,94.29,2.4883738921565515,7107850.872902216,17687445.905555557,93.15811911589647,9.1,
2025/04/08 01:15:00,3.41,12.37,8.42,101.29,63.59,94.41,2.4849816842660943,7132189.716155531,17723814.924444444,93.23757157473128,9.1,
2025/04/08 01:30:00,3.4,12.37,8.45,101.37,63.64,94.52,2.4815881523205827,7151800.2734385,17748279.999999996,93.31700923421269,9.1,
2025/04/08 01:45:00,3.43,12.41,8.47,101.45,63.68,94.64,2.4794481835111473,7172458.596064281,17784194.56,93.35727733691948,9.11,
2025/04/08 02:00:00,3.48,12.42,8.52,102.01,64.22,94.76,2.4621461749712754,7120844.160671803,17533007.213333335,93.7947317104625,9.21,
2025/04/08 02:15:00,3.6,12.39,8.52,103.68,66.51,95.57,2.406301098769956,6929231.043927259,16674229.232222214,95.12399058054487,9.43,
2025/04/08 02:30:00,4.48,12.43,8.72,104.89,68.81,96.43,2.3813050676254015,6651224.869015287,15838997.423333334,95.30578542493335,9.61,
2025/04/08 02:45:00,5.56,12.27,9.07,106.14,71.1,97.29,2.3555013710518566,6372316.357203944,15010433.295000004,95.3203873705155,9.77,
2025/04/08 03:00:00,6.56,12.22,9.53,106.2,73.39,96.46,2.3629943440413954,5592181.000604722,13214748.488333328,94.38907599677697,9.58,
2025/04/08 03:15:00,7.43,12.17,9.86,105.31,74.38,95.27,2.4271525185261362,5039980.868035558,12233317.463888887,92.76997752600755,9.74,
2025/04/08 03:30:00,6.6,12.18,9.36,104.41,71.24,94.09,2.447168518174833,5465744.202288065,13376065.022222226,92.81192840225762,9.68,
2025/04/08 03:45:00,3.7,12.1,8.26,99.71,63.84,93.09,2.551833332946208,6707181.674484592,17116081.125,91.57591666955368,9.04,
2025/04/08 04:00:00,3.18,12.09,8.18,100.85,63.78,93.1,2.4954447738062733,6872709.822813598,17150914.806666657,93.07902276308556,9.05,
2025/04/08 04:15:00,3.17,12.07,8.2,100.93,63.72,93.1,2.4916814764508177,6894572.822536677,17179530.622222215,93.15865673534661,9.04,
2025/04/08 04:30:00,3.17,12.07,8.16,100.85,63.66,93.11,2.4944507699398755,6900724.19264598,17213965.113888886,93.08897141239517,9.03,
2025/04/08 04:45:00,3.16,12.06,8.14,100.77,63.6,93.12,2.4970002469230685,6907593.478466777,17248711.479999997,93.02902893580458,9.02,
2025/04/08 05:00:00,3.18,12.1,8.19,100.69,63.54,93.12,2.500594867620944,6909072.933276832,17277244.16,92.939699485257,9.02,
2025/04/08 05:15:00,3.14,12.03,8.12,100.61,63.48,93.13,2.5024822928660564,6917723.265797557,17311933.28333333,92.90899431693025,9.01,
2025/04/08 05:30:00,3.11,11.99,8.11,100.53,63.42,93.13,2.5045854687420563,6923282.726578353,17340411.507222213,92.86851036259681,9.0,
2025/04/08 05:45:00,3.15,11.97,8.09,100.45,63.36,93.14,2.508233439600766,6926882.1338130105,17374697.608888887,92.7597213085825,8.99,
2025/04/08 06:00:00,3.11,11.96,8.07,100.37,63.3,93.14,2.5101122281109793,6933158.846567401,17403467.155555557,92.72895644134867,8.98,
2025/04/08 06:15:00,3.08,11.95,8.05,100.29,63.25,93.15,2.5122089454918286,6938675.989279656,17431864.450000007,92.68841509956705,8.97,
2025/04/08 06:30:00,3.06,12.0,8.08,100.21,63.19,93.15,2.5145251631570082,6943152.63957707,17459191.664444447,92.63810038731367,8.96,
2025/04/08 06:45:00,3.04,11.97,8.04,100.16,63.13,93.16,2.515659765276921,6952632.882316602,17490918.444999997,92.61399628508055,8.95,
2025/04/08 07:00:00,3.02,11.91,8.0,100.12,63.07,93.17,2.5163995914627137,6963039.770336967,17522253.46666667,92.59862860156407,8.94,
2025/04/08 07:15:00,3.0,11.89,7.98,100.08,63.01,93.17,2.517138704893164,6971253.752111203,17548076.57777778,92.58325577003853,8.93,
2025/04/08 07:30:00,2.97,11.87,7.96,100.03,62.95,93.18,2.51804644212851,6981151.116269117,17579327.767222222,92.56888057792358,8.92,
2025/04/08 07:45:00,2.99,11.85,7.96,99.99,62.89,93.18,2.5196761302951525,6986852.7488737255,17605074.70944445,92.51449849857103,8.91,
2025/04/08 08:00:00,3.01,11.87,7.99,99.95,62.83,93.19,2.5213062691302146,6994696.011445995,17636242.066666663,92.4601137558195,8.9,
2025/04/08 08:15:00,3.03,11.9,7.94,99.9,62.77,93.19,2.5233318073721454,6999257.829663362,17661912.839999996,92.39697659915524,8.89,
2025/04/08 08:30:00,3.01,12.03,8.12,99.86,62.71,93.2,2.524456512225503,7008449.629468756,17692996.365,92.38147224930593,8.89,
2025/04/08 08:45:00,3.01,11.99,8.1,99.82,62.65,93.2,2.52602911671342,7014217.379423752,17718590.969444446,92.34646536203154,8.89,
2025/04/08 09:00:00,3.01,11.93,8.0,99.82,62.59,93.21,2.5256399013964606,7027573.943759624,17749590.662222218,92.34657445810483,8.88,
2025/04/08 09:15:00,3.0,11.86,7.95,99.87,62.53,93.22,2.523839101187146,7044993.732141819,17780902.81,92.39997189885372,8.89,
2025/04/08 09:30:00,3.12,11.89,8.0,102.18,62.47,94.4,2.442261615981246,6830054.169776168,16681200.543333337,94.29544562149243,9.07,
2025/04/08 09:45:00,4.11,11.93,8.36,106.17,62.41,98.97,2.3043337480376147,7383500.753992364,17014473.568888884,96.77195447377825,9.25,
2025/04/08 10:00:00,4.56,11.99,8.5,105.53,62.35,97.42,2.338963452852545,6653908.155870382,15563654.901666665,95.77999403156815,9.23,
2025/04/08 10:15:00,5.48,12.0,8.91,105.88,62.29,96.25,2.340839350371404,5997974.164893299,14040709.173333334,95.17720292485593,9.24,
2025/04/08 10:30:00,6.56,12.12,9.43,104.72,62.23,95.52,2.397678838519665,5520015.634988244,13235693.423333332,93.1204349935694,8.96,
2025/04/08 10:45:00,6.14,11.93,9.08,105.24,62.17,95.38,2.3714747825806675,5660780.324422598,13424838.074999997,93.97974619907914,9.05,
2025/04/08 11:00:00,5.93,11.94,8.92,105.31,62.12,95.24,2.3712476719207722,5732914.384225769,13594580.559999999,94.2456228966272,9.18,
2025/04/08 11:15:00,6.11,11.96,9.02,105.4,62.06,95.1,2.36904322635359,5748997.29189911,13620055.337777773,94.14621530272196,9.15,
2025/04/08 11:30:00,6.03,11.98,8.99,105.19,62.01,94.97,2.376887183060414,5740625.6334411595,13645247.733333332,94.044365573068,9.15,
2025/04/08 11:45:00,6.1,12.02,9.05,104.97,62.0,94.83,2.3879316627469698,5507323.916060951,13151532.02611111,93.78643852111955,9.15,
2025/04/08 12:00:00,5.8,12.07,8.97,97.93,62.0,90.05,2.6568341624421477,5988003.664969468,15909712.224999998,87.97142006640247,8.61,
2025/04/08 12:15:00,4.37,12.12,8.57,96.37,61.99,88.15,2.693033776781691,5606258.998820101,15098335.559999999,87.98928220199377,8.8,
2025/04/08 12:30:00,4.25,12.18,8.56,97.11,61.99,88.76,2.6611601914517653,5783748.739763044,15391963.259444447,88.7588774907232,8.83,
2025/04/08 12:45:00,4.31,12.24,8.6,97.7,61.98,89.37,2.640013138735674,5942460.566765647,15688655.71166667,89.21975492437304,8.86,
2025/04/08 13:00:00,4.61,12.35,8.74,98.12,61.98,89.99,2.6308253781749307,6075079.946143664,15982966.608888889,89.29652393142892,8.87,
2025/04/08 13:15:00,5.62,12.26,9.05,97.38,61.98,89.67,2.675154084637497,5633200.871071176,15070216.351666668,87.66401864612965,8.6,
2025/04/08 13:30:00,5.86,12.19,9.05,96.9,61.97,89.29,2.701565504714897,5480924.0035039205,14807622.133333335,87.00756493282792,8.6,
2025/04/08 13:45:00,6.02,12.25,9.14,97.13,61.97,88.91,2.694031835396334,5397276.9364269795,14540975.75333333,87.0543176628925,8.56,
2025/04/08 14:00:00,6.56,12.29,9.41,104.12,61.96,94.3,2.4307436539433116,5424874.601683987,13186926.059999997,92.60338145868678,9.08,
2025/04/08 14:15:00,6.01,12.37,9.18,104.43,61.96,96.39,2.416766849282937,6243251.419819005,15088939.848888887,93.40947824380048,9.29,
2025/04/08 14:30:00,5.66,12.44,9.17,108.42,61.95,98.48,2.2470588494496626,6326490.44302421,14216365.893888887,97.17445020010084,9.61,
2025/04/08 14:45:00,6.71,12.5,9.76,107.96,61.95,98.64,2.271335650709436,6301065.731496596,14312287.953333331,95.74779224345296,9.33,
2025/04/08 15:00:00,6.65,12.55,9.69,107.8,61.95,98.33,2.28961621132493,6212523.410204152,14224731.583333332,95.66986766349518,9.55,
2025/04/08 15:15:00,5.96,12.61,9.43,107.9,61.94,98.03,2.2743031700711525,6372366.993011344,14493090.37,96.43474757493361,9.57,
2025/04/10 00:15:00,4.42,12.96,9.44,106.6,63.69,97.6,2.2939119240619985,6980697.173801524,16013505.804999998,96.8365180967739,9.31,
2025/04/10 00:30:00,6.06,12.96,9.71,104.4,63.67,96.64,2.418579508092471,6422113.295747339,15532853.874999996,93.33459441282389,9.28,
2025/04/10 00:45:00,6.07,12.94,9.64,104.3,63.62,95.93,2.4282752217465506,6253441.06168367,15185524.090000004,93.23821816392592,9.39,
2025/04/10 01:00:00,6.05,12.93,9.62,104.41,63.58,95.9,2.4240380184934796,6251450.424949294,15154198.008888891,93.35253345435093,9.41,
2025/04/10 01:15:00,6.0,12.91,9.62,104.52,63.54,95.86,2.416434799102031,6256056.635677353,15117796.71111111,93.49648817551764,9.37,
2025/04/10 01:30:00,5.95,12.9,9.65,104.63,63.5,95.82,2.4106795310906612,6256046.96390852,15081770.684444439,93.64028499118199,9.37,
2025/04/10 01:45:00,5.89,12.89,9.58,104.74,63.45,95.79,2.4047339337948093,6260253.508113996,15054679.64,93.79388276039423,9.37,
2025/04/10 02:00:00,5.93,12.88,9.61,104.8,63.41,95.75,2.40006278248744,6257416.690935357,15018631.32,93.80647161949753,9.31,
2025/04/10 02:15:00,5.88,12.85,9.54,104.79,63.37,95.71,2.401429332188032,6244007.088097587,14994974.609999998,93.84680876249467,9.35,
2025/04/10 02:30:00,5.95,12.84,9.61,104.78,63.32,95.68,2.403223377506014,6235851.659216184,14986588.368888892,93.76946717702764,9.35,
2025/04/10 02:45:00,5.7,12.83,9.48,104.77,63.28,95.64,2.399733602014807,6237568.36250576,14968928.797777776,94.00624724216702,9.37,
2025/04/10 03:00:00,5.74,12.83,9.52,104.76,63.24,95.6,2.4027897150807753,6222282.849491961,14951269.226666663,93.95822330517218,9.41,
2025/04/10 03:15:00,5.77,12.81,9.5,104.75,63.2,95.57,2.402424655104303,6217798.739938441,14938224.491666662,93.9202712052085,9.38,
2025/04/10 03:30:00,5.81,12.8,9.49,104.75,63.15,95.53,2.4022731347797803,6212912.891091387,14925544.810000002,93.8810743469586,9.36,
2025/04/10 03:45:00,5.77,12.79,9.45,104.74,63.11,95.49,2.4009920630071004,6208870.176228513,14907874.324444441,93.91181590339458,9.34,
2025/04/10 04:00:00,5.72,12.79,9.45,104.73,63.07,95.45,2.402314509882167,6198096.6979711875,14890203.83888889,93.95214124784596,9.38,
2025/04/10 04:15:00,5.69,12.79,9.44,104.72,63.02,95.42,2.4030806781139793,6192590.540544784,14881719.6,93.97290879176921,9.4,
2025/04/10 04:30:00,5.65,12.77,9.43,104.71,62.98,95.38,2.402271277497187,6187316.5189705165,14864038.2,94.0036016934624,9.39,
2025/04/10 04:45:00,5.62,12.76,9.4,104.7,62.94,95.34,2.4021163756046975,6180512.644733757,14846733.000000002,94.02443976274782,9.39,
2025/04/10 05:00:00,5.58,12.75,9.37,104.69,62.9,95.31,2.400387940827243,6179505.0873116655,14833628.467777777,94.05520888327833,9.36,
2025/04/10 05:15:00,5.53,12.74,9.33,104.69,62.85,95.27,2.397560670160887,6181323.845090754,14820513.021111108,94.10445290849046,9.32,
2025/04/10 05:30:00,5.53,12.74,9.34,104.68,62.81,95.23,2.398921312078118,6170442.283703133,14802820.706666667,94.09575714482949,9.34,
2025/04/10 05:45:00,5.58,12.72,9.36,104.67,62.77,95.2,2.400323319853835,6161365.249635211,14789688.888333332,94.03806805736069,9.34,
2025/04/10 06:00:00,5.52,12.72,9.39,104.66,62.72,95.16,2.3963084494369924,6185693.173532309,14823252.546666663,94.08865666169719,9.27,
2025/04/10 06:15:00,5.49,12.7,9.3,104.65,62.68,95.12,2.3975737836754285,6220292.724094885,14914028.677777778,94.10935501380335,9.3,
2025/04/10 06:30:00,5.46,12.7,9.3,104.64,62.64,95.09,2.3983548705951545,6257886.520906599,15009053.430555556,94.13009897517018,9.32,
2025/04/10 06:45:00,5.4,12.69,9.28,104.64,62.6,95.05,2.39811379388847,6296379.905137233,15099857.544444442,94.18889827690586,9.34,
2025/04/10 07:00:00,5.3,12.67,9.24,104.63,62.55,95.01,2.395680913900903,6342631.578112569,15195342.91,94.27850804877512,9.32,
2025/04/10 07:15:00,5.19,12.65,9.17,104.62,62.51,94.98,2.3925963525888503,6363640.35135861,15226038.043333337,94.37797347492949,9.29,
2025/04/10 07:30:00,5.12,12.64,9.15,104.61,62.47,94.94,2.3902817676944226,6379424.3573809955,15249035.822777774,94.43819055097958,9.26,
2025/04/10 07:45:00,5.05,12.61,9.1,104.6,62.42,94.9,2.389363018164788,6393471.696810471,15276737.031111112,94.49825575076785,9.26,
2025/04/10 08:00:00,5.79,12.59,9.37,103.38,62.38,94.8,2.4451728806650275,6245370.913989547,15271478.823333329,92.72116469965091,9.03,
2025/04/10 08:15:00,6.07,12.57,9.4,101.85,62.35,94.37,2.512723032969464,6011504.577316053,15105737.41111111,91.12329733156048,8.95,
2025/04/10 08:30:00,5.94,12.55,9.33,101.65,62.32,93.95,2.5189312692609427,5932545.159225121,14944154.053888887,91.07712572012633,8.96,
2025/04/10 08:45:00,5.85,12.54,9.32,101.45,62.29,93.52,2.5254675622324116,5851118.215872178,14777286.479999999,90.99169192953869,8.96,
2025/04/10 09:00:00,5.76,12.53,9.31,101.25,62.26,93.1,2.5314903061301663,5772930.380518996,14614591.126666663,90.90619021232338,8.95,
2025/04/10 09:15:00,5.7,12.53,9.3,101.05,62.22,92.92,2.5381428388073637,5740087.522512392,14569634.994444445,90.79118836322782,8.94,
2025/04/10 09:30:00,4.97,12.52,9.06,100.18,62.19,92.98,2.561366481398597,6158057.447801907,15773527.128333334,90.74687482142454,9.02,
2025/04/10 09:45:00,4.56,12.5,8.83,99.92,62.16,93.04,2.560072926226852,6345569.8560322365,16245592.293333339,90.92093032611461,8.96,
2025/04/10 10:00:00,4.1,12.49,8.66,98.63,62.13,93.1,2.598997157793423,6659056.277320852,17307360.82777777,90.24106598283586,8.9,
2025/04/10 10:15:00,3.99,12.49,8.58,98.74,62.1,93.16,2.5942472482728136,6615712.578017099,17163271.118888885,90.44419550387421,8.96,
2025/04/10 10:30:00,3.91,12.48,8.57,98.84,62.07,93.22,2.5879655772185974,6665801.535241529,17251342.441666666,90.60997903411928,8.95,
2025/04/10 10:45:00,3.84,12.48,8.56,98.95,62.04,93.28,2.581536780752828,6716603.315270232,17339635.30444444,90.77476627318717,8.94,
2025/04/10 11:00:00,3.78,12.48,8.53,99.06,62.01,93.34,2.5753554973323847,6767095.256714949,17428149.707222223,90.92978373440698,8.93,
2025/04/10 11:15:00,3.7,12.47,8.53,99.17,61.98,93.4,2.5690995002388433,6818112.800777398,17516885.650000002,91.10417463239598,8.93,
2025/04/10 11:30:00,3.61,12.46,8.5,99.28,61.95,93.46,2.562628602521873,6870043.3683874225,17605843.132777773,91.28829194251837,8.93,
2025/04/10 11:45:00,3.62,12.45,8.48,99.39,61.92,93.52,2.5584916640064828,6916007.962046569,17695022.155555554,91.37489489485802,8.93,
2025/04/10 12:00:00,3.62,12.45,8.49,99.49,61.89,93.58,2.5541272255357086,6957929.375036212,17771912.210555557,91.46255930651819,8.92,
2025/04/10 12:15:00,3.61,12.45,8.51,99.6,61.86,93.64,2.5495210210210515,6997532.621753008,17840834.72111111,91.56859903833403,8.92,
2025/04/10 12:30:00,3.57,12.46,8.48,99.65,61.83,93.7,2.546616991717618,7032619.137558106,17909861.731666666,91.65136505279116,8.92,
2025/04/10 12:45:00,3.47,12.46,8.5,99.71,61.8,93.75,2.541951145603019,7070509.919801044,17973367.775,91.80138857784013,8.92,
2025/04/10 13:00:00,3.51,12.47,8.52,99.75,61.77,93.81,2.5412736275505456,7099636.165716326,18042597.98,91.79737915568232,8.92,
2025/04/10 13:15:00,3.55,12.48,8.52,99.8,61.74,93.87,2.5401957995429663,7129943.51420578,18111932.685,91.80210761971513,8.92,
2025/04/10 13:30:00,3.6,12.52,8.52,99.85,61.71,93.93,2.539737842673241,7158571.47930146,18181371.89,91.79696878288732,8.93,
2025/04/10 13:45:00,3.64,12.55,8.6,99.89,61.68,93.99,2.5390512957497275,7187893.738035654,18250915.594999995,91.79292780247953,8.93,
2025/04/10 14:00:00,3.71,12.57,8.59,99.94,61.64,94.05,2.5394396684767786,7216448.329536872,18326218.294999998,91.7681549863809,8.95,
2025/04/10 14:15:00,3.69,12.59,8.63,99.99,61.61,94.11,2.537781402968506,7238539.141454635,18370316.249999996,91.83118090506417,8.97,
2025/04/10 14:30:00,4.31,12.63,8.89,100.87,62.07,93.6,2.5187199292893343,7042349.271517837,17738196.446666665,91.99317051626673,9.03,
2025/04/10 14:45:00,4.3,12.68,8.8,99.43,61.91,92.71,2.5754760256208695,6695903.564206357,17245616.42222222,90.7460145305537,9.0,
2025/04/10 15:00:00,4.26,12.71,8.84,99.47,61.91,92.76,2.572926544630988,6698105.241084026,17234210.247222222,90.82003976021888,9.0,
2025/04/10 15:15:00,4.24,12.76,8.85,99.51,61.9,92.82,2.570849391898515,6720824.456307684,17278700.657777775,90.87454829075291,9.0,
2025/04/10 15:30:00,4.32,12.81,8.91,99.56,61.9,92.87,2.5707070564322656,6734023.10000577,17311675.981111113,90.84022212471103,9.0,
2025/04/10 15:45:00,4.38,12.9,8.99,99.6,61.89,92.92,2.5708903460364256,6748690.826315955,17350619.29944444,90.81656138082303,9.01,
2025/04/10 16:00:00,4.43,12.95,9.05,99.64,61.89,92.97,2.571622836794791,6759744.23199947,17383990.21333333,90.8024782615974,9.04,
2025/04/10 16:15:00,4.49,12.98,9.07,99.68,61.89,93.03,2.5718042072650436,6774425.54043433,17422973.59,90.778799179057,9.05,
2025/04/10 16:30:00,4.58,13.01,9.13,99.72,61.88,93.08,2.571898939363802,6789339.700766267,17461977.866666663,90.72598889725104,9.04,
2025/04/10 16:45:00,4.64,13.03,9.18,99.76,61.88,93.13,2.5716792728236713,6802774.724766089,17495041.66666666,90.70236499589264,9.04,
2025/04/10 17:00:00,4.68,13.06,9.17,99.81,61.88,93.18,2.5701829499059823,6819749.070100214,17528485.150000002,90.70707518103325,9.03,
2025/04/10 17:15:00,4.71,13.07,9.23,99.85,61.87,93.23,2.5688501309899103,6838491.0454132175,17567547.94666667,90.71280364704403,9.02,
2025/04/10 17:30:00,4.73,13.11,9.25,99.89,61.87,93.29,2.5676859894830293,6829250.483721214,17535856.347777784,90.72820731665651,9.02,
2025/04/10 17:45:00,4.74,13.12,9.27,99.93,61.87,93.34,2.5679007742102353,6787751.265680245,17430755.705000002,90.75304620921152,9.06,
2025/04/10 18:00:00,4.74,13.14,9.31,99.97,61.86,93.39,2.5662725377651805,6789885.434042879,17425182.37166667,90.78797201052846,9.06,
2025/04/10 18:15:00,4.75,13.16,9.33,99.98,61.86,93.44,2.5660979070662067,6884134.448502324,17665855.508888885,90.78693631807317,9.06,
2025/04/10 18:30:00,4.73,13.17,9.3,99.93,61.86,93.5,2.5672677715134613,6897220.868017121,17707501.777777776,90.76289251676202,9.05,
2025/04/10 18:45:00,4.68,13.18,9.25,99.87,61.85,93.55,2.56854491121185,6909876.316234904,17748810.627777774,90.75932067673392,9.05,
2025/04/10 19:00:00,4.56,13.2,9.23,99.81,61.85,93.6,2.568182182733456,6924912.53236332,17784915.95833333,90.82407380518725,9.05,
2025/04/10 19:15:00,4.57,13.2,9.25,99.76,61.84,93.65,2.570045358945076,6936129.655588213,17826650.936111115,90.77070617061219,9.04,
2025/04/10 19:30:00,4.58,13.2,9.29,99.7,61.84,93.71,2.5723139398865946,6946246.485785388,17868416.56722222,90.7085937945452,9.03,
2025/04/10 19:45:00,4.59,13.19,9.24,99.64,61.84,93.76,2.574981452781914,6953105.188312061,17904603.64,90.64638903679057,9.03,
2025/04/10 20:00:00,4.62,13.18,9.23,99.63,61.83,93.81,2.5756938300849574,6967419.697791377,17946428.023333333,90.60844638928978,9.02,
2025/04/10 20:15:00,4.61,13.18,9.24,99.76,61.83,93.86,2.569780760426599,6891186.437040993,17709319.381111108,90.73190642016466,9.01,
2025/04/10 20:30:00,4.6,13.17,9.23,99.89,61.83,93.92,2.56426593207114,6929115.307564574,17768575.293333333,90.85523851621909,9.01,
2025/04/10 20:45:00,4.59,13.17,9.22,100.02,61.82,93.97,2.558750171616954,6975126.679844011,17848086.788888887,90.97852766747084,9.01,
2025/04/10 21:00:00,4.58,13.16,9.2,100.14,61.82,94.02,2.5536399540706163,7020891.57794386,17929308.833333332,91.09304641217908,9.01,
2025/04/10 21:15:00,4.56,13.15,9.25,100.27,61.82,94.07,2.5478926417911234,7074694.446827876,18026049.708333325,91.2260217005765,9.01,
2025/04/10 21:30:00,4.14,13.14,9.13,100.41,61.81,94.12,2.5370629438143135,7146656.5950205345,18131991.46,91.75743277840688,9.12,
2025/04/10 21:45:00,3.88,13.14,9.1,101.08,61.81,94.18,2.5043990142581274,7284082.570553325,18242712.345,92.59545000398015,9.12,
2025/04/10 22:00:00,3.98,13.14,9.11,101.73,61.81,94.81,2.4804375861158894,7318862.642812425,18154436.666666664,93.06334996076374,9.12,
2025/04/10 22:15:00,4.16,13.14,9.16,106.11,61.8,98.65,2.315237251046455,7745224.494182306,17932436.286111116,96.67050402417593,9.41,
2025/04/10 22:30:00,4.4,13.12,9.17,106.19,61.84,98.89,2.3179109278094505,7797949.384610586,18075363.258333333,96.50345859207746,9.45,
2025/04/10 22:45:00,4.42,13.12,9.17,106.17,61.97,98.89,2.3191308697844515,7785908.79585132,18056952.564444445,96.46663652582255,9.45,
2025/04/10 23:00:00,4.39,13.1,9.17,106.16,62.09,98.89,2.3194738414446876,7778796.458671801,18043127.911111105,96.48746118732957,9.46,
2025/04/10 23:15:00,4.37,13.09,9.15,106.14,62.22,98.88,2.319973767623779,7766981.922931725,18019605.889999997,96.48991204548736,9.46,
2025/04/10 23:30:00,4.33,13.08,9.15,106.13,62.34,98.88,2.320131595651705,7663315.306171655,17780307.159999993,96.52055116289954,9.47,
2025/04/10 23:45:00,4.31,13.06,9.13,106.11,62.47,98.88,2.3206285338941584,7639152.382731555,17728041.136666663,96.52299799350016,9.47,
2025/04/11 00:00:00,4.4,13.06,9.14,106.11,62.71,98.87,2.3262303572888414,7603443.239899989,17687768.462222222,96.4343185224109,9.56,
2025/04/11 00:15:00,4.57,13.05,9.14,106.16,62.86,98.87,2.3280605827310548,7673705.587295942,17865265.195555557,96.31031128246502,9.58,
2025/04/11 00:30:00,4.69,13.03,9.21,105.3,63.02,98.87,2.365219892548743,7655614.8614839595,18107653.758333337,95.45312833167924,9.54,
2025/04/11 00:45:00,4.45,13.03,9.11,105.35,63.18,98.87,2.3594002474138143,7794809.830590138,18391511.056111112,95.73157282346902,9.56,
2025/04/11 01:00:00,4.43,13.02,9.11,105.6,63.34,98.86,2.348897964946516,7697555.408966807,18081197.493333332,95.96630898738897,9.57,
2025/04/11 01:15:00,4.42,12.99,9.09,105.86,63.51,98.86,2.3381171378800194,7695336.240908029,17993018.41944444,96.19971656486207,9.58,
2025/04/11 01:30:00,4.47,12.99,9.11,106.12,63.67,98.86,2.328382276867093,7691832.559322538,17909944.634999998,96.37409552361439,9.59,
2025/04/11 01:45:00,4.76,12.98,9.15,106.37,63.83,98.86,2.3268287964604015,7661445.241730571,17827292.450000003,96.30383718473114,9.68,
2025/04/11 02:00:00,4.92,12.97,9.25,106.6,64.0,98.86,2.3193306563384546,7648210.436547649,17739157.846666664,96.34409855461463,9.67,
2025/04/11 02:15:00,4.99,12.97,9.24,106.64,64.16,98.86,2.3179643274112878,7616899.762248515,17656127.255555555,96.30967764831952,9.65,
2025/04/11 02:30:00,4.98,12.95,9.21,106.69,64.32,98.85,2.316042220422138,7585182.242310718,17568023.77,96.36237693976581,9.66,
2025/04/11 02:45:00,5.09,12.94,9.26,106.69,64.49,98.85,2.319351453576292,7536377.810710345,17479936.07555555,96.25423038816157,9.69,
2025/04/11 03:00:00,5.09,12.93,9.28,106.68,64.65,98.85,2.318903141885129,7502219.1350988755,17397348.09999999,96.24568706581809,9.67,
2025/04/11 03:15:00,5.12,12.92,9.23,106.67,64.81,98.85,2.318991010401902,7466158.35035773,17314376.028888885,96.20766463701324,9.65,
2025/04/11 03:30:00,5.14,12.91,9.31,106.66,64.98,98.85,2.3220093683492684,7418532.314698234,17226332.804999992,96.1793476735396,9.7,
2025/04/11 03:45:00,5.16,12.9,9.27,106.65,65.14,98.84,2.322810267496503,7385828.681362308,17156304.916666668,96.15111621839398,9.7,
2025/04/11 04:00:00,5.18,12.89,9.27,106.64,65.3,98.84,2.3236108939191276,7368172.905671818,17121193.613333337,96.12288463031672,9.7,
2025/04/11 04:15:00,5.21,12.87,9.29,106.63,65.47,98.84,2.3250336210697937,7346169.316134942,17080521.63277778,96.08481110368108,9.71,
2025/04/11 04:30:00,5.24,12.86,9.3,106.62,65.63,98.84,2.3282005691862873,7320708.923658729,17044512.210000005,96.04669009430667,9.76,
2025/04/11 04:45:00,5.29,12.85,9.28,106.61,65.79,98.84,2.328245362963128,7304912.749581149,17008060.63611111,95.98901144791229,9.73,
2025/04/11 05:00:00,5.15,12.84,9.25,106.6,65.96,98.83,2.325254942312601,7115265.324283498,16545222.24055556,96.11803844901388,9.71,
2025/04/11 05:15:00,5.09,12.83,9.2,106.65,65.95,98.83,2.3211013766409128,7125399.2468571225,16539184.346666662,96.21991992913294,9.69,
2025/04/11 05:30:00,5.03,12.82,9.14,106.7,65.89,98.83,2.3187093658735334,7162098.2003478315,16607229.869999997,96.32173626460869,9.71,
2025/04/11 05:45:00,5.11,12.8,9.19,106.53,65.84,98.83,2.3275815566264875,7162079.990026047,16670743.22833333,96.09728775965483,9.71,
2025/04/11 06:00:00,5.08,12.79,9.17,106.35,65.78,98.83,2.3331189715584277,7174359.218183504,16739053.833333334,95.97235860094388,9.67,
2025/04/11 06:15:00,4.96,12.77,9.14,106.17,65.73,98.83,2.3373995795538605,7188331.96349488,16802426.116666663,95.93575231673798,9.64,
2025/04/11 06:30:00,4.72,12.76,9.04,106.12,65.67,98.83,2.3346970997813594,7229656.817326618,16879471.644444443,96.12852155673258,9.63,
2025/04/11 06:45:00,4.69,12.73,8.98,106.16,65.62,98.84,2.3319951900768303,7274122.210801395,16963628.745555554,96.1923685014757,9.62,
2025/04/11 07:00:00,4.67,12.73,9.0,106.19,65.56,98.84,2.3299045250390975,7316685.548511473,17047593.102222223,96.23780501740437,9.61,
2025/04/11 07:15:00,4.73,12.72,8.99,106.06,65.51,98.84,2.3361577683609163,7331088.786927482,17126998.24,96.06723274430392,9.6,
2025/04/11 07:30:00,4.72,12.7,9.01,105.94,65.45,98.85,2.340250474375583,7356503.242721895,17216486.46666666,95.97399116070395,9.58,
2025/04/11 07:45:00,4.63,12.69,8.92,105.81,65.4,98.85,2.3441403316924148,7378323.515511904,17296246.09166666,95.95059906746059,9.58,
2025/04/11 08:00:00,4.53,12.67,8.86,105.71,65.34,98.86,2.3469588685965115,7407936.367555581,17386540.94222222,95.9627310549345,9.59,
2025/04/11 08:15:00,4.49,12.64,8.86,105.81,65.29,98.86,2.341538330898293,7241733.433954848,16957206.639999997,96.08801797850124,9.58,
2025/04/11 08:30:00,4.47,12.64,8.86,105.91,65.23,98.86,2.3364820228832,7297450.337129266,17050772.456666667,96.19366056161013,9.57,
2025/04/11 08:45:00,4.45,12.62,8.84,106.01,65.18,98.87,2.3314154284082007,7353538.182776371,17144563.99333333,96.29928752775594,9.56,
2025/04/11 09:00:00,4.3,12.61,8.8,106.11,65.12,98.87,2.3235375970809233,7418934.424112194,17238581.25,96.53255568564659,9.54,
2025/04/11 09:15:00,4.19,12.6,8.78,106.21,65.07,98.88,2.3177122215774832,7478074.268754581,17332431.655,96.72644683683393,9.55,
2025/04/11 09:30:00,4.24,12.59,8.76,106.31,65.01,98.88,2.3147751826701,7528373.389741754,17426899.654999994,96.76325398372008,9.56,
2025/04/11 09:45:00,4.26,12.6,8.79,106.41,64.96,98.88,2.3117214333410168,7577045.40935805,17516429.333333336,96.82945838269369,9.58,
2025/04/11 10:00:00,4.41,12.62,8.79,106.36,64.9,98.89,2.3178727750639734,7524687.638123011,17441677.69666666,96.63913615684012,9.61,
2025/04/11 10:15:00,4.28,12.62,8.78,105.81,64.84,98.89,2.335504460172996,7533706.660942983,17595422.624999993,96.29429150275135,9.53,
2025/04/11 10:30:00,4.25,12.63,8.78,105.82,64.79,98.9,2.334958545051471,7531446.140380153,17586030.165,96.33229665977007,9.54,
2025/04/11 10:45:00,4.24,12.63,8.8,105.84,64.73,98.9,2.3339265386004975,7530690.460320519,17576495.585,96.35931149304555,9.54,
2025/04/11 11:00:00,4.27,12.64,8.8,105.85,64.68,98.9,2.334484905654861,7533779.357138981,17587910.816666666,96.33843465252333,9.55,
2025/04/11 11:15:00,4.29,12.67,8.83,105.86,64.62,98.91,2.3348583589564202,7547641.802868819,17623092.134999998,96.32737165482133,9.56,
2025/04/11 11:30:00,4.31,12.7,8.83,105.88,64.57,98.91,2.3348073455545815,7558643.1775985565,17648390.540000003,96.32490808046731,9.57,
2025/04/11 11:45:00,4.33,12.71,8.87,105.89,64.51,98.91,2.3347513244673173,7571859.116765456,17678826.97777777,96.31387814841689,9.57,
2025/04/11 12:00:00,4.36,12.74,8.89,105.9,64.46,98.92,2.33530821712901,7582914.792821109,17708861.90333334,96.29299967488812,9.58,
2025/04/11 12:15:00,4.39,12.77,8.94,105.92,64.4,98.92,2.3354393346680236,7595518.734980544,17739294.857777774,96.28071875261661,9.59,
2025/04/11 12:30:00,4.44,12.8,8.94,105.93,64.35,98.93,2.3363652066565783,7605534.869584739,17769726.418888893,96.24020832240103,9.6,
2025/04/11 12:45:00,4.49,12.83,9.01,105.94,64.29,98.93,2.336863111080854,7616761.823335549,17799754.37777778,96.1997258526658,9.6,
2025/04/11 13:00:00,4.56,12.86,9.01,105.96,64.3,98.93,2.337733581250459,7611556.956701536,17794213.78777778,96.14817347340465,9.61,
2025/04/11 13:15:00,4.61,12.9,9.03,105.97,64.38,98.94,2.3386607796409193,7592988.794517746,17757843.839999996,96.10765573178982,9.62,
2025/04/11 13:30:00,4.65,12.93,9.13,105.98,64.46,98.94,2.3389733118440326,7574054.549339328,17715937.017777782,96.07698069717517,9.62,
2025/04/11 13:45:00,4.69,12.97,9.14,106.0,64.54,98.95,2.3388587305261033,7558878.903440904,17679571.25,96.05489702145667,9.62,
2025/04/11 14:00:00,4.74,13.01,9.17,106.01,64.63,98.95,2.3389238770308785,7538728.611021233,17632931.50666667,96.01442491563047,9.61,
2025/04/11 14:15:00,4.78,13.06,9.21,106.02,64.71,98.98,2.339234554446954,7526406.062761971,17606446.67833334,95.98374185683005,9.61,
2025/04/11 14:30:00,4.82,13.11,9.29,106.04,64.79,99.0,2.3391142214715974,7513444.122393421,17575224.05222222,95.96164818092348,9.61,
2025/04/11 14:45:00,4.86,13.13,9.31,106.05,64.87,99.02,2.3394232300211706,7499106.269517065,17544002.81944444,95.93096014084229,9.61,
2025/04/11 15:00:00,4.97,13.18,9.33,106.06,64.95,99.04,2.340587169340919,7481871.057299431,17512387.157222223,95.83154993528538,9.6,
2025/04/11 15:15:00,4.98,13.23,9.36,106.08,65.04,99.06,2.3403478512776754,7467103.543863395,17476032.419999994,95.83888280328343,9.61,
2025/04/11 15:30:00,4.98,13.25,9.41,106.09,65.12,99.08,2.339915450696154,7455141.652928774,17444816.179999992,95.8474719925401,9.61,
2025/04/11 15:45:00,4.99,13.3,9.51,106.12,65.2,99.11,2.339241801063134,7365348.555431231,17229746.355555553,95.86339273958289,9.62,
2025/04/11 16:00:00,5.05,13.34,9.53,106.22,65.28,99.13,2.336457890976846,7352499.076197968,17179215.380555555,95.89030889792356,9.63,
2025/04/11 16:15:00,5.13,13.38,9.54,106.31,65.37,99.15,2.3340168100772667,7336399.884464863,17123686.28666667,95.88898364140107,9.63,
2025/04/11 16:30:00,5.16,13.42,9.59,106.4,65.45,99.17,2.331086671886525,7324008.561321128,17073303.35333333,95.9367329167516,9.64,
2025/04/11 16:45:00,5.19,13.47,9.62,106.5,65.53,99.19,2.32770898122701,7313023.794748666,17022991.479999997,95.99304317853296,9.65,
2025/04/11 17:00:00,5.24,13.49,9.65,106.59,65.61,99.22,2.3260100461278035,7298937.649336119,16977802.08055555,96.02106480675572,9.68,
2025/04/11 17:15:00,5.32,13.52,9.72,106.68,65.7,99.24,2.32439784460284,7280241.959048454,16922580.913333327,96.01960027424036,9.7,
2025/04/11 17:30:00,5.34,13.56,9.73,106.78,65.78,99.26,2.3212455643699177,7268548.212545246,16872482.22,96.08566096262368,9.72,
2025/04/11 17:45:00,5.39,13.58,9.76,106.87,65.86,99.28,2.3186193552485306,7255204.935496448,16822454.586666666,96.11365205387698,9.73,
2025/04/11 18:00:00,5.46,13.6,9.82,106.96,65.94,99.3,2.316338145450985,7240782.064005168,16772498.01333333,96.12195748481888,9.74,
2025/04/11 18:15:00,5.86,13.62,9.96,107.09,66.03,99.32,2.3230958057513167,7196077.969362786,16717590.694444438,95.839946997327,9.86,
2025/04/11 18:30:00,5.88,13.64,10.05,107.07,66.12,99.35,2.3216844334115136,7401516.972411353,17184418.203333326,95.8031459952162,9.8,
2025/04/11 18:45:00,5.67,13.67,9.93,106.47,66.21,99.37,2.342700515596866,7288445.913697484,17075064.062222224,95.49543573179001,9.76,
2025/04/11 19:00:00,6.13,13.68,10.1,108.87,68.33,99.68,2.2586386199205313,7116452.552344479,16073879.983333338,97.09629434479638,10.14,
2025/04/11 19:15:00,7.19,13.68,10.57,108.9,69.97,100.31,2.2695587427890125,6852465.71190577,15552506.493333336,96.07697167966637,10.02,
2025/04/11 19:30:00,7.21,13.68,10.52,108.07,69.81,100.15,2.3095939124234905,6739628.717243193,15566245.456666667,95.34923031559559,10.02,
2025/04/11 19:45:00,7.37,13.68,10.6,108.02,69.64,99.99,2.3110248181600634,6743617.356289526,15585119.549999995,95.1487188727952,9.94,
2025/04/11 20:00:00,7.34,13.68,10.58,107.97,69.48,99.84,2.31475118670414,6740919.460779088,15604002.7,95.13568487313981,9.98,
2025/04/11 20:15:00,7.29,13.7,10.58,107.92,69.32,99.68,2.316684274469235,6741229.847276792,15617750.720000004,95.14227791833248,9.99,
2025/04/11 20:30:00,7.13,13.69,10.53,107.86,69.16,99.53,2.3171018754146013,6748172.402898374,15636647.455000002,95.24867052231735,10.0,
2025/04/11 20:45:00,7.03,13.69,10.46,107.81,69.0,99.37,2.3194652329052334,6747229.375200674,15650400.003333334,95.30454923427052,10.04,
2025/04/11 21:00:00,6.97,13.7,10.47,107.76,68.84,99.22,2.3207049985383557,6747669.126655564,15659786.19333333,95.32091987288638,10.04,
2025/04/11 21:15:00,6.75,13.7,10.42,107.71,68.67,99.06,2.314984206602446,6758038.665149213,15645180.576666664,95.49463343483484,9.95,
2025/04/11 21:30:00,6.57,13.7,10.35,107.66,68.51,98.91,2.3149739194015013,6751757.920137636,15630561.95555555,95.62914303739029,9.97,
2025/04/11 21:45:00,6.46,13.72,10.28,107.6,68.35,98.82,2.31485503744107,6759098.501620449,15646741.109999998,95.68609441506764,9.95,
2025/04/11 22:00:00,6.55,13.72,10.33,107.55,68.19,98.86,2.3174048468829187,6787370.150097972,15729501.394444445,95.5547109318377,9.92,
2025/04/11 22:15:00,6.45,13.7,10.28,107.5,68.03,98.9,2.318349274516253,6820191.440171018,15812001.590000004,95.61039669774367,9.93,
2025/04/11 22:30:00,6.38,13.73,10.3,107.45,67.87,98.94,2.319816091751304,6851329.563515557,15894241.696666664,95.6365379356771,9.94,
2025/04/11 22:45:00,6.38,13.72,10.27,107.39,67.71,98.98,2.3234331892177313,6875947.1126824,15976221.71444445,95.58523999235734,9.96,
2025/04/11 23:00:00,6.38,13.72,10.29,107.34,67.54,99.02,2.326142117329541,6905261.96498092,16063044.262222217,95.54247863825691,9.97,
2025/04/11 23:15:00,6.38,13.72,10.26,107.29,67.38,99.06,2.3252997604299495,6942793.404146945,16144497.600000005,95.49961477735388,9.9,
2025/04/11 23:30:00,6.33,13.73,10.27,107.24,67.22,99.1,2.3271045761129434,6975161.022241014,16232353.768888885,95.50603942236579,9.91,
2025/04/11 23:45:00,6.1,13.71,10.17,107.18,67.06,99.14,2.3225117341383403,6959673.380226585,16164334.951111108,95.68092746826952,9.84,
2025/04/12 00:00:00,6.02,13.71,10.09,107.14,66.15,98.81,2.325963135048767,7226939.550477949,16810014.906666663,95.72541523573379,9.91,
2025/04/12 00:15:00,6.27,13.71,10.2,107.44,65.95,98.81,2.316048838243524,7277441.807210744,16855341.665555555,95.73618153362229,9.89,
2025/04/12 00:30:00,5.97,13.71,10.11,106.94,65.75,98.81,2.3286888857200885,7284139.079112059,16962920.7,95.60329006245533,9.79,
2025/04/12 00:45:00,6.07,13.7,10.13,107.68,66.08,98.81,2.3020051548802543,7297004.469042329,16798159.73,96.13829268105957,9.9,
2025/04/12 01:00:00,6.32,13.7,10.2,107.51,66.43,98.81,2.313754269986713,7184260.658352803,16623039.32666666,95.74685121178754,9.89,
2025/04/12 01:15:00,6.17,13.7,10.2,107.34,66.79,98.82,2.316988578295525,7098770.937284054,16448193.293888882,95.74899857561259,9.85,
2025/04/12 01:30:00,6.29,13.7,10.2,107.36,67.15,98.82,2.320494203716923,7010281.905480757,16267737.120555548,95.64806844463682,9.9,
2025/04/12 01:45:00,6.35,13.68,10.23,107.45,67.51,98.82,2.315663508936029,6947091.271964882,16087544.171111105,95.66598165206264,9.86,
2025/04/12 02:00:00,6.29,13.68,10.22,107.49,67.47,98.82,2.3136760229399465,6963830.494213866,16112464.866666663,95.75926077311927,9.88,
2025/04/12 02:15:00,6.34,13.69,10.22,107.46,67.39,98.82,2.3172960282336335,6972584.38601066,16157960.451111104,95.68442159748409,9.91,
2025/04/12 02:30:00,6.47,13.67,10.29,107.42,67.3,98.82,2.3210076513642424,6983412.816829606,16208986.639999999,95.52225559960041,9.9,
2025/04/12 02:45:00,6.43,13.68,10.24,107.39,67.22,98.82,2.3216556904313514,7001082.5795875415,16254529.133333327,95.53596161960536,9.9,
2025/04/12 03:00:00,6.4,13.67,10.27,107.36,67.13,98.82,2.3229292316914414,7019229.936087077,16305607.107777774,95.53983235868296,9.91,
2025/04/12 03:15:00,6.36,13.65,10.27,107.32,67.05,98.82,2.3240220440498067,7035544.138245826,16351196.509999998,95.54497332693968,9.91,
2025/04/12 03:30:00,6.26,13.66,10.17,107.35,66.96,98.82,2.3186042532038784,7073882.347276501,16401956.339999998,95.66900203564221,9.86,
2025/04/12 03:45:00,6.26,13.63,10.16,107.48,66.88,98.82,2.317175556389773,7098096.961679801,16447962.581111107,95.78031710763689,9.96,
2025/04/12 04:00:00,6.43,13.62,10.23,107.4,66.79,98.83,2.322548539613717,7105765.005297206,16503923.259999994,95.54454977165062,9.93,
2025/04/12 04:15:00,6.38,13.62,10.24,107.32,66.71,98.83,2.325277778956436,7117069.857044807,16549606.944444448,95.52531479011685,9.93,
2025/04/12 04:30:00,6.32,13.6,10.24,107.23,66.62,98.83,2.3282603997159304,7129955.554925229,16600840.739999995,95.50734178395538,9.93,
2025/04/12 04:45:00,6.23,13.6,10.17,107.15,66.54,98.83,2.3302243676298318,7143574.359875083,16646571.33333333,95.52741639574886,9.93,
2025/04/12 05:00:00,6.15,13.59,10.1,107.07,66.45,98.83,2.3323508695002464,7159052.436693581,16697856.91444444,95.53762524742635,9.93,
2025/04/12 05:15:00,6.12,13.58,10.08,106.99,66.37,98.83,2.33537907965341,7169370.871069834,16743634.416666659,95.49863038220127,9.93,
2025/04/12 05:30:00,6.09,13.57,10.08,106.9,66.28,98.83,2.3388400325730734,7180548.573140848,16794593.841666665,95.45105404751692,9.93,
2025/04/12 05:45:00,5.97,13.56,10.05,106.82,66.2,98.76,2.3388808547760807,7184731.550899812,16804668.222222228,95.5005071796484,9.9,
2025/04/12 06:00:00,5.76,13.54,9.91,106.62,66.12,98.57,2.3416764366090588,7211287.525789147,16886927.719444435,95.53555235492477,9.85,
2025/04/12 06:15:00,5.66,13.53,9.85,106.37,66.03,98.38,2.349069302061119,7227841.792534776,16979125.747222215,95.41945803691269,9.81,
2025/04/12 06:30:00,5.52,13.52,9.74,106.12,65.95,98.2,2.3556265370189746,7227410.796393164,17025497.041666664,95.34251901040311,9.77,
2025/04/12 06:45:00,5.42,13.51,9.77,105.95,65.86,98.01,2.3627694851198733,7203596.1693859715,17020860.144444447,95.29474820946156,9.81,
2025/04/12 07:00:00,5.33,13.48,9.73,105.78,65.78,97.82,2.368759348838762,7213407.020288721,17087250.619999994,95.23708771461092,9.82,
2025/04/12 07:15:00,5.17,13.47,9.62,105.31,65.73,97.64,2.3832290559109635,7096061.51117708,16911954.30833333,94.99013783329481,9.76,
2025/04/12 10:15:00,4.3,13.39,9.72,109.42,65.64,99.67,2.1766102403672822,7504219.59395235,16334118.30722222,99.36782728349858,9.57,
2025/04/12 10:30:00,5.83,13.4,9.89,108.81,65.63,100.64,2.2402694123564064,7582219.814113468,16986624.435000002,97.34000074008542,9.79,
2025/04/12 10:45:00,6.06,13.41,9.97,108.2,65.63,100.29,2.271805280908828,7248806.775252284,16468292.707777781,96.59255516967062,9.77,
2025/04/12 11:00:00,6.2,13.43,10.03,107.87,65.62,99.94,2.291416311137216,7139045.187144108,16358948.319999993,96.17272510459098,9.81,
2025/04/12 11:15:00,6.4,13.65,10.24,107.8,65.61,99.59,2.2986041808532907,7068701.837549344,16248569.614444446,95.91600003097139,9.82,
2025/04/12 11:30:00,6.35,13.51,10.08,107.74,65.6,99.24,2.2986175769561292,7020193.396846639,16137156.59111111,95.91391951110782,9.78,
2025/04/12 11:45:00,6.32,13.54,10.18,107.67,65.6,98.91,2.2999003828837234,6969643.304025648,16029908.241111109,95.8836035875371,9.75,
2025/04/12 12:00:00,6.53,13.6,10.31,107.61,65.59,98.92,2.3101356843924155,6819966.615562456,15755476.146666666,95.62560666176441,9.83,
2025/04/12 12:15:00,6.01,13.63,10.06,107.02,64.76,98.92,2.324010088732372,6966345.508227795,16190266.742222218,95.63247450873006,9.75,
2025/04/12 12:30:00,5.89,13.71,10.1,106.76,63.88,98.93,2.3339179387308686,7136159.962697565,16655631.483333334,95.52776256049673,9.76,
2025/04/12 12:45:00,5.9,13.75,10.09,106.64,63.62,98.93,2.3403276123927226,7228793.9244566,16918168.575000003,95.41507782021174,9.78,
2025/04/12 13:00:00,5.85,13.78,10.11,106.55,63.69,98.93,2.3433882690359535,7264755.287567949,17024567.340000004,95.38708388295598,9.78,
2025/04/12 13:15:00,5.88,13.87,10.16,106.46,63.75,98.94,2.348360980996123,7298765.182726171,17140560.249999996,95.28042090546853,9.79,
2025/04/12 13:30:00,5.84,13.83,10.08,106.41,63.82,98.94,2.348061509216238,7476033.491686111,17554616.884444438,95.2768872990658,9.75,
2025/04/12 13:45:00,5.71,13.82,10.06,106.45,63.88,98.95,2.3456329025741187,7485445.515327869,17558535.866666667,95.43894724042813,9.79,
2025/04/12 14:00:00,5.81,13.92,10.18,106.48,63.95,98.95,2.3448570905103887,7485280.0548715275,17552342.5,95.36639817646574,9.76,
2025/04/12 14:15:00,5.85,13.96,10.26,106.52,64.02,98.96,2.3424959463109296,7491235.361156666,17548622.76444444,95.36139580055729,9.73,
2025/04/12 14:30:00,5.95,14.14,10.37,106.55,64.08,98.96,2.344356689447089,7470883.946879535,17514842.79111111,95.2887809468301,9.76,
2025/04/12 14:45:00,5.96,13.99,10.26,106.59,64.15,98.97,2.3440992468148814,7457470.074175308,17481479.656666663,95.31322459662424,9.79,
2025/04/12 15:00:00,5.97,14.03,10.28,106.62,64.21,98.97,2.342953902328208,7446709.835178463,17447724.066666666,95.32910672041825,9.79,
2025/04/12 15:15:00,6.03,14.09,10.34,106.66,64.28,98.98,2.3422864699649377,7434598.184467483,17414383.922222223,95.30439245732143,9.79,
2025/04/12 15:30:00,6.08,14.15,10.37,106.69,64.35,98.98,2.341874863350887,7420047.525978243,17377243.577222228,95.28093350602556,9.79,
2025/04/12 15:45:00,6.1,14.19,10.43,106.73,64.41,98.99,2.3404592120886165,7413471.950478749,17351350.68333333,95.29553932114854,9.79,
2025/04/12 16:00:00,6.17,14.25,10.48,106.76,64.48,98.99,2.3404083690750053,7398112.510495246,17315024.393333323,95.25239928535412,9.79,
2025/04/12 16:15:00,6.21,14.29,10.54,106.8,64.54,99.0,2.3393525459822126,7390213.957171402,17288737.069999997,95.24732329854952,9.79,
2025/04/12 16:30:00,6.16,14.3,10.57,106.83,64.61,99.0,2.3370890689748354,7381831.601447135,17252419.836666666,95.32219849942348,9.79,
2025/04/12 16:45:00,6.26,14.41,10.63,106.87,64.68,99.01,2.3366733939179456,7369754.124947141,17221123.828333333,95.258097695552,9.78,
2025/04/12 17:00:00,6.3,14.36,10.56,106.9,64.74,99.01,2.336964919039706,7355446.063131962,17189832.000000004,95.24444168729822,9.8,
2025/04/12 17:15:00,6.36,14.4,10.68,106.94,64.81,99.02,2.3367141629528514,7342842.353976255,17158544.35166666,95.21966953532201,9.81,
2025/04/12 17:30:00,6.35,14.41,10.65,106.97,64.87,99.02,2.3356318090125696,7332853.475128964,17127260.88333333,95.25519578796818,9.82,
2025/04/12 17:45:00,6.48,14.44,10.76,107.01,64.94,99.02,2.3384656406580064,7308442.874971516,17090966.639999997,95.16156668420093,9.87,
2025/04/12 18:00:00,6.49,14.48,10.77,107.04,65.01,99.03,2.3372931210482975,7298899.396938926,17060086.889999997,95.17740698575683,9.87,
2025/04/12 18:15:00,6.49,14.55,10.82,107.08,65.07,99.03,2.335030813010497,7292580.3321710015,17028815.613333337,95.21163602320998,9.86,
2025/04/12 18:30:00,6.55,14.57,10.85,107.11,65.14,99.04,2.334312349107749,7265242.924336361,16959761.31666667,95.17826392431148,9.85,
2025/04/12 18:45:00,6.51,14.54,10.83,107.15,65.2,99.04,2.3331253176078715,7237212.208435001,16885737.000000004,95.2518786641155,9.88,
2025/04/12 19:00:00,6.55,14.45,10.76,107.18,65.27,99.05,2.3302114479262137,7214562.130164888,16811868.73666667,95.23815030396544,9.83,
2025/04/12 19:15:00,6.58,14.47,10.85,107.22,65.34,99.05,2.3298497310801562,7181742.946715139,16732801.249999998,95.24286373635702,9.85,
2025/04/12 19:30:00,6.59,14.47,10.81,107.25,65.4,99.06,2.32957830593676,7153138.613720121,16664209.539999995,95.25870452460325,9.87,
2025/04/12 19:45:00,6.67,14.53,10.89,107.29,65.47,99.06,2.330117750021891,7117862.987200983,16585872.392222224,95.21420580161056,9.89,
2025/04/12 20:00:00,6.71,14.53,10.92,107.32,65.53,99.06,2.330383303168427,7085459.943949545,16512252.722777775,95.2005192026866,9.91,
2025/04/12 20:15:00,6.73,14.63,10.99,107.36,65.6,99.06,2.3289159243622373,7140682.7104549445,16630463.93555556,95.21504311405171,9.91,
2025/04/12 20:30:00,6.64,14.49,10.87,107.39,65.68,99.07,2.3254539548698667,7138185.6882338915,16599936.814999992,95.32927524953031,9.9,
2025/04/12 20:45:00,6.7,14.44,10.83,107.43,65.85,99.07,2.3237862165139855,7108931.12980335,16520049.467777774,95.30439841980073,9.88,
2025/04/12 21:00:00,6.77,14.45,10.86,107.46,66.02,99.07,2.3232038653459766,7076140.776252439,16439730.999999994,95.2611288483552,9.87,
2025/04/12 21:15:00,6.81,14.46,10.88,107.5,66.19,99.07,2.3225424862162374,7043555.449231679,16359369.106666662,95.25595835939248,9.88,
2025/04/12 21:30:00,6.83,14.48,10.93,107.55,66.36,99.07,2.324724153122746,6996476.069204193,16265291.007777773,95.27914865925418,9.97,
2025/04/12 21:45:00,6.91,14.46,10.97,107.62,66.53,99.07,2.322023953436865,6962184.802100837,16166777.696666664,95.26017713395348,9.95,
2025/04/12 22:00:00,7.08,14.47,11.02,107.68,66.7,99.07,2.32183418126234,6920386.713406717,16068410.453333328,95.14402559891214,9.94,
2025/04/12 22:15:00,7.07,14.51,11.03,107.74,66.87,99.08,2.318858975431631,6889211.481459238,15975522.957777772,95.20513488143968,9.94,
2025/04/12 22:30:00,7.3,14.53,11.11,107.81,67.04,99.08,2.3220353318906315,6837545.75200581,15877441.579999996,95.03849442135079,9.99,
2025/04/12 22:45:00,7.35,14.48,11.08,107.87,67.21,99.08,2.319178760428161,6803739.679670263,15779506.270000003,95.04042964574248,9.97,
2025/04/12 23:00:00,7.44,14.46,11.1,107.93,67.38,99.08,2.3198343275728,6759662.346149771,15681717.02777778,95.00309097471876,10.01,
2025/04/12 23:15:00,7.86,14.48,11.27,108.0,67.57,99.08,2.322602140135704,6858884.672703714,15930908.076111112,94.64888621514645,9.98,
2025/04/12 23:30:00,7.88,14.44,11.26,108.79,68.6,99.08,2.292446348065386,6704669.107923424,15370520.44,95.30332639833864,10.14,
2025/04/12 23:45:00,8.21,14.37,11.31,108.75,69.63,99.08,2.295271681642786,6453284.855710929,14812469.772222225,94.94340190667529,10.04,
2025/04/13 00:00:00,8.43,14.32,11.33,108.68,70.6,99.04,2.2990233636424002,6245060.503557063,14357965.600000003,94.66652088102245,9.97,
2025/04/13 00:15:00,8.26,14.33,11.25,108.63,70.57,99.04,2.299066182416137,6247942.607415635,14364846.925000006,94.79164893691494,9.98,
2025/04/13 00:30:00,8.36,14.37,11.4,108.66,70.54,99.04,2.302800586674437,6240783.846738785,14371710.833333334,94.71881740124265,10.05,
2025/04/13 00:45:00,8.52,14.35,11.5,108.71,70.52,99.04,2.3060716515410804,6232563.045864477,14373186.373333337,94.60382169695337,10.11,
2025/04/13 01:00:00,8.64,14.38,11.55,108.73,70.49,99.04,2.3066871835344855,6233860.00345023,14380018.002777783,94.50242879415201,10.1,
2025/04/13 01:15:00,8.66,14.38,11.48,108.74,70.46,99.04,2.30604684744642,6238550.682593429,14386832.215555562,94.49116980545952,10.09,
2025/04/13 01:30:00,8.84,14.36,11.57,108.76,70.44,99.04,2.3076901439193533,6234865.595297594,14388598.033333339,94.33055693783521,10.08,
2025/04/13 01:45:00,8.69,14.36,11.52,108.77,70.41,99.03,2.3045788246481034,6243903.988716495,14390019.930000002,94.4870738567488,10.08,
2025/04/13 02:00:00,8.55,14.32,11.44,108.79,70.38,99.03,2.2996575173639444,6260212.215030831,14396787.350000001,94.64210750739063,10.05,
2025/04/13 02:15:00,8.42,14.26,11.29,108.8,70.36,99.03,2.2984035043491327,6264385.568481853,14398515.199444445,94.77899416539317,10.08,
2025/04/13 02:30:00,8.54,14.31,11.44,108.82,70.33,99.03,2.2989896823391027,6265421.500828002,14404584.211111112,94.67759924256322,10.07,
2025/04/13 02:45:00,8.58,14.27,11.41,108.83,70.3,99.03,2.298183475668005,6270251.388462248,14410634.41277778,94.64656876561257,10.05,
2025/04/13 03:00:00,8.57,14.43,11.46,108.85,70.28,99.03,2.2960102466037897,6276637.479270535,14411653.055555554,94.67338577025544,10.03,
2025/04/13 03:15:00,8.56,14.23,11.35,108.86,70.25,99.03,2.295840678248688,6279715.451584378,14417668.772222223,94.69180530274213,10.04,
2025/04/13 03:30:00,8.55,14.23,11.37,108.88,70.22,99.03,2.2936606494025775,6288297.512621608,14423665.678888889,94.71862320107392,10.02,
2025/04/13 03:45:00,8.51,14.22,11.33,108.89,70.2,98.98,2.292981156454304,6279532.64292038,14399289.544444446,94.76664175895569,10.03,
2025/04/13 04:00:00,8.37,14.24,11.26,108.91,70.17,98.94,2.290589815559552,6279972.861452835,14385266.921666663,94.92187334888206,10.05,
2025/04/13 04:15:00,8.32,14.25,11.28,108.93,70.14,98.89,2.289235966237321,6275381.1123025,14366253.61111111,94.98827027591449,10.06,
2025/04/13 04:30:00,8.32,14.26,11.28,108.94,70.12,98.84,2.2877415471059415,6268993.188827278,14342259.017777776,94.99670814171355,10.04,
2025/04/13 04:45:00,8.31,14.29,11.29,108.96,70.09,98.79,2.2850685741104497,6275165.53040345,14339602.627777778,95.02349267973528,10.01,
2025/04/13 05:00:00,8.27,14.32,11.28,108.97,70.07,98.74,2.282881476454676,6282488.50703344,14342589.586111112,95.07140077660664,9.99,
2025/04/13 05:15:00,8.05,14.29,11.22,108.99,70.04,98.69,2.2806630995901025,6291944.992295545,14350215.183333328,95.30564167839704,10.04,
2025/04/13 05:30:00,8.23,14.29,11.3,108.97,70.01,98.65,2.2832116483700644,6290587.695179084,14363163.662222221,95.11093342297666,10.01,
2025/04/13 05:45:00,8.2,14.34,11.33,108.73,69.99,98.6,2.2945973784248914,6260344.894685297,14365392.531111108,94.93612176826245,10.01,
2025/04/13 06:00:00,8.15,14.29,11.3,108.53,69.96,98.55,2.305026784236345,6170055.037749499,14222565.646666666,94.81512823712754,10.04,
2025/04/13 06:15:00,7.71,14.19,11.02,107.88,69.37,98.5,2.3265749269614275,6333335.727658101,14735400.789999997,94.69435203269153,10.0,
2025/04/13 06:30:00,6.92,14.18,10.74,107.53,68.58,98.45,2.327275634576778,6552487.715153014,15249846.394444445,95.17344415829946,9.97,
2025/04/13 06:45:00,6.82,14.24,10.77,107.58,67.79,98.4,2.3258544501162803,6752847.055946862,15706548.782222223,95.31476106552526,10.03,
2025/04/13 07:00:00,7.02,14.23,10.81,107.63,67.65,98.36,2.327634036749957,6803580.16952428,15836664.170555552,95.16060326494049,10.04,
2025/04/13 07:15:00,7.19,14.23,10.89,107.68,67.67,98.31,2.3270427042683264,6823731.910951182,15879545.977777777,95.0358437309842,10.01,
2025/04/13 07:30:00,7.25,14.24,10.93,107.74,67.7,98.26,2.3253311543388464,6844798.730094414,15916858.515555553,95.02800553209215,10.01,
2025/04/13 07:45:00,7.35,14.22,10.93,107.79,67.72,98.21,2.32199893737283,6623188.181537332,15379457.512222217,94.97207011753906,9.95,
2025/04/13 08:00:00,7.84,14.22,11.1,106.39,67.75,97.29,2.386663491471201,6294682.863376127,15023745.317777779,93.29231212225196,9.75,
2025/04/13 08:15:00,8.5,14.21,11.25,104.95,67.77,96.06,2.458045330170577,5945976.892866957,14615971.92,91.40858132786207,9.59,
2025/04/13 08:30:00,8.47,14.14,11.13,104.36,67.8,94.84,2.481886185708634,5731376.141967093,14225101.048888892,90.93143505486714,9.54,
2025/04/13 08:45:00,8.0,14.25,11.17,103.92,67.82,94.46,2.4941225598785763,5725669.887956208,14280995.08,91.01501280282247,9.59,
2025/04/13 09:00:00,7.74,14.11,10.95,104.04,67.85,94.48,2.4841708950408585,5854367.0070436895,14543714.117777782,91.37376375883737,9.61,
2025/04/13 09:15:00,7.37,14.08,10.85,104.16,67.87,94.5,2.4719582026290565,5991365.803915776,14810866.27777777,91.84054152118432,9.63,
2025/04/13 09:30:00,7.27,14.24,10.93,104.28,67.9,94.52,2.4668042259268588,6002762.00097901,14808086.345555548,92.04201109633742,9.68,
2025/04/13 09:45:00,7.29,14.2,10.9,104.4,67.92,94.54,2.463273237643673,6010613.725654034,14806231.818888893,92.12559834546859,9.71,
2025/04/13 10:00:00,7.58,14.18,11.0,104.49,67.95,94.56,2.4608393438477303,6013538.497715765,14798815.918333333,91.91811614179163,9.61,
2025/04/13 10:15:00,7.28,14.14,10.82,104.37,67.97,94.58,2.459481404699414,6016113.119144605,14796962.088333333,92.10970831788475,9.6,
2025/04/13 10:30:00,7.2,14.09,10.75,104.25,68.0,94.6,2.4635490654159438,6003170.955148509,14789548.277777774,92.08502526348063,9.61,
2025/04/13 10:45:00,7.18,14.1,10.76,104.13,68.02,94.62,2.4674992879405355,5992683.827257557,14787386.288888892,92.00139940247993,9.59,
2025/04/13 11:00:00,7.12,14.12,10.76,104.01,68.05,94.63,2.474135947144615,5971367.114987085,14774416.213333331,91.95691563683664,9.65,
2025/04/13 11:15:00,7.27,14.15,10.85,103.9,68.07,94.65,2.482120919795699,5951407.017463417,14772564.47333334,91.71486472348475,9.65,
2025/04/13 11:30:00,7.17,14.14,10.84,103.91,68.1,94.67,2.47780259303711,5958789.707631423,14765155.65555556,91.82172965380347,9.61,
2025/04/13 11:45:00,7.09,14.16,10.81,103.91,68.13,94.69,2.4782858185737604,5954641.657535626,14757748.23111111,91.90022321354408,9.66,
2025/04/13 12:00:00,7.28,14.27,10.94,103.92,68.15,94.71,2.4814610151465497,5946275.174895782,14755897.884444434,91.72227139364824,9.65,
2025/04/13 12:15:00,7.11,14.19,10.87,103.93,68.18,94.73,2.476536731589055,5955108.55690176,14748492.549999997,91.89785057671493,9.63,
2025/04/13 12:30:00,7.12,14.22,10.83,103.93,68.2,94.75,2.4776217204098154,5951757.801432338,14746642.899999999,91.88800662821149,9.65,
2025/04/13 12:45:00,7.31,14.21,10.88,103.94,68.23,94.77,2.4794596454512066,5944232.568203429,14738931.49666666,91.71008009069755,9.61,
2025/04/13 13:00:00,7.27,14.17,10.86,103.95,68.25,94.79,2.4777285519157015,5947638.493544761,14737082.543333337,91.75799106992285,9.6,
2025/04/13 13:15:00,7.25,14.14,10.85,103.95,68.28,94.81,2.478191910921207,5943538.904220727,14729681.504999999,91.77760733119868,9.62,
2025/04/13 13:30:00,7.42,14.18,10.89,103.96,68.3,94.83,2.4818060596105247,5934138.43358077,14727833.248333333,91.61924033591897,9.63,
2025/04/13 13:45:00,7.44,14.23,10.93,103.97,68.33,94.85,2.4817922445494798,5931190.815827316,14720434.299999995,91.60820652523154,9.63,
2025/04/13 14:00:00,7.53,14.27,11.04,103.97,68.35,94.87,2.481905052411793,5930172.884473233,14718586.740000006,91.51984361415131,9.59,
2025/04/13 14:15:00,7.57,14.28,11.05,103.98,68.38,94.89,2.482311564005246,5926221.954673123,14711189.881666668,91.48915818736288,9.59,
2025/04/13 14:30:00,7.66,14.31,11.11,103.98,68.4,94.91,2.4855806594732024,5917682.484133996,14709343.01833333,91.40070841119925,9.62,
2025/04/13 14:45:00,7.6,14.38,11.1,103.99,68.38,94.93,2.485653131244188,5925575.110025464,14729379.500000006,91.4682295689718,9.66,
2025/04/13 15:00:00,7.61,14.41,11.19,104.0,68.29,94.95,2.4854244734866375,5949922.262842846,14788547.86444444,91.4670147458822,9.66,
2025/04/13 15:15:00,7.52,14.35,11.05,103.98,68.2,94.97,2.4834993726259986,5978356.864356131,14847700.90222222,91.53822418567533,9.64,
2025/04/13 15:30:00,7.51,14.37,11.11,103.96,68.11,94.99,2.482824471253709,6003797.765517854,14906838.61333333,91.53085699466622,9.61,
2025/04/13 15:45:00,7.76,14.41,11.15,103.93,68.03,95.01,2.4871823506289035,6014818.477443424,14960415.995555557,91.25947989202017,9.56,
2025/04/13 16:00:00,7.96,14.53,11.36,103.9,67.94,95.03,2.493235113739226,6023916.849851328,15019523.750000004,91.03712385574123,9.57,
2025/04/13 16:15:00,7.82,14.55,11.32,103.88,67.85,95.05,2.4911390765412853,6052709.522553753,15078616.17777778,91.15746988187965,9.57,
2025/04/13 16:30:00,7.85,14.53,11.27,103.85,67.76,94.98,2.4940306044882337,6049378.565310199,15087807.068888886,91.10214330657865,9.59,
2025/04/13 16:45:00,7.89,14.56,11.32,103.82,67.67,94.71,2.4952995948141727,6005437.1935639065,14985836.897777773,91.0370329828139,9.57,
2025/04/13 17:00:00,7.86,14.6,11.35,103.79,67.58,94.45,2.4973618692287163,5962003.88965886,14889749.263888892,91.04064487240926,9.6,
2025/04/13 17:15:00,7.87,14.61,11.38,103.77,67.5,94.19,2.499820641895843,5915246.893880775,14787524.809444442,91.01357165936184,9.63,
2025/04/13 17:30:00,7.88,14.58,11.32,103.74,67.41,93.92,2.5022616587173667,5849819.288443159,14638238.78,90.97789744340434,9.65,
2025/04/13 17:45:00,7.85,14.56,11.26,103.71,67.32,93.66,2.5033827080855424,5790036.89734452,14495128.816666668,90.98152429806916,9.66,
2025/04/14 00:00:00,6.32,14.47,11.33,97.68,67.83,86.46,2.692142463579842,3262512.1934747845,8783470.574999997,87.24199803326059,8.87,
2025/04/14 00:15:00,6.2,14.47,10.66,106.7,67.83,98.62,2.3531821978257836,7397634.054562252,17408402.574444447,95.17162980409783,10.01,
2025/04/14 00:30:00,6.34,14.45,10.7,106.7,67.83,98.63,2.357087097153086,7371084.886788785,17374718.044444438,95.03400651962338,10.04,
2025/04/14 00:45:00,6.32,14.49,10.74,106.69,67.83,98.64,2.3571502314526795,7356434.837153013,17340650.23166667,95.0451065866564,10.04,
2025/04/14 01:00:00,6.3,14.51,10.74,106.69,67.83,98.65,2.357185043608325,7342015.628949054,17306914.496666666,95.06479047256637,10.05,
2025/04/14 01:15:00,6.24,14.44,10.64,106.69,67.83,98.67,2.354381844788895,7338799.279988312,17278755.926666666,95.12372875840721,10.01,
2025/04/14 01:30:00,6.24,14.45,10.65,106.68,67.83,98.68,2.354405790558844,7328476.812847884,17254627.805555556,95.11514686852111,10.0,
2025/04/14 01:45:00,6.21,14.45,10.65,106.68,67.83,98.69,2.353418358828212,7332253.532233655,17256279.37,95.1446337009936,9.99,
2025/04/14 02:00:00,6.26,14.44,10.69,106.68,67.83,98.7,2.3539406922878277,7331324.592605932,17257928.380000003,95.09545480875458,9.98,
2025/04/14 02:15:00,6.24,14.44,10.67,106.67,67.82,98.72,2.354006607687297,7336720.663171811,17271112.100000005,95.10655337397732,9.98,
2025/04/14 02:30:00,6.23,14.49,10.72,106.67,67.82,98.73,2.3538176491036156,7337854.530960614,17272394.66333334,95.11638667178899,9.98,
2025/04/14 02:45:00,6.23,14.44,10.65,106.67,67.82,98.74,2.3538179548649665,7337178.051724002,17270802.315555558,95.1163866717891,9.98,
2025/04/14 03:00:00,6.23,14.4,10.62,106.66,67.82,98.75,2.354260977067715,7334965.955000864,17268846.19166667,95.10781797719768,9.98,
2025/04/14 03:15:00,6.15,14.38,10.61,106.66,67.82,98.77,2.352749187217171,7341217.347558188,17272465.95555556,95.18648094429258,9.98,
2025/04/14 03:30:00,6.19,14.39,10.62,106.66,67.82,98.78,2.3535048205040705,7338023.908482663,17270497.640000004,95.14715006756188,9.98,
2025/04/14 03:45:00,6.22,14.38,10.61,106.65,67.82,98.79,2.3549355098356655,7332880.483707078,17268884.043888897,95.10909409921598,9.99,
2025/04/14 04:00:00,6.23,14.39,10.6,106.65,67.82,98.8,2.355125145482846,7331451.130454527,17266906.091111112,95.09926112337747,9.99,
2025/04/14 04:15:00,6.25,14.39,10.61,106.65,67.82,98.81,2.355503725265636,7329430.521021916,17264923.261666674,95.0795949442545,9.99,
2025/04/14 04:30:00,6.29,14.42,10.68,106.64,67.82,98.83,2.356704201224269,7327214.36904061,17268504.24444445,95.03169310234837,9.99,
2025/04/14 04:45:00,6.3,14.39,10.62,106.64,67.82,98.84,2.3568942618475903,7325931.294800295,17266869.400000006,95.02185968192408,9.99,
2025/04/14 05:00:00,6.32,14.36,10.64,106.64,67.82,98.85,2.357272744812059,7323904.254007806,17264869.618333332,95.00219261410126,9.99,
2025/04/14 05:15:00,6.34,14.37,10.62,106.64,67.82,98.86,2.357652568030694,7322334.099517811,17263946.186666667,94.98252524383335,9.99,
2025/04/14 05:30:00,6.32,14.35,10.65,106.63,67.82,98.88,2.3577159708846445,7325170.06731605,17271102.81111111,94.99362411583246,9.99,
2025/04/14 05:45:00,6.29,14.37,10.62,106.63,67.82,98.89,2.357147596372394,7327461.322606784,17272334.285555556,95.02312434737907,9.99,
2025/04/14 06:00:00,6.26,14.37,10.6,106.63,67.82,98.9,2.3569986709593787,7328446.56418699,17273562.97333334,95.0526367428585,10.0,
2025/04/14 06:15:00,6.18,14.42,10.65,106.62,67.82,98.91,2.3559227431129135,7332467.094159119,17275149.86388889,95.12272836047958,10.0,
2025/04/14 06:30:00,6.28,14.32,10.59,106.62,67.82,98.93,2.3578205356171864,7329437.829272621,17281928.198333338,95.02440154554225,10.0,
2025/04/14 06:45:00,6.31,14.31,10.61,106.62,67.82,98.94,2.3583900388964536,7328183.252802167,17283147.24888889,94.99490202073775,10.0,
2025/04/14 07:00:00,6.21,14.3,10.55,106.61,67.82,98.95,2.3569337107059254,7333383.2946468275,17284724.966666672,95.08466127746452,10.0,
2025/04/14 07:15:00,6.16,14.3,10.57,106.61,67.82,98.96,2.3559842110857065,7336853.020285449,17285938.560000002,95.13382254383308,10.0,
2025/04/14 07:30:00,6.15,14.3,10.53,106.61,67.82,98.98,2.3557950638202914,7340313.696364059,17292699.013333336,95.14365456854122,10.0,
2025/04/14 07:45:00,6.12,14.35,10.57,106.6,67.82,98.99,2.355667021880208,7341379.011457251,17294267.558333334,95.16457939219566,10.0,
2025/04/14 08:00:00,6.18,14.33,10.54,106.6,67.7,99.0,2.356806319042742,7366583.784479875,17362035.227777775,95.10558799024034,10.0,
2025/04/14 08:15:00,6.21,14.33,10.59,106.6,67.54,98.87,2.357375436353678,7370010.055928653,17374310.842777777,95.07609126005609,10.0,
2025/04/14 08:30:00,6.18,14.26,10.53,106.6,67.38,98.67,2.3568053944951703,7360684.782601709,17348132.083333336,95.10558799023988,10.0,
2025/04/14 08:45:00,6.22,14.24,10.52,106.6,67.22,98.48,2.357565133951173,7349409.780285095,17327143.606666666,95.0662588643751,10.0,
2025/04/14 09:00:00,6.27,14.26,10.56,106.6,67.06,98.28,2.358933097603959,7333903.84210339,17300621.971111108,95.01710923244802,10.01,
2025/04/14 09:15:00,5.42,14.27,10.26,103.64,64.73,98.16,2.4532223373223485,7655969.2946332805,18782259.19777777,93.30580958630556,9.63,
2025/04/14 09:30:00,5.26,14.32,10.34,103.89,64.86,98.18,2.439062504393863,7669685.185864599,18707302.973333333,93.67852985331352,9.62,
2025/04/14 09:45:00,5.41,14.38,10.37,104.15,64.99,98.19,2.433290822796304,7654805.89543366,18626823.111111112,93.75565659087411,9.67,
2025/04/14 10:00:00,5.47,14.29,10.33,104.41,65.13,98.2,2.4235906637265803,7650120.553871971,18541215.433888894,93.92097254695099,9.67,
2025/04/14 10:15:00,5.48,14.31,10.34,104.9,65.26,98.22,2.4063333733679175,7673950.872627977,18466530.328888882,94.33307903593551,9.75,
2025/04/14 10:30:00,5.67,14.33,10.41,105.3,65.39,98.23,2.3959391035761493,7673770.437532991,18386333.313333333,94.4906492204026,9.82,
2025/04/14 10:45:00,5.77,14.35,10.47,105.63,65.52,98.25,2.3857959371013977,7675325.214711023,18312205.89,94.67607256820638,9.87,
2025/04/14 11:00:00,5.65,14.38,10.41,104.72,65.66,98.26,2.4181919195192587,7537101.4717380665,18226602.04444445,94.0112487969437,9.77,
2025/04/14 11:15:00,5.78,14.41,10.49,105.36,65.81,98.27,2.397579004138049,7564067.574791742,18135890.703333326,94.43420435097553,9.87,
2025/04/14 11:30:00,5.91,14.44,10.54,106.01,65.96,98.29,2.373736592200848,7604070.681418816,18050494.580555566,94.86486897210202,9.91,
2025/04/14 11:45:00,6.03,14.47,10.6,106.3,66.11,98.3,2.365055186837164,7595614.916074207,17964480.746666662,94.99578607953381,9.95,
2025/04/14 12:00:00,6.1,14.52,10.67,106.04,66.26,98.31,2.3785814567635666,7545541.958019445,17948124.638888888,94.70394845640143,9.97,
2025/04/14 12:15:00,6.09,14.56,10.68,105.79,66.41,98.33,2.3884308001407795,7509704.804507075,17936848.16,94.49916792079298,9.95,
2025/04/14 12:30:00,6.56,14.59,10.8,103.76,66.56,96.22,2.478384421590334,7516328.748548184,18628847.856666658,92.2910481681019,9.78,
2025/04/14 12:45:00,6.73,14.61,10.97,102.02,66.7,94.15,2.548008165393729,6787698.135049162,17295612.124999996,90.62093889688192,9.58,
2025/04/14 13:00:00,6.92,14.68,11.07,101.78,66.85,94.11,2.5629623915622135,6722622.933719857,17230338.75444445,90.22679200644735,9.59,
2025/04/14 13:15:00,6.93,14.7,11.09,101.55,67.0,94.06,2.573719032508907,6666405.7716099955,17157965.77,90.01757405065308,9.61,
2025/04/14 13:30:00,6.95,14.74,11.11,101.31,67.15,94.02,2.584716572439278,6612193.265741558,17091154.623888884,89.7897792116053,9.62,
2025/04/14 13:45:00,7.36,14.8,11.28,101.72,67.3,93.97,2.577016827047458,6600004.595178922,17008842.876666665,89.74348897479037,9.62,
2025/04/14 14:00:00,7.5,14.84,11.34,101.75,67.45,93.92,2.5782203774558603,6540537.685402151,16863466.424444444,89.63225944026607,9.6,
2025/04/14 14:15:00,7.49,14.89,11.4,101.69,67.6,93.88,2.5849222031787575,6469906.554622258,16724723.399999999,89.58993192191856,9.71,
2025/04/14 14:30:00,7.41,14.94,11.42,101.63,67.75,93.83,2.584413541332589,6415138.069907138,16579878.968888892,89.61640402959179,9.68,
2025/04/14 14:45:00,7.59,14.95,11.45,101.62,67.9,93.79,2.5887385945065686,6350909.522739373,16441353.885000002,89.43130098535508,9.67,
2025/04/14 15:00:00,7.49,14.97,11.45,101.66,68.01,93.74,2.5854272710765125,6313044.350740081,16322418.719444435,89.56396463476018,9.69,
2025/04/14 15:15:00,7.54,14.99,11.44,101.71,68.01,93.7,2.584086211209137,6329242.692335159,16355806.817777772,89.55827499538209,9.68,
2025/04/14 15:30:00,7.51,15.03,11.49,101.75,68.02,93.65,2.580471376133604,6352482.2865206925,16392898.16388889,89.62237479808685,9.65,
2025/04/14 15:45:00,7.66,15.09,11.55,101.79,68.03,93.6,2.583502076888939,6359364.8642026065,16429933.892777773,89.50990305038269,9.68,
2025/04/14 16:00:00,8.0,15.15,11.75,101.49,68.04,93.56,2.6029639823352504,6328264.410404904,16472774.364444437,88.91670134434418,9.64,
2025/04/14 16:15:00,7.65,15.19,11.61,101.48,68.04,93.51,2.598510508867765,6349803.644233989,16500534.324999997,89.25109963126252,9.73,
2025/04/14 16:30:00,7.75,15.23,11.68,101.59,68.05,93.47,2.5973651472102848,6360471.703523213,16520974.873333333,89.2483614373549,9.76,
2025/04/14 16:45:00,7.64,15.28,11.69,101.69,68.06,93.42,2.5915777221513387,6379969.680521943,16534687.595555557,89.44281723221972,9.79,
2025/04/14 17:00:00,7.91,15.31,11.85,101.98,68.07,93.37,2.579572119974938,6414876.00238638,16548150.911111118,89.42921529697176,9.64,
2025/04/14 17:15:00,7.68,15.32,11.72,101.43,68.07,93.33,2.603270200978226,6361982.451654744,16562462.766666666,89.17831779735633,9.78,
2025/04/14 17:30:00,7.96,15.33,11.83,101.78,68.08,93.28,2.593464000478699,6385644.053867441,16561452.6,89.20699292726844,9.74,
2025/04/14 17:45:00,7.7,15.3,11.72,101.48,68.09,93.24,2.6008649910483754,6369550.731672844,16566847.122222217,89.20206259273054,9.76,
2025/04/14 18:00:00,7.7,15.31,11.75,101.17,68.1,93.19,2.6152166638216285,6363257.993592747,16641813.680555554,88.9332569255681,9.79,
2025/04/14 18:15:00,7.1,15.33,11.53,100.65,67.93,93.15,2.6205366687104927,6430745.309101481,16852494.388888888,89.06946478749396,9.74,
2025/04/14 18:30:00,6.82,15.34,11.45,100.07,67.71,93.1,2.633905596856656,6488691.001847517,17091089.485555556,88.83903433033538,9.63,
2025/04/14 18:45:00,6.55,15.35,11.36,99.66,67.5,93.05,2.6430724613695222,6538252.766155912,17281561.519444443,88.74579465787248,9.6,
2025/04/14 19:00:00,6.52,15.37,11.34,99.55,67.28,93.01,2.6471975083520007,6603736.534114975,17481882.562222224,88.67911755683512,9.61,
2025/04/14 19:15:00,6.5,15.35,11.35,99.45,67.07,92.96,2.6508142509318846,6665897.948848047,17670554.99,88.61138699605925,9.61,
2025/04/14 19:30:00,6.08,15.35,11.23,99.45,66.85,92.92,2.6390997848351447,6799047.540311825,17943852.09833334,89.02192368831395,9.58,
2025/04/14 19:45:00,5.65,15.36,11.19,99.55,66.64,92.87,2.621859233576249,6943609.495840784,18205649.910555556,89.52960703834324,9.51,
2025/04/14 20:00:00,5.46,15.34,11.18,99.64,66.42,92.83,2.6121338319664833,7048280.654580707,18411539.293888886,89.79397521096347,9.47,
2025/04/14 20:15:00,5.15,15.34,11.19,99.74,66.21,92.78,2.599788971181697,7073865.381450286,18391041.038333338,90.18414907431927,9.45,
2025/04/14 20:30:00,5.09,15.32,11.15,99.84,65.99,92.73,2.593617385601199,7085670.661998323,18377997.928888895,90.3301758961936,9.43,
2025/04/14 20:45:00,5.06,15.32,11.16,99.93,65.78,92.79,2.589609440005742,7161148.549788179,18545061.49833333,90.43799626117573,9.44,
2025/04/14 21:00:00,5.06,15.31,11.15,100.03,65.57,92.86,2.5855845995973494,7239662.978309499,18719248.02,90.52528211408998,9.44,
2025/04/14 21:15:00,5.07,15.3,11.13,100.13,65.35,92.94,2.581797757656693,7322788.781271938,18906449.08777778,90.60277378524086,9.44,
2025/04/14 21:30:00,5.09,15.3,11.1,100.22,65.14,93.02,2.5786494590843945,7401514.202566322,19086400.177777767,90.66174634203688,9.44,
2025/04/14 21:45:00,5.21,15.29,11.11,100.32,65.36,93.1,2.5788804069771047,7356568.013667384,18972198.16555555,90.6315087291507,9.48,
2025/04/14 22:00:00,5.14,15.29,11.13,100.41,65.69,93.17,2.5728733753735407,7297438.735153524,18775870.3,90.77845898739854,9.46,
2025/04/14 22:15:00,5.66,15.27,11.15,100.52,66.03,93.25,2.586757607737684,7182629.047479192,18580208.68,90.36536674452148,9.63,
2025/04/14 22:30:00,6.44,15.26,11.26,100.71,66.37,93.33,2.600363972659234,7069808.839711495,18384578.17777777,89.76767347546627,9.7,
2025/04/14 22:45:00,6.54,15.26,11.27,100.57,66.71,93.62,2.60721534691483,7031201.249427809,18332359.760000005,89.54814618157941,9.66,
2025/04/14 23:00:00,6.61,15.24,11.32,101.31,67.04,94.13,2.5795801720286438,7147111.906173711,18437055.174999993,90.12259467860993,9.7,
2025/04/14 23:15:00,6.6,15.22,11.3,101.99,67.38,94.64,2.5553232284010305,6974856.387470712,17823495.152222224,90.72191317374782,9.82,
2025/04/14 23:30:00,6.39,15.21,11.19,102.38,67.72,95.15,2.535993556723159,7050631.197906077,17880821.53,91.26536493446149,9.87,
2025/04/14 23:45:00,6.27,15.2,11.17,102.78,67.91,95.65,2.515548653868409,7166501.495432941,18028145.862222232,91.72908128213957,9.84,
2025/04/15 00:00:00,6.23,15.19,11.15,103.39,67.83,97.4,2.49321145443774,7643685.211657453,19057804.217222225,92.29537563195545,9.95,
2025/04/15 00:15:00,6.72,15.17,11.25,106.76,67.77,99.18,2.3658218358133984,7442615.988754071,17608322.105000004,94.71187556134188,10.14,
2025/04/15 00:30:00,6.98,15.13,11.37,107.41,67.71,100.21,2.338802257243061,7749841.078802283,18125786.25,95.01203887378223,10.08,
2025/04/15 00:45:00,6.93,15.13,11.33,107.09,67.65,100.16,2.351589375974544,7706540.607155658,18123058.916111104,94.7875187419072,10.06,
2025/04/15 01:00:00,6.9,15.1,11.29,106.77,67.6,100.11,2.3659003362193847,7656413.484603889,18114754.417222228,94.54319007717348,10.07,
2025/04/15 01:15:00,6.84,15.09,11.24,106.5,67.54,100.06,2.3768295696156385,7620057.255511632,18112019.419999994,94.37098136623658,10.07,
2025/04/15 01:30:00,6.91,15.07,11.25,106.52,67.48,100.01,2.378545949067991,7613404.88333596,18109279.31388889,94.3193310074686,10.1,
2025/04/15 01:45:00,6.94,15.05,11.27,106.53,67.42,99.96,2.3795116269603263,7609159.357654776,18106534.098888885,94.29843789605775,10.12,
2025/04/15 02:00:00,6.89,15.03,11.22,106.55,67.36,99.91,2.376818941202099,7616465.4747262485,18103405.833333325,94.36470091093814,10.1,
2025/04/15 02:15:00,6.85,15.01,11.21,106.57,67.3,99.87,2.374735093423469,7624329.345560047,18106209.452222224,94.42115350275444,10.09,
2025/04/15 02:30:00,6.87,14.98,11.19,106.58,67.24,99.82,2.374675672038947,7623356.054550234,18103446.240000002,94.41004606740728,10.09,
2025/04/15 02:45:00,6.83,14.97,11.22,106.6,67.18,99.77,2.372591257251092,7628884.984202015,18100677.918888886,94.46649924558828,10.08,
2025/04/15 03:00:00,6.78,14.94,11.12,106.56,67.12,99.72,2.3725751120706122,7627771.472254251,18097904.488888882,94.48137409743364,10.06,
2025/04/15 03:15:00,6.72,14.93,11.13,106.52,67.06,99.67,2.3740298894284892,7621925.721491539,18095125.949999996,94.50616154841052,10.08,
2025/04/15 03:30:00,6.71,14.89,11.07,106.48,67.0,99.62,2.3747837760869324,7618334.849325645,18092342.30222223,94.48168338944343,10.06,
2025/04/15 03:45:00,6.74,14.88,11.14,106.44,66.94,99.57,2.3767245420814023,7610776.926464793,18089174.674999997,94.41788586752479,10.05,
2025/04/15 04:00:00,6.68,14.86,11.04,106.39,66.88,99.52,2.3781953454459077,7604899.016242801,18086380.69333333,94.43406332251396,10.06,
2025/04/15 04:15:00,6.7,14.84,11.04,106.35,66.83,99.47,2.3811801194123556,7591863.582843895,18078042.98666667,94.38015475482517,10.08,
2025/04/15 04:30:00,6.73,14.82,11.03,106.31,66.77,99.42,2.38312513920128,7584491.031472676,18075241.34166667,94.31635020826958,10.07,
2025/04/15 04:45:00,6.71,14.8,11.02,106.27,66.71,99.38,2.3840912244192083,7582560.701574912,18077968.095,94.30171007429628,10.06,
2025/04/15 05:00:00,6.68,14.78,10.99,106.23,66.65,99.33,2.384446899298865,7580249.81241023,18075153.67777778,94.29688106774466,10.04,
2025/04/15 05:15:00,6.63,14.75,10.98,106.45,66.59,99.28,2.373316859583948,7613011.853220692,18068538.479444437,94.53459598392749,10.03,
2025/04/15 05:30:00,6.69,14.73,11.01,107.08,66.53,99.23,2.3458151647554297,7692159.6118893735,18044830.099999998,95.01505184616707,10.02,
2025/04/15 05:45:00,6.74,14.73,10.99,106.67,66.47,99.18,2.3647732200093996,7620297.454906858,18020724.040000003,94.61484207812676,10.01,
2025/04/15 06:00:00,6.6,14.69,10.95,106.26,66.41,99.13,2.379897097607242,7568437.6815269,18012556.319999997,94.40119569099855,10.0,
2025/04/15 06:15:00,6.53,14.68,10.9,106.13,66.35,99.08,2.3850923422985653,7521438.907814831,17939774.856666666,94.35857659823083,10.02,
2025/04/15 06:30:00,6.47,14.65,10.87,106.05,66.29,99.03,2.3866066347091017,7526608.380891952,17963503.09111111,94.34891328235639,10.0,
2025/04/15 06:45:00,6.39,14.64,10.79,105.96,66.23,98.98,2.387745317430647,7532964.2502262965,17987242.47222222,94.35029902975201,9.97,
2025/04/15 07:00:00,6.21,14.62,10.71,105.88,66.17,98.93,2.386471316946773,7546940.596620185,18010993.000000004,94.45851589046019,9.94,
2025/04/15 07:15:00,6.24,14.59,10.72,105.8,66.11,98.89,2.390132184912357,7547622.724493522,18040258.108888887,94.36035928921753,9.93,
2025/04/15 07:30:00,6.19,14.57,10.69,105.71,66.05,98.84,2.3922374440477134,7550920.301505066,18064036.503333338,94.33220824995601,9.91,
2025/04/15 07:45:00,6.05,14.56,10.64,105.63,65.87,98.79,2.3921227088919537,7513153.395780152,17972820.31111111,94.40104089780921,9.89,
2025/04/15 08:00:00,5.9,14.56,10.6,105.35,65.68,98.74,2.399585487022849,7537476.941273473,18087256.403333325,94.30777900149437,9.85,
2025/04/15 08:15:00,5.8,14.54,10.53,104.95,65.5,98.08,2.4110345905692387,7442503.617445482,17944564.439999998,94.06201758410664,9.76,
2025/04/15 08:30:00,5.87,14.53,10.56,103.88,65.32,96.19,2.4542109929252587,7339653.866661202,18013509.36,93.07161599986466,9.67,
2025/04/15 08:45:00,5.84,14.53,10.53,101.03,65.14,95.2,2.564082519210679,6983319.874684384,17906286.09,90.63375710828623,9.46,
2025/04/15 09:00:00,5.67,14.52,10.5,100.01,64.95,94.33,2.6001022396183324,7198639.066470563,18717705.83222222,89.91203562265385,9.41,
2025/04/15 09:15:00,5.2,14.54,10.41,100.26,64.77,93.47,2.5789576663696345,7106227.994795086,18327139.17222222,90.58927017624715,9.42,
2025/04/15 09:30:00,4.95,14.52,10.44,101.26,64.77,93.58,2.5333407932240375,7278818.503375314,18440200.625000004,91.70430970691358,9.44,
2025/04/15 09:45:00,5.23,14.52,10.44,101.12,64.87,93.99,2.549087251198578,7345115.44303388,18723825.11999999,91.30831089358306,9.54,
2025/04/15 10:00:00,4.64,14.54,10.4,99.21,64.96,93.02,2.6037922582539115,7358218.218533649,19159777.98777778,90.21933179036033,9.31,
2025/04/15 10:15:00,4.69,14.54,10.43,99.48,65.06,92.17,2.5952490205835614,7167066.794556122,18600815.615555555,90.40658234156587,9.34,
2025/04/15 10:30:00,4.69,14.55,10.45,99.75,65.15,92.3,2.5854835810159362,7166102.42183649,18528328.958333325,90.6424212641192,9.37,
2025/04/15 10:45:00,4.71,14.63,10.52,100.08,65.24,92.42,2.57345398093404,7168561.3646680815,18448444.630000003,90.91098773292826,9.39,
2025/04/15 11:00:00,4.71,14.58,10.45,100.5,65.34,92.54,2.55697572217964,7128919.469631806,18228942.844444443,91.27732383074355,9.4,
2025/04/15 11:15:00,4.92,14.58,10.48,100.63,65.43,92.66,2.558091909769015,7016500.534549898,17949318.609444436,91.18524489194915,9.44,
2025/04/15 11:30:00,4.98,14.61,10.52,100.68,65.53,92.78,2.5588965614491808,7019692.812706884,17963134.902777776,91.16997056731152,9.48,
2025/04/15 11:45:00,4.93,14.62,10.53,100.73,65.62,92.91,2.556058499693587,7038050.807092158,17990136.541666657,91.2623322371469,9.49,
2025/04/15 12:00:00,5.22,14.75,10.62,100.77,65.71,93.03,2.5619698122523014,7029779.496851172,18010547.597777784,91.01364968857578,9.51,
2025/04/15 12:15:00,5.14,14.67,10.57,100.82,65.81,93.15,2.5587634314500294,7043988.369308722,18024367.374444444,91.13528617939981,9.53,
2025/04/15 12:30:00,5.29,14.68,10.59,100.86,65.9,93.27,2.562418746236892,7041781.489779435,18044463.188888885,91.02326924967294,9.58,
2025/04/15 12:45:00,5.79,14.71,10.67,100.91,66.0,93.4,2.5736548155075263,7018966.819426516,18064877.844444446,90.5777170231902,9.62,
2025/04/15 13:00:00,6.0,14.77,10.74,100.95,66.09,93.52,2.5770311467879963,7017692.0611992,18085293.893333327,90.40708102587075,9.62,
2025/04/15 13:15:00,6.24,14.78,10.84,101.0,66.18,93.64,2.5814264178644097,7013647.710978314,18105711.335555546,90.21565994096103,9.64,
2025/04/15 13:30:00,6.28,14.82,10.88,101.05,66.28,93.76,2.580675955045588,7021044.396260372,18119536.453333337,90.2199408828171,9.65,
2025/04/15 13:45:00,6.23,14.78,10.86,101.09,66.37,93.88,2.5774674204056316,7037706.173677948,18139956.44999999,90.30365829537295,9.64,
2025/04/15 14:00:00,6.19,14.79,10.83,101.05,66.47,94.01,2.578164760563888,7043725.173812092,18160377.840000007,90.30804356868504,9.64,
2025/04/15 14:15:00,6.2,14.77,10.82,100.99,66.56,94.13,2.5808805972279742,7044101.173576058,18180480.50499999,90.24611054489064,9.64,
2025/04/15 14:30:00,6.15,14.78,10.83,100.93,66.66,94.14,2.5825084232306246,7016927.586212065,18121769.966666665,90.24284862387205,9.65,
2025/04/15 14:45:00,6.1,14.79,10.83,100.87,66.75,94.13,2.583423444256734,6989163.120575925,18056460.485555552,90.23962593661687,9.64,
2025/04/15 15:00:00,6.14,14.78,10.8,100.81,66.83,94.13,2.5861504341340136,6961639.408323491,18004336.349999998,90.1483733108867,9.62,
2025/04/15 15:15:00,5.94,14.79,10.76,100.74,66.86,94.13,2.583154251300802,6962302.989444806,17985184.634999998,90.2832191104709,9.59,
2025/04/15 15:30:00,5.8,14.79,10.74,100.68,66.89,94.13,2.581544168702246,6959227.370912161,17966031.526666656,90.36799764335309,9.57,
2025/04/15 15:45:00,5.48,14.82,10.69,100.62,66.92,94.13,2.5749258245706432,6969557.713125769,17946561.086666662,90.62879863693111,9.53,
2025/04/15 16:00:00,5.39,14.83,10.75,100.63,66.94,94.13,2.574100194434538,6966911.890593899,17934001.347777776,90.72527684135154,9.58,
2025/04/15 16:15:00,5.67,14.91,10.82,100.67,66.97,94.12,2.5809049514398485,6938564.814380454,17908248.60000001,90.48619669032685,9.63,
2025/04/15 16:30:00,5.83,14.87,10.75,100.72,67.0,94.12,2.5820314802099866,6928119.082585769,17889090.266666666,90.3733301215588,9.61,
2025/04/15 16:45:00,6.05,14.83,10.83,100.76,67.03,94.12,2.586738641586053,6908099.093060765,17869930.540000003,90.19286488025263,9.64,
2025/04/15 17:00:00,6.15,14.84,10.86,100.81,67.01,94.12,2.5874485565351475,6911544.716095956,17883753.10333333,90.13850251404622,9.65,
2025/04/15 17:15:00,6.16,14.85,10.89,100.85,66.86,94.12,2.584983054412115,6956659.168069663,17983337.191111114,90.16359204591262,9.62,
2025/04/15 17:30:00,6.11,14.88,10.89,100.9,66.7,94.11,2.5806468456643796,7006817.390672358,18082609.984999996,90.25608167324869,9.59,
2025/04/15 17:45:00,5.87,14.96,10.82,100.01,66.55,94.11,2.6116400718359247,6961802.851150664,18182206.264444444,89.7157595527882,9.6,
2025/04/15 18:00:00,5.57,14.91,10.8,100.52,66.39,94.11,2.5814981674127977,7084728.753512034,18289694.5,90.453688241397,9.54,
2025/04/15 18:15:00,5.27,14.91,10.8,101.26,66.25,94.11,2.5474974898219602,7245516.489264205,18458409.285555553,91.39058340479009,9.63,
2025/04/15 18:30:00,5.61,14.93,10.82,100.21,66.17,94.14,2.594730315875335,7171492.782642668,18608582.40388889,90.14451315246869,9.53,
2025/04/15 18:45:00,5.19,14.94,10.81,100.31,66.09,94.16,2.57845650507484,7272516.640224574,18752356.871111102,90.64238034620917,9.47,
2025/04/15 19:00:00,5.02,14.94,10.8,100.41,66.0,94.19,2.5689652675783607,7360788.066190454,18910097.879444443,90.89585956589535,9.43,
2025/04/15 19:15:00,5.03,14.93,10.8,100.51,65.92,94.21,2.5651660140936348,7220362.630408831,18521907.781666663,90.97325118771354,9.43,
2025/04/15 19:30:00,5.17,14.95,10.79,100.62,65.84,94.24,2.5658010424161395,7243946.031302284,18587001.64444444,90.93203041094218,9.48,
2025/04/15 19:45:00,5.63,15.0,10.9,100.72,65.79,94.26,2.5761891610785668,7229691.772252815,18625542.173333332,90.56900842897647,9.58,
2025/04/15 20:00:00,5.81,14.99,10.87,100.83,65.78,94.29,2.577403683014356,7233741.525560493,18644759.14277778,90.48856653607078,9.62,
2025/04/15 20:15:00,6.07,14.97,10.89,100.93,65.78,94.32,2.5780936961574143,7236585.526812214,18657087.936666664,90.32133456405262,9.58,
2025/04/15 20:30:00,6.14,14.92,10.9,100.92,65.78,94.34,2.580900484476529,7231079.891957127,18663198.400000002,90.24408645357634,9.6,
2025/04/15 20:45:00,6.05,14.91,10.87,100.69,65.77,94.37,2.5899580996961635,7268579.271473075,18825821.300000004,90.1319342286961,9.65,
2025/04/15 21:00:00,5.83,14.9,10.8,100.45,65.77,94.39,2.591675110710871,7289745.617886171,18893152.740000002,90.13841878729447,9.57,
2025/04/15 21:15:00,5.94,14.9,10.81,100.32,65.77,94.42,2.602068945659457,7265423.592490431,18905638.400000006,89.9173960837885,9.64,
2025/04/15 21:30:00,5.98,14.89,10.86,100.21,65.76,94.44,2.6065302094281666,7257768.998275167,18918108.733333327,89.78254813973156,9.61,
2025/04/15 21:45:00,5.93,14.94,10.85,100.11,65.76,94.47,2.608363949681909,7257316.3879818395,18930230.384999994,89.74437533246333,9.58,
2025/04/15 22:00:00,5.71,14.95,10.82,100.0,65.76,94.49,2.6060660304000725,7265961.79260312,18936078.669444434,89.86363212716911,9.54,
2025/04/15 22:15:00,5.55,14.94,10.82,100.34,65.75,94.52,2.5890224462752247,7321010.626844114,18954759.669999998,90.31633666516593,9.56,
2025/04/15 22:30:00,5.54,14.88,10.76,100.69,65.75,94.54,2.575256956939894,7362406.101541103,18960582.17777778,90.6308878231397,9.58,
2025/04/15 22:45:00,5.56,14.87,10.76,100.86,65.75,94.57,2.568820365467657,7385549.111644538,18972643.103333328,90.75929064499684,9.58,
2025/04/15 23:00:00,5.6,14.86,10.78,100.76,65.74,94.6,2.572435815701235,7382537.614067882,18991603.58333333,90.63331202598434,9.54,
2025/04/15 23:15:00,5.44,14.85,10.76,100.65,65.74,94.62,2.571335231751092,7387817.035379553,18997052.21333334,90.6941996958688,9.49,
2025/04/15 23:30:00,5.2,14.86,10.72,100.84,65.74,94.65,2.558311828480687,7430256.419570686,19009401.09444445,91.09418515255929,9.5,
2025/04/15 23:45:00,5.3,14.86,10.74,101.37,65.73,94.67,2.539831847535047,7489044.43198375,19021398.62333333,91.45728862827168,9.52,
2025/04/16 00:45:00,4.34,14.9,11.24,104.42,66.36,93.24,2.383765551839171,6560083.50768981,15638104.53333333,95.03932951837666,9.27,
2025/04/16 01:00:00,5.86,14.88,10.76,103.51,66.39,95.82,2.4703605796643564,6890816.573544575,17023216.154999994,92.76204623596392,9.69,
2025/04/16 01:15:00,6.06,14.88,10.86,104.32,66.41,96.77,2.4459662043376142,7137381.671830995,17458222.833333336,93.26432775870569,9.83,
2025/04/16 01:30:00,6.05,14.8,10.83,105.13,66.44,97.73,2.414044374921152,7409194.904031826,17886559.973333336,93.97132565366555,9.9,
2025/04/16 01:45:00,6.09,14.8,10.84,105.59,66.47,98.5,2.395053484813513,7599220.2018792145,18200976.32222222,94.32738989443797,9.9,
2025/04/16 02:00:00,6.05,14.8,10.8,105.57,66.5,98.47,2.3947180229324787,7540632.321373578,18058117.739444442,94.3495012006834,9.89,
2025/04/16 02:15:00,6.06,14.78,10.81,105.54,66.53,98.44,2.396211645028553,7484678.627516837,17935304.46277778,94.31390591151211,9.89,
2025/04/16 02:30:00,6.07,14.78,10.8,105.52,66.55,98.41,2.39686473422772,7462580.883665588,17887225.29,94.2869003515545,9.88,
2025/04/16 02:45:00,6.12,14.84,10.86,105.53,66.58,98.38,2.3990561959988486,7433258.058234649,17833231.53333333,94.24638321852223,9.92,
2025/04/16 03:00:00,6.18,14.77,10.83,105.75,66.61,98.36,2.392347044571576,7434061.799641488,17785284.61111111,94.37640532453781,9.96,
2025/04/16 03:15:00,6.28,14.76,10.84,105.97,66.64,98.33,2.3855609663086543,7432637.297975084,17731437.038333327,94.46699813664472,9.98,
2025/04/16 03:30:00,6.28,14.76,10.85,106.11,66.67,98.3,2.3798533199833987,7427869.731848443,17677666.09888889,94.58712584961066,9.99,
2025/04/16 03:45:00,6.29,14.75,10.87,106.12,66.61,98.27,2.3800200227377877,7426052.243869171,17674581.95555555,94.58588673239355,10.0,
2025/04/16 04:00:00,6.3,14.76,10.85,106.14,66.53,98.25,2.3793400957841335,7433739.814048726,17687820.94444444,94.59321383892463,10.0,
2025/04/16 04:15:00,6.31,14.74,10.86,106.15,66.46,98.22,2.3790965742750187,7435349.529175896,17689843.6,94.59196233368095,10.0,
2025/04/16 04:30:00,6.28,14.74,10.84,106.17,66.38,98.19,2.3780461662369694,7441958.6804657215,17697747.98,94.63861707418388,10.01,
2025/04/16 04:45:00,6.44,14.73,10.89,106.19,66.31,98.16,2.379458105184152,7438344.330032767,17699662.536111105,94.4984669180347,9.99,
2025/04/16 05:00:00,6.48,14.74,10.89,106.19,66.23,98.13,2.381065140222805,7436438.055129525,17707076.811111107,94.45917024596561,10.01,
2025/04/16 05:15:00,6.36,14.74,10.87,106.06,66.16,98.11,2.3836035101411226,7431758.677314445,17714798.2,94.4656018611707,9.99,
2025/04/16 05:30:00,6.33,14.76,10.91,105.92,66.08,98.08,2.3887240807860857,7418876.5912502,17722085.333333332,94.37495321023668,9.98,
2025/04/16 05:45:00,6.3,14.7,10.86,105.79,66.01,98.05,2.3933879822358746,7405280.790239756,17724148.859999996,94.2928457669865,9.97,
2025/04/16 06:00:00,6.27,14.71,10.84,105.66,65.93,98.02,2.3980339178296455,7393923.024933495,17731315.237777773,94.21070033324177,9.96,
2025/04/16 06:15:00,6.98,14.69,11.12,104.27,65.86,97.09,2.461168473512741,7003054.698868939,17236178.795,92.3182474890087,9.68,
2025/04/16 06:30:00,7.26,14.69,11.18,103.31,65.78,95.42,2.505859363842416,6526042.024878942,16353822.246666666,91.21613267597563,9.61,
2025/04/16 06:45:00,7.0,14.71,11.14,102.61,65.71,94.84,2.52859835998295,6380820.411900343,16135003.426666671,90.86679535707492,9.57,
2025/04/16 07:00:00,6.58,14.73,10.99,102.68,65.64,94.81,2.5210565571001764,6433559.740397396,16219818.064999998,91.33893259005269,9.69,
2025/04/16 07:15:00,6.68,14.73,11.04,103.37,65.57,94.77,2.4923394108692656,6539411.822955869,16298883.577777775,91.83701610093135,9.65,
2025/04/16 07:30:00,6.62,14.71,11.05,102.95,65.51,94.74,2.506882766833773,6533196.039911528,16378416.669999996,91.53327090699122,9.6,
2025/04/16 07:45:00,6.51,14.71,10.93,102.59,65.44,94.7,2.5180988467963896,6535735.353631128,16458078.64555556,91.32999719644214,9.56,
2025/04/16 08:00:00,6.52,14.65,10.9,102.57,65.37,94.67,2.5195760386071075,6449422.05933149,16250258.566666663,91.30286837948584,9.57,
2025/04/16 08:15:00,6.49,14.64,10.87,102.55,65.3,94.63,2.519753795968668,6461787.943119388,16282562.535555553,91.3149761205665,9.57,
2025/04/16 08:30:00,6.46,14.65,10.85,102.52,65.24,94.6,2.5203532719440136,6473081.918173734,16314898.55111111,91.31842924756249,9.57,
2025/04/16 08:45:00,6.36,14.64,10.86,102.5,65.17,94.56,2.5181569133192605,6491580.636418922,16347266.613333331,91.39919546834672,9.55,
2025/04/16 09:00:00,6.32,14.65,10.82,102.38,65.1,94.53,2.5219192327509257,6497088.214603888,16385575.965000005,91.33456884601384,9.54,
2025/04/16 09:15:00,6.32,14.66,10.85,102.27,65.03,94.49,2.526147275782418,6499053.030244609,16418013.809999995,91.23936393463902,9.53,
2025/04/16 09:30:00,6.32,14.66,10.77,102.28,64.97,94.46,2.526130121114863,6511954.087877859,16450483.701666662,91.24799293366937,9.54,
2025/04/16 09:45:00,6.35,14.67,10.85,102.53,64.9,94.42,2.5150337747161773,6553605.672200506,16482985.639999995,91.43507254627062,9.51,
2025/04/16 10:00:00,6.53,14.68,10.97,102.78,64.83,94.39,2.5104803470350134,6580672.7826300915,16521108.633333338,91.47469094490523,9.56,
2025/04/16 10:15:00,6.67,14.72,11.03,103.03,64.74,94.35,2.5037401219660342,6615865.585391967,16564868.704999998,91.55339051662231,9.58,
2025/04/16 10:30:00,6.81,14.75,11.07,103.28,64.65,94.32,2.496927801365071,6653704.898686603,16614281.878333323,91.63187853657979,9.6,
2025/04/16 10:45:00,6.9,14.74,11.14,103.38,64.56,94.28,2.4954261597079066,6675285.45832357,16658154.113333331,91.62983004418297,9.62,
2025/04/16 11:00:00,6.72,14.75,11.04,102.08,64.47,94.25,2.5452413378731458,6564098.681983177,16707690.132222222,90.68270405563592,9.58,
2025/04/16 11:15:00,5.98,14.77,10.74,100.46,61.78,94.63,2.587533393143959,7129231.393371826,18447620.124999996,90.00129506555193,9.37,
2025/04/16 11:30:00,5.43,14.8,10.61,101.26,62.18,95.21,2.5424387234019643,7302389.698036538,18566344.66499999,91.23512100330822,9.39,
2025/04/16 11:45:00,6.35,14.83,10.96,103.65,64.51,96.21,2.473709015960903,7149200.880716348,17685502.20555555,92.40236408039803,9.66,
2025/04/16 12:00:00,6.81,14.87,11.19,103.55,65.29,96.26,2.48701242784849,6950085.435939181,17285425.465,91.86477658479345,9.64,
2025/04/16 12:15:00,7.01,14.92,11.24,103.45,65.39,96.19,2.495643498008648,6891038.6099741915,17198052.666666664,91.5822368924493,9.64,
2025/04/16 12:30:00,7.01,14.93,11.29,103.35,65.48,96.11,2.4995334230286095,6845323.931368305,17110596.964999996,91.49598099566286,9.63,
2025/04/16 12:45:00,7.01,14.97,11.3,103.25,65.58,96.03,2.5034216056163454,6797353.029701492,17017116.141666666,91.40970382943765,9.62,
2025/04/16 13:00:00,7.17,15.01,11.32,103.16,65.67,95.96,2.511659871974104,6742398.485709256,16935085.151111104,91.17498553752291,9.64,
2025/04/16 13:15:00,7.38,15.12,11.45,103.06,65.77,95.88,2.520630618204034,6681250.058909718,16841439.682222225,90.88258022459706,9.64,
2025/04/16 13:30:00,7.14,15.1,11.38,103.1,65.86,95.81,2.5144228732908096,6665061.868272511,16759249.619444447,91.15260558536873,9.66,
2025/04/16 13:45:00,7.41,15.1,11.46,103.34,65.96,95.73,2.5112644819709558,6636086.095212301,16665439.505000006,91.09467597524721,9.69,
2025/04/16 14:00:00,7.68,15.13,11.56,103.58,66.05,95.65,2.508863941718049,6607377.716715684,16577489.86666667,91.03646245437261,9.74,
2025/04/16 14:15:00,7.73,15.16,11.62,103.76,66.14,95.58,2.5016407548964845,6593505.763782256,16495060.266666662,91.14243688552297,9.73,
2025/04/16 14:30:00,7.97,15.19,11.7,103.89,66.24,95.5,2.5006872390419983,6558405.452915046,16401002.138888888,91.01860477426291,9.72,
2025/04/16 14:45:00,7.95,15.21,11.71,104.02,66.33,95.43,2.4927138344360382,6546254.228384385,16318413.466666669,91.15015776878782,9.68,
2025/04/16 15:00:00,8.08,15.23,11.81,104.15,66.43,95.35,2.4910642805454897,6512761.6542919325,16224190.693333328,91.13424390678004,9.71,
2025/04/16 15:15:00,8.14,15.29,11.86,104.28,66.52,95.27,2.490121378987071,6479745.193664822,16135830.48611111,91.18709911428475,9.79,
2025/04/16 15:30:00,8.39,15.33,11.96,104.28,66.62,95.2,2.4914156829038294,6440078.121356799,16045396.302222218,90.94129411743488,9.7,
2025/04/16 15:45:00,8.32,15.38,11.95,104.25,66.71,95.12,2.4908116139882015,6403459.588444412,15950284.698333338,90.98432311697024,9.69,
2025/04/16 16:00:00,8.33,15.33,11.91,104.22,66.81,95.05,2.4928311959322533,6360116.483081184,15855169.14666666,90.94869828055089,9.7,
2025/04/16 16:15:00,8.46,15.34,12.01,104.2,66.9,94.97,2.494191526064854,6318507.143198166,15760049.64722222,90.80368855561696,9.65,
2025/04/16 16:30:00,8.3,15.35,11.93,104.17,67.0,94.89,2.4935158674934685,6279955.466848018,15659635.364999998,90.93519455315557,9.68,
2025/04/16 16:45:00,8.24,15.38,11.94,104.14,67.09,94.87,2.4958453414650057,6249478.713677038,15598195.286666667,90.96837937912541,9.73,
2025/04/16 17:00:00,8.2,15.37,11.92,104.12,67.13,94.88,2.494071206739197,6247300.469137004,15581672.791666664,90.99049118526021,9.69,
2025/04/16 17:15:00,8.22,15.3,11.9,104.09,67.08,94.89,2.498540201353946,6249735.760210942,15615685.8,90.94503550486601,9.75,
2025/04/16 17:30:00,8.13,15.3,11.85,104.04,67.02,94.9,2.4961397326173094,6271624.890042579,15655315.451111114,90.99047090074237,9.69,
2025/04/16 17:45:00,8.04,15.28,11.81,104.0,66.96,94.91,2.4999622315671672,6277888.315569883,15694946.72777778,91.04450924911654,9.78,
2025/04/16 18:00:00,8.09,15.26,11.82,103.95,66.91,94.92,2.4974768198774955,6297754.880236046,15728964.148333335,90.9523486839631,9.65,
2025/04/16 18:15:00,8.15,15.27,11.83,103.91,66.85,94.93,2.5045913240081084,6295688.915646277,15768598.560000006,90.85894841089393,9.74,
2025/04/16 18:30:00,8.0,15.33,11.84,103.86,66.79,94.94,2.5039813216748037,6313184.662474106,15808561.449999994,90.9633027291805,9.75,
2025/04/16 18:45:00,7.98,15.31,11.82,103.82,66.74,94.95,2.5053129201760953,6323408.731622962,15842583.979444448,90.94851483558882,9.75,
2025/04/16 19:00:00,7.96,15.24,11.74,103.77,66.68,94.96,2.5070834112113936,6334754.2187753655,15882223.964444436,90.92511068136234,9.75,
2025/04/16 19:15:00,7.93,15.22,11.73,103.73,66.62,94.97,2.50819020564512,6347762.599433059,15921865.574999996,90.92013523827814,9.75,
2025/04/16 19:30:00,7.83,15.21,11.69,103.68,66.57,94.98,2.507338381512702,6361912.684048068,15951934.056666672,90.9753015146478,9.73,
2025/04/16 19:45:00,7.73,15.2,11.67,103.64,66.51,94.99,2.505611793147733,6379607.874080952,15985286.044444438,91.03907223698754,9.7,
2025/04/16 20:00:00,7.66,15.19,11.62,103.87,66.45,95.0,2.4978561948851272,6412891.825980682,16018940.269444443,91.30592765747846,9.79,
2025/04/16 20:15:00,7.82,15.25,11.74,104.01,66.4,95.01,2.492141386856691,6438837.096516363,16046957.996666662,91.26927954183913,9.72,
2025/04/16 20:30:00,7.74,15.14,11.56,103.9,66.34,95.02,2.495269277683974,6444101.12544823,16080225.919999996,91.25318058787794,9.72,
2025/04/16 20:45:00,7.59,15.14,11.58,103.8,66.28,95.03,2.495550550479323,6456826.296123077,16113798.402777778,91.31441188105717,9.7,
2025/04/16 21:00:00,7.34,15.13,11.5,103.69,66.23,95.04,2.4949455870591737,6469460.629318088,16141405.909444444,91.4651475936993,9.7,
2025/04/16 21:15:00,7.36,15.14,11.53,103.6,66.17,95.05,2.499295055540275,6471611.181950739,16174924.28444444,91.3679400983191,9.7,
2025/04/16 21:30:00,7.23,15.17,11.53,103.59,66.11,95.06,2.4964791903204335,6492327.402846659,16208415.024999997,91.48695854285462,9.69,
2025/04/16 21:45:00,7.11,15.09,11.36,103.58,66.06,95.07,2.49218597343838,6514562.4877220895,16235944.504999999,91.59619492480807,9.64,
2025/04/16 22:00:00,7.1,15.08,11.38,103.57,66.0,95.08,2.4928301771223165,6526290.210007083,16269381.137777774,91.59737591996955,9.65,
2025/04/16 22:15:00,7.09,15.07,11.39,103.56,65.94,95.09,2.4934719344358496,6538007.667425019,16302790.136111114,91.59855686253391,9.66,
2025/04/16 22:30:00,7.04,15.06,11.34,103.55,65.89,95.1,2.4932454753584805,6549613.512255404,16330241.589444442,91.639000097725,9.67,
2025/04/16 22:45:00,6.98,15.06,11.33,103.54,65.83,95.11,2.492377709736572,6565276.855899427,16363596.479999999,91.68926689845092,9.67,
2025/04/16 23:00:00,6.92,15.1,11.34,103.53,65.77,95.12,2.4919281081664,6579836.587603951,16396923.736111116,91.73951677199348,9.68,
2025/04/16 23:15:00,6.88,15.01,11.29,103.53,65.72,95.13,2.4893826649697113,6597558.76694498,16424297.162777776,91.77882836309692,9.64,
2025/04/16 23:30:00,6.92,15.07,11.34,103.52,65.66,95.14,2.488971248940505,6612017.712071415,16457570.31111111,91.73101072710087,9.6,
2025/04/16 23:45:00,6.98,14.98,11.29,103.51,65.6,95.15,2.4932498757091635,6613864.696638651,16490472.716666669,91.66340584754143,9.66,
2025/04/17 00:00:00,7.08,14.96,11.29,103.5,65.35,96.43,2.494573011164816,6980970.803518633,17415025.320000008,91.55667110743637,9.63,
2025/04/17 00:15:00,6.97,14.95,11.27,104.22,65.29,96.48,2.461834654219192,6931445.041524807,17064534.17777778,92.28505578947758,9.65,
2025/04/17 00:30:00,6.94,14.94,11.29,105.71,65.23,96.74,2.4058079158917227,6816484.156801965,16399582.564444436,93.59507264733719,9.88,
2025/04/17 00:45:00,6.85,14.97,11.26,106.04,65.16,97.21,2.390697074399143,6897900.2408044115,16491211.763888884,93.96664309409616,9.91,
2025/04/17 01:00:00,6.71,14.93,11.12,107.19,65.15,97.68,2.33722382151271,7117281.963022,16635079.352222225,95.08934283114381,9.93,
2025/04/17 01:15:00,6.68,14.86,11.06,107.11,65.16,98.15,2.3403094228371164,7228049.137254316,16916278.63444445,95.05041797243081,9.93,
2025/04/17 01:30:00,6.64,14.86,11.06,107.02,65.17,98.62,2.3436497923883937,7324353.991052402,17166134.883333337,95.01275845275698,9.93,
2025/04/17 01:45:00,6.59,14.84,11.04,106.94,65.18,99.09,2.3458936571911773,7412100.87624367,17388420.665,94.9934651455865,9.92,
2025/04/17 02:00:00,6.55,14.82,10.99,106.85,65.18,99.08,2.3492039288098447,7393442.919207156,17369122.649999995,94.95576425313625,9.92,
2025/04/17 02:15:00,6.51,14.79,10.93,106.77,65.19,99.06,2.3520492026266457,7372113.182151061,17339987.353333335,94.92660606800023,9.92,
2025/04/17 02:30:00,6.6,14.78,10.97,106.7,65.2,99.04,2.3577527037622104,7341763.441338632,17310483.520000003,94.77814703868532,9.94,
2025/04/17 02:45:00,6.64,14.77,11.01,106.7,65.21,99.02,2.358506979206458,7327080.842399569,17281397.33833333,94.73880009829121,9.94,
2025/04/17 03:00:00,6.68,14.76,11.02,106.7,65.22,99.0,2.3592620740232246,7312250.591814431,17251943.316666666,94.6994519697879,9.94,
2025/04/17 03:15:00,6.66,14.78,11.02,106.7,65.23,98.98,2.35800831373518,7303825.737597285,17222906.25,94.71910280447614,9.92,
2025/04/17 03:30:00,6.63,14.68,10.94,106.7,65.23,98.96,2.357442733527278,7295433.488625919,17198992.586111102,94.748614004035,9.92,
2025/04/17 03:45:00,6.63,14.68,10.92,106.7,65.24,98.95,2.357443044248948,7285130.707120891,17174703.767222226,94.74861400403546,9.92,
2025/04/17 04:00:00,6.64,14.66,10.89,106.7,65.25,98.93,2.3580700802483707,7270908.020692768,17145732.071111113,94.7387882226647,9.93,
2025/04/17 04:15:00,6.64,14.64,10.94,106.7,65.26,98.91,2.3576305040175525,7259816.796390044,17116394.044444438,94.7387770116719,9.92,
2025/04/17 04:30:00,6.73,14.64,10.95,106.7,65.27,98.89,2.3602060578789006,7239639.795386642,17087471.46333334,94.65026514107485,9.94,
2025/04/17 04:45:00,6.69,14.59,10.91,106.7,65.27,98.87,2.3603218391651164,7229027.402542213,17063261.6,94.68964122626124,9.96,
2025/04/17 05:00:00,6.75,14.58,10.9,106.7,65.28,98.85,2.36232660890994,7210668.396470234,17034384.069999997,94.63064724027686,9.98,
2025/04/17 05:15:00,6.76,14.6,10.97,106.7,65.29,98.83,2.3612102073107724,7201855.973604459,17005530.92333333,94.62076556674872,9.95,
2025/04/17 05:30:00,6.67,14.57,10.9,106.7,65.3,98.81,2.358195363131132,7198676.026553569,16976313.071666665,94.70926558969855,9.92,
2025/04/17 05:45:00,6.57,14.5,10.8,106.7,65.31,98.79,2.3558736528862934,7193545.932312448,16947509.04,94.8076243640881,9.91,
2025/04/17 06:00:00,6.52,14.48,10.75,106.7,65.31,98.77,2.355807806523975,7183514.3249503225,16923398.799999993,94.85682634997862,9.93,
2025/04/17 06:15:00,6.38,14.47,10.71,106.6,65.32,98.75,2.356330912873011,7184047.449612398,16928409.691111118,94.90882389908052,9.9,
2025/04/17 06:30:00,6.32,14.45,10.71,106.49,65.17,98.74,2.359222411967764,7217020.277649711,17026978.154999994,94.87354915983082,9.88,
2025/04/17 06:45:00,6.22,14.52,10.68,106.38,64.95,98.72,2.361339507908775,7265301.916660162,17156259.401111107,94.87757123257532,9.86,
2025/04/17 07:00:00,6.18,14.41,10.59,106.27,64.74,98.7,2.3641396472289182,7309365.5280317,17280781.83333334,94.82256963054914,9.83,
2025/04/17 07:15:00,6.12,14.39,10.56,106.15,64.52,98.68,2.3669835864236517,7355475.770316059,17410714.34666667,94.77862719702938,9.8,
2025/04/17 07:30:00,6.05,14.38,10.54,106.04,64.31,98.66,2.3704791882781775,7399445.090826342,17540657.65833333,94.75304879256039,9.8,
2025/04/17 07:45:00,5.98,14.38,10.52,105.93,64.09,98.64,2.373948611475131,7457336.526738502,17703763.58055555,94.72743030104921,9.8,
2025/04/17 08:00:00,5.9,14.38,10.51,105.82,63.88,98.62,2.3771986429296295,7513716.516966684,17862030.34,94.71159619093439,9.8,
2025/04/17 08:15:00,5.75,14.31,10.42,105.71,63.66,98.6,2.3752326651269478,7589190.620292092,18026528.20222222,94.76456864127408,9.71,
2025/04/17 08:30:00,5.43,14.31,10.28,105.3,63.45,98.58,2.382434683535026,7468036.406137107,17792525.299999997,94.72660872285167,9.61,
2025/04/17 08:45:00,5.32,14.29,10.25,104.86,63.23,98.56,2.397793257975857,7471169.172139461,17914741.881666668,94.45602019011972,9.58,
2025/04/17 09:00:00,5.45,14.27,10.25,105.05,63.02,98.54,2.3939569448039486,7532170.633416902,18032118.720000003,94.49187890413627,9.62,
2025/04/17 09:15:00,5.53,14.28,10.3,105.33,62.82,98.53,2.384377499227848,7611925.782245504,18150135.214444444,94.65415925259495,9.64,
2025/04/17 09:30:00,5.55,14.31,10.27,105.6,62.68,98.51,2.3744266677431645,7678452.002422541,18232344.319444448,94.86656358779818,9.67,
2025/04/17 09:45:00,5.5,14.21,10.2,105.6,62.54,98.47,2.3726018340940556,7714770.72764337,18304506.562222224,94.91570494289459,9.65,
2025/04/17 10:00:00,5.45,14.2,10.2,105.6,62.4,98.43,2.370775945980053,7751376.099548408,18377205.58666667,94.96484851431875,9.63,
2025/04/17 10:15:00,5.4,14.19,10.19,105.6,62.26,98.38,2.369821432380002,7782893.808989169,18444499.406666666,95.01395021512624,9.63,
2025/04/17 10:30:00,5.46,14.18,10.16,105.6,62.12,98.33,2.3709671959913825,7807560.229611802,18511899.816666666,94.95502793243024,9.63,
2025/04/17 10:45:00,5.42,14.23,10.22,105.6,61.99,98.28,2.370203304463363,7836397.64499973,18574288.522777777,94.99430977664811,9.63,
2025/04/17 11:00:00,5.4,14.14,10.14,105.6,61.85,98.23,2.3698214336425,7866366.163922304,18642318.603333335,95.01395021512579,9.63,
2025/04/17 11:15:00,5.38,14.13,10.16,104.98,61.71,98.19,2.3951421441101175,7813613.733204536,18715164.159999996,94.50036426163058,9.61,
2025/04/17 11:30:00,5.24,14.12,10.09,104.44,61.88,98.14,2.4127198777363636,7712353.219573036,18608192.85111111,94.17276718788857,9.55,
2025/04/17 11:45:00,5.4,14.11,10.14,105.0,62.1,98.09,2.3967933761264058,7704570.591425805,18466706.93388889,94.49783385093227,9.66,
2025/04/17 12:00:00,5.49,14.13,10.18,105.56,62.31,98.04,2.3754271054196803,7716664.763492255,18330810.025000002,94.89109213040435,9.68,
2025/04/17 12:15:00,5.2,14.17,10.11,104.41,62.21,98.0,2.4114945143346334,7612981.6583913155,18359098.871666662,94.18627456866624,9.51,
2025/04/17 12:30:00,5.21,14.09,10.04,104.62,61.78,98.04,2.4040957352748604,7735643.522105468,18597667.37888889,94.35735181465922,9.54,
2025/04/17 12:45:00,5.29,14.08,10.08,104.97,61.99,98.07,2.3929509643321487,7731865.007512439,18502413.30666666,94.58013631456869,9.59,
2025/04/17 13:00:00,5.44,14.17,10.18,105.32,62.21,98.11,2.3830613316176392,7724169.687974454,18407605.333333332,94.73392425222994,9.64,
2025/04/17 13:15:00,5.25,14.07,10.09,104.76,62.27,98.15,2.400231683482119,7663597.423213789,18394850.76,94.43861977918164,9.57,
2025/04/17 13:30:00,5.21,14.06,10.05,105.14,62.26,98.18,2.383723876993002,7724226.041211842,18412855.413333338,94.80499711342667,9.58,
2025/04/17 13:45:00,5.38,14.05,10.1,105.03,62.26,98.22,2.395540278669295,7693459.796218481,18430436.95777778,94.54326207986799,9.67,
2025/04/17 14:00:00,5.14,14.04,10.01,104.83,62.25,98.26,2.394675435219104,7705895.633211651,18453554.56388889,94.60686798842282,9.56,
2025/04/17 14:15:00,5.33,14.02,10.06,104.91,62.25,98.3,2.3979792700858518,7702775.748570003,18471541.336111106,94.48912628584308,9.63,
2025/04/17 14:30:00,5.33,14.02,10.03,104.99,62.24,98.33,2.3945802145537876,7721045.471682033,18489103.49,94.55799459601035,9.63,
2025/04/17 14:45:00,5.34,14.02,10.03,105.07,62.24,98.37,2.391793922843343,7737555.547528049,18507078.651111115,94.61701164113063,9.64,
2025/04/17 15:00:00,5.15,14.02,10.0,105.15,62.23,98.41,2.3817061456764437,7780025.900040115,18530169.9,94.87251930699082,9.57,
2025/04/17 15:15:00,5.29,14.02,10.04,105.22,62.23,98.45,2.3840005069971446,7780071.035807369,18548133.21777778,94.79518211036539,9.63,
2025/04/17 15:30:00,5.38,14.01,10.05,105.29,62.22,98.48,2.3844560189020765,7785938.212794006,18565669.94333333,94.76696440952725,9.67,
2025/04/17 15:45:00,5.18,14.0,10.01,104.91,62.22,98.52,2.393341599851304,7764532.663223725,18583621.65,94.63642428999754,9.59,
2025/04/17 16:00:00,5.35,13.99,10.02,105.16,62.21,98.56,2.3881534892640772,7791058.187476283,18606686.541666664,94.68464196348268,9.64,
2025/04/17 16:15:00,5.41,13.98,10.02,105.42,62.21,98.59,2.37818955494225,7829092.650505761,18619508.343333334,94.84937092388432,9.64,
2025/04/17 16:30:00,5.25,13.98,10.0,105.45,62.2,98.63,2.373395437042424,7854442.902230499,18642137.702222213,95.03227814774789,9.63,
2025/04/17 16:45:00,5.35,13.98,10.02,105.28,62.2,98.67,2.3834531859508816,7828818.04970447,18660065.954444442,94.78785478143934,9.65,
2025/04/17 17:00:00,5.45,13.98,10.04,105.46,62.19,98.71,2.379380248516031,7851901.088878163,18683104.488888886,94.84439065632363,9.69,
2025/04/17 17:15:00,5.38,13.98,10.02,105.47,62.19,98.74,2.3763222645816495,7867393.588878989,18695905.738888886,94.92177533357318,9.66,
2025/04/17 17:30:00,5.22,13.97,9.97,104.93,62.18,98.78,2.3949619250229257,7815598.794805611,18718506.766666666,94.6142884047143,9.63,
2025/04/17 17:45:00,5.27,13.97,10.01,105.14,62.18,98.82,2.3865973612407076,7850492.255414963,18736411.564444438,94.74600278307445,9.62,
2025/04/17 18:00:00,5.31,13.96,10.02,105.35,62.17,98.86,2.3788315604863057,7885794.138917124,18759423.741666667,94.88737514672937,9.63,
2025/04/17 18:15:00,5.18,13.96,10.0,105.24,62.17,98.89,2.379307639240826,7889588.622954832,18772204.439999998,94.92046238870654,9.59,
2025/04/17 18:30:00,5.14,13.96,9.94,104.95,62.24,98.93,2.3917045951650135,7841036.394705941,18753885.590000004,94.71006025420785,9.61,
2025/04/17 18:45:00,5.44,13.95,10.0,105.8,62.31,98.97,2.363248247916989,7927883.27142115,18735997.279999997,95.14646134336738,9.66,
2025/04/17 19:00:00,5.35,13.94,9.98,105.62,62.37,99.01,2.37015822579045,7899380.368573831,18723223.2,95.08013948989449,9.68,
2025/04/17 19:15:00,5.31,13.93,10.0,105.69,62.44,99.04,2.3663838981375607,7902622.9368966725,18701083.133333337,95.17958001961819,9.68,
2025/04/17 19:30:00,5.3,13.92,9.99,105.79,62.51,99.08,2.362317700727859,7913332.2155243885,18694246.743333336,95.2753134789614,9.69,
2025/04/17 19:45:00,5.28,13.93,9.96,105.89,62.58,99.12,2.3576290381726683,7926166.609875415,18687396.42,95.38086886105137,9.69,
2025/04/17 20:00:00,5.25,13.93,9.99,105.99,62.64,99.15,2.3531760728528974,7938427.859956054,18680956.085,95.4962131609152,9.7,
2025/04/17 20:15:00,5.33,13.92,9.96,105.86,62.71,99.19,2.359868946965015,7912998.814323025,18674077.546666663,95.30599049482633,9.69,
2025/04/17 20:30:00,5.32,13.92,9.97,105.7,62.78,99.19,2.366144748263103,7880439.26070117,18646699.823888887,95.17835403883203,9.68,
2025/04/17 20:45:00,5.32,13.92,9.99,105.53,62.85,99.19,2.373019965742981,7846233.12555163,18619711.537777774,95.03225102898506,9.67,
2025/04/17 21:00:00,4.98,13.91,9.91,105.5,62.92,99.18,2.3630843254247904,7865445.051881195,18587141.90666667,95.34052077926289,9.56,
2025/04/17 21:15:00,5.21,13.9,9.93,105.5,62.99,99.18,2.3700572509950635,7830708.17016567,18559663.515555557,95.11456650983983,9.62,
2025/04/17 21:30:00,5.24,13.9,9.93,105.5,63.06,99.18,2.372343610437463,7811741.519408118,18532572.006666668,95.08502318946115,9.66,
2025/04/17 21:45:00,5.31,13.89,9.93,105.5,63.13,99.18,2.37326100641227,7797115.471280786,18505027.780555554,95.01631819125504,9.65,
2025/04/17 22:00:00,5.28,13.87,9.92,105.5,63.2,99.18,2.372256701236502,7788791.6738213925,18477451.043333337,95.04579460994805,9.64,
2025/04/17 22:15:00,5.23,13.87,9.9,105.5,63.27,99.18,2.370869850904022,7781703.953480082,18449841.795000006,95.09490732609193,9.63,
2025/04/17 22:30:00,4.88,13.86,9.84,105.6,63.34,99.18,2.3551707086173534,7813539.031383394,18402641.35111111,95.52481003146784,9.52,
2025/04/17 22:45:00,5.02,13.85,9.86,105.82,63.41,99.18,2.352295785978876,7799686.395266354,18347593.53777778,95.57622053177498,9.61,
2025/04/17 23:00:00,5.29,13.85,9.91,105.95,63.47,99.18,2.355226690075415,7820041.537098175,18418402.62166667,95.42258643499731,9.69,
2025/04/17 23:15:00,5.3,13.84,9.92,105.71,63.49,99.18,2.3653329753051278,7789623.874047965,18425491.901666667,95.2065876842221,9.68,
2025/04/17 23:30:00,5.28,13.84,9.9,105.73,63.51,99.18,2.3636638443325397,7798291.952299755,18432975.843333337,95.24343384204562,9.67,
2025/04/17 23:45:00,5.25,13.84,9.9,105.76,63.53,99.18,2.3622316797952694,7730832.166980281,18262447.286111116,95.29865478896954,9.68,
2025/04/18 00:00:00,5.24,13.83,9.9,106.01,63.79,99.18,2.3521241310328915,7778007.100954705,18295267.485000003,95.52321251128173,9.7,
2025/04/18 00:15:00,5.34,13.83,9.89,106.11,63.86,99.18,2.35053294769051,7750256.709243726,18217659.63111112,95.51082631985551,9.72,
2025/04/18 00:30:00,5.41,13.82,9.93,106.21,63.94,99.18,2.3470625535038474,7616698.140248537,17877289.19777778,95.52791654376924,9.71,
2025/04/18 00:45:00,5.41,13.81,9.92,106.32,64.01,99.18,2.3409467365195193,7620556.513320094,17839736.31,95.62236562467697,9.68,
2025/04/18 01:00:00,5.41,13.81,9.94,106.42,64.09,99.18,2.3370122183527973,7614976.42114662,17796712.266666666,95.70815285441367,9.69,
2025/04/18 01:15:00,5.58,13.81,9.98,106.53,64.16,99.18,2.338398704485093,7594234.091504326,17758770.40666667,95.63535256488653,9.76,
2025/04/18 01:30:00,5.66,13.8,10.02,106.63,64.24,99.18,2.3336890158685293,7591132.12479051,17715767.960000005,95.64249897100339,9.72,
2025/04/18 01:45:00,5.68,13.79,10.04,106.73,64.31,99.18,2.330966530190173,7583728.962401297,17677846.303333335,95.70853520256475,9.75,
2025/04/18 02:00:00,5.72,13.79,10.03,106.84,64.39,99.18,2.3268128817867506,7578796.377893651,17634865.453333337,95.76348099997793,9.75,
2025/04/18 02:15:00,5.77,13.78,10.08,106.94,64.46,99.18,2.323713032269918,7572767.16967169,17597367.137777783,95.79998976193353,9.76,
2025/04/18 02:30:00,5.87,13.78,10.12,107.04,64.54,99.18,2.324185973010766,7552740.612582842,17554406.955555554,95.78728656385852,9.83,
2025/04/18 02:45:00,5.85,13.78,10.1,107.15,64.61,99.18,2.317557848274067,7557997.819530982,17516524.892777782,95.90115977950242,9.8,
2025/04/18 03:00:00,6.05,13.78,10.18,107.19,64.69,99.18,2.320709141001573,7514215.810573068,17438745.65888889,95.73867316922498,9.83,
2025/04/18 03:15:00,6.04,13.76,10.18,107.17,64.77,99.18,2.320979032488025,7476289.940724513,17352748.89333334,95.73138747396446,9.82,
2025/04/18 03:30:00,6.03,13.77,10.17,107.15,64.84,99.18,2.3216996424131793,7439188.433493713,17271993.61555556,95.72410253205086,9.82,
2025/04/18 03:45:00,6.14,13.77,10.2,107.13,64.92,99.18,2.3268321297615024,7385995.455535402,17186407.186666667,95.59878734008446,9.87,
2025/04/18 04:00:00,6.11,13.76,10.17,107.11,64.99,99.18,2.3271859604380567,7353579.498292699,17113578.466111116,95.61117646745028,9.87,
2025/04/18 04:15:00,6.19,13.76,10.23,107.09,65.07,99.14,2.329542679793922,7321541.86149939,17056282.39333334,95.51535650012903,9.87,
2025/04/18 04:30:00,6.18,13.75,10.2,107.07,65.14,99.1,2.3298147950782155,7298067.288398416,17003579.559999995,95.50806596982699,9.86,
2025/04/18 04:45:00,6.19,13.74,10.25,107.05,65.22,99.05,2.3304493517245004,7269327.022406025,16941238.923888884,95.48110105246417,9.85,
2025/04/18 05:00:00,6.21,13.74,10.25,107.02,65.29,99.0,2.331716427053038,7240612.419361804,16883494.313888885,95.43573715808644,9.84,
2025/04/18 05:15:00,6.13,13.73,10.2,107.0,65.37,98.96,2.3302588657925827,7220524.203890676,16826123.0011111,95.49730184033342,9.82,
2025/04/18 05:30:00,6.05,13.73,10.15,106.97,65.44,98.91,2.3305938597973204,7194697.792990474,16768343.557777775,95.55030089546308,9.83,
2025/04/18 05:45:00,6.02,13.72,10.15,106.94,65.52,98.87,2.3322749737644495,7164896.715661347,16710934.625000004,95.55411647564436,9.85,
2025/04/18 06:00:00,6.08,13.72,10.13,106.9,65.59,98.82,2.334721135752484,7132628.31619061,16653120.348333327,95.46084286316345,9.84,
2025/04/18 06:15:00,6.11,13.71,10.16,106.87,65.67,98.77,2.337056180859918,7098774.723649098,16590661.511111105,95.40564363453423,9.85,
2025/04/18 06:30:00,6.13,13.7,10.16,106.84,65.74,98.73,2.3387652744747847,7070995.24426761,16537824.685555559,95.36027624620937,9.85,
2025/04/18 06:45:00,6.07,13.7,10.12,106.8,65.82,98.68,2.3394434231164474,7042233.27389751,16475326.718888894,95.38501714739533,9.85,
2025/04/18 07:00:00,5.98,13.69,10.08,106.77,65.62,98.63,2.3382379682587495,7079012.085119892,16552833.32388888,95.44781492158309,9.83,
2025/04/18 07:15:00,5.9,13.69,10.04,106.74,65.41,98.59,2.336330639162727,7122434.074851279,16640776.460000005,95.50077846599399,9.79,
2025/04/18 07:30:00,5.81,13.68,10.03,106.7,65.2,98.54,2.335120023532764,7161484.910369979,16723344.0,95.5550028225494,9.76,
2025/04/18 07:45:00,5.72,13.68,9.95,106.68,64.99,98.5,2.334356919327311,7201524.896070316,16811339.618333336,95.62634404716735,9.76,
2025/04/18 08:00:00,5.79,13.67,9.95,106.66,64.78,98.45,2.337414020026035,7227448.769732731,16893954.299444444,95.54036961043597,9.78,
2025/04/18 08:15:00,5.75,13.66,9.97,106.63,64.57,98.4,2.338003511474839,7261137.193697493,16976984.07777778,95.55397684147698,9.78,
2025/04/18 08:30:00,5.69,13.66,9.96,106.61,64.36,98.36,2.33734084317675,7300708.252241402,17064664.222222224,95.59581940041738,9.77,
2025/04/18 08:45:00,5.65,13.65,9.92,106.58,64.15,98.31,2.3374872944196956,7335794.1599894855,17147744.973333333,95.60942417493462,9.76,
2025/04/18 09:00:00,5.69,13.64,9.93,106.54,63.94,98.27,2.3408658315023665,7362681.243307352,17235473.768333327,95.53579291606303,9.78,
2025/04/18 09:15:00,5.64,13.63,9.91,106.5,63.73,98.22,2.338614704573293,7416103.761333866,17343834.927222222,95.5506992272838,9.71,
2025/04/18 09:30:00,5.69,13.61,9.94,105.12,62.96,97.51,2.3947906314418703,7250708.536396835,17364378.93055556,94.31653975597538,9.6,
2025/04/18 09:45:00,5.37,13.62,9.79,105.41,63.16,97.56,2.377845442917862,7266822.281933163,17279804.177777782,94.880045568392,9.64,
2025/04/18 10:00:00,5.3,13.61,9.76,105.7,63.36,97.61,2.3644730460648256,7272188.609073826,17195309.541666668,95.198052681216,9.65,
2025/04/18 10:15:00,5.32,13.6,9.74,105.99,63.56,97.66,2.352757207410354,7272356.920322783,17110499.083333332,95.42752822171445,9.66,
2025/04/18 10:30:00,5.26,13.6,9.76,106.16,63.76,97.71,2.3446992247923184,7261383.314817566,17026166.42222222,95.63242429409102,9.67,
2025/04/18 10:45:00,5.31,13.59,9.73,106.27,63.96,97.76,2.341279784450903,7235837.462074764,16941521.422222223,95.67771148391864,9.68,
2025/04/18 11:00:00,5.34,13.58,9.72,106.37,64.16,97.81,2.3379105392572854,7210264.038961504,16857350.736111116,95.7340381348981,9.69,
2025/04/18 11:15:00,5.35,13.58,9.73,106.47,64.36,97.87,2.33416141900436,7187798.323764738,16777878.021666665,95.80999604518664,9.7,
2025/04/18 11:30:00,5.28,13.57,9.75,106.57,64.56,97.92,2.3271691694103884,7173295.067296013,16693866.639999999,95.96461607894801,9.67,
2025/04/18 11:45:00,5.32,13.56,9.74,106.67,64.76,97.97,2.323946587553462,7147127.603363124,16609935.374999993,96.01105382321407,9.68,
2025/04/18 12:00:00,5.38,13.57,9.73,106.77,64.96,98.02,2.321518399898903,7118320.721044514,16525700.363333331,96.0377940696419,9.7,
2025/04/18 12:15:00,5.42,13.57,9.76,106.87,65.16,98.07,2.3182654247417864,7092174.583468759,16441931.073333329,96.08418217269629,9.71,
2025/04/18 12:30:00,5.46,13.56,9.76,106.97,65.36,98.12,2.3154467329218096,7064500.829879627,16357861.52,96.13053610878221,9.73,
2025/04/18 12:45:00,5.5,13.57,9.79,107.08,65.56,98.17,2.311718748624778,7039727.083247644,16274254.204999998,96.18544444134841,9.74,
2025/04/18 13:00:00,5.73,13.57,9.89,107.18,65.76,98.22,2.3122551600998404,7001803.552688407,16190350.109999998,96.04489045192896,9.76,
2025/04/18 13:15:00,5.77,13.55,9.91,107.28,65.96,98.28,2.310285358802656,6973811.397635332,16111889.884444447,96.09115525359196,9.8,
2025/04/18 13:30:00,5.99,13.57,10.01,107.48,66.22,98.33,2.3046884362271975,6941600.963894432,15998627.32722222,96.04588755674571,9.79,
2025/04/18 13:45:00,6.24,13.55,10.09,107.7,66.82,98.38,2.303184442609712,6823333.04475863,15715798.193333335,95.98806217212588,9.88,
2025/04/18 14:00:00,6.43,13.58,10.17,107.92,67.42,98.43,2.296840833420037,6719331.672796323,15433635.653333334,95.9890799906729,9.89,
2025/04/18 14:15:00,6.72,13.57,10.29,108.14,68.02,98.48,2.2953642139441817,6600697.621785708,15151413.200000003,95.89155661408742,9.97,
2025/04/18 14:30:00,7.07,13.57,10.44,108.37,68.62,98.53,2.2896406897227446,6494218.405819237,14869844.568333331,95.74304795078308,9.95,
2025/04/18 14:45:00,7.32,13.59,10.52,108.59,69.22,98.58,2.28192373298175,6423992.026976033,14659477.36,95.68426051893931,9.92,
2025/04/18 15:00:00,7.27,13.6,10.52,107.46,68.47,98.63,2.332689629512241,6453761.175328726,15055066.057777775,94.76882185020592,9.88,
2025/04/18 15:15:00,5.92,13.61,10.03,106.08,65.95,98.65,2.363196089413266,6976222.430818452,16486609.700000003,94.91517939209258,9.73,
2025/04/18 15:30:00,5.7,13.63,9.9,106.66,64.97,98.67,2.332642655856178,7297164.070154378,17022090.922222223,95.62890425384175,9.71,
2025/04/18 15:45:00,5.76,13.61,9.97,107.65,66.09,98.69,2.2983372019735158,7147049.302984062,16426728.877777772,96.41768045471268,9.91,
2025/04/18 16:00:00,6.25,13.61,10.14,108.14,67.2,98.71,2.287177396176646,6873640.391105378,15721632.660555549,96.35439629371757,9.97,
2025/04/18 16:15:00,6.95,13.61,10.44,108.62,68.32,98.73,2.2784980200765115,6593079.84166553,15022732.596666673,96.07473236752433,10.01,
2025/04/18 16:30:00,7.34,13.6,10.53,108.4,69.43,98.75,2.2904402426095762,6441919.276249871,14755254.164444441,95.5024564673511,9.9,
2025/04/18 16:45:00,6.61,13.59,10.25,107.24,67.66,98.63,2.330392525635908,6654312.888503702,15507582.291666666,95.23046618486673,9.87,
2025/04/18 17:00:00,5.8,13.58,9.96,106.31,65.81,98.47,2.350834660909657,6921418.2840150185,16271524.08444444,95.23045109115857,9.73,
2025/04/18 17:15:00,5.61,13.59,9.89,106.36,64.68,98.31,2.345100868008914,7108449.042577024,16670443.313333329,95.46008009662553,9.73,
2025/04/18 17:30:00,5.58,13.58,9.86,106.41,64.63,98.15,2.342790095605109,7056138.690597724,16531458.777777782,95.53244562197311,9.74,
2025/04/18 17:45:00,5.61,13.58,9.85,106.46,64.57,97.99,2.341589684721654,7002901.110389128,16398323.223333333,95.54583962966667,9.75,
2025/04/19 00:15:00,4.69,13.56,9.8,109.2,63.67,100.21,2.19495574885751,7872274.451778462,17279668.559999995,98.79583842777402,9.61,
2025/04/19 00:30:00,5.86,13.48,9.9,108.57,64.22,100.5,2.2501667654444404,7611542.981839081,17127648.926666666,97.10553768929982,9.75,
2025/04/19 00:45:00,6.12,13.47,10.04,108.11,64.77,100.43,2.279390431631245,7373002.871675711,16806379.700000003,96.45659906581443,9.82,
2025/04/19 01:00:00,6.8,13.48,10.25,108.15,65.32,100.35,2.288685074307765,7201056.502036646,16481398.981666666,95.82105894585852,9.81,
2025/04/19 01:15:00,6.91,13.5,10.34,108.19,65.87,100.27,2.2847173198096047,7071763.144019314,16157427.733333325,95.74677781119934,9.73,
2025/04/19 01:30:00,7.06,13.49,10.46,108.19,66.42,100.19,2.291249770010561,6910641.496691296,15834465.954999994,95.59905237270141,9.81,
2025/04/19 01:45:00,7.09,13.63,10.55,108.17,66.97,100.12,2.2946774154571647,6762061.442842275,15517194.550000003,95.55247446217359,9.85,
2025/04/19 02:00:00,6.92,13.46,10.38,108.16,66.92,100.04,2.290758428247457,6755917.461898442,15476617.2,95.7113897543796,9.82,
2025/04/19 02:15:00,6.89,13.42,10.33,108.14,66.78,99.96,2.291189047877595,6755283.145348402,15478071.839999994,95.72387003032627,9.82,
2025/04/19 02:30:00,6.88,13.42,10.32,108.13,66.64,99.88,2.2914899468599095,6754989.504415048,15479430.339999996,95.72518367406673,9.82,
2025/04/19 02:45:00,6.97,13.43,10.41,108.11,66.51,99.81,2.2925170086211617,6752508.612928333,15480692.699999997,95.61941311304415,9.79,
2025/04/19 03:00:00,6.79,13.44,10.27,108.1,66.37,99.73,2.291356685129567,6756446.480396859,15481858.919999998,95.78822634228278,9.82,
2025/04/19 03:15:00,6.94,13.44,10.38,108.08,66.23,99.65,2.2963412313575464,6742239.114168569,15482929.0,95.62342172297377,9.85,
2025/04/19 03:30:00,6.96,13.44,10.36,108.07,66.1,99.57,2.2942404659841795,6746823.076538796,15479278.118333332,95.59511402795265,9.79,
2025/04/19 03:45:00,6.91,13.44,10.35,108.05,65.96,99.5,2.2962708211106047,6743084.551757787,15484391.303333336,95.62733426423077,9.83,
2025/04/19 04:00:00,6.83,13.37,10.28,108.03,65.82,99.42,2.2958260488595474,6744731.124217139,15485172.26666667,95.68905903414291,9.83,
2025/04/19 04:15:00,6.75,13.37,10.25,108.02,65.69,99.34,2.295389373752564,6744310.24933387,15481256.419444446,95.7593275136507,9.84,
2025/04/19 04:30:00,6.84,13.41,10.31,108.0,65.55,99.27,2.295959585028193,6744894.097748034,15486445.773333333,95.65355934634047,9.8,
2025/04/19 04:45:00,6.7,13.37,10.26,107.96,65.41,99.19,2.2968543536207133,6744701.352788311,15492037.22,95.75731362888483,9.83,
2025/04/19 05:00:00,6.68,13.38,10.23,107.9,65.28,99.11,2.3002622447298644,6775586.911828839,15586065.50722222,95.72577398408282,9.85,
2025/04/19 05:15:00,6.6,13.37,10.2,107.84,65.14,99.03,2.2997612436802806,6820053.000885224,15684932.144444443,95.75325369162042,9.81,
2025/04/19 05:30:00,6.52,13.37,10.18,107.79,65.01,98.96,2.3011618719392652,6858975.076382589,15784050.974999992,95.78930534950904,9.82,
2025/04/19 05:45:00,6.55,13.32,10.12,107.73,64.87,98.88,2.302570246911197,6897935.523531738,15883421.998888884,95.70846430032874,9.78,
2025/04/19 06:00:00,6.38,13.27,10.03,107.67,64.73,98.8,2.3023715090345673,6941973.798859506,15983440.806666663,95.8245435458063,9.78,
2025/04/19 06:15:00,6.21,13.25,10.02,107.62,64.6,98.72,2.3012230720418483,6986790.217893552,16078604.544444446,95.94912973396337,9.77,
2025/04/19 06:30:00,5.99,13.26,9.93,107.1,64.46,98.65,2.3209590679954886,7134525.229854895,16559388.957222225,95.72064438530516,9.77,
2025/04/19 06:45:00,5.68,13.26,9.8,106.42,64.32,98.57,2.345079463361803,7296022.419765365,17110205.902777776,95.44272314029541,9.76,
2025/04/19 07:00:00,5.3,13.24,9.64,105.76,64.19,98.49,2.3636041688873566,7419590.519365905,17537428.027777776,95.24953590835777,9.69,
2025/04/19 07:15:00,5.08,13.28,9.58,105.29,64.05,98.41,2.376946181042026,7545266.247436345,17935146.9,95.06152836518048,9.63,
2025/04/19 07:30:00,4.31,13.22,9.35,104.71,63.97,98.34,2.3813907558202008,7666271.4427390415,18256832.26888889,95.3176810849543,9.51,
2025/04/19 07:45:00,4.36,13.15,9.29,104.81,64.0,98.26,2.37694339677701,7663230.082363981,18215507.163333334,95.3549964470268,9.48,
2025/04/19 08:00:00,4.4,13.26,9.43,104.92,64.03,98.18,2.3731151966479986,7577429.772038216,17982553.325000003,95.41057607860947,9.48,
2025/04/19 08:15:00,4.36,13.21,9.35,105.03,64.06,98.11,2.3677420216654603,7568882.130435439,17921593.249999996,95.5445841901222,9.48,
2025/04/19 08:30:00,4.45,13.16,9.32,105.13,64.09,98.15,2.3652575107349074,7575546.07368108,17918551.603333335,95.54244748830858,9.48,
2025/04/19 08:45:00,4.46,13.11,9.3,105.24,64.12,98.19,2.3608126915226273,7588685.2261068,17915900.67055555,95.62736183803723,9.48,
2025/04/19 09:00:00,4.42,13.12,9.31,105.35,64.15,98.23,2.355415766846217,7604778.385399301,17912849.386666663,95.76130592069042,9.48,
2025/04/19 09:15:00,4.41,13.13,9.29,105.45,64.18,98.27,2.3518675707612777,7629427.57180509,17943833.984999996,95.85711185406902,9.5,
2025/04/19 09:30:00,4.55,13.16,9.35,105.5,64.21,98.31,2.3541011330749972,7646623.64072188,18001361.58333334,95.76261821633058,9.54,
2025/04/19 09:45:00,4.45,13.16,9.33,105.5,64.24,98.35,2.350933345778737,7681411.117548596,18058919.835,95.86085412558371,9.51,
2025/04/19 10:00:00,4.42,13.16,9.35,105.5,64.27,98.39,2.349071235819461,7611332.793089686,17879994.58666667,95.89040751804903,9.48,
2025/04/19 10:15:00,4.49,13.21,9.36,105.5,64.3,98.43,2.35254493297324,7578403.63507022,17828962.127777785,95.82153048226714,9.53,
2025/04/19 10:30:00,4.57,13.17,9.36,105.51,64.33,98.48,2.3544825238349536,7575086.513056155,17835841.130555563,95.75156175318301,9.55,
2025/04/19 10:45:00,4.62,13.22,9.4,105.52,64.36,98.52,2.3549996721850475,7574125.386603937,17837494.204444442,95.71109808163249,9.55,
2025/04/19 11:00:00,4.67,13.23,9.44,105.53,64.38,98.56,2.355945791103793,7573998.80225252,17844365.892222226,95.67059856532286,9.56,
2025/04/19 11:15:00,4.67,13.22,9.43,105.54,64.41,98.6,2.355949796547809,7574685.350005589,17846013.741111107,95.6791691301358,9.57,
2025/04/19 11:30:00,4.72,13.32,9.52,105.55,64.44,98.64,2.3568962590199067,7572342.17785052,17847659.500000004,95.63866848831199,9.58,
2025/04/19 11:45:00,4.71,13.31,9.49,105.57,64.47,98.68,2.356285066021791,7575173.529434396,17849700.385,95.66565624412469,9.59,
2025/04/19 12:00:00,4.76,13.3,9.51,105.58,64.5,98.72,2.357230082212061,7572831.487893454,17851342.08,95.62515427494945,9.6,
2025/04/19 12:15:00,4.82,13.35,9.54,105.59,64.53,98.76,2.358365438495335,7569881.826331789,17852981.685,95.57483525287358,9.61,
2025/04/19 12:30:00,4.86,13.36,9.57,105.6,64.56,98.81,2.3586959114543573,7571725.156624369,17859833.749999996,95.54417241044258,9.61,
2025/04/19 12:45:00,4.9,13.46,9.65,105.61,64.59,98.85,2.3594538194392274,7569986.491635289,17861468.12999999,95.5134808057492,9.62,
2025/04/19 13:00:00,4.86,13.39,9.59,105.62,64.62,98.89,2.3582702199673524,7574477.635787806,17863100.419999998,95.56134452885318,9.62,
2025/04/19 13:15:00,5.0,13.42,9.62,105.63,64.65,98.93,2.36006379490088,7569580.397302095,17865128.64888889,95.43253593193492,9.61,
2025/04/19 13:30:00,5.04,13.56,9.73,105.64,64.68,98.97,2.361252909834742,7566459.213732967,17866756.874999996,95.40181348249776,9.63,
2025/04/19 13:45:00,5.06,13.56,9.73,105.66,64.71,99.01,2.36120428365645,7567303.715065213,17868383.011111118,95.39934831974136,9.64,
2025/04/19 14:00:00,5.08,13.56,9.73,105.67,64.74,99.05,2.3620091507704646,7565412.560985718,17870007.05722222,95.38826392240559,9.66,
2025/04/19 14:15:00,5.14,13.6,9.81,105.68,64.77,99.1,2.363146428226811,7564659.419186944,17876836.364444442,95.33792970742489,9.67,
2025/04/19 14:30:00,5.2,13.63,9.84,105.69,64.8,99.14,2.3647097485749473,7560342.731456306,17878455.185555555,95.28757382909747,9.69,
2025/04/19 14:45:00,5.23,13.68,9.88,105.7,64.83,99.18,2.3652768206031602,7559382.686454993,17880470.758333337,95.26669343718358,9.7,
2025/04/19 15:00:00,5.26,13.71,9.91,105.96,64.86,99.22,2.3550858394371375,7592780.835894914,17882085.515555557,95.46060761048459,9.71,
2025/04/19 15:15:00,5.39,13.77,10.0,106.23,64.89,99.26,2.3466851842314878,7620648.316467353,17883698.182777777,95.56470599478756,9.73,
2025/04/19 15:30:00,5.4,13.79,10.02,106.49,65.16,99.3,2.335958675656416,7602885.227568844,17760454.946666665,95.77796696044342,9.74,
2025/04/19 15:45:00,5.57,13.74,10.03,106.75,65.83,99.34,2.3285169876405516,7484929.819198117,17429211.89166667,95.83381223910658,9.76,
2025/04/19 16:00:00,5.76,13.79,10.13,107.01,66.5,99.38,2.3235279591111593,7357842.063133219,17096573.41333333,95.86976818145227,9.83,
2025/04/19 16:15:00,6.02,13.94,10.32,107.27,67.17,99.31,2.318354985155597,7204751.522349447,16703586.533333333,95.83667992607228,9.87,
2025/04/19 16:30:00,6.21,13.87,10.37,107.53,67.85,99.17,2.3122260641221803,7035921.631455881,16269057.42,95.87224223037946,9.92,
2025/04/19 16:45:00,6.47,13.88,10.49,107.79,68.52,99.03,2.3090016186494893,6860148.988652943,15840512.325000005,95.83878283494218,10.01,
2025/04/19 17:00:00,6.88,13.95,10.64,108.05,69.19,98.89,2.3060536719027516,6683114.782971723,15412036.200000003,95.6572947387175,10.05,
2025/04/19 17:15:00,7.29,13.95,10.79,108.31,69.86,98.76,2.303354077052617,6507507.13997715,14989514.833333334,95.47548053131165,10.1,
2025/04/19 17:30:00,7.59,13.95,10.88,108.57,70.53,98.62,2.294292484238639,6346825.092143821,14561891.89277778,95.4014379010745,10.06,
2025/04/19 17:45:00,8.06,13.98,11.05,108.83,71.2,98.48,2.2907037433635105,6170415.361238949,14135018.333333332,95.15964911006046,10.08,
2025/04/19 18:00:00,8.33,13.93,11.13,108.8,71.87,98.34,2.296348727367175,5969397.47479586,13708251.247777775,94.8677365828036,10.07,
2025/04/19 18:15:00,8.53,13.93,11.31,108.66,72.55,98.2,2.307237755356124,5754320.961331555,13277038.500000002,94.55124497591927,10.08,
2025/04/19 18:30:00,8.7,13.94,11.44,108.53,73.22,98.06,2.3215132671965257,5535469.765742665,12851129.940000003,94.27326263860827,10.18,
2025/04/19 18:45:00,8.97,13.93,11.55,108.39,73.89,97.92,2.3288493943080026,5335450.088032212,12425933.025,93.88724745553284,10.09,
2025/04/19 19:00:00,6.25,13.95,10.34,102.85,65.26,94.7,2.502574379378997,6087723.1911027245,15235412.622222219,91.80965139404327,9.59,
2025/04/19 20:00:00,3.8,13.95,10.43,109.01,65.7,98.73,2.186797441736741,8038416.790366819,17578793.540000003,99.50971439581373,9.54,
2025/04/19 20:15:00,6.15,13.97,10.4,107.81,65.87,99.15,2.3015053043788516,7517942.690118401,17303015.253333334,96.17083160893472,9.99,
2025/04/19 20:30:00,7.19,13.96,10.83,106.04,66.03,97.1,2.3811030837864147,6797676.23403947,16186455.046666661,93.63224910355399,9.56,
2025/04/19 20:45:00,7.83,13.95,10.94,103.88,66.19,94.25,2.4818084040794295,5894463.700468356,14629420.837777777,91.14799635744752,9.37,
2025/04/19 21:00:00,7.7,13.94,10.87,103.5,66.35,94.02,2.4950504341818407,5782592.234984268,14428338.570555555,90.94845468736024,9.35,
2025/04/19 21:15:00,7.57,13.94,10.87,103.12,66.26,93.99,2.5109937032394467,5758846.607520331,14460913.078333328,90.74833778552295,9.39,
2025/04/19 21:30:00,7.43,13.95,10.8,103.09,66.18,93.97,2.5097494933509767,5773659.104268335,14490911.777222218,90.85987100181279,9.4,
2025/04/19 21:45:00,7.51,13.93,10.87,103.38,66.1,93.94,2.4972905509205034,5812381.912447445,14515690.933333335,91.03156461547586,9.37,
2025/04/19 22:00:00,7.54,13.93,10.82,103.31,66.01,93.92,2.501498892371696,5816677.868112288,14550892.454999996,90.94171474787278,9.38,
2025/04/19 22:15:00,7.6,13.92,10.82,103.25,65.93,93.9,2.502074865923342,5827320.637819929,14580874.433888888,90.83125055215223,9.31,
2025/04/19 22:30:00,7.46,13.92,10.83,103.18,65.85,93.87,2.5036152071725146,5833625.476027669,14605638.26333334,90.90824774401919,9.34,
2025/04/19 22:45:00,7.4,13.91,10.78,103.12,65.76,93.85,2.506383735628307,5841220.887115815,14640821.67166666,90.91529494633065,9.37,
2025/04/19 23:00:00,7.39,13.89,10.76,103.02,65.68,93.82,2.511949478374054,5838261.837950025,14665902.019999992,90.83872083883482,9.4,
2025/04/19 23:15:00,7.3,13.89,10.73,102.91,65.6,93.8,2.5166191863376395,5839334.705835564,14695862.866666663,90.83197978597714,9.44,
2025/04/19 23:30:00,7.31,13.89,10.76,102.81,65.52,93.77,2.5189239708068882,5843812.752825566,14720607.305555558,90.73594225483095,9.39,
2025/04/19 23:45:00,7.35,13.86,10.78,102.8,65.43,93.75,2.519776038478993,5853307.384312665,14749520.133333333,90.68807953058788,9.38,
2025/04/20 00:00:00,7.2,13.87,10.71,102.8,65.76,94.06,2.5187609283383225,5858450.228812012,14756519.311111107,90.83513221497957,9.43,
2025/04/20 00:15:00,7.22,13.86,10.71,102.8,65.71,94.06,2.5182983663795824,5873015.29468582,14790491.100000001,90.81556401679237,9.41,
2025/04/20 00:30:00,7.19,13.85,10.69,102.79,65.66,94.06,2.52075586631042,5880908.207834026,14824820.511111114,90.83619905041434,9.47,
2025/04/20 00:45:00,7.11,13.83,10.65,102.77,65.61,94.07,2.517638816105647,5903780.735172144,14864071.407777773,90.89754889090422,9.42,
2025/04/20 01:00:00,7.13,13.83,10.68,102.74,65.56,94.07,2.5198246717165147,5912173.187574152,14898130.163888881,90.85197681126346,9.43,
2025/04/20 01:15:00,7.13,13.82,10.71,102.72,65.51,94.07,2.5211350091101714,5922749.142896218,14932548.399999991,90.83466702310204,9.44,
2025/04/20 01:30:00,7.06,13.81,10.64,102.7,65.46,94.07,2.5191248230640064,5941021.308216748,14966663.469999999,90.88614581268456,9.41,
2025/04/20 01:45:00,7.02,13.79,10.6,102.7,65.41,94.07,2.518246274768757,5956653.08216859,15000806.406666666,90.92538653994289,9.41,
2025/04/20 02:00:00,6.91,13.76,10.56,102.7,65.36,94.07,2.516274419539072,5974901.297152198,15034977.209999993,91.03326013203528,9.42,
2025/04/20 02:15:00,6.95,13.76,10.53,102.69,65.31,94.07,2.515351166588528,5990824.582589774,15069509.815555548,90.985541538373,9.37,
2025/04/20 02:30:00,6.92,13.74,10.54,102.68,65.27,94.08,2.5151264471445463,6004966.145869583,15103736.932777777,91.00632661237547,9.37,
2025/04/20 02:45:00,6.89,13.73,10.53,102.68,65.22,94.08,2.51447036952776,6020155.752523083,15137991.916666666,91.03575411713938,9.37,
2025/04/20 03:00:00,6.87,13.72,10.53,102.67,65.17,94.08,2.514464385773767,6033936.779298196,15172610.444444442,91.04672788794755,9.37,
2025/04/20 03:15:00,6.85,13.69,10.5,102.67,65.12,94.08,2.514920418584192,6046485.23710426,15206921.742222216,91.0662772518705,9.39,
2025/04/20 03:30:00,6.82,13.69,10.48,102.66,65.07,94.08,2.5151377796984233,6059616.441625527,15241260.906666668,91.08702397104963,9.4,
2025/04/20 03:45:00,6.8,13.67,10.46,102.66,65.02,94.08,2.5151405377582887,6073407.569008473,15275965.35666667,91.1066069124043,9.41,
2025/04/20 04:00:00,6.77,13.64,10.43,102.65,64.97,94.08,2.5149118840231877,6087635.963725932,15310360.834999999,91.1273842167514,9.41,
2025/04/20 04:15:00,6.77,13.64,10.42,102.65,64.92,94.09,2.51224492019265,6109895.834234978,15350046.451666668,91.12759252269528,9.35,
2025/04/20 04:30:00,6.72,13.61,10.38,102.64,64.87,94.09,2.5129220084009525,6121960.3829690525,15384500.449999997,91.16787663653233,9.38,
2025/04/20 04:45:00,6.73,13.6,10.37,102.64,64.82,94.09,2.509540788891626,6142188.60785746,15414564.171111114,91.15836958389009,9.3,
2025/04/20 05:00:00,6.62,13.59,10.29,102.63,64.77,94.11,2.5089412798455712,6158217.463962406,15451087.850000001,91.25748401709257,9.33,
2025/04/20 05:15:00,6.5,13.57,10.27,102.63,64.73,94.12,2.5081059912438453,6170630.4947128035,15477077.696666665,91.37500138068583,9.37,
2025/04/20 05:30:00,6.56,13.52,10.27,102.62,64.68,94.13,2.5093997217663353,6179900.725861977,15508332.369444435,91.30755803071969,9.36,
2025/04/20 05:45:00,6.43,13.53,10.25,102.62,64.63,94.15,2.5074442410210205,6199286.124522852,15544851.520000003,91.43494855145298,9.38,
2025/04/20 06:00:00,6.3,13.51,10.19,102.61,64.58,94.16,2.505469895118696,6216646.878897688,15576103.289999997,91.55370944577187,9.39,
2025/04/20 06:15:00,6.17,13.49,10.18,102.61,64.53,94.17,2.500471692419808,6241570.826074967,15607353.666666666,91.68134594048776,9.34,
2025/04/20 06:30:00,6.12,13.47,10.08,102.6,64.49,94.18,2.5011153951909124,6250357.367764596,15633337.127222227,91.72157880609586,9.37,
2025/04/20 06:45:00,6.2,13.43,10.08,102.5,64.44,94.2,2.5057944570340847,6253254.279270308,15669850.240000002,91.55675797922684,9.34,
2025/04/20 07:00:00,6.19,13.43,10.1,102.41,64.39,94.21,2.5085230443440296,6258906.576911546,15701096.436666662,91.48874915798501,9.32,
2025/04/20 07:15:00,6.12,13.41,10.04,102.32,64.34,94.22,2.5121018205350465,6262429.224475529,15732341.239999998,91.47930038916826,9.35,
2025/04/20 07:30:00,6.02,13.38,10.01,102.22,64.3,94.23,2.514545665756476,6266673.480965098,15758319.591666669,91.49063233441261,9.36,
2025/04/20 07:45:00,5.93,13.38,9.96,102.13,64.25,94.25,2.516761263028569,6275664.367554242,15794826.666666664,91.5007814131925,9.37,
2025/04/20 08:00:00,5.85,13.35,9.94,102.04,64.2,94.26,2.516243718237022,6289369.869147883,15826067.29,91.50141803164061,9.31,
2025/04/20 08:15:00,5.77,13.34,9.87,102.0,64.15,94.27,2.5165754015322093,6300957.211745568,15857306.519999994,91.5450449221256,9.32,
2025/04/20 08:30:00,5.68,13.31,9.85,102.0,64.1,94.29,2.513325287986216,6323628.301758438,15893808.95055556,91.63333281090922,9.29,
2025/04/20 08:45:00,5.62,13.3,9.8,102.01,64.06,94.3,2.5120087828903457,6337283.51051368,15919780.799999997,91.70070743106783,9.3,
2025/04/20 09:00:00,5.65,13.28,9.82,102.07,64.01,94.31,2.507601145489084,6360876.788816654,15951015.849999998,91.72366616184317,9.24,
2025/04/20 09:15:00,5.64,13.29,9.76,102.12,63.96,94.32,2.5074308573814257,6373768.623261208,15982249.50666666,91.77653806869743,9.29,
2025/04/20 09:30:00,5.74,13.28,9.87,102.18,63.91,94.34,2.5062442462966787,6391341.719520114,16018745.899444448,91.7306987683382,9.27,
2025/04/20 09:45:00,5.76,13.29,9.83,102.2,63.86,94.35,2.507979664927156,6399373.921518124,16049976.65333333,91.72818982168768,9.32,
2025/04/20 10:00:00,5.86,13.29,9.87,102.2,63.92,94.36,2.5093165091586087,6385332.7743195165,16023303.144444441,91.63033010082087,9.3,
2025/04/20 10:15:00,5.88,13.28,9.85,102.2,64.1,94.38,2.5101832834002025,6349437.024810096,15938729.204444442,91.61068939806233,9.31,
2025/04/20 10:30:00,5.66,13.29,9.76,101.6,64.28,94.39,2.5324324927145936,6579975.691450618,16663837.520000001,91.30553477818066,9.36,
2025/04/20 10:45:00,5.35,13.3,9.71,100.94,64.46,94.4,2.5506261918010193,6754154.311427945,17227830.290000007,91.03552252675317,9.31,
2025/04/20 11:00:00,5.27,13.33,9.69,101.19,64.64,94.41,2.5393154054791744,6837195.16172481,17362295.664999995,91.33109068482024,9.33,
2025/04/20 11:15:00,5.25,13.34,9.69,101.15,64.82,94.43,2.5424291569080992,6976699.4247307945,17738275.17000001,91.31560172682453,9.38,
2025/04/20 11:30:00,5.07,13.36,9.6,101.11,65.0,94.44,2.53955898010871,7106681.541205598,18048340.835555553,91.4568844565614,9.37,
2025/04/20 11:45:00,5.1,13.38,9.62,101.15,65.18,94.45,2.540123375510505,7097120.8926373515,18028066.209999993,91.4621306015849,9.41,
2025/04/20 12:00:00,5.22,13.41,9.69,101.14,65.36,94.46,2.5447776626360605,7043524.284177374,17924710.833333332,91.33589183193695,9.45,
2025/04/20 12:15:00,5.27,13.45,9.74,101.06,65.54,94.48,2.5469493612079486,6999219.215453567,17827163.798888884,91.21771640643827,9.39,
2025/04/20 12:30:00,5.36,13.49,9.81,101.4,65.71,94.49,2.5381298973531425,6985235.25330789,17729939.785555556,91.42488501500044,9.47,
2025/04/20 12:45:00,5.45,13.51,9.86,101.66,65.89,94.49,2.5279819278914135,6969937.46320037,17620378.966666665,91.56282415168731,9.43,
2025/04/20 13:00:00,5.48,13.53,9.89,101.81,66.07,94.49,2.523643829247371,6938499.552085373,17510801.427777775,91.66352388262278,9.46,
2025/04/20 13:15:00,5.5,13.55,9.92,101.96,66.25,94.48,2.518684963400065,6906202.7302458715,17395045.268333334,91.77399891872261,9.48,
2025/04/20 13:30:00,5.78,13.61,10.04,102.06,66.43,94.48,2.523160458254763,6850378.908751214,17285108.13333333,91.58634902720215,9.54,
2025/04/20 13:45:00,5.96,13.64,10.14,102.15,66.61,94.48,2.5226858685229465,6808208.928110497,17175482.060000002,91.48814014415017,9.52,
2025/04/20 14:00:00,5.97,13.64,10.15,102.24,66.79,94.47,2.5195506604620945,6770718.993453446,17059676.088888884,91.55628715721323,9.53,
2025/04/20 14:15:00,5.99,13.62,10.15,102.33,66.97,94.47,2.5166356124502522,6734988.0849390505,16950016.11111111,91.61461787642493,9.54,
2025/04/20 14:30:00,6.01,13.62,10.15,102.41,67.15,94.47,2.5141348165582893,6697938.768498884,16840022.197777778,91.66426870570153,9.55,
2025/04/20 14:45:00,6.03,13.64,10.16,102.5,67.33,94.46,2.510415934476845,6661713.358723052,16724166.414999995,91.72262035069977,9.54,
2025/04/20 15:00:00,6.04,13.66,10.18,102.53,67.51,94.46,2.5093806678070365,6620743.774641491,16614457.902777772,91.73878907609061,9.54,
2025/04/20 15:15:00,6.06,13.73,10.24,102.56,67.55,94.46,2.5081632230425286,6614624.958629315,16591048.045,91.74518714659513,9.53,
2025/04/20 15:30:00,6.18,13.79,10.32,102.59,67.49,94.45,2.510362357173058,6621482.567886831,16622814.071111115,91.65348832357625,9.55,
2025/04/20 15:45:00,6.27,13.86,10.37,102.62,67.42,94.45,2.5114965307892523,6636177.687288594,16667229.590000002,91.59120688819466,9.56,
2025/04/20 16:00:00,6.42,13.87,10.44,102.65,67.36,94.45,2.513959740697366,6644888.436604254,16705484.950000003,91.47009709952995,9.57,
2025/04/20 16:15:00,6.37,13.9,10.47,102.68,67.29,94.44,2.5123920701433655,6664263.3156200675,16743745.883333325,91.5450079762802,9.59,
2025/04/20 16:30:00,6.51,13.92,10.53,102.47,67.23,94.44,2.523577296908531,6649884.647169874,16782012.389999993,91.22615674525211,9.57,
2025/04/20 16:45:00,6.5,13.95,10.56,102.02,67.16,94.44,2.540742726804214,6622321.08614859,16826135.77333333,90.84645686467593,9.53,
2025/04/20 17:00:00,6.32,13.97,10.49,101.57,67.1,94.43,2.5562806076254265,6594632.2529722685,16858244.791666675,90.6325788542191,9.55,
2025/04/20 17:15:00,6.08,13.98,10.43,101.12,66.83,94.43,2.5697422999750184,6625395.863985889,17026073.533333335,90.47676479369447,9.56,
2025/04/20 17:30:00,5.84,13.99,10.29,101.2,66.38,94.43,2.5589448199560607,6762349.022214536,17304975.325000003,90.78131386058314,9.51,
2025/04/20 17:45:00,5.85,14.01,10.34,101.16,65.93,94.42,2.5604531252332796,6864764.819695501,17577418.319999997,90.7368077293693,9.5,
2025/04/20 18:00:00,5.76,14.02,10.33,101.11,65.48,94.42,2.558906728142198,6946682.148067564,17776423.939999994,90.78157238876791,9.46,
2025/04/20 18:15:00,5.85,14.03,10.29,101.7,65.03,94.41,2.5404141227629133,6922900.152360333,17587527.417777773,91.20551457981006,9.56,
2025/04/20 18:30:00,6.4,14.03,10.58,102.61,64.58,94.05,2.5131611114074217,6684329.6068366375,16799299.825,91.45524170835003,9.52,
2025/04/20 18:45:00,6.32,14.03,10.53,101.54,64.13,93.7,2.552391998039445,6631899.518912492,16927719.410555556,90.6070051378893,9.42,
2025/04/20 19:00:00,5.97,14.03,10.42,100.94,63.68,93.34,2.5700862483703437,6626121.939254904,17030210.107777778,90.42840016514654,9.44,
2025/04/20 19:15:00,5.14,14.03,10.08,98.67,62.72,92.99,2.63478233095194,7049891.106957834,18575452.884999994,89.25923688099702,9.22,
2025/04/20 19:30:00,4.49,14.03,10.0,98.72,61.33,92.63,2.6105137695898755,7311892.815922825,19088317.17222222,89.93837946845686,9.05,
2025/04/20 19:45:00,4.51,14.03,10.04,98.77,61.59,92.28,2.6122745289298974,7469566.403889438,19513095.854999997,89.9619577105975,9.14,
2025/04/20 20:00:00,4.53,14.03,10.04,99.11,61.86,91.92,2.599847359224147,7327040.691282393,19049708.37,90.24018483735821,9.16,
2025/04/20 20:15:00,4.56,14.02,10.03,99.45,62.12,91.81,2.5876493313895255,7246857.181885911,18752834.087777782,90.5083269418642,9.18,
2025/04/20 20:30:00,4.58,14.0,10.04,99.85,62.38,92.15,2.573151363678133,7187233.6815357655,18494341.262222223,90.8382490383177,9.21,
2025/04/20 20:45:00,4.61,13.98,10.04,100.44,62.64,92.5,2.5519643138495973,7203739.4509389885,18384179.916666664,91.32356745940247,9.26,
2025/04/20 21:00:00,4.63,13.97,10.01,101.03,62.9,92.85,2.530883211073667,7284403.748735581,18436461.266666662,91.81768145778858,9.32,
2025/04/20 21:15:00,4.63,13.97,10.01,101.13,63.17,93.19,2.52759845292047,7313814.007543327,18486871.369999994,91.90459604047595,9.34,
2025/04/20 21:30:00,4.61,13.95,10.01,101.17,63.43,93.54,2.52627828081009,7345524.095600547,18557328.288888894,91.9588321313582,9.36,
2025/04/20 21:45:00,4.82,13.93,9.98,101.19,63.69,93.88,2.531357415645756,7356078.55064806,18621356.367777776,91.77078780058025,9.39,
2025/04/20 22:00:00,4.91,13.93,9.97,101.12,63.95,94.21,2.5362460180278017,7364741.107317075,18679289.542222217,91.6219057603611,9.39,
2025/04/20 22:15:00,4.91,13.92,9.99,101.06,64.14,94.27,2.53717898833671,7336332.2776608635,18614084.677222215,91.56992545098726,9.35,
2025/04/20 22:30:00,4.89,13.91,9.98,100.99,64.14,94.34,2.538044705128849,7356670.7647655755,18672057.67777778,91.52879516326384,9.31,
2025/04/20 22:45:00,4.86,13.89,9.94,100.93,64.15,94.4,2.540929429753031,7366290.998625197,18717723.59722222,91.50571407366603,9.34,
2025/04/20 23:00:00,4.88,13.88,9.94,100.95,64.15,94.47,2.541699071310516,7383039.724907867,18765966.022222217,91.50340164281079,9.37,
2025/04/20 23:15:00,4.89,13.86,9.92,101.03,64.15,94.54,2.539061346419079,7330366.929852638,18612747.19333333,91.56319991220577,9.38,
2025/04/20 23:30:00,4.87,13.86,9.92,101.12,64.15,94.6,2.534958751110756,7324370.103997957,18567469.433333322,91.66106501497143,9.38,
2025/04/20 23:45:00,4.84,13.84,9.9,101.21,64.15,94.67,2.5306297807970988,7321279.633802151,18527939.173333332,91.76868902553295,9.38,
2025/04/21 00:00:00,4.82,13.83,9.89,101.29,64.24,95.38,2.5269352841210915,7447734.936342696,18820441.64,91.8578232555509,9.38,
2025/04/21 00:15:00,5.67,13.83,10.1,102.99,64.26,95.38,2.477544993900173,6899015.685386021,17093083.57777777,92.49973659697464,9.43,
2025/04/21 00:30:00,6.0,13.81,10.26,102.85,64.27,95.31,2.4900882779812408,6694491.776656454,16670352.746666666,92.05525930499925,9.42,
2025/04/21 00:45:00,6.7,13.8,10.47,103.45,64.29,95.24,2.4756971414604543,6386844.44207583,15812370.474999992,91.88723429502868,9.34,
2025/04/21 01:00:00,6.78,13.8,10.53,102.94,64.3,95.16,2.4985766512981646,6306796.240228538,15758506.414444445,91.36851444459231,9.32,
2025/04/21 01:15:00,6.82,13.78,10.52,102.77,64.32,95.09,2.507249574209547,6263371.616030718,15704331.060000002,91.18234915277657,9.33,
2025/04/21 01:30:00,6.78,13.78,10.51,102.9,64.33,95.01,2.499847318938838,6260410.492114191,15650560.004444446,91.33399598555715,9.31,
2025/04/21 01:45:00,6.87,13.76,10.55,103.04,64.34,94.94,2.495236392460982,6252488.9237249205,15601933.599999996,91.36665548476361,9.3,
2025/04/21 02:00:00,6.66,13.74,10.48,103.17,64.36,94.86,2.488353126871207,6246025.747713384,15542801.694444442,91.68470751003574,9.37,
2025/04/21 02:15:00,5.62,13.73,10.04,105.42,64.37,98.05,2.383536186745509,7196990.727584101,17154726.502222218,94.64310829673178,9.67,
2025/04/21 02:30:00,5.5,13.71,9.97,105.59,64.39,98.07,2.3738938367772278,7222603.346595736,17146123.133333325,94.90707349986707,9.67,
2025/04/21 02:45:00,5.45,13.68,9.94,105.76,64.4,98.09,2.366031462735366,7244954.342901856,17142216.92333333,95.10223964248284,9.68,
2025/04/21 03:00:00,5.42,13.67,9.94,105.93,64.41,98.11,2.35854027853135,7266473.722384637,17138696.666666668,95.27771847883635,9.69,
2025/04/21 03:15:00,5.39,13.67,9.9,106.1,64.43,98.13,2.351036335936786,7285841.562436085,17129696.89444444,95.45315161050739,9.7,
2025/04/21 03:30:00,5.37,13.65,9.92,106.22,64.44,98.15,2.3463136514933973,7299001.683517885,17126168.858333334,95.5757854952875,9.72,
2025/04/21 03:45:00,5.36,13.63,9.86,106.25,64.46,98.17,2.345255798342749,7298624.43547499,17117557.82611111,95.6113467639831,9.73,
2025/04/21 04:00:00,5.35,13.61,9.86,106.29,64.47,98.19,2.3437610182351474,7301602.962031571,17113630.6,95.6554900465566,9.74,
2025/04/21 04:15:00,5.35,13.59,9.84,106.33,64.49,98.21,2.3424513249139602,7302008.475595203,17105017.01333333,95.68980650523699,9.75,
2025/04/21 04:30:00,5.37,13.56,9.84,106.37,64.5,98.23,2.3415110514091984,7303426.117567386,17101473.534444444,95.70446964386122,9.76,
2025/04/21 04:45:00,5.38,13.53,9.84,106.4,64.51,98.25,2.3403882859475345,7305244.928879494,17097533.187777773,95.72038533802021,9.76,
2025/04/21 05:00:00,5.33,13.52,9.8,106.44,64.53,98.27,2.336852857629536,7312610.909801301,17088914.49222222,95.80385839415628,9.74,
2025/04/21 05:15:00,5.37,13.49,9.78,106.48,64.54,98.29,2.334968357841927,7316821.646415073,17084966.249999996,95.79889379369979,9.72,
2025/04/21 05:30:00,5.29,13.46,9.73,106.52,64.56,98.31,2.331311352149788,7324602.681753125,17076345.0,95.91183721322564,9.71,
2025/04/21 05:45:00,5.29,13.44,9.74,106.55,64.57,98.33,2.3299976633682498,7327201.4972477,17072780.85333334,95.93757227144631,9.71,
2025/04/21 06:00:00,5.3,13.41,9.71,106.59,64.58,98.35,2.327986010145181,7331831.749041351,17068819.490555555,95.9620696059525,9.7,
2025/04/21 06:15:00,5.3,13.4,9.71,106.63,64.42,98.37,2.3262303681823266,7372746.410776865,17151126.941666663,95.99637704750212,9.7,
2025/04/21 06:30:00,5.31,13.37,9.68,106.67,64.24,98.39,2.325539760310561,7414630.785460669,17243441.080555554,96.02082663007349,9.72,
2025/04/21 06:45:00,5.37,13.34,9.7,106.62,64.06,98.41,2.329708080406331,7440770.16854923,17335254.199999996,95.9189540807543,9.74,
2025/04/21 07:00:00,5.71,13.31,9.82,105.72,63.88,98.32,2.368289097252423,7468393.191037208,17687787.03999999,94.81267874940436,9.58,
2025/04/21 07:15:00,5.56,13.31,9.79,103.99,63.7,96.94,2.4339292895210014,7033746.8192238975,17120117.959999993,93.47119473895634,9.45,
2025/04/21 07:30:00,5.39,13.27,9.7,103.42,63.53,95.62,2.4501771468202054,6764532.939921962,16574763.113333333,93.14621367830766,9.35,
2025/04/21 07:45:00,5.15,13.26,9.59,103.0,63.35,95.54,2.4635962493239103,6767770.7178934,16673507.950000001,93.01817465361594,9.37,
2025/04/21 08:00:00,5.1,13.24,9.57,103.0,63.18,95.46,2.4633755781670557,6806623.445469588,16767725.84666666,93.06705981562575,9.39,
2025/04/21 08:15:00,5.03,13.24,9.49,103.05,63.01,95.38,2.4573208851912742,6847317.949261429,16826503.264999997,93.179190747815,9.33,
2025/04/21 08:30:00,4.98,13.22,9.49,103.1,62.83,95.31,2.4571225737205418,6875898.003572479,16895374.22222222,93.27108110056919,9.4,
2025/04/21 08:45:00,5.03,13.2,9.48,103.15,62.63,95.23,2.454428931568206,6913810.241815269,16969908.266666666,93.26554682083813,9.36,
2025/04/21 09:00:00,5.0,13.21,9.54,102.88,62.21,95.15,2.4607745018899903,6972873.125486676,17159134.080000002,93.0618409156582,9.26,
2025/04/21 09:15:00,4.78,13.19,9.35,102.91,61.89,95.27,2.4583058362022334,7109537.464330994,17477869.99444444,93.30283182434161,9.34,
2025/04/21 09:30:00,4.96,13.19,9.48,103.51,62.08,95.4,2.437997684961895,7210298.002330387,17579154.413333334,93.64538678175579,9.36,
2025/04/21 09:45:00,4.98,13.2,9.45,102.99,62.27,95.53,2.461674531347545,7175150.609906859,17663354.939999998,93.17590147045662,9.4,
2025/04/21 10:00:00,5.06,13.21,9.51,103.35,62.46,95.66,2.447149180114653,7102014.331831614,17380152.04444444,93.40904953225066,9.37,
2025/04/21 10:15:00,5.14,13.21,9.56,103.0,62.65,95.8,2.463385446535376,7062543.129308623,17398241.575,93.02797110313143,9.37,
2025/04/21 10:30:00,4.92,13.22,9.43,103.17,62.09,96.07,2.4541998701855388,7284964.386367144,17879226.39555555,93.39027037681576,9.43,
2025/04/21 10:45:00,4.7,13.21,9.37,102.37,62.51,96.38,2.4763464943002247,7200252.01088172,17830786.23333333,92.91362563743301,9.28,
2025/04/21 11:00:00,5.19,13.23,9.56,104.07,62.69,96.4,2.423057140084299,7322871.877643786,17744206.125555556,93.90308037704727,9.45,
2025/04/21 11:15:00,5.34,13.23,9.63,104.02,62.84,96.37,2.427332696912925,7269973.781304693,17647122.14222222,93.71292292715734,9.43,
2025/04/21 11:30:00,5.38,13.24,9.64,103.98,62.99,96.34,2.4298321491636514,7222551.549170582,17550063.23888889,93.6391836172919,9.43,
2025/04/21 11:45:00,5.41,13.27,9.69,103.93,63.13,96.31,2.432119854418752,7178024.08613334,17458291.106666666,93.56666025557197,9.42,
2025/04/21 12:00:00,5.44,13.28,9.66,103.88,63.28,96.28,2.4344094344183396,7131426.760363717,17361281.666666668,93.49413377749545,9.41,
2025/04/21 12:15:00,5.5,13.27,9.7,103.83,63.43,96.25,2.4377458860471153,7081879.744163813,17264297.306666665,93.39214317824792,9.41,
2025/04/21 12:30:00,5.53,13.28,9.76,103.6,63.58,96.22,2.450218930807591,7006253.819566088,17167338.02666667,93.16398058646476,9.46,
2025/04/21 12:45:00,5.58,13.44,9.85,103.48,63.73,96.19,2.4571544513733405,6947032.29950512,17070403.82666667,93.01125023105446,9.48,
2025/04/21 13:00:00,5.6,13.41,9.87,103.99,63.88,96.16,2.43604026763635,6964849.415399986,16967122.993333325,93.43185395640504,9.48,
2025/04/21 13:15:00,5.66,13.43,9.88,104.2,64.02,96.13,2.4300689819916648,6940592.561973685,16866582.033888888,93.55395906029659,9.52,
2025/04/21 13:30:00,5.73,13.44,9.91,104.33,64.17,96.09,2.4263843599787696,6905571.17068975,16756031.6,93.59729967774469,9.53,
2025/04/21 13:45:00,5.87,13.48,10.0,104.45,64.32,96.06,2.424515265407632,6867361.091238121,16650486.600000003,93.56327262947252,9.54,
2025/04/21 14:00:00,6.03,13.51,10.08,104.58,64.47,96.03,2.423463845127358,6826990.719539814,16545433.446666667,93.51810106377704,9.57,
2025/04/21 14:15:00,5.77,13.44,9.93,103.25,64.62,96.0,2.4753444049368687,6930740.855940813,17156462.36333333,92.62593167357669,9.59,
2025/04/21 14:30:00,5.7,13.48,9.92,103.41,64.77,95.97,2.4663378049394185,6917328.767455861,17060948.66666667,92.83284598093921,9.57,
2025/04/21 14:45:00,5.71,13.52,9.93,103.57,64.92,95.94,2.4598297718925113,6896937.1087527145,16965761.706666663,92.9612237172664,9.57,
2025/04/21 15:00:00,5.71,13.54,10.0,103.73,65.06,95.91,2.4530931594559218,6879142.278098501,16875649.266666662,93.0993477155876,9.57,
2025/04/21 15:15:00,5.73,13.55,9.98,103.7,65.21,95.88,2.45477636081581,6835622.235445844,16780390.201666668,93.05384130384108,9.57,
2025/04/21 15:30:00,5.83,13.55,10.0,103.53,65.36,95.85,2.465677554477774,6766606.479895132,16684739.493888887,92.8089144376879,9.61,
2025/04/21 15:45:00,5.75,13.55,10.0,103.36,65.41,95.82,2.4686816194782426,6741926.544642391,16644139.734444441,92.74069597934033,9.55,
2025/04/21 16:00:00,5.67,13.61,10.04,103.19,65.15,95.79,2.4741046330370957,6779179.000724765,16772870.497777777,92.67221667188592,9.55,
2025/04/21 16:15:00,5.34,13.6,9.87,102.64,64.89,95.76,2.483843585064527,6804592.683976082,16902002.425000004,92.52032349949107,9.4,
2025/04/21 16:30:00,5.37,13.62,9.88,103.69,64.63,95.75,2.4456350785614425,6968056.9022459015,17041773.613333333,93.39834380514941,9.52,
2025/04/21 16:45:00,5.5,13.61,9.92,103.6,64.52,95.76,2.451696417932001,6978960.680192184,17110751.97333334,93.19321333060725,9.51,
2025/04/21 17:00:00,5.63,13.62,10.0,103.52,64.58,95.77,2.458603540167396,6979143.168666057,17159417.623333327,92.99660633805922,9.53,
2025/04/21 17:15:00,5.65,13.73,10.08,103.43,64.65,95.78,2.464441253516814,7004510.2068645395,17262676.279444445,92.89913899711652,9.57,
2025/04/21 17:30:00,5.7,13.65,10.04,103.34,64.71,95.79,2.4696780912233436,7008236.08618753,17308567.686666675,92.77234340829112,9.58,
2025/04/21 17:45:00,5.68,13.65,10.03,103.25,64.78,95.8,2.472212713767743,6985787.3593163565,17270831.34333333,92.71423994398407,9.56,
2025/04/21 18:00:00,5.65,13.69,10.01,103.24,64.84,95.81,2.470774208988662,6976699.225271225,17238318.37444444,92.73509930978454,9.53,
2025/04/21 18:15:00,5.64,13.71,10.04,103.32,64.9,95.82,2.469238161638608,6968023.579710764,17206179.515555542,92.81387695285154,9.58,
2025/04/21 18:30:00,5.79,13.74,10.11,103.4,64.97,95.83,2.469886928853977,6950787.339978868,17168132.923333336,92.7358900610255,9.6,
2025/04/21 18:45:00,5.86,13.69,10.1,103.49,65.03,95.84,2.4684025700266643,6941812.637487584,17135666.166666668,92.74493429467351,9.62,
2025/04/21 19:00:00,5.86,13.67,10.11,103.57,65.09,95.85,2.46584317818502,6936001.249789026,17103571.66222221,92.81396014667327,9.64,
2025/04/21 19:15:00,5.85,13.67,10.12,103.65,65.16,95.86,2.461860384547122,6931788.872744543,17065575.694444448,92.89285000754771,9.63,
2025/04/21 19:30:00,5.81,13.68,10.06,103.65,65.22,95.87,2.4585631412002305,6928047.802593899,17033511.030555557,92.93223138184123,9.57,
2025/04/21 19:45:00,5.8,13.69,10.09,103.52,65.29,95.88,2.466669328834784,6889888.586822735,16995549.083333325,92.8296203812106,9.64,
2025/04/21 20:00:00,5.78,13.74,10.11,103.4,65.35,95.89,2.469673863987467,6868536.813332225,16963514.260000005,92.74569391278985,9.6,
2025/04/21 20:15:00,5.74,13.64,10.06,103.28,65.41,95.9,2.4738477014036957,6843858.643918143,16931139.347222228,92.68123411158201,9.6,
2025/04/21 20:30:00,5.69,13.64,10.03,103.15,65.48,95.91,2.4778110820468036,6817612.738240065,16893228.024444435,92.61791702453496,9.59,
2025/04/21 20:45:00,5.6,13.69,9.98,103.03,65.29,95.92,2.4772685729936557,6862206.572949794,16999990.33333333,92.60266192577856,9.5,
2025/04/21 21:00:00,5.46,13.71,9.98,102.91,65.02,95.93,2.4800689964324394,6915236.491416421,17150727.751666673,92.63597158289723,9.52,
2025/04/21 21:15:00,5.44,13.7,9.96,102.78,64.75,95.94,2.48582168634378,6959981.930413188,17301742.791666664,92.54299869186877,9.54,
2025/04/21 21:30:00,5.43,13.65,9.89,102.66,64.48,95.95,2.488996226017232,7011598.84923232,17452314.40333333,92.44906589167772,9.5,
2025/04/21 21:45:00,5.19,13.63,9.77,102.74,64.21,95.96,2.477295846180704,7105615.072356276,17603170.138888888,92.75372997362922,9.42,
2025/04/21 22:00:00,5.09,13.61,9.74,102.98,63.99,95.97,2.46765486286985,7185353.798909312,17731431.813333333,93.0591466288748,9.48,
2025/04/21 22:15:00,5.23,13.61,9.82,102.53,63.98,95.98,2.487243571713145,7168320.58896189,17829836.444444448,92.53264783522248,9.43,
2025/04/21 22:30:00,4.98,13.59,9.71,102.16,63.98,95.99,2.4950413317007034,7183159.628401256,17922751.109999996,92.45691293452838,9.38,
2025/04/21 22:45:00,4.97,13.6,9.73,102.44,63.97,96.0,2.487266301903135,7245402.846866586,18021718.647777773,92.70899017713603,9.48,
2025/04/21 23:00:00,5.22,13.59,9.77,103.01,63.97,96.01,2.4703801641977576,7332593.835345624,18114769.860000003,92.95764311031158,9.51,
2025/04/21 23:15:00,5.26,13.6,9.83,103.33,63.96,96.02,2.456730807391587,7262174.009474311,17841676.758888885,93.19529508800098,9.48,
2025/04/21 23:30:00,5.23,13.63,9.82,103.1,63.96,96.03,2.4644392068397933,7245797.6095847245,17857295.793333333,93.02594334301257,9.45,
2025/04/21 23:45:00,5.2,13.64,9.8,102.86,63.95,96.04,2.472537942999967,7230486.541796872,17878119.85666667,92.84781270030713,9.42,
2025/04/22 00:00:00,5.15,13.55,9.73,103.23,63.99,95.91,2.4573531925593377,7223806.358831219,17751905.45333333,93.21675030020955,9.45,
2025/04/22 00:15:00,5.12,13.54,9.71,103.17,63.99,95.91,2.4600274327355938,7215351.047555583,17750422.946666665,93.1941711077481,9.47,
2025/04/22 00:30:00,5.08,13.55,9.69,103.12,63.99,95.9,2.4616571690733973,7207563.888848016,17743009.484444443,93.19006776444171,9.48,
2025/04/22 00:45:00,5.06,13.54,9.67,103.07,63.98,95.88,2.463300846498067,7199896.144102916,17735967.577777777,93.16640439430489,9.48,
2025/04/22 01:00:00,5.05,13.54,9.73,103.02,63.98,95.87,2.4647524262426326,7192796.167631334,17728926.6,93.13298079773394,9.47,
2025/04/22 01:15:00,5.07,13.56,9.76,102.96,63.98,95.85,2.4676543499131425,7179081.205451532,17715957.56944444,93.06147084868059,9.47,
2025/04/22 01:30:00,5.09,13.58,9.74,102.91,63.98,95.84,2.4697447986592485,7170156.536364917,17708919.03,92.99865267927836,9.46,
2025/04/22 01:45:00,5.12,13.49,9.7,102.89,63.98,95.82,2.4712096564023125,7160657.275970984,17695953.83111111,92.95195952395937,9.46,
2025/04/22 02:00:00,5.18,13.46,9.67,102.88,63.98,95.81,2.472903875961867,7152905.994995616,17688917.729999997,92.88453686152508,9.46,
2025/04/22 02:15:00,5.21,13.45,9.7,102.87,63.98,95.79,2.473554606268507,7145931.61724495,17676325.712222226,92.84654006533275,9.45,
2025/04/22 02:30:00,5.27,13.45,9.73,102.85,63.98,95.78,2.4764725187519874,7134520.716245599,17668922.700000003,92.77037486299109,9.47,
2025/04/22 02:45:00,5.27,13.45,9.74,102.84,63.98,95.76,2.4768865657599113,7128245.239518417,17656334.16555556,92.76172002171852,9.47,
2025/04/22 03:00:00,5.22,13.46,9.72,102.83,63.98,95.75,2.4762288464491666,7127151.808773588,17648933.939999998,92.80203934199992,9.47,
2025/04/22 03:15:00,5.22,13.46,9.71,102.82,63.98,95.73,2.4766426586435855,7120880.05994959,17636348.888888888,92.79338356678286,9.47,
2025/04/22 03:30:00,5.21,13.43,9.69,102.8,63.98,95.72,2.4772549046709664,7116282.268738773,17629319.986666664,92.78586563770146,9.47,
2025/04/22 03:45:00,5.12,13.42,9.62,102.79,63.98,95.7,2.475737482970468,7115416.516274223,17616369.882222224,92.86535298520539,9.47,
2025/04/22 04:00:00,5.08,13.41,9.62,102.78,63.98,95.69,2.4752915122535177,7112074.590310298,17604925.15833333,92.89586763470298,9.47,
2025/04/22 04:15:00,5.03,13.4,9.6,102.77,63.98,95.67,2.4742348819393447,7106014.798247211,17582414.813333333,92.93621629701178,9.46,
2025/04/22 04:30:00,5.02,13.39,9.57,102.76,63.98,95.66,2.4744325562223164,7098597.684996916,17565463.52,92.93734964437918,9.46,
2025/04/22 04:45:00,5.02,13.4,9.57,102.75,63.98,95.64,2.474844244371116,7088332.0328904735,17542978.37111111,92.92869038063053,9.46,
2025/04/22 05:00:00,5.04,13.38,9.63,102.74,63.98,95.63,2.475286077524434,7080370.4518547,17526412.566666663,92.90049133637002,9.45,
2025/04/22 05:15:00,5.06,13.39,9.62,102.73,63.98,95.62,2.4757281021355437,7066335.091633326,17494791.33111112,92.87229238987862,9.44,
2025/04/22 05:30:00,5.09,13.4,9.62,102.71,63.97,95.6,2.4771962289533946,7048055.289113827,17459881.24833333,92.82559572641301,9.44,
2025/04/22 05:45:00,5.08,13.44,9.65,102.7,63.97,95.59,2.4777930343976795,7032276.786816176,17424989.743333336,92.82668334012764,9.45,
2025/04/22 06:00:00,5.03,13.41,9.58,102.71,63.96,95.57,2.4743017544313664,7028108.16296424,17390116.816111103,92.884538071339,9.4,
2025/04/22 06:15:00,4.95,13.34,9.52,102.73,63.88,95.56,2.47257481172933,7153321.062165879,17687586.400000006,92.98009863725711,9.42,
2025/04/22 06:30:00,4.88,13.37,9.54,102.75,63.81,95.54,2.4710551953881086,7169017.7057357915,17715502.413888894,93.0658641932722,9.44,
2025/04/22 06:45:00,4.76,13.36,9.51,102.77,63.74,95.53,2.465280201266772,7199401.111481578,17749001.63055556,93.20097300752091,9.38,
2025/04/22 07:00:00,4.34,13.4,9.5,102.79,63.66,95.51,2.452787913054832,7249880.380851101,17782870.661111116,93.62983319920303,9.31,
2025/04/22 07:15:00,4.22,13.32,9.41,102.8,63.59,95.5,2.4490631220637287,7274586.025867765,17816370.574444443,93.75606646617038,9.29,
2025/04/22 07:30:00,4.21,13.31,9.4,102.8,63.51,95.48,2.4492616231105213,7287673.641240867,17849870.48777778,93.76579084303158,9.3,
2025/04/22 07:45:00,4.2,13.29,9.4,102.8,63.44,95.47,2.449457837168675,7300916.830943691,17883742.305,93.77551555341539,9.31,
2025/04/22 08:00:00,4.18,13.3,9.4,102.8,63.37,95.45,2.4490410335334363,7313558.844714545,17911659.48,93.79508804163686,9.31,
2025/04/22 08:15:00,4.17,13.29,9.4,102.85,63.29,95.47,2.4467994921459013,7343077.453691136,17967493.83,93.84820067561232,9.31,
2025/04/22 08:30:00,4.22,13.33,9.47,102.91,63.22,95.49,2.4453950159469535,7367995.465880725,18018119.43555555,93.8512479365805,9.31,
2025/04/22 08:45:00,4.25,13.35,9.46,102.97,63.14,95.52,2.4447887826418446,7394945.838852258,18079538.497777775,93.87367718295252,9.34,
2025/04/22 09:00:00,4.28,13.34,9.43,103.04,63.14,95.55,2.4433646692657,7406112.517293075,18096289.151111107,93.90481818350375,9.36,
2025/04/22 09:15:00,4.45,13.27,9.41,103.1,63.25,95.57,2.446453924769851,7376370.8312238455,18046412.462222215,93.7900675484941,9.41,
2025/04/22 09:30:00,4.54,13.27,9.38,103.16,63.36,95.6,2.4442498766229557,7364749.239219258,18001743.12444444,93.7540860148173,9.37,
2025/04/22 09:45:00,4.81,13.27,9.43,103.17,63.47,95.63,2.449853976894109,7329666.04197051,17957073.786666665,93.49825799770525,9.38,
2025/04/22 10:00:00,4.84,13.31,9.5,102.4,63.58,95.65,2.4833526849569934,7210702.644413078,17907193.150000002,92.80189511729466,9.41,
2025/04/22 10:15:00,4.81,13.31,9.48,102.36,63.69,95.68,2.485120028400758,7187600.761092072,17862522.883333337,92.79647698785811,9.43,
2025/04/22 10:30:00,4.86,13.32,9.46,102.54,63.81,95.71,2.479625922351412,7183262.247392446,17812268.83333333,92.90346881867613,9.45,
2025/04/22 10:45:00,4.93,13.37,9.57,102.68,63.92,95.73,2.4742033206537064,7178841.816189528,17762384.13277778,92.95637593938329,9.42,
2025/04/22 11:00:00,4.96,13.44,9.61,102.55,64.03,95.76,2.4825456985022227,7136724.727372867,17717712.937222224,92.81410519415714,9.48,
2025/04/22 11:15:00,5.02,13.46,9.62,102.92,64.14,95.79,2.4662303128958523,7165827.739745073,17673041.741666667,93.07604721787543,9.42,
2025/04/22 11:30:00,5.24,13.5,9.73,103.1,64.25,95.81,2.465871251577295,7146636.632931295,17623153.093333337,93.01602223928809,9.48,
2025/04/22 11:45:00,5.12,13.5,9.66,102.73,64.36,95.84,2.4786077799874753,7091892.290107263,17578480.96888889,92.81336079107876,9.48,
2025/04/22 12:00:00,5.19,13.58,9.8,103.2,64.47,95.87,2.459849059809531,7127814.199517194,17533808.844444446,93.15157500330349,9.46,
2025/04/22 12:15:00,5.19,13.5,9.69,103.12,64.58,95.89,2.463171650663733,7097798.012381066,17483552.704444446,93.08238890330341,9.46,
2025/04/22 12:30:00,5.26,13.54,9.8,103.08,64.69,95.92,2.4679315917462263,7066150.649977926,17439243.195,92.9790499412578,9.5,
2025/04/22 12:45:00,5.41,13.57,9.81,103.05,64.81,95.95,2.473178960428708,7030838.315947601,17388986.009999998,92.80606393332201,9.52,
2025/04/22 13:00:00,5.53,13.6,9.91,103.02,64.92,95.97,2.4761869804402408,7001997.800256582,17338728.82499999,92.66260920390997,9.5,
2025/04/22 13:15:00,5.47,13.63,9.88,103.16,65.03,96.0,2.4710866718955184,6998521.294481663,17294415.367777772,92.84228892987588,9.55,
2025/04/22 13:30:00,5.66,13.71,10.05,103.48,65.14,96.03,2.4625564830320488,7004619.5462917555,17249741.38555555,92.93252359893623,9.57,
2025/04/22 13:45:00,5.67,13.77,10.07,103.68,65.25,96.05,2.4531244722594097,7011067.989781208,17199483.15555555,93.09550335477742,9.54,
2025/04/22 14:00:00,5.82,13.81,10.17,103.81,65.36,96.08,2.452012647406081,6996170.737010272,17155165.866666667,93.06050447897769,9.57,
2025/04/22 14:15:00,5.88,13.84,10.21,103.94,65.47,96.11,2.4485894568062707,6985236.894991484,17104442.96,93.11374377714242,9.59,
2025/04/22 14:30:00,6.04,13.87,10.32,104.0,65.58,96.13,2.449359883797457,6959048.2104547685,17045688.18333333,93.00851572544543,9.59,
2025/04/22 14:45:00,6.05,13.91,10.35,104.0,65.7,96.16,2.4495676409959617,6934493.8685962595,16986983.566666663,92.99870416172548,9.59,
2025/04/22 15:00:00,6.06,14.07,10.4,104.0,65.81,96.19,2.4485025862522694,6915838.005040681,16933903.139999993,92.9889660792254,9.56,
2025/04/22 15:15:00,6.05,14.03,10.44,104.0,65.92,96.21,2.4487203764592698,6891285.630861383,16875296.056666665,92.99875273503723,9.57,
2025/04/22 15:30:00,6.11,14.07,10.4,104.0,66.03,96.24,2.4537432828756094,6855588.021235946,16822307.589999992,92.93968651131549,9.66,
2025/04/22 15:45:00,6.19,14.1,10.52,103.95,66.14,96.27,2.457131702832121,6824724.915664421,16769713.552777776,92.81810204658149,9.65,
2025/04/22 16:00:00,6.16,14.1,10.47,103.93,66.25,96.29,2.4589988019618096,6795770.762505893,16711250.331111109,92.83022069746195,9.69,
2025/04/22 16:15:00,6.22,14.14,10.55,104.26,66.36,96.28,2.443241258848008,6808865.21093564,16636156.631111113,93.05589460582857,9.62,
2025/04/22 16:30:00,6.37,14.18,10.65,104.48,66.47,96.27,2.4389972209162587,6789950.037903983,16561129.811111106,93.098029133772,9.67,
2025/04/22 16:45:00,6.57,14.23,10.77,104.43,66.58,96.26,2.44612634858129,6739512.788581928,16486169.871111115,92.85859066106815,9.69,
2025/04/22 17:00:00,6.63,14.26,10.8,104.38,66.59,96.24,2.450380841576715,6717638.5267315,16461243.486111108,92.75661097995874,9.71,
2025/04/22 17:15:00,6.86,14.22,10.84,104.33,66.48,96.23,2.4598738112247367,6711047.7784831375,16508817.11111111,92.48767791899014,9.77,
2025/04/22 17:30:00,6.75,14.2,10.78,104.25,66.38,96.22,2.458926188298134,6730565.065047277,16550444.337777784,92.52684579767265,9.72,
2025/04/22 17:45:00,6.4,14.22,10.66,104.15,66.28,96.21,2.455891577397061,6755818.811358844,16592021.404444441,92.7842957577736,9.72,
2025/04/22 18:00:00,6.51,14.24,10.7,104.03,66.17,96.2,2.464982899194152,6749993.841792539,16639089.133333333,92.57288894594107,9.76,
2025/04/22 18:15:00,6.57,14.28,10.74,103.89,66.07,96.19,2.470612532226351,6751398.749722042,16680563.093333334,92.3933775485695,9.72,
2025/04/22 18:30:00,6.6,14.28,10.8,103.75,65.97,96.17,2.4760083740673204,6751317.4730701065,16716802.300000004,92.2432712770815,9.69,
2025/04/22 18:45:00,6.5,14.31,10.77,103.61,65.86,96.16,2.4790277071286835,6762019.838417693,16763712.349999996,92.2206747554846,9.67,
2025/04/22 19:00:00,6.23,14.37,10.65,104.0,65.76,96.15,2.4558403488097844,6846439.498218114,16814211.27833333,92.82195989910868,9.65,
2025/04/22 19:15:00,6.47,14.32,10.74,103.97,65.63,96.14,2.4638292800072006,6863974.739609341,16912133.700000003,92.56051453313663,9.69,
2025/04/22 19:30:00,6.02,14.3,10.58,102.91,65.48,96.13,2.4954120798261905,6820752.603011008,17021055.211111106,92.0869575532465,9.6,
2025/04/22 19:45:00,6.33,14.34,10.66,103.9,65.34,96.12,2.462624831266602,6946830.806436512,17107901.909999996,92.63760306952803,9.66,
2025/04/22 20:00:00,6.3,14.42,10.75,103.95,65.34,96.11,2.4581829425265207,6955814.609227165,17099128.32222222,92.71022309384627,9.62,
2025/04/22 20:15:00,6.24,14.35,10.69,104.0,65.34,96.09,2.4564649161196632,6954992.069044756,17085157.83333333,92.8121292589184,9.66,
2025/04/22 20:30:00,6.23,14.33,10.68,103.93,65.34,96.08,2.4571505956677453,6949482.181949268,17076389.354444437,92.76168935490081,9.61,
2025/04/22 20:45:00,6.22,14.33,10.69,103.85,65.35,96.07,2.4607743458616533,6933572.963032491,17062425.599999998,92.70249638279378,9.62,
2025/04/22 21:00:00,6.2,14.33,10.67,103.78,65.35,96.06,2.4633356487237723,6922806.922421671,17053662.230000004,92.66174507943008,9.62,
2025/04/22 21:15:00,6.17,14.34,10.62,103.7,65.35,96.05,2.466518915445523,6910467.578786722,17045257.411111113,92.62214113740494,9.63,
2025/04/22 21:30:00,6.15,14.34,10.6,103.62,65.35,96.04,2.4694898192520274,6898607.689243004,17036498.105000008,92.57273014081781,9.63,
2025/04/22 21:45:00,6.09,14.33,10.6,103.47,65.35,96.02,2.4741524551815113,6882414.080857983,17028600.80777778,92.50212596495268,9.62,
2025/04/22 22:00:00,6.01,14.34,10.59,103.27,65.35,96.01,2.480872032076413,6934142.208311725,17203182.92,92.4078496213533,9.62,
2025/04/22 22:15:00,6.01,14.34,10.58,103.24,65.35,96.0,2.4817319451333084,6803720.607289652,16885464.719444443,92.38195705320418,9.61,
2025/04/22 22:30:00,6.0,14.28,10.53,103.3,65.35,95.99,2.478990726117557,6819067.174597393,16904859.106666666,92.44359408958144,9.61,
2025/04/22 22:45:00,5.91,14.23,10.46,103.35,65.36,95.98,2.474552441649752,6836897.115931468,16918711.85888889,92.57505097298323,9.6,
2025/04/22 23:00:00,5.99,14.28,10.53,103.41,65.36,95.97,2.4741416659125837,6845997.150366027,16938421.02333333,92.54840537159482,9.61,
2025/04/22 23:15:00,6.1,14.2,10.49,103.47,65.36,95.96,2.473956783213812,6854322.975767566,16957758.399999995,92.4923421599,9.61,
2025/04/22 23:30:00,6.14,14.19,10.48,103.53,65.36,95.94,2.4726801876556066,6863431.095823938,16971529.64222222,92.50488425816222,9.62,
2025/04/22 23:45:00,6.18,14.18,10.57,103.59,65.36,95.93,2.469742497277735,6879403.223953845,16990826.380000003,92.51750443136956,9.59,
2025/04/23 00:00:00,6.06,14.15,10.49,103.59,65.44,95.92,2.4667854638589763,6869670.589296168,16946466.82666667,92.63523233637761,9.58,
2025/04/23 00:15:00,6.06,14.15,10.49,103.58,65.45,95.9,2.4684497189961796,6858281.843220417,16929787.233333334,92.62652773910935,9.61,
2025/04/23 00:30:00,6.06,14.12,10.46,103.56,65.45,95.88,2.4697060984634134,6850147.379287183,16918314.178333327,92.60924143332522,9.62,
2025/04/23 00:45:00,6.07,14.14,10.46,103.55,65.46,95.86,2.470342163488363,6841632.925629832,16901634.93333333,92.5908020762219,9.62,
2025/04/23 01:00:00,6.09,14.12,10.42,103.54,65.46,95.84,2.4711913259618337,6834783.346294891,16890515.436666667,92.56255501708895,9.62,
2025/04/23 01:15:00,6.04,14.11,10.46,103.53,65.47,95.83,2.4693172160070884,6835465.420559277,16879395.939999994,92.60303205176395,9.59,
2025/04/23 01:30:00,5.96,14.14,10.43,103.51,65.47,95.81,2.4684656472199196,6833322.158408705,16868276.44333333,92.66422105893808,9.59,
2025/04/23 01:45:00,5.93,14.15,10.45,103.5,65.48,95.79,2.4682507733075476,6827016.648222619,16851245.265555553,92.68500599132733,9.59,
2025/04/23 02:00:00,5.93,14.07,10.39,103.49,65.49,95.77,2.4682617877383914,6820228.022419151,16834566.36888889,92.67639819415967,9.58,
2025/04/23 02:15:00,5.95,14.05,10.33,103.48,65.49,95.75,2.4686968330463936,6814524.092445224,16823447.104444444,92.64817849404356,9.57,
2025/04/23 02:30:00,5.96,14.09,10.41,103.46,65.5,95.73,2.4693394582893724,6805994.37649171,16806768.20777778,92.62113073404338,9.56,
2025/04/23 02:45:00,5.97,14.03,10.37,103.45,65.5,95.71,2.4703875308335816,6798604.866351042,16795648.943333328,92.60266214311187,9.57,
2025/04/23 03:00:00,6.0,14.03,10.38,103.44,65.51,95.69,2.4722710363367004,6786536.645001476,16778619.623333324,92.56455574462439,9.59,
2025/04/23 03:15:00,6.03,13.98,10.37,103.42,65.51,95.68,2.4737546363637777,6780216.921348618,16773060.107222222,92.51786709378385,9.59,
2025/04/23 03:30:00,6.05,14.07,10.38,103.41,65.52,95.66,2.4746055227561605,6771149.844617261,16756381.558888886,92.48961937290854,9.59,
2025/04/23 03:45:00,6.1,14.01,10.42,103.4,65.43,95.64,2.4760946367725114,6782788.864527263,16795298.17166666,92.43195172608651,9.59,
2025/04/23 04:00:00,5.99,13.96,10.33,103.39,65.29,95.62,2.474167729880138,6815037.268579211,16862012.364999995,92.53118414955294,9.59,
2025/04/23 04:15:00,5.96,13.99,10.34,103.37,65.16,95.6,2.4743706587466194,6839051.085071329,16922813.599999998,92.54332749232854,9.59,
2025/04/23 04:30:00,6.01,13.95,10.36,103.36,65.03,95.58,2.4758601099768844,6859632.612902117,16983966.999999996,92.48566386728957,9.59,
2025/04/23 04:45:00,5.97,13.9,10.28,103.35,64.89,95.56,2.475426798597354,6887784.284192362,17050679.799999997,92.51624830788282,9.59,
2025/04/23 05:00:00,5.93,13.95,10.28,103.34,64.76,95.54,2.4749934442358743,6913700.7823114805,17111833.199999996,92.54683039796225,9.59,
2025/04/23 05:15:00,5.88,13.9,10.24,103.32,64.63,95.52,2.474359085428251,6918009.712517176,17118110.514999997,92.57860316862804,9.58,
2025/04/23 05:30:00,5.82,13.92,10.22,103.31,64.49,95.51,2.473497958837795,6924062.974467019,17127120.853333343,92.62878708932067,9.58,
2025/04/23 05:45:00,5.76,13.89,10.23,103.28,64.36,95.49,2.4734735831082806,6948390.55236458,17187132.416666664,92.66168567575413,9.58,
2025/04/23 06:00:00,5.55,13.83,10.07,103.19,64.22,95.47,2.469923937472164,6992109.551078008,17270439.236111112,92.78996286601848,9.51,
2025/04/23 06:15:00,5.49,13.83,10.04,103.1,64.09,95.45,2.47280806504727,7015312.4155971445,17347980.906666666,92.77091527046123,9.52,
2025/04/23 06:30:00,5.38,13.91,10.1,103.0,63.96,95.43,2.474614627522837,7041720.872536909,17426005.483333334,92.79220852594585,9.52,
2025/04/23 06:45:00,5.27,13.8,9.94,102.91,63.82,95.41,2.4743908947563926,7076032.340911818,17509326.119999994,92.82225812302691,9.48,
2025/04/23 07:00:00,5.1,13.85,9.95,102.81,63.69,95.39,2.472882393513298,7112000.972219556,17587594.994444445,92.90243163777652,9.43,
2025/04/23 07:15:00,4.88,13.84,9.9,102.72,63.55,95.37,2.470691750782108,7152283.421485075,17671537.522222225,93.04007500844523,9.4,
2025/04/23 07:30:00,4.56,13.76,9.86,102.63,63.42,95.36,2.4651664578876193,7202266.279793171,17755240.16444444,93.27568331783601,9.34,
2025/04/23 07:45:00,4.45,13.74,9.79,102.75,63.29,95.34,2.455905712159664,7261447.572020452,17833878.85277778,93.48762848849366,9.29,
2025/04/23 08:00:00,4.46,13.79,9.82,102.95,63.15,95.35,2.4499752360785556,7320113.336207489,17934543.122222215,93.65078596865207,9.34,
2025/04/23 08:15:00,4.57,13.71,9.79,103.09,63.02,95.36,2.4481548796580697,7364613.225150015,18030168.053333327,93.66407289341277,9.38,
2025/04/23 08:30:00,4.74,13.68,9.76,103.06,63.14,95.37,2.454960717431707,7326227.243953547,17986055.352222223,93.47138589682739,9.43,
2025/04/23 08:45:00,4.81,13.68,9.77,103.02,63.25,95.39,2.460067980086976,7297730.397466935,17953370.074444443,93.3679864916075,9.48,
2025/04/23 09:00:00,4.97,13.67,9.78,102.82,63.36,95.4,2.4688920634987497,7256102.463913612,17914995.120000005,93.03849504603127,9.41,
2025/04/23 09:15:00,4.86,13.68,9.74,102.44,63.47,95.41,2.4821500006246224,7201692.711709842,17876140.16222222,92.81699405215876,9.41,
2025/04/23 09:30:00,4.83,13.71,9.8,102.74,63.58,95.43,2.4711864324890165,7274465.9914222825,17977022.95277778,93.10606296451918,9.46,
2025/04/23 09:45:00,5.11,13.74,9.85,103.03,63.69,95.44,2.4668127001964546,7162863.194120015,17669896.291666668,93.08273812201561,9.5,
2025/04/23 10:00:00,5.35,13.68,9.87,103.32,63.8,95.46,2.4598578700242553,7161554.903241352,17616867.53444444,93.0983762375761,9.5,
2025/04/23 10:15:00,5.44,13.68,9.91,103.45,63.91,95.47,2.4563172593923235,7148179.186922811,17558658.479999997,93.12250387919795,9.5,
2025/04/23 10:30:00,5.47,13.7,9.94,103.51,64.02,95.48,2.455257838426,7127413.748608647,17500100.39555556,93.1448580931303,9.52,
2025/04/23 10:45:00,5.59,13.75,10.05,103.57,64.14,95.5,2.4560782820775584,7101344.044469111,17441925.013333328,93.07897031317506,9.54,
2025/04/23 11:00:00,5.78,13.78,10.13,103.64,64.25,95.51,2.458355426650428,7070958.508119574,17383402.923333336,92.9530185062803,9.57,
2025/04/23 11:15:00,5.72,13.76,10.09,103.7,64.36,95.52,2.4545689358539424,7058181.434522547,17325261.21333333,93.06364759581729,9.57,
2025/04/23 11:30:00,5.7,13.8,10.08,103.77,64.47,95.54,2.452025846644769,7043920.232450569,17272334.285555556,93.14362078847107,9.59,
2025/04/23 11:45:00,5.73,13.82,10.17,103.8,64.58,95.55,2.4493085349392585,7028007.700158904,17214225.434999995,93.14023223517155,9.54,
2025/04/23 12:00:00,5.79,13.89,10.22,103.8,64.69,95.56,2.4509754022900183,6999381.457432837,17155774.404999997,93.0813564588308,9.55,
2025/04/23 12:15:00,5.85,13.92,10.22,103.8,64.8,95.58,2.453062485976563,6972018.776476657,17103255.840000004,93.02245171467254,9.57,
2025/04/23 12:30:00,5.95,13.92,10.26,103.81,64.91,95.59,2.4555612088654857,6941133.238352893,17044839.875555556,92.93294043842268,9.59,
2025/04/23 12:45:00,6.01,13.96,10.33,103.82,65.02,95.61,2.4576388113391285,6913907.340612553,16992352.42833334,92.88264029716434,9.62,
2025/04/23 13:00:00,6.06,14.0,10.37,103.83,65.14,95.62,2.4582641123765976,6886141.173715788,16928417.586666666,92.84221802630219,9.62,
2025/04/23 13:15:00,6.14,14.06,10.45,103.84,65.25,95.63,2.458262469904302,6862547.955894762,16870408.939999998,92.77242806655174,9.59,
2025/04/23 13:30:00,6.25,14.12,10.54,103.85,65.36,95.65,2.4626536925762066,6829015.4657972455,16817968.866111115,92.67300276438056,9.65,
2025/04/23 13:45:00,6.37,14.08,10.56,103.86,65.47,95.66,2.4672320937334464,6792698.947067596,16759641.378333332,92.56378697753308,9.71,
2025/04/23 14:00:00,6.46,14.12,10.63,103.86,65.58,95.67,2.468321600756924,6766218.189948208,16701681.846666666,92.47550190119362,9.69,
2025/04/23 14:15:00,6.46,14.15,10.67,103.87,65.69,95.69,2.467893964670942,6746019.552730439,16648940.0,92.48412359921024,9.69,
2025/04/23 14:30:00,6.37,14.12,10.56,103.88,65.8,95.7,2.46638058720454,6726677.64348536,16591013.327777784,92.58103184924397,9.71,
2025/04/23 14:45:00,6.41,14.17,10.6,103.89,65.91,95.72,2.4676183177276214,6701944.500871999,16538304.805,92.55037825321969,9.73,
2025/04/23 15:00:00,6.33,14.22,10.63,103.92,65.97,95.73,2.462184211737963,6704489.332842778,16508146.453333335,92.65482977194056,9.67,
2025/04/23 15:15:00,6.5,14.28,10.71,104.0,65.95,95.74,2.4656471812658616,6700698.283712497,16522020.569999991,92.55685787121655,9.75,
2025/04/23 15:30:00,6.6,14.37,10.82,104.08,65.93,95.76,2.4626839361293253,6716783.866278363,16541780.70722222,92.5276873617461,9.71,
2025/04/23 15:45:00,6.65,14.31,10.83,104.17,65.91,95.77,2.4611135703119325,6726698.46927297,16555643.096666668,92.55610757149921,9.74,
2025/04/23 16:00:00,6.61,14.35,10.81,104.25,65.89,95.74,2.4564143421636584,6736326.113815164,16547672.53333333,92.66428843790443,9.73,
2025/04/23 16:15:00,6.66,14.38,10.89,104.33,65.87,95.71,2.455678015617594,6734957.258813065,16539357.119999995,92.68405770388128,9.77,
2025/04/23 16:30:00,6.79,14.4,10.93,104.41,65.85,95.68,2.4541053162244646,6736026.0341799,16531389.923888892,92.62529165165144,9.75,
2025/04/23 16:45:00,6.95,14.47,11.02,104.49,65.83,95.65,2.451382413277972,6740116.829512433,16523078.110000007,92.53704147315953,9.69,
2025/04/23 17:00:00,6.84,14.38,10.94,104.32,65.81,95.62,2.4564981230656047,6722837.306136998,16515114.281111114,92.49876833224417,9.69,
2025/04/23 17:15:00,6.65,14.38,10.86,104.11,65.79,95.59,2.4624462603757844,6703227.784265686,16506806.066666663,92.50445178401421,9.71,
2025/04/23 17:30:00,6.58,14.37,10.82,103.9,65.77,95.55,2.470807948074171,6675080.126820057,16493307.22111111,92.39217254804724,9.73,
2025/04/23 17:45:00,6.5,14.39,10.82,103.69,65.71,95.52,2.4780642286790897,6669501.924610334,16527920.988333335,92.28959951051559,9.73,
2025/04/23 18:00:00,6.42,14.39,10.74,103.48,65.27,95.49,2.484864054654379,6750359.09605075,16774190.216666661,92.18690777896565,9.72,
2025/04/23 18:15:00,6.36,14.45,10.8,103.26,64.83,95.46,2.492474201663897,6828613.555802349,17020617.936666664,92.05583597534975,9.71,
2025/04/23 18:30:00,6.2,14.37,10.68,103.05,64.39,95.43,2.493854114812274,6923995.140479558,17267910.684444454,92.03150205728859,9.61,
2025/04/23 18:45:00,6.04,14.37,10.61,102.84,63.95,95.4,2.4983883138090572,7010469.961876128,17515352.40277778,92.0068489172668,9.59,
2025/04/23 19:00:00,5.81,14.41,10.54,102.68,63.51,95.36,2.49765044361178,7109731.609742911,17758093.13055556,92.09400510876293,9.53,
2025/04/23 19:15:00,5.68,14.44,10.55,102.53,63.07,95.33,2.501046873766797,7199562.484118941,18006917.267777774,92.09152021068826,9.53,
2025/04/23 19:30:00,5.69,14.41,10.48,102.39,62.63,95.3,2.5078637893256093,7279262.31520596,18255876.21,91.9604125402048,9.55,
2025/04/23 19:45:00,5.71,14.38,10.47,102.24,62.19,95.27,2.512967662335915,7363897.135491962,18505723.866666663,91.81101318666741,9.51,
2025/04/23 20:00:00,5.02,14.39,10.34,101.6,61.7,95.3,2.515298002381755,7481105.973035574,18817691.199999996,91.93218311053901,9.29,
2025/04/23 20:15:00,4.89,14.39,10.38,102.22,61.36,95.4,2.4878137931155435,7671224.5038842,19085061.18444445,92.59741556714862,9.31,
2025/04/23 20:30:00,5.15,14.41,10.44,103.11,61.73,95.51,2.4619284326037083,7701276.60756436,18960468.15666667,93.11301303407802,9.44,
2025/04/23 20:45:00,5.1,14.47,10.46,102.94,62.1,95.61,2.4658698682138467,7635873.844050718,18829540.803333335,93.01514016316506,9.39,
2025/04/23 21:00:00,4.93,14.36,10.38,102.78,62.33,95.72,2.4672446438051625,7612773.642300979,18783047.36,93.04333171405199,9.35,
2025/04/23 21:15:00,5.2,14.36,10.41,102.62,62.5,95.82,2.4836806033763854,7554949.17590026,18764561.542222217,92.63989064632055,9.45,
2025/04/23 21:30:00,5.12,14.35,10.37,102.46,62.68,95.93,2.4873511327024462,7536179.249507982,18745601.875000004,92.5797535195386,9.42,
2025/04/23 21:45:00,5.0,14.36,10.38,102.29,62.85,96.03,2.490939121837018,7517832.364847511,18726941.31,92.54997177844126,9.4,
2025/04/23 22:00:00,4.94,14.35,10.4,102.29,63.03,96.14,2.4888402071355586,7509378.657003082,18690124.102222223,92.60880113302937,9.38,
2025/04/23 22:15:00,5.06,14.34,10.39,102.49,63.2,96.25,2.4867882027704726,7497018.162914022,18643975.044444438,92.66426249646207,9.47,
2025/04/23 22:30:00,5.2,14.38,10.45,102.7,63.38,96.35,2.481965982180944,7488465.886693314,18586595.719999995,92.70899899162394,9.49,
2025/04/23 22:45:00,5.36,14.33,10.37,102.9,63.55,96.46,2.4783351585581297,7480857.075639782,18540543.266666662,92.72528571630654,9.52,
2025/04/23 23:00:00,5.44,14.3,10.36,103.07,63.73,96.56,2.473792511781391,7471598.718234308,18483656.60166667,92.79389556064604,9.54,
2025/04/23 23:15:00,5.56,14.3,10.38,103.21,63.9,96.67,2.470926098031262,7461667.15374722,18437700.056111112,92.7973144971674,9.55,
2025/04/23 23:30:00,5.68,14.3,10.41,103.35,64.08,96.77,2.4684342581664813,7446043.72571609,18380542.73611111,92.800618238293,9.57,
2025/04/23 23:45:00,5.82,14.29,10.47,103.48,64.25,96.88,2.4651197406338605,7437449.300189013,18334682.794999998,92.77571073225653,9.55,
2025/04/24 00:00:00,6.01,14.31,10.53,103.61,63.64,95.75,2.4665323168056594,7104628.277957949,17524259.053888887,92.7014362487058,9.62,
2025/04/24 00:15:00,6.17,14.34,10.61,103.72,63.76,95.78,2.462315079726738,7068914.4506773595,17406360.180000003,92.63958408597223,9.55,
2025/04/24 00:30:00,6.2,14.27,10.59,104.0,63.87,95.81,2.4531113355409775,7049739.8385730665,17294262.565555554,92.85149842122995,9.6,
2025/04/24 00:45:00,6.15,14.25,10.56,104.29,63.99,95.84,2.440516333751646,7038124.610024856,17177115.511111107,93.15044419333728,9.62,
2025/04/24 01:00:00,6.44,14.25,10.67,104.57,64.1,95.87,2.4378289860006617,7000187.166027642,17065726.755000003,93.10673298549057,9.7,
2025/04/24 01:15:00,6.75,14.29,10.83,105.09,64.21,95.9,2.4197038549272882,6806462.046707834,16470083.489444448,93.24947821676233,9.66,
2025/04/24 01:30:00,6.88,14.2,10.78,105.01,64.33,95.93,2.423108636967578,6775775.126957504,16418905.311111119,93.05305527912014,9.6,
2025/04/24 01:45:00,6.94,14.18,10.84,104.94,64.44,95.96,2.429217884672608,6739660.05931144,16372580.693333333,92.93388676354601,9.64,
2025/04/24 02:00:00,6.92,14.15,10.83,104.87,64.55,95.99,2.4332398091379246,6709640.539321745,16326645.279999997,92.89334047479589,9.67,
2025/04/24 02:15:00,6.91,14.18,10.79,104.79,64.67,96.02,2.4361067586151197,6680621.114811194,16275176.591666665,92.8343972567628,9.66,
2025/04/24 02:30:00,6.95,14.18,10.85,104.72,64.78,96.05,2.438652152737106,6654827.6477726195,16229288.087222219,92.73494000075759,9.63,
2025/04/24 02:45:00,6.92,14.2,10.8,104.64,64.89,96.08,2.442444659336563,6625571.350182204,16183059.725555556,92.6955893741602,9.65,
2025/04/24 03:00:00,6.9,14.12,10.73,104.57,65.01,96.11,2.445540267840365,6596317.609922316,16132029.588888884,92.65501186634074,9.66,
2025/04/24 03:15:00,6.87,14.1,10.73,104.5,65.12,96.14,2.447980058142529,6570878.131284671,16085850.109999996,92.6242543707715,9.66,
2025/04/24 03:30:00,6.93,14.11,10.74,104.42,65.23,96.17,2.452272638072868,6540554.671553684,16039694.78222222,92.49649264382361,9.65,
2025/04/24 03:45:00,6.85,14.12,10.74,104.35,65.35,96.2,2.4541033663618053,6514913.015373289,15988739.188888893,92.51480522388667,9.66,
2025/04/24 04:00:00,6.81,14.07,10.7,104.28,65.46,96.27,2.455445398308063,6501014.99463927,15963357.648333332,92.49385118670517,9.64,
2025/04/24 04:15:00,6.77,14.04,10.66,104.2,65.36,96.35,2.458086473219332,6530213.4763064,16052301.77833333,92.46424427562174,9.64,
2025/04/24 04:30:00,6.68,14.02,10.63,104.13,65.02,96.44,2.457505110221126,6620460.18698501,16270291.91333333,92.49238478034499,9.6,
2025/04/24 04:45:00,6.24,14.01,10.46,104.05,64.7,96.52,2.4522268769607916,6717376.66609141,16472991.259999994,92.85532493802789,9.61,
2025/04/24 05:00:00,6.28,14.01,10.47,105.63,64.54,96.78,2.3949894590621015,6966672.569777726,16685555.87111111,94.17507278882593,9.85,
2025/04/24 05:15:00,6.07,14.06,10.45,105.71,64.39,97.08,2.3857021343626665,7092211.705308629,16920347.63222222,94.45011132304347,9.81,
2025/04/24 05:30:00,5.93,14.05,10.36,105.78,64.23,97.37,2.3799381318447805,7208390.57726131,17155961.227777775,94.64776928249768,9.81,
2025/04/24 05:45:00,5.8,13.94,10.22,105.86,64.07,97.67,2.3743729341604842,7341187.994644858,17431157.333333336,94.844177029248,9.82,
2025/04/24 06:00:00,5.72,13.92,10.18,105.94,63.92,97.97,2.36978355559115,7440236.6603890825,17632190.95,94.99145695587677,9.83,
2025/04/24 06:15:00,5.65,13.93,10.2,106.02,63.76,98.26,2.3628606688686196,7544548.032422181,17827160.083333336,95.12894390292487,9.78,
2025/04/24 06:30:00,5.6,13.9,10.15,106.1,63.61,98.56,2.3567157071032945,7646527.632679757,18021136.46666667,95.24678220133845,9.74,
2025/04/24 06:45:00,5.46,13.86,10.06,105.47,63.45,98.67,2.3795662484510536,7615277.46451091,18121505.929999996,94.84315187665327,9.7,
2025/04/24 07:00:00,5.61,13.85,10.11,104.82,63.3,98.05,2.408202396862713,7528847.980542989,18131455.375,94.13680668802148,9.65,
2025/04/24 07:15:00,5.92,13.83,10.17,104.5,63.11,97.42,2.426404818549667,7394329.370378394,17942113.334444445,93.55709444104316,9.61,
2025/04/24 07:30:00,5.64,13.82,10.13,102.95,62.89,96.8,2.481469330285201,7161973.343531564,17772703.856111106,92.49427727811472,9.5,
2025/04/24 07:45:00,5.45,13.82,10.01,103.08,62.67,96.17,2.467422085004243,7131747.001105916,17597492.305555556,92.79333640663513,9.39,
2025/04/24 08:00:00,5.4,13.83,9.97,103.2,62.52,95.84,2.4642764594575053,7118340.884577379,17542013.72,92.94579891453648,9.46,
2025/04/24 08:15:00,5.73,13.88,10.19,104.05,63.2,95.67,2.4370126951635642,7029974.290917342,17132591.660555556,93.35601491152643,9.5,
2025/04/24 08:30:00,6.09,13.83,10.29,104.5,63.88,95.5,2.428554327823555,6885200.252535752,16721543.116666663,93.39029565472723,9.58,
2025/04/24 08:45:00,5.94,13.78,10.13,103.96,63.82,95.42,2.446871411507058,6844483.818765245,16748024.577777777,93.0722641114437,9.54,
2025/04/24 09:00:00,6.12,13.78,10.32,104.44,63.71,95.37,2.431306640504412,6916793.564991973,16817320.61777778,93.30920062242171,9.57,
2025/04/24 09:15:00,5.99,13.74,10.19,104.04,63.6,95.32,2.4436285673511007,6805134.493028548,16629682.27555555,93.09224464579326,9.52,
2025/04/24 09:30:00,5.83,13.7,10.15,103.64,63.48,95.27,2.4564697601162235,6797871.180218607,16699232.250555556,92.90419662162422,9.5,
2025/04/24 09:45:00,5.85,13.7,10.1,103.93,63.37,95.22,2.4454338796782373,6842197.273878032,16732599.216666667,93.13474118150796,9.52,
2025/04/24 10:00:00,5.58,13.7,10.02,102.89,63.31,95.18,2.478136408692631,6756891.110235368,16744956.573888892,92.501610674876,9.39,
2025/04/24 10:15:00,5.75,13.77,10.13,104.2,63.38,95.22,2.4305999476897022,6883318.733906998,16731042.631111108,93.46575247211973,9.49,
2025/04/24 10:30:00,5.67,13.68,10.04,103.6,63.45,95.26,2.4522715959629826,6816810.323979365,16717125.204999998,93.02678108766874,9.44,
2025/04/24 10:45:00,5.81,13.69,10.08,103.65,63.53,95.3,2.4564759088411425,6797334.707551705,16697948.409999998,92.93237916541455,9.52,
2025/04/24 11:00:00,5.85,13.7,10.12,103.7,63.6,95.34,2.451758994366803,6804581.332296952,16683654.9,92.93656972035379,9.44,
2025/04/24 11:15:00,5.72,13.72,10.04,103.86,63.68,95.38,2.4435835008698916,6819502.596227737,16664469.861111104,93.20203666517332,9.47,
2025/04/24 11:30:00,5.68,13.74,10.08,104.02,63.75,95.42,2.437264038540903,6830713.83160484,16648699.069444444,93.37919122297603,9.5,
2025/04/24 11:45:00,5.84,13.85,10.16,104.19,63.83,95.46,2.4341582197073968,6828680.627572463,16622529.714999996,93.36873396296173,9.52,
2025/04/24 12:00:00,6.0,13.76,10.16,104.36,63.9,95.5,2.431873216104445,6826497.607384658,16601627.044444446,93.35810325878629,9.56,
2025/04/24 12:15:00,6.02,13.79,10.29,103.87,63.98,95.54,2.451931489895483,6759982.143382264,16575482.073333336,92.91618702840104,9.53,
2025/04/24 12:30:00,5.91,13.82,10.21,103.6,64.08,95.58,2.46110773313712,6719897.903410987,16538849.249999998,92.79111790097105,9.53,
2025/04/24 12:45:00,6.09,13.86,10.35,104.07,64.19,95.62,2.4456991930398932,6745264.77091234,16497352.067777783,93.01990124142796,9.55,
2025/04/24 13:00:00,6.02,13.85,10.28,104.13,64.3,95.66,2.439522547984882,6745196.653398192,16455511.893333334,93.14044781610527,9.5,
2025/04/24 13:15:00,6.27,13.86,10.38,104.21,64.41,95.7,2.443393122701677,6717392.29270165,16413694.476666667,92.96389322965568,9.55,
2025/04/24 13:30:00,6.56,13.89,10.53,104.37,64.51,95.75,2.444622841712765,6701200.358767389,16382387.90222222,92.81688802408223,9.6,
2025/04/24 13:45:00,6.54,13.92,10.5,104.53,64.62,95.79,2.438150863900712,6701859.303959878,16340612.750000002,92.97422296803565,9.62,
2025/04/24 14:00:00,6.68,13.91,10.55,104.69,64.73,95.83,2.4313392296175866,6703460.610868795,16298860.355555551,92.97449211241144,9.56,
2025/04/24 14:15:00,6.7,13.92,10.57,104.62,64.84,95.87,2.4357090556227203,6674301.036236957,16257130.718888888,92.8945933855508,9.58,
2025/04/24 14:30:00,6.73,13.99,10.64,104.53,64.94,95.91,2.4429149336157714,6639831.853512829,16221020.97611111,92.78759870930146,9.64,
2025/04/24 14:45:00,6.75,13.96,10.59,104.44,65.05,95.95,2.4472449620272974,6582609.746917099,16109730.450000001,92.69050384624973,9.64,
2025/04/24 15:00:00,6.93,13.93,10.64,104.35,65.16,95.99,2.454886720421407,6630362.209788825,16277279.131666668,92.43626025878399,9.64,
2025/04/24 15:15:00,6.86,14.0,10.68,104.26,65.27,96.03,2.455594975136161,6590130.800210433,16183176.068888893,92.42758960077909,9.6,
2025/04/24 15:30:00,6.44,13.98,10.51,104.36,65.32,96.05,2.440837737841092,6600276.405856465,16110660.035555555,92.9261796997485,9.56,
2025/04/24 15:45:00,6.73,14.01,10.61,104.88,65.31,96.07,2.425375177579888,6625277.341935446,16069242.73777777,93.08871562872424,9.59,
2025/04/24 16:00:00,6.88,14.03,10.66,104.82,65.3,96.09,2.4314824347883133,6646396.144730752,16161063.752777781,92.88973844519563,9.6,
2025/04/24 16:15:00,6.9,14.03,10.74,104.76,65.28,96.11,2.4363259009134395,6653549.032910099,16210696.608333332,92.8184483389613,9.64,
2025/04/24 16:30:00,6.9,14.05,10.73,104.7,65.27,96.13,2.4394047404529875,6653528.5119200945,16231129.028888887,92.76684077667582,9.65,
2025/04/24 16:45:00,6.87,14.06,10.73,104.64,65.25,96.15,2.4418622387049798,6657211.211141671,16256472.833333334,92.7446965187732,9.66,
2025/04/24 17:00:00,6.98,14.16,10.83,104.58,65.24,96.17,2.4471877425071753,6651080.2101339605,16276924.528333336,92.58501731950368,9.67,
2025/04/24 17:15:00,7.03,14.09,10.79,104.52,65.23,96.19,2.44996144333272,6651752.5699267415,16297025.799999997,92.48430515816924,9.65,
2025/04/24 17:30:00,7.13,14.11,10.82,104.46,65.21,96.21,2.45286833533176,6654360.003973841,16322760.666666668,92.33449413573328,9.61,
2025/04/24 17:45:00,7.15,14.12,10.85,104.4,65.2,96.24,2.4568163557694067,6653997.688457526,16348147.199999992,92.26320093403481,9.63,
2025/04/24 18:00:00,7.03,14.13,10.81,104.33,65.19,96.26,2.458718160324094,6657187.103349102,16368637.443888893,92.32080564579311,9.66,
2025/04/24 18:15:00,7.04,14.12,10.81,104.27,65.17,96.28,2.4611085987379107,6661043.597019014,16394045.341666665,92.25935090445223,9.65,
2025/04/24 18:30:00,6.92,14.15,10.76,104.21,65.16,96.3,2.460345006426483,6671451.543494331,16414554.86,92.32557404028815,9.63,
2025/04/24 18:45:00,6.6,14.23,10.76,104.14,64.92,96.32,2.455844083299981,6741269.815283894,16555981.444444438,92.5795221473721,9.61,
2025/04/24 19:00:00,6.45,14.12,10.58,104.07,64.66,96.34,2.455310780484043,6804811.795388606,16708396.319999998,92.66647693673848,9.6,
2025/04/24 19:15:00,6.42,14.11,10.61,103.99,64.39,96.36,2.457695374713664,6862401.397324751,16866171.34888889,92.62699791611062,9.59,
2025/04/24 19:30:00,6.38,14.11,10.61,103.86,64.12,96.38,2.461581614996589,6915543.367900497,17023659.351111103,92.55422952198137,9.57,
2025/04/24 19:45:00,6.2,14.1,10.51,103.73,63.85,96.4,2.4620884470134947,6978274.401666036,17181606.108333334,92.6188049863345,9.54,
2025/04/24 20:00:00,6.03,14.1,10.41,103.6,63.59,96.42,2.4644742583532264,7033349.957749009,17333979.183888886,92.67336725967411,9.55,
2025/04/24 20:15:00,6.29,14.09,10.58,104.28,63.47,96.44,2.442963613019788,7127566.825121491,17412874.709999997,93.00445457253296,9.6,
2025/04/24 20:30:00,6.23,14.15,10.52,103.78,63.35,96.46,2.4643840491879536,7097492.261405002,17491428.056666665,92.63229201274534,9.63,
2025/04/24 20:45:00,6.21,14.07,10.54,103.46,61.76,96.48,2.470808148364529,7427661.158817712,18352847.333333336,92.37620492976815,9.47,
2025/04/24 21:00:00,6.26,14.06,10.5,102.9,63.53,94.42,2.4965564488614485,6547909.042690543,16347693.321666665,91.84335857578047,9.49,
2025/04/24 21:15:00,6.1,14.04,10.42,103.12,63.41,94.59,2.485039532268522,6647884.389461389,16520717.803333336,92.1902821564789,9.52,
2025/04/24 21:30:00,6.02,14.05,10.43,103.33,63.55,94.77,2.47527889626044,6690569.848524006,16561486.736666666,92.45008509495311,9.54,
2025/04/24 21:45:00,5.94,14.04,10.39,103.42,63.69,94.94,2.4706037548886983,6756669.636018744,16693512.152777774,92.60620171424921,9.56,
2025/04/24 22:00:00,5.79,14.09,10.35,103.06,63.83,95.12,2.4817203181749505,6874234.810656316,17060389.243333336,92.44225588544334,9.54,
2025/04/24 22:15:00,5.61,14.01,10.18,102.7,63.97,95.29,2.4920490570452203,6990937.95685721,17422223.28,92.30729581557183,9.52,
2025/04/24 22:30:00,5.55,13.97,10.15,102.93,64.11,95.47,2.481177210390074,7027456.988135871,17436827.27111111,92.56509490466824,9.52,
2025/04/24 22:45:00,5.61,13.94,10.12,103.17,64.25,95.64,2.472853459513772,7021011.721700925,17362389.715,92.71380079466532,9.53,
2025/04/24 23:00:00,5.58,13.93,10.14,103.4,64.4,95.82,2.462998764031189,7018811.00557759,17287777.992222212,92.94193644257284,9.54,
2025/04/24 23:15:00,5.66,13.93,10.16,103.63,64.54,96.0,2.4546070841194014,7014569.5478254985,17218465.232222218,93.06217572436404,9.53,
2025/04/24 23:30:00,5.69,13.94,10.2,103.86,64.68,96.17,2.4455242234243912,7009958.8651529,17143476.14833333,93.2312651978537,9.53,
2025/04/24 23:45:00,5.79,13.87,10.22,104.09,64.82,96.35,2.4382538083822234,6965016.970823805,16982935.584999997,93.33152335908683,9.54,
2025/04/25 00:00:00,6.22,13.85,10.4,104.45,64.84,96.52,2.43464503559701,6795641.120587014,16545443.199999994,93.2195614113692,9.61,
2025/04/25 00:15:00,6.51,13.87,10.47,104.82,64.97,96.57,2.4217866718469816,6524801.376773801,15802127.73333333,93.25331722540749,9.55,
2025/04/25 00:30:00,6.81,13.86,10.56,105.2,65.1,96.62,2.409589126452614,6307023.383510063,15197777.760000004,93.28522485638808,9.52,
2025/04/25 00:45:00,7.13,13.88,10.67,105.6,65.24,96.66,2.398887752781898,6315664.562442196,15151020.744444447,93.3139808918678,9.54,
2025/04/25 01:00:00,7.41,13.93,10.8,105.64,65.35,96.71,2.4034659198438284,6292197.437065564,15123544.675555553,93.07287676177148,9.56,
2025/04/25 01:15:00,7.78,13.88,10.86,105.67,65.41,96.75,2.407784160812955,6277503.912823757,15115355.126666667,92.73461695148225,9.53,
2025/04/25 01:30:00,7.85,13.86,10.85,105.7,65.48,96.79,2.4127095506948577,6259293.302856071,15102340.232222224,92.69139757928448,9.63,
2025/04/25 01:45:00,7.94,13.84,10.88,105.74,65.54,96.84,2.4086734413021307,6268379.948878101,15098970.455555553,92.63715375888688,9.55,
2025/04/25 02:00:00,7.87,13.84,10.88,105.77,65.61,96.88,2.4034176081908787,6276671.587330477,15085950.916666664,92.73179709847165,9.5,
2025/04/25 02:15:00,7.28,13.85,10.65,106.11,65.67,96.96,2.3882541717507464,6321189.10523697,15097052.996666662,93.60361657233622,9.74,
2025/04/25 02:30:00,7.02,13.85,10.61,107.7,65.74,97.48,2.31606689344277,6612599.358097069,15315646.793333337,95.2200768253894,9.86,
2025/04/25 02:45:00,7.06,13.86,10.64,107.86,65.8,98.01,2.314001291691822,6717153.271184895,15543934.010000004,95.31752863932758,9.96,
2025/04/25 03:00:00,6.9,13.9,10.64,108.01,65.87,98.54,2.302745869959573,6846387.925505533,15765921.27,95.60317306614743,9.93,
2025/04/25 03:15:00,6.94,13.81,10.58,108.07,65.93,99.06,2.3025023418070405,6929151.494913341,15954826.384444442,95.61508775456002,9.97,
2025/04/25 03:30:00,6.89,13.79,10.54,108.01,66.0,99.02,2.3016295101391866,6894273.408441266,15868496.61222222,95.61298846746574,9.91,
2025/04/25 03:45:00,6.86,13.8,10.57,107.94,66.06,98.94,2.302966733376634,6846798.910549036,15768383.98666666,95.58270658982742,9.88,
2025/04/25 04:00:00,6.86,13.82,10.57,107.88,66.13,98.85,2.305301617778753,6792408.576487277,15658979.453333331,95.53144242326597,9.87,
2025/04/25 04:15:00,6.81,13.88,10.57,107.81,66.19,98.77,2.310031978011138,6735252.071897393,15559067.699999997,95.52095404037351,9.92,
2025/04/25 04:30:00,6.85,13.75,10.55,107.75,66.26,98.69,2.3121311409510743,6684144.025151249,15455049.79333333,95.4302538909694,9.89,
2025/04/25 04:45:00,6.85,13.75,10.5,107.69,66.32,98.61,2.3153879498702827,6632004.463912485,15356087.132222224,95.3789979827279,9.9,
2025/04/25 05:00:00,6.81,13.73,10.49,107.62,66.39,98.53,2.3146374607909346,6589309.707498376,15252285.19222222,95.35847922074407,9.83,
2025/04/25 05:15:00,6.57,13.73,10.41,107.57,66.08,98.44,2.313623117267248,6655677.980985426,15399146.008888887,95.55204692701778,9.85,
2025/04/25 05:30:00,6.57,13.72,10.4,107.53,65.72,98.36,2.3159282106681385,6731621.889908933,15590374.506666666,95.51785576595302,9.86,
2025/04/25 05:45:00,6.51,13.73,10.41,107.47,65.37,98.28,2.3185285526764874,6804909.182054376,15777803.616666665,95.52562816996554,9.88,
2025/04/25 06:00:00,6.29,13.79,10.32,107.32,65.01,98.2,2.3182225880558445,6889153.049713714,15971004.029444443,95.61378923768531,9.81,
2025/04/25 06:15:00,6.28,13.7,10.29,107.17,64.65,98.12,2.3253108146629557,6951660.261455599,16165199.282222219,95.49527030055148,9.82,
2025/04/25 06:30:00,6.21,13.71,10.29,107.02,64.3,98.04,2.331265921069913,7015547.85581123,16355541.852222228,95.43573401578583,9.83,
2025/04/25 06:45:00,6.12,13.68,10.24,106.87,63.94,97.95,2.3359048454044906,7083510.061342148,16546843.732222226,95.39580268242815,9.82,
2025/04/25 07:00:00,5.95,13.61,10.12,106.72,63.58,97.87,2.3376917279922296,7162428.682507494,16743987.975000003,95.43447804773983,9.78,
2025/04/25 07:15:00,4.54,13.59,9.68,103.24,63.29,97.38,2.4409628844305473,7651903.174060684,18678481.06055555,93.82331156793568,9.37,
2025/04/25 07:30:00,4.64,13.59,9.7,103.18,63.11,96.81,2.448739335648998,7568462.020584829,18533661.361111116,93.67306423824253,9.45,
2025/04/25 07:45:00,4.61,13.57,9.7,103.3,62.93,96.51,2.4431897499636754,7586728.512811563,18536288.723333336,93.80626455011613,9.45,
2025/04/25 08:00:00,4.53,13.54,9.67,103.42,62.76,96.22,2.4362059187141147,7609355.325198068,18538425.63222222,93.9884573878758,9.44,
2025/04/25 08:15:00,4.51,13.55,9.64,103.52,62.58,95.94,2.430057178293061,7634025.539906668,18551581.253333334,94.09471827638593,9.4,
2025/04/25 08:30:00,4.36,13.53,9.65,103.56,62.4,95.65,2.4249448197754555,7633809.2730861455,18512029.861111112,94.27627887615292,9.39,
2025/04/25 08:45:00,4.53,13.6,9.7,103.56,62.23,95.37,2.4296375303248867,7550624.297921745,18345738.77888889,94.10961071661004,9.42,
2025/04/25 09:00:00,4.28,13.55,9.63,102.1,61.89,95.07,2.4759477914992805,7375857.514779095,18262707.026666664,93.09069103060344,9.22,
2025/04/25 09:15:00,4.27,13.48,9.56,102.18,61.73,94.46,2.4741023859157316,7307516.062907118,18080006.541666664,93.16964748516357,9.26,
2025/04/25 09:30:00,4.62,13.47,9.64,103.94,63.47,95.71,2.4194499248054524,7380209.395763522,17856498.342222217,94.34937426295278,9.51,
2025/04/25 09:45:00,4.85,13.45,9.62,104.12,64.62,96.96,2.418673566060363,7414015.886387857,17932537.18666666,94.27915960902206,9.56,
2025/04/25 10:00:00,4.82,13.44,9.62,104.04,64.56,97.45,2.421788387379493,7535451.77213262,18249732.77111111,94.23947982292191,9.57,
2025/04/25 10:15:00,4.79,13.44,9.6,103.95,64.5,97.41,2.424904791573691,7535386.874455771,18273058.1,94.19118137561436,9.57,
2025/04/25 10:30:00,4.87,13.44,9.63,103.86,64.44,97.37,2.4306653797483206,7526970.850395622,18296015.937222227,94.0350270603738,9.58,
2025/04/25 10:45:00,4.65,13.45,9.6,103.77,64.38,97.33,2.425868305853224,7551484.99630677,18319370.758333333,94.1732606672227,9.48,
2025/04/25 11:00:00,4.35,13.44,9.56,103.63,64.33,97.29,2.4202086230651076,7576503.578657732,18337176.97777778,94.34681027823851,9.35,
2025/04/25 11:15:00,4.46,13.44,9.56,103.61,64.27,97.25,2.42409040578282,7444798.96816545,18047317.43222222,94.22166047806182,9.37,
2025/04/25 11:30:00,4.4,13.44,9.58,103.63,64.21,97.21,2.423289341249651,7506324.836112604,18190454.333333336,94.29756813848772,9.4,
2025/04/25 11:45:00,4.54,13.43,9.58,103.65,64.15,97.17,2.4244761882289674,7513996.409942342,18217965.00333333,94.17781186228639,9.38,
2025/04/25 12:00:00,4.43,13.47,9.57,103.67,64.09,97.13,2.4210088554973983,7529952.251418402,18230534.031111103,94.3029134939195,9.37,
2025/04/25 12:15:00,4.49,13.48,9.61,103.69,64.04,97.1,2.4234659883747254,7527661.328443353,18243488.779999994,94.26116693371326,9.42,
2025/04/25 12:30:00,4.59,13.46,9.6,103.69,63.98,97.06,2.427539904437836,7520206.498635563,18256061.755555555,94.16296442541395,9.47,
2025/04/25 12:45:00,4.7,13.47,9.62,103.65,63.79,97.01,2.4334524441228496,7534475.370025484,18335253.016666666,94.02041441964751,9.52,
2025/04/25 13:00:00,4.7,13.47,9.65,103.61,63.15,96.57,2.4354965438616243,7574269.565282162,18447580.066666663,93.98580423656146,9.53,
2025/04/25 13:15:00,4.28,13.48,9.57,102.41,62.37,96.13,2.4649742078667134,7560464.193677779,18636825.386666667,93.35943069590118,9.26,
2025/04/25 13:30:00,4.45,13.48,9.62,103.05,62.36,95.98,2.4476968002354624,7583054.033645294,18561491.80111111,93.74688751102069,9.39,
2025/04/25 13:45:00,4.37,13.47,9.57,102.96,62.47,95.99,2.4456413777815693,7567491.826458025,18507838.94666666,93.74784719678337,9.29,
2025/04/25 14:00:00,4.45,13.47,9.58,103.14,62.58,96.01,2.443205670165512,7555491.569650596,18460086.858888894,93.82490367160544,9.37,
2025/04/25 14:15:00,4.55,13.48,9.6,103.31,62.69,96.02,2.4415343363375546,7538680.958482343,18406414.729999997,93.87367582536554,9.45,
2025/04/25 14:30:00,4.65,13.47,9.64,103.49,62.8,96.03,2.4357963217764813,7534558.541949278,18353119.149444446,93.93144661981117,9.44,
2025/04/25 14:45:00,4.43,13.48,9.58,103.46,62.91,96.05,2.431296024249594,7528697.6694116,18304950.803333335,94.12114028607459,9.41,
2025/04/25 15:00:00,4.83,13.48,9.64,103.1,63.01,96.06,2.4564079550625424,7432269.393731387,18257157.84444445,93.41772241869573,9.46,
2025/04/25 15:15:00,5.03,13.5,9.69,102.74,63.12,96.08,2.4758654575126657,7354394.272783967,18208971.73333333,92.91019459362192,9.47,
2025/04/25 15:30:00,5.06,13.5,9.69,102.37,63.23,96.09,2.4873444373206564,7299009.411896037,18155633.77222222,92.56079307640942,9.36,
2025/04/25 15:45:00,5.18,13.51,9.71,102.81,63.34,96.11,2.47579882014424,7313578.847383453,18107429.431666665,92.82394729967422,9.46,
2025/04/25 16:00:00,5.31,13.53,9.83,103.44,63.45,96.12,2.4536011085582703,7357995.6578307785,18054069.989999995,93.24132068549466,9.49,
2025/04/25 16:15:00,5.43,13.56,9.85,103.42,63.56,96.14,2.4581825276141003,7324819.406415274,18006225.709999997,93.10631478477279,9.52,
2025/04/25 16:30:00,5.35,13.58,9.85,102.95,63.66,96.15,2.47564548373923,7253667.523608856,17957993.735000003,92.77838127558479,9.51,
2025/04/25 16:45:00,5.46,13.57,9.9,103.49,63.77,96.17,2.456294141896472,7291327.4650065005,17910129.599999998,93.13735004880304,9.53,
2025/04/25 17:00:00,5.47,13.57,9.91,103.18,63.88,96.18,2.467823228256518,7235470.924564533,17856351.57777778,92.85979318428772,9.49,
2025/04/25 17:15:00,5.48,13.56,9.9,102.87,63.99,96.19,2.4789192377431797,7181535.926244348,17802938.14444444,92.58207983057981,9.44,
2025/04/25 17:30:00,5.28,13.56,9.85,102.48,64.08,96.21,2.4895874933360966,7135817.47013323,17765728.364999995,92.44046310904102,9.41,
2025/04/25 17:45:00,5.29,13.57,9.79,102.74,64.12,96.22,2.4838310244566117,7146431.704210648,17751003.96666666,92.6553321132355,9.53,
2025/04/25 18:00:00,5.24,13.57,9.77,103.28,64.17,96.24,2.4608145373858146,7207141.575370434,17735903.716666657,93.17144445201747,9.54,
2025/04/25 18:15:00,5.23,13.6,9.83,102.48,64.21,96.25,2.4905012887808695,7115312.482930871,17721172.700000007,92.48919900899826,9.46,
2025/04/25 18:30:00,5.12,13.59,9.78,102.61,64.26,96.27,2.4847178123973355,7125797.507664219,17706066.52833333,92.70931051825193,9.51,
2025/04/25 18:45:00,5.23,13.59,9.81,102.86,64.3,96.28,2.473991392854123,7124620.542413417,17626718.633333337,92.81833825832008,9.44,
2025/04/25 19:00:00,5.07,13.58,9.69,102.5,64.34,96.3,2.4873723650050263,7164961.844674373,17822392.793333326,92.66305021207302,9.49,
2025/04/25 19:15:00,5.3,13.58,9.83,103.92,64.37,96.33,2.4341339139513187,7332037.65723069,17847626.988888886,93.66555791029664,9.51,
2025/04/25 19:30:00,5.63,13.59,9.97,103.95,64.4,96.37,2.4404792265498885,7325597.3993267985,17878453.443888888,93.36775971920122,9.53,
2025/04/25 19:45:00,5.71,13.59,10.01,103.73,64.43,96.41,2.4530939255816895,7300495.003495749,17909295.689999994,93.09934771558737,9.57,
2025/04/25 20:00:00,5.73,13.59,10.03,103.51,64.46,96.45,2.461952248487379,7076901.474134911,17423481.460000005,92.88986284226696,9.55,
2025/04/25 20:15:00,5.67,13.58,9.99,103.29,64.49,96.49,2.4699185004641397,7135707.9930949025,17625109.333333336,92.75863951947566,9.55,
2025/04/25 20:30:00,5.62,13.58,9.96,103.07,64.51,96.53,2.4772424223482807,7107652.839553015,17607869.155555546,92.61754569631108,9.53,
2025/04/25 20:45:00,5.46,13.58,9.93,102.85,64.54,96.57,2.4817599973195557,7085542.783091171,17585103.48222221,92.58413147912744,9.5,
2025/04/25 21:00:00,5.29,13.58,9.8,103.15,64.38,96.61,2.464445946754284,7168345.294985309,17666466.253333334,93.01031578104921,9.47,
2025/04/25 21:15:00,5.4,13.58,9.88,103.01,64.22,96.65,2.474625892873418,7314007.906448461,18099925.28666667,92.78126391234574,9.52,
2025/04/25 21:30:00,5.25,13.58,9.82,102.58,64.07,96.69,2.486809360000821,7322949.801970428,18211271.197777778,92.55623986924462,9.46,
2025/04/25 21:45:00,5.11,13.57,9.8,102.14,63.91,96.73,2.5006778265180025,7329119.185004615,18328263.360000003,92.31208473409727,9.43,
2025/04/25 22:00:00,4.94,13.57,9.7,102.54,63.75,96.76,2.480566259229973,7433485.518083662,18439734.43888889,92.82525026170532,9.43,
2025/04/25 22:15:00,5.06,13.57,9.72,103.01,63.59,96.8,2.4653781853340133,7526942.142585184,18557240.624999996,93.11453303056004,9.47,
2025/04/25 22:30:00,5.18,13.57,9.74,103.28,64.28,96.84,2.4575383986401094,7405317.073397459,18199323.364444446,93.2304233799818,9.49,
2025/04/25 22:45:00,5.21,13.58,9.8,103.55,65.09,96.88,2.4448522553735463,7269821.010916928,17774101.601666663,93.4345722253385,9.44,
2025/04/25 23:00:00,5.43,13.58,9.98,103.59,64.13,95.55,2.4494073052789376,7082026.535266688,17347243.833333332,93.253310771852,9.48,
2025/04/25 23:15:00,5.37,13.56,9.86,102.71,64.24,95.64,2.485622436275706,6982321.201134965,17355889.466666665,92.5511213681807,9.5,
2025/04/25 23:30:00,5.31,13.58,9.83,102.85,64.34,95.78,2.4781331695990696,7020155.040133536,17397346.706666663,92.73111214727652,9.49,
2025/04/25 23:45:00,5.34,13.6,9.86,102.98,64.45,95.91,2.4725755727128798,7048387.6681977045,17428139.14111111,92.81428883800672,9.47,
2025/04/26 00:00:00,5.37,13.58,9.85,102.92,64.48,95.58,2.4761144860554816,6926127.408478737,17150347.25555555,92.73294821984757,9.48,
2025/04/26 00:15:00,5.38,13.57,9.86,103.0,64.57,95.59,2.473002734598218,6915546.647691259,17102628.840000004,92.79236079744408,9.48,
2025/04/26 00:30:00,5.4,13.57,9.84,103.08,64.66,95.61,2.4700995057969113,6906597.357054701,17060441.261111114,92.84195851918369,9.48,
2025/04/26 00:45:00,5.41,13.55,9.83,103.16,64.74,95.63,2.4669774215223943,6900477.919854017,17023781.035555553,92.90133757999305,9.48,
2025/04/26 01:00:00,5.42,13.54,9.85,103.25,64.83,95.64,2.463432424030053,6891058.011967508,16976114.87,92.96934464987602,9.48,
2025/04/26 01:15:00,5.43,13.54,9.87,103.33,64.92,95.66,2.4598855627047347,6883863.601328934,16933976.057777774,93.02872759197794,9.47,
2025/04/26 01:30:00,5.44,13.54,9.86,103.41,65.01,95.67,2.4563290000423232,6874441.562077526,16886345.886666667,93.08809440974187,9.46,
2025/04/26 01:45:00,5.45,13.53,9.87,103.46,65.09,95.69,2.4540208762513487,6865993.224529334,16849747.199999996,93.12152916794211,9.45,
2025/04/26 02:00:00,5.46,13.5,9.86,103.5,65.18,95.71,2.4521266408541837,6854276.651492748,16808011.64166666,93.14631956559707,9.44,
2025/04/26 02:15:00,5.47,13.51,9.86,103.55,65.27,95.72,2.45065642273589,6838975.21422107,16760432.791666666,93.17966383243638,9.45,
2025/04/26 02:30:00,5.5,13.49,9.86,103.6,65.36,95.74,2.450861378739191,6821242.553483291,16718375.605555555,93.1932837288951,9.49,
2025/04/26 02:45:00,5.57,13.49,9.85,103.65,65.45,95.76,2.4510519225339844,6803561.026736906,16676334.675000003,93.16775565772366,9.51,
2025/04/26 03:00:00,5.58,13.48,9.89,103.7,65.53,95.77,2.4491539879936957,6791672.628017116,16634310.0,93.2011165610471,9.51,
2025/04/26 03:15:00,5.58,13.47,9.9,103.75,65.62,95.79,2.4474662621702845,6779191.636465644,16592301.58055556,93.24424384589473,9.52,
2025/04/26 03:30:00,5.67,13.46,9.92,103.8,65.71,95.81,2.4484784127914385,6759237.70667175,16550309.416666672,93.19904533587528,9.55,
2025/04/26 03:45:00,5.71,13.44,9.92,103.85,65.8,95.82,2.448030924648616,6741080.396654533,16502836.227777774,93.20290347814618,9.57,
2025/04/26 04:00:00,5.77,13.44,9.97,103.9,65.88,95.84,2.4479944354577943,6726283.7857113965,16466373.85555556,93.1871391750306,9.59,
2025/04/26 04:15:00,5.85,13.44,9.99,103.95,65.97,95.85,2.4479556481023814,6707152.769794199,16419282.44,93.15177216163264,9.6,
2025/04/26 04:30:00,5.93,13.41,9.98,104.0,66.06,95.87,2.4470760736531285,6692429.649592506,16377355.646666668,93.11643730944866,9.59,
2025/04/26 04:45:00,6.02,13.42,10.02,104.05,66.15,95.89,2.4463883596717166,6674355.30374323,16328538.819999995,93.07127159879899,9.58,
2025/04/26 05:00:00,6.01,13.4,10.03,104.1,66.23,95.9,2.445317156149879,6724815.249326726,16444787.058333335,93.12411716292216,9.61,
2025/04/26 05:15:00,5.62,13.38,9.82,103.47,66.14,95.92,2.4584117490441795,6711834.745369412,16500914.35666667,92.9633971386516,9.48,
2025/04/26 05:30:00,5.42,13.37,9.75,103.29,65.88,95.94,2.4633968707988956,6759249.96161861,16651174.21,93.00377201599333,9.52,
2025/04/26 05:45:00,5.36,13.36,9.72,102.91,65.62,95.95,2.474276923152625,6787979.68002866,16795805.345,92.73429927611143,9.43,
2025/04/26 06:00:00,5.27,13.34,9.67,103.26,65.35,95.97,2.461876890497024,6885381.012630375,16951420.823333334,93.12479437178676,9.53,
2025/04/26 06:15:00,5.21,13.34,9.64,103.27,65.09,95.98,2.4573576493648956,6956827.791596362,17095873.14722222,93.19250349882934,9.46,
2025/04/26 06:30:00,5.14,13.32,9.65,102.83,64.83,96.0,2.476096034701634,6964712.711995797,17245770.50166666,92.88022819364379,9.51,
2025/04/26 06:45:00,4.98,13.29,9.54,102.61,64.56,96.02,2.476948444842988,7025031.440727333,17401108.009999994,92.8469313948167,9.39,
2025/04/26 07:00:00,4.96,13.29,9.55,102.62,64.3,96.03,2.476912184761409,7083492.183005834,17545660.53777778,92.8750777417694,9.41,
2025/04/26 07:15:00,4.94,13.28,9.48,102.64,64.04,96.03,2.4772509021096885,7138462.713955712,17684231.949999996,92.91179471744141,9.45,
2025/04/26 07:30:00,4.87,13.25,9.46,102.66,63.77,96.03,2.474137391682353,7205651.758190658,17828245.257777777,92.99774675356957,9.43,
2025/04/26 07:45:00,4.78,13.25,9.4,102.67,63.51,96.03,2.470611461172965,7271956.08861614,17966645.98666667,93.09466753841488,9.4,
2025/04/26 08:00:00,4.65,13.24,9.38,102.69,63.25,96.02,2.466227088705987,7338728.187326735,18099439.013333328,93.23935947655136,9.38,
2025/04/26 08:15:00,4.53,13.21,9.36,102.71,63.2,96.02,2.4624666334829555,7358983.1492238995,18121719.80666666,93.37420345672231,9.37,
2025/04/26 08:30:00,4.55,13.22,9.36,102.76,63.42,96.02,2.4612470313190307,7311123.892572096,17994946.444444437,93.3978927141384,9.38,
2025/04/26 08:45:00,4.63,13.22,9.37,102.81,63.64,96.02,2.4612923761402534,7259512.266321959,17868244.606666666,93.36283844961139,9.39,
2025/04/26 09:00:00,4.76,13.22,9.38,102.87,63.86,96.02,2.4591215655389598,7214427.661996036,17741614.293333333,93.28783833637401,9.33,
2025/04/26 09:15:00,4.73,13.22,9.37,102.92,64.08,96.01,2.457257977510061,7166152.745104822,17609540.458888896,93.36039733255645,9.35,
2025/04/26 09:30:00,4.65,13.23,9.35,102.97,64.3,96.01,2.4543446396055173,7123126.772210907,17483054.820000004,93.48191379626658,9.37,
2025/04/26 09:45:00,4.65,13.23,9.38,103.02,64.52,96.01,2.453102986725434,7075199.917615557,17356640.70555556,93.52509393353594,9.39,
2025/04/26 10:00:00,4.56,13.23,9.36,103.07,64.74,96.01,2.4499768168050418,7032661.629630592,17230298.11555556,93.65639752536708,9.41,
2025/04/26 10:15:00,4.78,13.24,9.44,103.12,64.96,96.01,2.453330055977947,6971577.666928377,17104027.050000004,93.4841359268602,9.43,
2025/04/26 10:30:00,4.89,13.27,9.45,103.17,65.18,96.01,2.4527556867470732,6921760.433148644,16977827.50888888,93.4197502529069,9.41,
2025/04/26 10:45:00,5.0,13.26,9.5,103.4,65.4,96.0,2.44716209114185,6915150.7990532,16922938.999999996,93.51069878539187,9.45,
2025/04/26 11:00:00,5.44,13.29,9.69,104.13,65.46,96.0,2.4306622595593854,6980383.656856805,16967414.89666667,93.709250569488,9.57,
2025/04/26 11:15:00,5.4,13.31,9.69,103.74,65.43,96.0,2.4441587695885305,6980314.803885172,17061461.761666663,93.41210270900953,9.52,
2025/04/26 11:30:00,5.39,13.34,9.7,103.37,65.39,96.0,2.459833506873795,6976550.636558406,17161622.341111105,93.10227889972104,9.53,
2025/04/26 11:45:00,5.37,13.34,9.7,103.29,65.36,96.0,2.461118227943173,6801801.528312666,16740495.933333332,93.05288321385154,9.49,
2025/04/26 12:00:00,5.39,13.37,9.75,103.21,65.33,95.99,2.465284013636047,6805279.932059929,16777410.90666666,92.9640896375062,9.5,
2025/04/26 12:15:00,5.36,13.38,9.73,103.13,65.29,95.99,2.4687852673527035,6815035.4917568695,16825320.90555555,92.92424054007866,9.52,
2025/04/26 12:30:00,5.34,13.39,9.72,103.05,65.26,95.99,2.473659632065849,6818638.587061968,16867452.867222216,92.87447050323945,9.57,
2025/04/26 12:45:00,5.24,13.41,9.69,103.04,65.23,95.99,2.467549374796402,6852765.510033064,16909992.146666665,92.96420481418262,9.46,
2025/04/26 13:00:00,5.27,13.44,9.73,103.16,65.2,95.99,2.4640134182922937,6879883.843113954,16952582.282777768,93.03851966623994,9.48,
2025/04/26 13:15:00,5.14,13.46,9.7,103.28,65.16,95.98,2.454239864516293,6917952.242681271,16978761.971111115,93.26986701756776,9.43,
2025/04/26 13:30:00,5.18,13.48,9.69,103.41,65.13,95.98,2.450903858670528,6923736.945170978,16969856.597222228,93.34291874313953,9.46,
2025/04/26 13:45:00,5.28,13.49,9.74,103.53,65.1,95.98,2.448390520301182,6965699.040108414,17055200.702222228,93.3485614685923,9.47,
2025/04/26 14:00:00,5.37,13.51,9.81,103.57,65.06,95.98,2.449001387994084,6979136.557218665,17092371.58444445,93.29485578877984,9.48,
2025/04/26 14:15:00,5.48,13.53,9.86,103.5,65.03,95.98,2.4554722919336784,6973642.34435137,17124048.66944444,93.12645209305005,9.51,
2025/04/26 14:30:00,5.53,13.52,9.89,103.42,65.0,95.97,2.460284561780452,6970489.315800795,17149857.731111113,93.0082946121116,9.52,
2025/04/26 14:45:00,5.5,13.52,9.89,103.35,64.97,95.97,2.462172059294623,6978032.2975982,17181588.11111111,92.97725342530629,9.51,
2025/04/26 15:00:00,5.41,13.55,9.82,103.27,64.94,95.69,2.463614973144055,6923795.480022216,17058022.666666664,92.99632096851568,9.51,
2025/04/26 15:15:00,5.45,13.57,9.86,103.2,64.91,95.3,2.4677868658529447,6837029.291434978,16872786.314999998,92.89657389782154,9.52,
2025/04/26 15:30:00,5.53,13.59,9.89,103.13,64.88,94.91,2.472813695786446,6748224.872211072,16687555.884999998,92.75762209412952,9.53,
2025/04/26 15:45:00,6.55,13.6,10.33,101.21,64.85,94.03,2.5627402281579474,6332641.561528135,16229444.256666671,90.09627426750878,9.21,
2025/04/26 16:00:00,6.74,13.6,10.38,101.16,64.82,92.85,2.5656353683476207,6075693.477757575,15588531.010555554,89.86717203199494,9.13,
2025/04/26 16:15:00,6.77,13.61,10.37,101.12,64.79,91.96,2.566197023577003,5884552.735854927,15101419.587222215,89.80327564413862,9.09,
2025/04/26 16:30:00,6.91,13.62,10.47,101.03,64.76,91.96,2.5741995651519995,5869294.730614773,15109250.933333326,89.58786736263394,9.11,
2025/04/26 16:45:00,6.86,13.65,10.43,100.85,64.73,91.96,2.5843963579112295,5849040.626267998,15116746.602222214,89.48008576356928,9.19,
2025/04/26 17:00:00,7.0,13.7,10.54,100.67,64.7,91.96,2.5936100327414184,5831261.508633208,15124538.586666659,89.18675109718413,9.15,
2025/04/26 17:15:00,6.97,13.68,10.49,100.5,64.67,91.97,2.598409295974224,5825495.535036594,15137539.08333333,89.06854900439029,9.11,
2025/04/26 17:30:00,7.06,13.71,10.55,100.57,64.64,91.97,2.6011093362477093,5822425.394174663,15145288.454999996,89.0408591817199,9.19,
2025/04/26 17:45:00,7.16,13.72,10.59,100.63,64.61,91.97,2.5986437491911545,5830922.551303603,15153018.319999998,88.99531929555158,9.14,
2025/04/26 18:00:00,7.24,13.75,10.69,100.7,64.58,91.97,2.5979554566653222,5835308.149886355,15160410.649999997,88.97772979910475,9.15,
2025/04/26 18:15:00,7.13,13.72,10.56,100.77,64.55,91.98,2.594157242651689,5848955.707742664,15173632.918888891,89.14611282443809,9.19,
2025/04/26 18:30:00,7.03,13.73,10.54,100.83,64.52,91.98,2.59056186797827,5859912.372935963,15180981.823333334,89.29605319403149,9.22,
2025/04/26 18:45:00,7.07,13.75,10.56,100.9,64.49,91.98,2.5880474137340603,5868560.948390797,15188629.71388889,89.31772101925992,9.21,
2025/04/26 19:00:00,7.12,13.76,10.59,100.96,64.46,91.99,2.5857330538537013,5878774.550656521,15201460.339999996,89.32093624070069,9.19,
2025/04/26 19:15:00,7.11,13.75,10.62,100.97,64.43,91.99,2.5846152167126815,5889828.370447863,15223465.717777768,89.33946498243866,9.18,
2025/04/26 19:30:00,7.05,13.78,10.64,100.9,64.4,91.99,2.5875779502405156,5893202.789162016,15249647.496111104,89.33731366950231,9.21,
2025/04/26 19:45:00,7.08,13.77,10.57,100.83,64.37,91.99,2.590400419272969,5896900.039425676,15275850.174444439,89.24721761492047,9.19,
2025/04/26 20:00:00,6.89,13.76,10.5,100.76,64.34,92.0,2.591144284214787,5907590.560135555,15307929.12,89.3722565986037,9.24,
2025/04/26 20:15:00,6.7,13.74,10.47,100.69,64.31,92.0,2.589221740440031,5922115.086345429,15334177.429999996,89.4975090749388,9.23,
2025/04/26 20:30:00,6.61,13.77,10.42,100.62,64.28,92.0,2.5909254175756424,5928364.047962548,15360446.639999997,89.52465398760047,9.25,
2025/04/26 20:45:00,6.57,13.79,10.44,100.55,64.25,92.0,2.589957232016587,5940855.185381324,15387058.95833333,89.5032886440788,9.18,
2025/04/26 21:00:00,6.58,13.75,10.38,100.48,64.22,92.01,2.593165740289952,5945790.999973247,15418918.686111113,89.43260368693306,9.18,
2025/04/26 21:15:00,6.55,13.7,10.37,100.41,64.19,92.01,2.5958543175529085,5949775.179698012,15445254.427777782,89.40100331663736,9.19,
2025/04/26 21:30:00,6.55,13.79,10.45,100.4,64.16,92.01,2.596705112560923,5957975.943636122,15471611.06944445,89.3922470292572,9.2,
2025/04/26 21:45:00,6.66,13.79,10.43,100.4,64.13,92.02,2.597154902778017,5969366.166484631,15503871.264444444,89.28485228944115,9.15,
2025/04/26 22:00:00,6.62,13.75,10.41,100.4,64.1,92.02,2.5979389113156466,5977725.919310698,15530273.53777778,89.32378780291236,9.19,
2025/04/26 22:15:00,6.58,13.7,10.36,100.4,64.12,92.02,2.596560793728625,5980357.156288354,15528867.199999996,89.36299264742551,9.18,
2025/04/26 22:30:00,6.53,13.7,10.36,100.4,64.15,92.02,2.5949467348921953,5981508.36382783,15522201.144999994,89.41198451561118,9.17,
2025/04/26 22:45:00,6.68,13.72,10.41,100.4,64.17,92.03,2.6002202687156815,5970965.012896519,15526336.209999997,89.26495418708714,9.21,
2025/04/26 23:00:00,6.73,13.74,10.47,100.4,64.19,92.03,2.6005497442883367,5969649.142506555,15524887.84,89.21611517408816,9.19,
2025/04/26 23:15:00,6.71,13.74,10.45,100.4,64.22,92.03,2.599642873475538,5969024.10414965,15517845.585000003,89.23574576009979,9.18,
2025/04/26 23:30:00,6.7,13.74,10.48,100.4,64.24,92.03,2.6015465430331335,5964209.500912198,15516688.537777781,89.24527560906198,9.23,
2025/04/26 23:45:00,6.66,13.71,10.41,100.4,64.27,92.04,2.598023894759262,5971724.21960774,15515194.652222225,89.28474269360768,9.17,
2025/04/27 00:00:00,6.65,13.67,10.38,100.67,64.83,92.04,2.5867321857365657,5848630.7127872445,15129338.968333337,89.52933083464094,9.18,
2025/04/27 00:15:00,6.66,13.68,10.33,100.7,64.92,92.03,2.585251802710021,5762172.182839782,14897146.818888888,89.54567619874146,9.17,
2025/04/27 00:30:00,6.66,13.67,10.38,100.73,65.02,92.02,2.583971678235611,5755826.286637878,14873380.499999998,89.5717567878136,9.17,
2025/04/27 00:45:00,6.66,13.67,10.34,100.75,65.11,92.01,2.583120162599629,5750668.683369345,14855149.894444445,89.5891425645352,9.17,
2025/04/27 01:00:00,6.6,13.69,10.39,100.78,65.2,92.0,2.5804426917326335,5739695.792546163,14811439.866666663,89.67396890547317,9.17,
2025/04/27 01:15:00,6.62,13.69,10.43,100.8,65.29,92.0,2.5796141642550987,5720332.27119072,14756737.832222216,89.67182384076477,9.16,
2025/04/27 01:30:00,6.63,13.64,10.35,100.83,65.39,91.99,2.5781245542580002,5698150.896402838,14691023.355555551,89.68815990566793,9.15,
2025/04/27 01:45:00,6.64,13.63,10.33,100.85,65.48,91.98,2.57750336165031,5676188.06831173,14630870.833333334,89.69574855070947,9.15,
2025/04/27 02:00:00,6.65,13.6,10.34,100.88,65.57,91.97,2.576006489386271,5656029.434753979,14570448.933333334,89.71207972895522,9.14,
2025/04/27 02:15:00,6.63,13.61,10.31,100.9,65.66,91.96,2.576468405760996,5631700.776198,14510371.88333333,89.74882884689208,9.18,
2025/04/27 02:30:00,6.66,13.61,10.35,100.93,65.76,91.95,2.5741012945939428,5611411.227608407,14444816.594999999,89.74572971208781,9.14,
2025/04/27 02:45:00,6.67,13.63,10.35,100.95,65.85,91.94,2.5739264233624373,5588483.3412684575,14384815.71388889,89.75325723067654,9.15,
2025/04/27 03:00:00,6.64,13.63,10.34,100.98,65.94,91.93,2.5723999954584653,5568373.237803288,14324550.21555556,89.80864588933018,9.16,
2025/04/27 03:15:00,6.64,13.58,10.28,101.01,66.04,91.92,2.5720092976635676,5543779.277731681,14259115.102222217,89.83459989100753,9.18,
2025/04/27 03:30:00,6.64,13.55,10.29,101.03,66.13,91.91,2.572038827535865,5520430.554349613,14199228.706666667,89.85186865946211,9.2,
2025/04/27 03:45:00,6.73,13.55,10.3,101.06,66.22,91.9,2.5715015350978265,5498194.276810749,14139081.293333335,89.78992854496092,9.17,
2025/04/27 04:00:00,6.66,13.56,10.35,101.08,66.31,91.9,2.5708076759590663,5478552.305410007,14084774.385000004,89.87565546077596,9.21,
2025/04/27 04:15:00,6.82,13.55,10.36,101.11,66.41,91.89,2.570069318414158,5454726.805837864,14019496.602222223,89.7453384968614,9.14,
2025/04/27 04:30:00,6.75,13.54,10.37,101.13,66.5,91.88,2.569411750431651,5432873.355643542,13959759.989999995,89.83106839836177,9.18,
2025/04/27 04:45:00,6.85,13.58,10.41,101.16,66.59,91.87,2.568148922921426,5412185.3774982905,13899767.004444443,89.75940643411045,9.13,
2025/04/27 05:00:00,6.94,13.5,10.34,101.18,66.68,91.86,2.567484939314663,5412666.532419328,13897409.948888883,89.68879835150875,9.09,
2025/04/27 05:15:00,7.05,13.47,10.44,101.19,66.78,91.85,2.571894185445762,5427081.931124454,13958374.319999995,89.58942465492147,9.14,
2025/04/27 05:30:00,7.15,13.46,10.38,101.16,66.87,91.84,2.577335508231837,5351391.653932734,13792813.460555552,89.46519941580468,9.18,
2025/04/27 05:45:00,7.38,13.45,10.47,101.13,66.8,91.83,2.585792679129874,5304103.077818573,13715808.687777776,89.21357604721635,9.22,
2025/04/27 06:00:00,7.72,13.45,10.59,101.1,66.13,91.82,2.5931723922902137,5500121.980487468,14263306.364999998,88.8544288857041,9.18,
2025/04/27 06:15:00,7.07,13.43,10.37,100.66,65.46,91.81,2.5947760642774726,5638188.233584001,14630355.880555559,89.10960153080657,9.13,
2025/04/27 06:30:00,6.53,13.43,10.22,100.18,64.79,91.8,2.6029803913789826,5761564.305239279,14997749.66555555,89.22062908775538,9.14,
2025/04/27 06:45:00,5.87,13.45,9.94,99.7,64.11,91.8,2.60653218069053,5898831.458924092,15375973.946666662,89.44778083812491,9.12,
2025/04/27 07:00:00,5.57,13.36,9.82,99.73,63.44,91.79,2.598095443631304,6059426.3845137125,15743452.725000007,89.7671649478425,9.12,
2025/04/27 07:15:00,5.53,13.37,9.78,99.75,62.77,91.78,2.5967167320492206,6204176.473199153,16110977.483333332,89.82364192865569,9.13,
2025/04/27 07:30:00,5.52,13.4,9.8,99.78,62.09,91.77,2.5948358430368637,6352332.317514272,16483757.54666666,89.85966941584427,9.12,
2025/04/27 07:45:00,5.45,13.41,9.8,99.81,61.99,91.76,2.5915267163331617,6380131.75110466,16534778.975000001,89.9543267812986,9.11,
2025/04/27 08:00:00,5.35,13.37,9.72,99.83,62.1,91.76,2.588329648550389,6364810.354700901,16474716.206666667,90.06949548881241,9.11,
2025/04/27 08:15:00,5.41,13.37,9.7,99.86,62.21,91.78,2.5885155535593243,6345307.588033913,16425412.177777776,90.03705279121587,9.11,
2025/04/27 08:30:00,5.34,13.34,9.72,99.89,62.32,91.8,2.5844018819834362,6336459.366296215,16376446.264444439,90.13185140438296,9.08,
2025/04/27 08:45:00,5.39,13.4,9.74,99.91,62.43,91.82,2.584344418336364,6317521.289516482,16327132.830555553,90.10051838995064,9.07,
2025/04/27 09:00:00,5.54,13.31,9.73,99.94,62.54,91.84,2.5891007096661984,6286994.808692832,16278155.422222223,89.9796766769589,9.13,
2025/04/27 09:15:00,5.58,13.33,9.76,99.97,62.65,91.85,2.589213236841933,6265657.464281171,16223615.711111108,89.9666844440528,9.14,
2025/04/27 09:30:00,5.58,13.35,9.77,99.99,62.76,91.87,2.588790810857657,6247626.450262146,16174287.415000003,89.9840631931501,9.15,
2025/04/27 09:45:00,5.62,13.46,9.93,100.02,62.86,91.89,2.587270730237307,6234505.608916815,16130848.506666666,89.9713307884711,9.12,
2025/04/27 10:00:00,5.67,13.41,9.87,100.04,62.97,91.91,2.5867935422022232,6216584.0504097305,16081511.037777776,89.94002985689811,9.1,
2025/04/27 10:15:00,5.74,13.36,9.83,100.06,63.08,91.93,2.5876116091646546,6195679.683162447,16032504.369444447,89.88903324099364,9.1,
2025/04/27 10:30:00,5.93,13.38,9.92,100.08,63.19,91.94,2.592101380929298,6163891.831936382,15977933.888888888,89.72055628027181,9.12,
2025/04/27 10:45:00,5.98,13.4,9.96,100.11,63.3,91.96,2.5920288797923146,6145023.684649231,15928581.557777775,89.69780814303273,9.12,
2025/04/27 11:00:00,6.11,13.48,10.06,100.13,63.41,91.98,2.5963662051998484,6115875.051308754,15879556.776111113,89.58778583011777,9.17,
2025/04/27 11:15:00,6.2,13.53,10.07,100.15,63.52,92.0,2.6009590382279333,6086099.505877657,15830195.039999994,89.51672873149708,9.25,
2025/04/27 11:30:00,6.3,13.55,10.15,100.17,63.63,92.02,2.5987867172748573,6072315.428157723,15781158.763333328,89.43684017327469,9.16,
2025/04/27 11:45:00,6.39,13.59,10.22,100.19,63.73,92.03,2.600508322194105,6049435.226937002,15732116.21666667,89.36615178921993,9.17,
2025/04/27 12:00:00,6.44,13.58,10.24,100.22,63.84,92.05,2.5982849787987443,6035607.395955044,15682739.850555552,89.34364764926539,9.12,
2025/04/27 12:15:00,6.59,13.74,10.4,100.24,63.95,92.07,2.605699888813868,5999606.192355562,15633685.808888882,89.21366853673291,9.23,
2025/04/27 12:30:00,6.58,13.62,10.33,100.26,64.06,92.09,2.602498484004892,5988008.225750834,15584300.037777778,89.24113322482644,9.18,
2025/04/27 12:45:00,6.67,13.63,10.35,100.28,64.17,92.11,2.6033648508927087,5967168.436258878,15535234.501111109,89.17051650020245,9.17,
2025/04/27 13:00:00,6.67,13.67,10.37,100.31,64.28,92.12,2.602950060835337,5947132.642266824,15480602.133333331,89.19652192122608,9.19,
2025/04/27 13:15:00,6.75,13.75,10.46,100.35,64.39,92.14,2.6014167614455954,5931648.254543446,15431201.499999996,89.15324350115878,9.15,
2025/04/27 13:30:00,6.78,13.8,10.51,100.39,64.5,92.16,2.601296751460614,5913053.6298041,15382117.849999996,89.15857368472686,9.17,
2025/04/27 13:45:00,6.89,13.87,10.6,100.43,64.61,92.18,2.601317245928572,5894135.28626254,15333027.930000003,89.08578618323104,9.15,
2025/04/27 14:00:00,7.06,13.96,10.72,100.47,64.71,92.2,2.60362993649961,5871564.644240867,15287897.631111117,88.9541111974957,9.15,
2025/04/27 14:15:00,7.0,13.95,10.71,100.51,64.82,92.21,2.604872482444908,5846194.127360471,15229104.770000001,89.04716052624167,9.25,
2025/04/27 14:30:00,7.12,13.97,10.71,100.55,64.93,92.23,2.6077447231988384,5819351.641251574,15175894.066666665,88.96425190271373,9.29,
2025/04/27 14:45:00,7.2,14.0,10.77,100.59,65.04,92.25,2.604901733464814,5805282.978507552,15122704.26333333,88.92098338886846,9.22,
2025/04/27 15:00:00,7.1,14.01,10.76,100.64,65.15,92.27,2.6016875299944875,5792020.978095749,15069535.359999994,89.0622503706135,9.25,
2025/04/27 15:15:00,7.28,14.05,10.82,100.7,65.26,92.29,2.6029464032580765,5768800.687020882,15016387.356666667,88.93812216263794,9.24,
2025/04/27 15:30:00,7.36,14.06,10.88,100.75,65.32,92.3,2.6031291378708064,5756518.893634059,14985477.417777779,88.90314175895709,9.25,
2025/04/27 15:45:00,7.64,14.05,10.95,100.81,65.29,92.32,2.6002289092963164,5772407.870747068,15010110.389999993,88.68154712538073,9.1,
2025/04/27 16:00:00,7.61,14.07,10.93,100.86,65.26,92.31,2.6024770293680777,5770605.042148675,15018389.924999997,88.7538568778074,9.21,
2025/04/27 16:15:00,7.75,14.1,11.0,100.92,65.23,92.29,2.6031628463088277,5770007.872543606,15020800.043333335,88.66871173035571,9.21,
2025/04/27 16:30:00,7.72,14.13,11.02,100.97,65.2,92.28,2.600269041087716,5779490.433612452,15028757.602222221,88.7415120025407,9.21,
2025/04/27 16:45:00,7.75,14.13,11.03,101.03,65.18,92.27,2.5983493687312844,5784685.2271216335,15031161.914999995,88.76416378594848,9.21,
2025/04/27 17:00:00,7.77,14.17,11.08,101.08,65.15,92.26,2.596628886875402,5791578.952279562,15039111.34611111,88.78793256207523,9.21,
2025/04/27 17:15:00,7.94,14.2,11.14,101.14,65.12,92.24,2.596558843484977,5792656.878661611,15041509.853333324,88.67340176581956,9.18,
2025/04/27 17:30:00,7.99,14.23,11.16,101.19,65.09,92.23,2.59882532781426,5790660.990772204,15049451.156666664,88.6674510744747,9.25,
2025/04/27 17:45:00,8.11,14.26,11.22,101.2,65.06,92.22,2.5964291229759113,5799060.028523108,15057387.815555552,88.5588156100002,9.15,
2025/04/27 18:00:00,8.06,14.31,11.26,101.19,65.04,92.21,2.596192147804535,5800631.8175802585,15060092.50777777,88.59914784186537,9.16,
2025/04/27 18:15:00,8.01,14.34,11.24,101.19,65.01,92.2,2.5969427791988524,5802011.428003848,15068021.271111108,88.64802605782937,9.2,
2025/04/27 18:30:00,7.96,14.36,11.28,101.18,64.98,92.18,2.5980947121693054,5800354.862675187,15070404.8,88.68823781655725,9.24,
2025/04/27 18:45:00,7.91,14.39,11.27,101.18,64.95,92.17,2.597387337383071,5804986.61418866,15078325.435555551,88.73723232071049,9.25,
2025/04/27 19:00:00,8.06,14.43,11.34,101.17,64.92,92.16,2.5985187410272412,5805503.226249812,15086241.426666662,88.58168759549301,9.19,
2025/04/27 19:15:00,8.04,14.45,11.35,101.17,64.9,92.15,2.598527354675749,5806398.295279089,15088615.666666664,88.60126365291771,9.2,
2025/04/27 19:30:00,8.07,14.47,11.36,101.16,64.87,92.14,2.6006202517721118,5804766.53142075,15096523.529999997,88.56309415256482,9.22,
2025/04/27 19:45:00,8.13,14.49,11.39,101.16,64.84,92.12,2.6029736818476663,5800548.847832634,15099208.715555556,88.5041739715586,9.24,
2025/04/27 20:00:00,8.27,14.52,11.45,101.15,64.81,92.11,2.604327121782674,5800565.482182879,15107108.68333333,88.35836788487937,9.19,
2025/04/27 20:15:00,8.26,14.53,11.43,101.15,64.78,92.1,2.605531082598374,5800917.120500788,15115004.00666666,88.36806601769631,9.22,
2025/04/27 20:30:00,8.24,14.54,11.46,101.14,64.76,92.09,2.6087921085465196,5794568.462645409,15117363.26833333,88.37877470182549,9.29,
2025/04/27 20:45:00,8.17,14.53,11.41,101.14,64.73,92.07,2.6085121843186294,5796096.499550576,15119720.20777777,88.44733518205693,9.32,
2025/04/27 21:00:00,8.03,14.52,11.39,101.13,64.7,92.06,2.603798363095751,5809618.458501765,15127603.92,88.57609340673812,9.28,
2025/04/27 21:15:00,7.98,14.53,11.39,101.13,64.67,92.05,2.6030753464038137,5814259.571121069,15135482.987777775,88.62509011912813,9.29,
2025/04/27 21:30:00,7.93,14.53,11.38,101.12,64.64,92.04,2.6023319393536015,5818947.070732658,15143357.41111111,88.66544648444523,9.29,
2025/04/27 21:45:00,7.85,14.53,11.34,101.12,64.62,92.03,2.6004426134471665,5824201.341654369,15146019.838888887,88.74388714596714,9.29,
2025/04/27 22:00:00,7.75,14.52,11.29,101.11,64.59,92.01,2.5998678523046723,5826882.04703708,15149635.306666665,88.83314994730762,9.32,
2025/04/27 22:15:00,7.61,14.53,11.27,101.11,64.56,92.0,2.5943202470138513,5842989.702065859,15159092.324444443,88.97057537863584,9.27,
2025/04/27 22:30:00,7.57,14.53,11.22,101.11,64.64,91.99,2.5947273209039325,5822302.6734260265,15107784.449999996,89.00967148582743,9.3,
2025/04/27 22:45:00,7.57,14.52,11.24,101.1,64.72,91.98,2.59604893445388,5799577.557026876,15056487.025555559,89.00092260462685,9.32,
2025/04/27 23:00:00,7.69,14.52,11.26,101.06,64.8,91.96,2.597928200002387,5773514.330814455,14999677.34222222,88.84881278159054,9.26,
2025/04/27 23:15:00,7.79,14.51,11.34,101.02,64.88,91.95,2.599263788207542,5750815.63613299,14948401.398333335,88.71631349123278,9.2,
2025/04/27 23:30:00,7.62,14.51,11.25,100.98,64.96,91.94,2.600213464302761,5729005.3987069,14897135.904444443,88.84797225502689,9.27,
2025/04/27 23:45:00,7.67,14.5,11.24,100.94,65.04,91.94,2.6049248798174465,5700966.946902653,14851089.488888886,88.76409932236449,9.31,
2025/04/28 00:00:00,7.71,14.49,11.3,101.27,64.53,93.04,2.588765927275756,6064545.618862907,15700222.584444445,89.01138094541652,9.25,
2025/04/28 00:15:00,6.64,14.47,10.84,102.51,64.52,94.14,2.529193858499457,6446651.448866302,16305299.877777781,91.13309446565664,9.68,
2025/04/28 00:30:00,6.24,14.47,10.73,103.81,64.52,96.66,2.4670042139923574,7168745.735483702,17685799.217777774,92.64820091778036,9.72,
2025/04/28 00:45:00,6.21,14.46,10.72,103.97,64.51,96.62,2.4607835586300557,7181372.248070462,17672273.666666664,92.8155675776167,9.75,
2025/04/28 01:00:00,6.19,14.44,10.69,104.12,64.51,96.59,2.4547944592897175,7196417.036482567,17666192.23111111,92.96447273674409,9.77,
2025/04/28 01:15:00,6.19,14.42,10.7,104.28,64.51,96.56,2.4487937857084403,7211559.489751176,17660091.288888887,93.10232668835766,9.79,
2025/04/28 01:30:00,6.14,14.43,10.71,104.43,64.5,96.53,2.441366950703466,7233249.982607438,17659484.26,93.28060755813975,9.79,
2025/04/28 01:45:00,6.24,14.42,10.71,104.59,64.5,96.5,2.4361956720422633,7246085.171547279,17653347.555555556,93.32022712883101,9.78,
2025/04/28 02:00:00,6.22,14.39,10.69,104.56,64.49,96.46,2.4366584162650766,7242334.403633047,17647562.551666666,93.31404276122746,9.77,
2025/04/28 02:15:00,6.17,14.36,10.64,104.52,64.49,96.43,2.4369296477369935,7238995.02996435,17641386.48555556,93.3286941032671,9.76,
2025/04/28 02:30:00,6.13,14.36,10.63,104.48,64.48,96.4,2.436583059083943,7239750.718478683,17640717.453333333,93.33354681487538,9.73,
2025/04/28 02:45:00,6.07,14.36,10.63,104.44,64.48,96.37,2.437464493851104,7234584.154030956,17634505.625,93.35797495854905,9.74,
2025/04/28 03:00:00,6.06,14.33,10.59,104.39,64.47,96.33,2.4393884816708247,7224352.590224575,17623465.2,93.3247217437505,9.74,
2025/04/28 03:15:00,6.05,14.32,10.57,104.35,64.47,96.3,2.440884313296018,7215398.358993592,17612414.325,93.30007735543019,9.74,
2025/04/28 03:30:00,6.08,14.42,10.64,104.31,64.46,96.27,2.44361444792675,7205076.601259152,17606888.016666662,93.23616340090796,9.75,
2025/04/28 03:45:00,6.1,14.39,10.65,104.27,64.46,96.24,2.4457308985850315,7194313.146557555,17595817.983333334,93.18207318816289,9.75,
2025/04/28 04:00:00,6.08,14.35,10.63,104.23,64.46,96.2,2.4466096047382,7184935.679690619,17579199.0,93.16724444824096,9.74,
2025/04/28 04:15:00,6.05,14.35,10.61,104.19,64.45,96.17,2.446466163419856,7183088.472975917,17573646.566666663,93.1622534081895,9.71,
2025/04/28 04:30:00,6.0,14.32,10.58,104.14,64.45,96.14,2.4467327280667672,7177768.755659534,17562545.18333333,93.16825056545235,9.69,
2025/04/28 04:45:00,5.97,14.35,10.57,104.1,64.44,96.11,2.446987823997497,7174747.014960136,17556977.075,93.16323957350707,9.67,
2025/04/28 05:00:00,5.8,14.3,10.52,103.97,64.44,96.07,2.4493486154288306,7161027.289380482,17540311.06666666,93.21788742701735,9.68,
2025/04/28 05:15:00,5.74,14.33,10.45,103.83,64.43,96.04,2.4539848550084264,7145226.366828128,17534725.541666668,93.15595447408414,9.68,
2025/04/28 05:30:00,5.66,14.23,10.41,103.69,64.33,96.01,2.4557740364236422,7158075.7637910275,17579073.600000005,93.11371369587411,9.62,
2025/04/28 05:45:00,5.42,14.2,10.32,103.61,64.0,95.98,2.4516646511104434,7240247.523200851,17751111.95,93.28010992386994,9.56,
2025/04/28 06:00:00,5.06,14.2,10.26,103.36,63.68,95.94,2.451704838684222,7305661.308613304,17911775.358888887,93.41716377547158,9.49,
2025/04/28 06:15:00,4.71,14.21,10.22,103.1,63.35,95.91,2.452689094115693,7372955.125783008,18084015.742222216,93.53538188431797,9.43,
2025/04/28 06:30:00,4.74,14.3,10.32,102.84,63.03,95.88,2.4615786102744845,7414082.797592995,18250804.824999996,93.28122978888827,9.37,
2025/04/28 06:45:00,4.72,14.19,10.22,102.59,62.7,95.85,2.4697941126969885,7459240.070212053,18423252.46666666,93.08446137455994,9.33,
2025/04/28 07:00:00,4.7,14.1,10.12,102.33,62.38,95.8,2.477989085549198,7497472.956052883,18579126.756666664,92.87894008871096,9.28,
2025/04/28 07:15:00,4.66,14.13,10.13,102.63,62.05,95.76,2.4668810172750057,7598967.320380418,18746217.14777778,93.17785664443156,9.33,
2025/04/28 07:30:00,4.61,14.1,10.15,103.0,62.09,95.71,2.4530880444418277,7623678.314200592,18702023.401111104,93.54694689405751,9.39,
2025/04/28 07:45:00,4.67,14.06,10.12,103.36,62.28,95.66,2.440753949374701,7609889.311916471,18574330.67111111,93.79953858828817,9.42,
2025/04/28 08:00:00,4.7,14.05,10.1,103.57,62.47,95.61,2.4318744746428718,7585135.843932204,18446554.34111111,93.95181059350698,9.4,
2025/04/28 08:15:00,4.95,14.03,10.12,103.47,62.67,95.57,2.441984206481389,7501372.681059395,18318694.4111111,93.62033147605182,9.42,
2025/04/28 08:30:00,4.8,14.05,10.11,103.37,62.86,95.52,2.443847059327721,7443303.838628596,18190750.881111108,93.6807491743336,9.44,
2025/04/28 08:45:00,4.51,13.98,10.02,103.18,63.05,95.47,2.4415759063679117,7397793.868946189,18062723.751111113,93.80093472577879,9.34,
2025/04/28 09:00:00,4.64,13.97,10.06,103.32,63.25,95.42,2.4425894878845718,7339992.544916596,17929039.803888887,93.79423029144668,9.44,
2025/04/28 09:15:00,4.65,13.98,10.02,102.89,63.44,95.38,2.4584385837423386,7276134.240995878,17888378.505555555,93.41254148910068,9.39,
2025/04/28 09:30:00,4.7,14.1,10.13,100.76,63.63,94.97,2.543006066488252,7262895.718192771,18470077.52333333,91.51421999915031,9.31,
2025/04/28 09:45:00,5.34,13.95,10.04,100.13,63.83,94.49,2.583190496260675,7135610.93029087,18433151.40333333,90.33977991393326,9.3,
2025/04/28 10:00:00,5.29,13.89,10.01,99.6,64.02,94.01,2.603595064749028,7053500.320295254,18364976.300000004,89.92599924219992,9.3,
2025/04/28 10:15:00,5.42,13.9,10.07,100.48,64.4,93.53,2.57377920126658,7039541.058019873,18118732.151666664,90.56622543067131,9.38,
2025/04/28 10:30:00,5.42,13.93,10.09,99.89,64.88,93.05,2.5978448861187067,6848603.935417248,17792115.66,90.05177647008436,9.38,
2025/04/28 10:45:00,5.66,13.96,10.16,100.6,65.36,92.8,2.578966817551323,6822127.335774669,17594538.67111111,90.43553178087186,9.5,
2025/04/28 11:00:00,5.73,13.99,10.24,99.95,65.83,92.79,2.605452128299987,6707935.107399257,17477714.173333336,89.80087208494844,9.45,
2025/04/28 11:15:00,5.51,13.99,10.13,100.06,66.01,92.79,2.5956039997840636,6687957.782354495,17359779.42111111,90.11180271785945,9.45,
2025/04/28 11:30:00,5.81,14.07,10.32,100.55,66.17,92.78,2.5824041647234184,6679107.797587784,17248652.263333336,90.24558670540881,9.44,
2025/04/28 11:45:00,5.67,14.07,10.29,100.03,66.32,92.78,2.601426214880531,6592421.249201747,17150193.060000002,89.92919180274232,9.47,
2025/04/28 12:00:00,5.78,14.05,10.32,99.97,66.48,92.77,2.605138364232592,6540378.411697406,17039090.866111107,89.76954625654335,9.43,
2025/04/28 12:15:00,5.84,14.19,10.42,100.31,66.63,92.76,2.595172289670609,6525190.123681477,16934481.373333342,90.00696658424388,9.5,
2025/04/28 12:30:00,6.08,14.15,10.49,100.73,66.79,92.76,2.5851237319085496,6509972.455156339,16829581.486666664,90.1377495460731,9.54,
2025/04/28 12:45:00,6.16,14.13,10.52,101.15,66.94,92.75,2.568511626617231,6511358.667541022,16724996.145000001,90.42471053987086,9.51,
2025/04/28 13:00:00,6.38,14.3,10.75,101.39,67.1,92.75,2.5659642705092187,6477066.723592633,16620421.950000005,90.41756161996227,9.57,
2025/04/28 13:15:00,6.51,14.25,10.7,101.36,67.25,92.74,2.5702741041957795,6425409.860451345,16515562.934444439,90.26422882564627,9.57,
2025/04/28 13:30:00,6.81,14.29,10.87,101.34,67.41,92.74,2.5804930182881054,6359441.927810596,16411012.890555555,89.95291844124182,9.63,
2025/04/28 13:45:00,6.91,14.3,10.9,101.31,67.56,92.73,2.582990938888473,6312706.545129257,16306181.741666667,89.82900640976109,9.6,
2025/04/28 14:00:00,6.58,14.32,10.79,101.07,67.69,92.72,2.585194454328744,6271913.20939018,16214611.991111113,89.94380100526762,9.6,
2025/04/28 14:15:00,6.34,14.37,10.72,100.73,67.8,92.72,2.590627053053023,6230925.916755391,16142485.162222221,89.88343710468453,9.52,
2025/04/28 14:30:00,6.33,14.45,10.81,100.71,67.91,92.71,2.5937889453984524,6192917.44668628,16063600.666666662,89.87559754280964,9.59,
2025/04/28 14:45:00,6.55,14.5,10.91,100.88,68.02,92.71,2.592034654991271,6169287.483825189,15991490.789999997,89.80810726962063,9.59,
2025/04/28 15:00:00,6.53,14.54,10.91,101.05,68.12,92.7,2.5844626258946084,6159357.438123078,15919103.175555555,89.97540371403451,9.59,
2025/04/28 15:15:00,6.66,14.66,11.08,101.23,68.23,92.69,2.580410043316608,6138030.9371054135,15839113.766666662,90.00441528753996,9.6,
2025/04/28 15:30:00,6.88,14.6,11.08,101.4,68.34,92.69,2.580770777900822,6107926.844151901,15763642.124999994,89.93635041769573,9.66,
2025/04/28 15:45:00,7.16,14.62,11.16,101.58,68.45,92.68,2.5770794265271837,6085000.807802739,15682018.103888892,89.81825442790623,9.59,
2025/04/28 16:00:00,7.12,14.67,11.15,101.48,68.56,92.68,2.5827274001696807,6042614.021967897,15606903.620000001,89.77063291539889,9.65,
2025/04/28 16:15:00,7.21,14.72,11.26,101.34,68.67,92.67,2.590040539815742,5993956.570813158,15525077.333333334,89.56106801667396,9.63,
2025/04/28 16:30:00,6.92,14.75,11.21,101.21,68.78,92.67,2.5900925744972034,5964869.323194403,15450037.276666667,89.73227498727466,9.67,
2025/04/28 16:45:00,7.42,14.85,11.42,101.89,68.88,92.66,2.5735401925916452,5974086.478095785,15375032.982222222,89.83181449997319,9.68,
2025/04/28 17:00:00,7.46,14.85,11.38,101.87,68.99,92.65,2.5733421118304434,5942798.113689611,15293325.825555561,89.77534973065325,9.63,
2025/04/28 17:15:00,7.57,14.9,11.53,101.84,69.1,92.65,2.576399267662417,5906658.318579759,15218395.958333343,89.6415459705118,9.61,
2025/04/28 17:30:00,7.68,14.98,11.6,101.81,69.21,92.64,2.5819083193333925,5862546.603969453,15137041.315000003,89.50764524146786,9.65,
2025/04/28 17:45:00,7.91,14.94,11.65,101.79,69.32,92.64,2.5898400156680443,5815578.195389997,15061913.826666672,89.26472416857925,9.69,
2025/04/28 18:00:00,8.08,14.95,11.69,101.76,69.26,92.63,2.593563945393829,5818212.236749062,15090408.88666666,89.07204546874367,9.65,
2025/04/28 18:15:00,8.15,14.98,11.74,101.74,69.18,92.63,2.5985513065247066,5826503.13230674,15140977.133333324,88.98601957542391,9.71,
2025/04/28 18:30:00,8.37,15.02,11.85,101.71,69.1,92.62,2.6009943626195877,5840606.8185787955,15191909.040000007,88.74430150856438,9.61,
2025/04/28 18:45:00,8.12,15.05,11.76,101.68,69.02,92.66,2.5988186422477377,5877651.723670601,15275457.486666664,88.96353290229098,9.67,
2025/04/28 19:00:00,8.02,15.16,11.84,101.65,68.95,92.71,2.5997280294865317,5907651.146862889,15358791.359999994,89.03560004845734,9.72,
2025/04/28 19:15:00,8.13,15.08,11.8,101.63,68.87,92.76,2.6032455593930357,5934289.334677795,15448927.718888888,88.91039542360386,9.72,
2025/04/28 19:30:00,7.94,15.04,11.67,101.6,68.79,92.81,2.5999612901212417,5976376.719951482,15538851.59444444,89.07075144676423,9.72,
2025/04/28 19:45:00,7.8,15.14,11.7,101.58,68.71,92.86,2.5970596270908533,6017814.880953623,15629119.275,89.19071282091888,9.71,
2025/04/28 20:00:00,7.63,15.09,11.67,101.55,68.63,92.91,2.5950304398851154,6057220.326949198,15719171.453333331,89.33136890800154,9.73,
2025/04/28 20:15:00,7.5,15.12,11.57,101.53,68.55,92.96,2.5904429560569056,6102850.8821398085,15809570.455555554,89.44153803852095,9.67,
2025/04/28 20:30:00,7.39,15.09,11.51,101.51,68.47,93.0,2.5894397457725904,6137540.097594701,15893271.820555555,89.53199104467352,9.69,
2025/04/28 20:45:00,7.41,15.07,11.53,101.49,68.39,93.05,2.591917151280719,6166597.205669075,15983799.589999996,89.49501493332107,9.72,
2025/04/28 21:00:00,7.54,15.09,11.61,101.46,68.31,93.1,2.5963244540277133,6190906.805809381,16074105.935555551,89.34159605739627,9.72,
2025/04/28 21:15:00,7.36,15.09,11.56,101.44,68.23,93.15,2.5916982689763017,6236940.386338624,16164765.026666667,89.50070607093495,9.69,
2025/04/28 21:30:00,7.29,15.13,11.52,101.42,68.15,93.2,2.591248967345428,6273149.586478911,16255781.391666666,89.55194622421239,9.7,
2025/04/28 21:45:00,7.39,15.14,11.59,101.4,68.07,93.25,2.5945031965107495,6333512.951619871,16432823.317777783,89.43660992905204,9.7,
2025/04/28 22:00:00,7.54,15.13,11.64,101.38,67.99,93.3,2.598588031875501,6392275.537750736,16611409.98611111,89.27227583283396,9.69,
2025/04/28 22:15:00,7.56,15.11,11.63,101.35,67.91,93.35,2.599966144080303,6317068.741572097,16424680.21333333,89.22667493481254,9.68,
2025/04/28 22:30:00,7.54,15.12,11.6,101.33,67.83,93.4,2.599951346252117,6353041.825221363,16518112.037777783,89.22894789743937,9.67,
2025/04/28 22:45:00,7.54,15.11,11.61,101.31,67.76,93.45,2.6008053424925617,6384429.549719946,16605176.793333327,89.21160434779468,9.67,
2025/04/28 23:00:00,7.54,15.14,11.63,101.29,67.68,93.5,2.6020459133216187,6417249.6256949445,16698498.312222213,89.19424596016167,9.68,
2025/04/28 23:15:00,7.49,15.13,11.6,101.26,67.6,93.55,2.60249781112365,6452145.475848248,16792214.725,89.21721259551289,9.69,
2025/04/28 23:30:00,7.44,15.07,11.54,101.24,67.52,93.6,2.602136795347108,6489091.869118074,16886027.742222223,89.24886012063092,9.69,
2025/04/28 23:45:00,7.49,15.06,11.6,101.22,67.44,93.65,2.602274721897404,6524713.276229844,16979633.03666667,89.18259081672984,9.64,
2025/04/29 00:00:00,7.35,15.11,11.56,101.39,67.88,93.7,2.592817998995704,6438357.863070245,16694001.328888895,89.46717985205257,9.67,
2025/04/29 00:15:00,6.3,15.08,11.17,102.99,67.82,95.08,2.508560714286577,7027537.668486588,17629469.073333334,91.88121404048145,9.87,
2025/04/29 00:30:00,6.09,15.07,11.13,103.05,67.76,96.18,2.501004748225864,7350434.32943166,18383949.08777778,92.13892220104216,9.86,
2025/04/29 00:45:00,6.02,15.1,11.15,103.0,67.7,96.11,2.500796180498471,7350176.033967948,18381768.75333333,92.16432425983287,9.84,
2025/04/29 01:00:00,5.89,15.05,11.1,102.95,67.65,96.04,2.499610857555387,7350199.199629985,18373113.714999996,92.24849703220012,9.83,
2025/04/29 01:15:00,6.01,15.0,11.05,102.9,67.59,95.97,2.5039951038447748,7336455.447358262,18370925.833333332,92.08768109883793,9.82,
2025/04/29 01:30:00,6.02,15.0,11.04,102.85,67.53,95.9,2.506292377869849,7328856.887228838,18368734.932777777,92.03464005757864,9.82,
2025/04/29 01:45:00,6.09,15.03,11.06,102.8,67.46,95.83,2.5099363027198422,7319922.964785591,18373017.22666667,91.9227997957885,9.82,
2025/04/29 02:00:00,6.07,14.97,11.06,102.75,67.38,95.75,2.5115600588482376,7316892.410498178,18377299.520555556,91.89914738108837,9.82,
2025/04/29 02:15:00,6.05,14.98,11.05,102.7,67.29,95.68,2.5131820165762933,7319030.960089774,18394540.27888889,91.87548695624925,9.82,
2025/04/29 02:30:00,6.08,14.98,11.06,102.65,67.2,95.61,2.51593027987392,7318152.290698914,18412446.818333328,91.80283034041967,9.82,
2025/04/29 02:45:00,6.07,14.97,11.06,102.6,67.11,95.54,2.5177742566596026,7321217.556014352,18433661.363333337,91.76935975651094,9.82,
2025/04/29 03:00:00,6.05,14.95,11.04,102.55,67.03,95.47,2.5193892278296777,7322374.548976367,18448400.74,91.74567901625882,9.82,
2025/04/29 03:15:00,6.03,14.97,11.03,102.5,66.94,95.4,2.5210016269652016,7326115.4914439935,18469635.604444448,91.72199019232684,9.82,
2025/04/29 03:30:00,6.05,14.95,11.06,102.45,66.85,95.33,2.523521366120107,7327347.743306449,18491212.764444444,91.65911094267797,9.82,
2025/04/29 03:45:00,6.0,14.88,10.93,102.4,66.77,95.25,2.5240907635911842,7328972.90886762,18499479.875555556,91.6648078289711,9.81,
2025/04/29 04:00:00,5.93,14.83,10.9,102.35,66.68,95.18,2.524199460564651,7331049.867115262,18505521.833333336,91.69008165753593,9.8,
2025/04/29 04:15:00,5.91,14.83,10.94,102.3,66.59,95.11,2.525091812615258,7328091.9138812395,18504599.91111111,91.6663925162508,9.78,
2025/04/29 04:30:00,5.86,14.84,10.93,102.25,66.5,95.04,2.5252970715370107,7326993.244198201,18503327.101111118,91.67207746527983,9.76,
2025/04/29 04:45:00,5.73,14.81,10.88,102.2,66.42,94.97,2.524030165914753,7327593.336894626,18495556.016666662,91.75606480726232,9.75,
2025/04/29 05:00:00,5.73,14.82,10.89,102.16,66.33,94.9,2.5253160134845642,7323475.599887516,18494579.986666672,91.72141803707895,9.74,
2025/04/29 05:15:00,5.68,14.78,10.83,102.12,66.24,94.83,2.5258136414973085,7321508.115485517,18493252.488333337,91.73569649263641,9.74,
2025/04/29 05:30:00,5.78,14.71,10.78,102.08,66.15,94.76,2.5304474065265437,7307566.890919073,18491905.018888887,91.60307504455457,9.76,
2025/04/29 05:45:00,5.65,14.72,10.81,102.04,66.07,94.68,2.5290982763299117,7315535.941774534,18502203.029444452,91.69565812172718,9.76,
2025/04/29 06:00:00,5.37,14.7,10.75,101.99,65.98,94.61,2.521221412810065,7353017.297016341,18539071.79055555,91.92661085051225,9.66,
2025/04/29 06:15:00,5.34,14.7,10.76,101.76,65.89,94.54,2.528476704369786,7346379.59460718,18575641.333333336,91.75650951142708,9.62,
2025/04/29 06:30:00,5.36,14.65,10.72,101.53,65.8,94.47,2.5375816213786657,7334573.89334056,18612576.74222222,91.53729527872919,9.6,
2025/04/29 06:45:00,5.0,14.64,10.7,101.3,65.72,94.4,2.535407608169896,7352880.653656752,18643045.22666667,91.68986554594107,9.51,
2025/04/29 07:00:00,4.93,14.61,10.61,101.07,65.63,94.33,2.542366424007465,7347176.368859359,18679705.916666668,91.55833290060747,9.49,
2025/04/29 07:15:00,4.94,14.54,10.57,100.84,64.91,94.26,2.55186485177546,7495221.368985433,19127302.058333337,91.34835702360516,9.49,
2025/04/29 07:30:00,5.41,14.51,10.52,100.61,64.11,93.29,2.5715329574102648,7419712.9577453565,19080549.10666667,90.68878641521414,9.47,
2025/04/29 07:45:00,4.68,14.5,10.43,97.64,62.0,91.02,2.65804459516634,7199703.417667458,19137664.62666666,88.80490756089517,9.03,
2025/04/29 08:00:00,4.68,14.52,10.39,96.97,61.54,90.05,2.6840366180297957,6938203.753882484,18622910.97944444,88.21515980458764,9.0,
2025/04/29 08:15:00,4.7,14.47,10.45,99.86,62.74,91.68,2.577062905827456,7279659.591592589,18760642.792222224,90.72955108141029,9.25,
2025/04/29 08:30:00,5.57,14.46,10.47,99.18,63.94,92.47,2.6272576001332184,7061347.980122922,18552496.325,89.28552627756562,9.29,
2025/04/29 08:45:00,6.11,14.46,10.73,98.64,64.79,91.98,2.6649062717886847,6655210.995199868,17736053.616111107,88.28544825863209,9.34,
2025/04/29 09:00:00,6.21,14.45,10.72,98.28,64.95,91.5,2.679886065711942,6482248.452540025,17372221.074999996,87.87286785427271,9.27,
2025/04/29 09:15:00,6.23,14.53,10.8,97.87,65.1,91.01,2.697073179532716,6452430.435031928,17403217.28444445,87.49386148916518,9.26,
2025/04/29 09:30:00,6.02,14.42,10.6,97.46,65.25,90.53,2.708803985889713,6454655.025433946,17484928.853333335,87.33862638634814,9.27,
2025/04/29 09:45:00,5.97,14.42,10.57,97.04,65.41,90.05,2.7257486404786957,6355309.7079393845,17323506.542222224,87.01779378320904,9.3,
2025/04/29 10:00:00,5.88,14.42,10.56,97.02,65.56,89.71,2.7231375497895205,6274645.300834432,17087242.608333327,87.08810742213637,9.27,
2025/04/29 10:15:00,5.85,14.44,10.56,97.2,65.71,89.69,2.7162435786370667,6245265.93110917,16964175.39666667,87.27551128769338,9.31,
2025/04/29 10:30:00,6.07,14.57,10.72,97.39,65.86,89.67,2.715047481507018,6202703.9820533,16841147.66277778,87.2279754902446,9.33,
2025/04/29 10:45:00,6.0,14.52,10.67,97.41,66.02,89.65,2.711005367143624,6163979.220803544,16711087.427222228,87.31406079150167,9.29,
2025/04/29 11:00:00,5.88,14.52,10.65,97.2,66.17,89.64,2.71607343607755,6109815.870199043,16595210.62833333,87.24645226316022,9.28,
2025/04/29 11:15:00,6.07,14.56,10.74,97.95,66.32,89.62,2.6929983716097436,6116529.229408531,16472301.327777784,87.71962967414521,9.36,
2025/04/29 11:30:00,6.17,14.53,10.7,98.19,66.48,89.6,2.6832967651766135,6090322.0398165975,16342631.45777777,87.83291697710628,9.29,
2025/04/29 11:45:00,6.33,14.57,10.85,98.43,66.63,89.58,2.680006178499743,6051963.858303716,16219800.300000003,87.88662449654122,9.36,
2025/04/29 12:00:00,6.56,14.61,10.91,98.67,66.78,89.57,2.6781490753958725,6012950.031265525,16104074.909999995,87.87179161166216,9.42,
2025/04/29 12:15:00,6.71,14.65,11.05,98.9,66.78,89.55,2.6695071700080986,6026127.078752553,16087298.479999995,87.92674016471732,9.34,
2025/04/29 12:30:00,6.79,14.7,11.09,98.33,66.6,89.53,2.69731991709701,6004908.197059777,16197678.11444445,87.3496236068598,9.39,
2025/04/29 12:45:00,6.73,14.71,11.09,98.35,66.41,89.51,2.6976796647020413,6086799.531094292,16420760.766666671,87.4254033342852,9.47,
2025/04/29 13:00:00,6.9,14.8,11.16,98.62,66.23,89.5,2.6894899638790637,6046393.3073822055,16262229.157777775,87.49579852320542,9.43,
2025/04/29 13:15:00,6.78,14.85,11.22,98.1,66.04,89.48,2.710104441188901,6123468.004189688,16595771.328888884,87.15747662709632,9.49,
2025/04/29 13:30:00,6.62,14.83,11.13,98.01,64.39,89.25,2.706171787397868,6503444.549328499,17599991.945555557,87.23525723026717,9.39,
2025/04/29 13:45:00,4.94,14.84,10.66,93.47,61.63,87.62,2.8301754262583962,6500740.086401446,18398784.48833333,84.85981219694338,8.89,
2025/04/29 14:00:00,5.75,14.93,10.92,99.28,66.04,92.25,2.6353422889378306,7039993.587941814,18553309.102777775,89.19602225653068,9.51,
2025/04/29 14:15:00,6.75,14.99,11.26,99.43,67.15,92.22,2.6527631109501475,6689113.974416837,17745171.357222218,88.35005137062961,9.46,
2025/04/29 14:30:00,7.26,15.01,11.49,99.22,67.12,91.58,2.6754128897702816,6470664.714640824,17312262.109999992,87.66794318490939,9.48,
2025/04/29 14:45:00,7.36,15.11,11.56,99.0,67.09,90.94,2.6858520918998483,6284360.383198618,16879409.524999995,87.37819555043235,9.44,
2025/04/29 15:00:00,7.23,15.14,11.57,98.79,67.06,90.3,2.6924474756210026,6108227.4178863205,16446613.602222217,87.3217368233315,9.47,
2025/04/29 15:15:00,7.23,15.22,11.58,98.6,67.03,89.83,2.70083111204809,5973590.283466963,16134172.999999996,87.15558444114824,9.48,
2025/04/29 15:30:00,7.58,15.26,11.71,98.65,67.01,89.83,2.70838098445899,5961766.704547463,16147265.921111107,86.85707324274664,9.49,
2025/04/29 15:45:00,7.5,15.27,11.68,98.7,66.98,89.84,2.7055614644379014,5978050.644979501,16174507.909999998,86.97888419831384,9.53,
2025/04/29 16:00:00,7.59,15.24,11.71,98.75,66.95,89.85,2.7036533987894575,5992340.780700752,16201746.183333328,86.93475417675668,9.47,
2025/04/29 16:15:00,7.53,15.31,11.71,98.8,66.92,89.85,2.70067037057691,6006428.385820878,16221906.207222216,87.03705920466072,9.49,
2025/04/29 16:30:00,7.71,15.38,11.84,98.85,66.89,89.86,2.7029331152708074,6011470.983434887,16249137.513888886,86.90471246206674,9.48,
2025/04/29 16:45:00,7.84,15.45,11.9,98.9,66.86,89.87,2.704232751969523,6018650.4881181,16276365.105,86.82119930569976,9.48,
2025/04/29 17:00:00,7.98,15.44,11.91,98.95,66.83,89.87,2.703081361820646,6028667.659272587,16296515.840000005,86.72807657859939,9.41,
2025/04/29 17:15:00,7.91,15.48,11.93,98.99,66.81,89.88,2.701069879174867,6040617.551897783,16316663.78833333,86.8313686403524,9.45,
2025/04/29 17:30:00,8.08,15.58,12.08,98.94,66.78,89.88,2.7084852601094607,6031513.200449258,16336808.949999996,86.62130272212316,9.47,
2025/04/29 17:45:00,8.01,15.59,12.02,98.86,66.75,89.89,2.7119664791585403,6033808.878595898,16364023.07222222,86.6198283293558,9.52,
2025/04/29 18:00:00,8.05,15.63,12.12,98.78,66.72,89.9,2.718312619835995,6029728.003971332,16391233.478888893,86.51070970330774,9.57,
2025/04/29 18:15:00,8.15,15.63,12.13,98.69,66.69,89.9,2.724148804092751,6024101.173175747,16411099.857777782,86.33430294716513,9.55,
2025/04/29 18:30:00,8.27,15.66,12.18,98.61,66.66,89.91,2.7278486602650975,6025702.975870414,16437762.916666668,86.14719791134733,9.47,
2025/04/29 18:45:00,8.41,15.64,12.23,98.53,66.64,89.92,2.737376591313263,6011879.682378797,16457351.093333334,85.94015560615841,9.53,
2025/04/29 19:00:00,8.11,15.68,12.15,98.49,66.61,89.92,2.732395941857007,6030013.016832574,16476935.089999998,86.19862973496198,9.57,
2025/04/29 19:15:00,7.87,15.71,12.06,98.47,66.58,89.93,2.726017774508433,6053904.064054521,16503582.822222227,86.41593718433398,9.55,
2025/04/29 19:30:00,7.54,15.71,12.01,98.45,66.53,89.93,2.718630608335003,6082756.441588741,16537292.200000003,86.72106466139918,9.57,
2025/04/29 19:45:00,7.41,15.71,11.97,98.43,66.49,89.94,2.7149326914903575,6103457.364049839,16570994.61111111,86.83073596541428,9.54,
2025/04/29 20:00:00,7.42,15.76,11.96,98.41,66.44,89.95,2.7163936864126983,6115182.704748938,16611755.881111111,86.8034329426737,9.55,
2025/04/29 20:15:00,7.37,15.78,12.04,98.39,66.39,89.95,2.716567931459742,6127187.891551971,16645443.662222223,86.83474548366178,9.57,
2025/04/29 20:30:00,7.43,15.73,11.99,98.37,66.35,89.96,2.717314861789673,6137898.082537618,16679124.476666665,86.75875089210331,9.52,
2025/04/29 20:45:00,7.37,15.78,12.02,98.35,66.3,89.96,2.7168882386801223,6151256.845935995,16712798.32444444,86.7998627561173,9.53,
2025/04/29 21:00:00,7.27,15.76,11.95,98.33,66.26,89.97,2.7133009881263597,6171800.039372941,16746465.205555553,86.88025956103421,9.48,
2025/04/29 21:15:00,7.22,15.76,11.97,98.31,66.21,89.98,2.7138416640229637,6185574.306023311,16787187.46222223,86.91151091108074,9.51,
2025/04/29 21:30:00,7.25,15.79,11.99,98.29,66.16,89.98,2.7148003669840195,6195785.795135168,16820839.71333334,86.86475568261989,9.49,
2025/04/29 21:45:00,7.27,15.77,11.96,98.27,66.12,89.99,2.7165301079507342,6204225.970034609,16854484.99777777,86.82766771996278,9.5,
2025/04/29 22:00:00,7.24,15.74,11.93,98.25,66.07,90.0,2.717250553735275,6217558.306505434,16895183.567777783,86.83940561845198,9.52,
2025/04/29 22:15:00,7.17,15.73,11.87,98.23,66.03,90.0,2.717211823962295,6227427.926307525,16921754.666666664,86.89019171309646,9.55,
2025/04/29 22:30:00,7.1,15.74,11.87,98.21,65.98,90.01,2.713440055944901,6251077.934499873,16962437.91,86.94134997176289,9.47,
2025/04/29 22:45:00,7.14,15.75,11.89,98.19,65.94,90.01,2.714660896992577,6258049.149138514,16988996.468888894,86.88482947546963,9.45,
2025/04/29 23:00:00,7.21,15.77,11.93,98.17,65.89,90.02,2.7177387135621807,6265924.052075552,17029664.38555555,86.79887996350821,9.46,
2025/04/29 23:15:00,7.16,15.76,11.93,98.16,65.84,90.07,2.715759010283345,6295856.178080771,17098551.01777777,86.83909233537278,9.43,
2025/04/29 23:30:00,7.23,15.84,11.98,98.14,65.8,90.12,2.7202402994840136,6308209.456685412,17160367.644444447,86.75298983353134,9.48,
2025/04/29 23:45:00,7.18,15.8,11.96,98.12,65.75,90.17,2.7186885941395795,6337136.492632817,17229227.106666666,86.78443704555013,9.45,
2025/04/30 00:00:00,7.22,15.8,11.95,98.03,66.31,89.96,2.7266346075761434,6133832.272669977,16725231.386111105,86.666190229931,9.54,
2025/04/30 00:15:00,7.28,15.78,11.96,98.0,66.3,89.94,2.7278456740602977,6128515.02858069,16718159.406666664,86.5814585015842,9.49,
2025/04/30 00:30:00,7.28,15.72,11.94,98.01,66.28,89.92,2.7256878250469487,6133465.738024874,16718433.893333334,86.59040564333017,9.44,
2025/04/30 00:45:00,7.27,15.72,11.92,98.03,66.27,89.9,2.725271099555155,6131809.742784914,16711361.797777783,86.61762290130251,9.46,
2025/04/30 01:00:00,7.33,15.7,11.9,98.04,66.26,89.89,2.727173479350484,6127532.201444324,16711361.797777776,86.56768672235818,9.48,
2025/04/30 01:15:00,7.33,15.71,11.96,98.06,66.24,89.87,2.72563030790263,6131099.722812485,16711636.168333339,86.58527935017734,9.46,
2025/04/30 01:30:00,7.35,15.71,11.96,98.08,66.23,89.85,2.7246209537407724,6130775.556042393,16704563.956666658,86.58332958381251,9.44,
2025/04/30 01:45:00,7.41,15.7,11.97,98.09,66.21,89.84,2.724745100235263,6133090.644262071,16711636.168333339,86.53356937087003,9.41,
2025/04/30 02:00:00,7.35,15.71,11.96,98.11,66.2,89.82,2.7251035530869485,6129589.142098659,16704289.702222211,86.60942423604385,9.49,
2025/04/30 02:15:00,7.34,15.75,12.04,98.12,66.18,89.8,2.724753897605439,6128159.390073347,16698256.104444437,86.62791963290411,9.5,
2025/04/30 02:30:00,7.32,15.71,11.97,98.14,66.17,89.79,2.7233669252191977,6129066.6731881285,16692222.50666667,86.66497861105654,9.5,
2025/04/30 02:45:00,7.33,15.72,11.93,98.16,66.16,89.77,2.7231391984141813,6124772.0437575765,16679124.476666665,86.6726878395023,9.51,
2025/04/30 03:00:00,7.25,15.71,11.92,98.17,66.14,89.75,2.7205478102029756,6128389.545446633,16673093.433333332,86.7596163496467,9.51,
2025/04/30 03:15:00,7.39,15.74,12.02,98.19,65.78,89.74,2.7224543306745406,6212630.971817967,16914138.706666663,86.64042527650064,9.48,
2025/04/30 03:30:00,7.23,15.63,11.88,98.08,65.29,89.72,2.7217253815813773,6333903.569894414,17239686.39555555,86.70054574323355,9.45,
2025/04/30 03:45:00,6.94,15.58,11.7,97.41,64.79,89.7,2.7416319463149597,6409142.4904284775,17572048.181111112,86.39614276682198,9.44,
2025/04/30 04:00:00,6.79,15.56,11.63,96.91,64.3,89.68,2.7573908358049835,6491253.993401568,17899470.60000001,86.10316029373634,9.41,
2025/04/30 04:15:00,6.56,15.58,11.56,96.41,63.8,89.67,2.7707852883704644,6588822.824408919,18256762.25388889,85.88728598639659,9.38,
2025/04/30 04:30:00,6.64,15.54,11.52,98.08,63.73,90.25,2.7048272894703804,6916126.3483754005,18707468.779999997,87.27695582512892,9.42,
2025/04/30 04:45:00,6.62,15.56,11.57,97.85,64.2,90.53,2.7107635818259124,6843642.754952641,18552040.47277778,87.09523641646115,9.33,
2025/04/30 05:00:00,6.83,15.57,11.66,97.78,64.66,90.46,2.721780009415864,6670924.538388143,18157334.799999997,86.8284595571785,9.4,
2025/04/30 05:15:00,6.98,15.56,11.72,98.0,65.13,90.4,2.716246309935355,6539633.1764079,17763796.392222226,86.87492184247965,9.39,
2025/04/30 05:30:00,6.91,15.52,11.66,97.15,65.3,90.33,2.750701927785181,6288828.655886734,17299228.63777777,86.19712594475905,9.41,
2025/04/30 05:45:00,6.86,15.53,11.62,97.49,65.2,90.27,2.736078774736259,6367016.830470081,17421187.568888884,86.54448144973885,9.44,
2025/04/30 06:00:00,6.86,15.47,11.6,97.75,65.09,90.2,2.7248710403989067,6447379.722261749,17568812.744999997,86.77271691138408,9.43,
2025/04/30 06:15:00,6.85,15.41,11.56,97.54,64.99,90.13,2.733046437116625,6418790.077264357,17543390.333333332,86.59822943601833,9.42,
2025/04/30 06:30:00,6.82,15.44,11.6,97.34,64.89,90.07,2.7402527435972464,6389262.892762675,17508736.73999999,86.45191726415652,9.41,
2025/04/30 06:45:00,6.6,15.44,11.43,97.13,64.79,90.0,2.741622822709359,6398277.575751429,17542183.82277777,86.48220768657833,9.37,
2025/04/30 07:00:00,6.5,15.38,11.46,96.93,64.69,89.94,2.747489384240188,6399436.008812607,17582917.458333336,86.40376567471941,9.38,
2025/04/30 07:15:00,6.33,15.31,11.25,96.74,64.59,89.87,2.748710614401091,6408791.043040236,17616429.795555554,86.40259113280665,9.32,
2025/04/30 07:30:00,6.23,15.28,11.23,96.6,64.49,89.8,2.752035914432185,6413341.041650657,17650265.96666667,86.37667780456157,9.33,
2025/04/30 07:45:00,6.11,15.26,11.18,96.47,64.38,89.74,2.7521429932505943,6430362.516386047,17697795.81777778,86.37939884472992,9.27,
2025/04/30 08:00:00,6.12,15.26,11.17,96.34,64.28,89.67,2.7590578758220197,6426428.412573691,17731408.358888887,86.25475946878106,9.31,
2025/04/30 08:15:00,5.81,15.24,11.09,96.21,64.18,89.61,2.7541419786101446,6452761.778474703,17772334.738888882,86.44232648448445,9.26,
2025/04/30 08:30:00,5.82,15.22,11.12,96.73,64.08,89.54,2.733724763319964,6513274.102452923,17806012.534444448,86.89109337063064,9.28,
2025/04/30 08:45:00,5.89,15.22,11.11,97.0,63.98,89.47,2.7248890979981994,6546873.898887819,17840016.253888886,87.06062644246025,9.29,
2025/04/30 09:00:00,6.1,15.22,11.14,97.13,63.88,89.41,2.7252612469124524,6560927.752004188,17880758.133333325,86.97030911948198,9.29,
2025/04/30 09:15:00,6.26,15.23,11.2,97.27,63.82,89.34,2.7234796160865455,6566780.311692698,17885014.302222222,86.93746063458558,9.28,
2025/04/30 09:30:00,6.28,15.22,11.2,97.41,63.8,89.28,2.7185544555439964,6571848.256876126,17866448.599999998,87.04095209129852,9.29,
2025/04/30 09:45:00,6.26,15.2,11.21,97.55,63.78,89.21,2.7125520692537464,6576948.379112447,17840837.50777777,87.18340940059299,9.3,
2025/04/30 10:00:00,6.47,15.21,11.31,97.1,63.76,89.14,2.7372908582133175,6507808.104625734,17814305.189999998,86.58296021797756,9.31,
2025/04/30 10:15:00,6.56,15.25,11.31,97.86,64.33,89.18,2.708739984201481,6440353.315077885,17445758.886111118,87.16258482488337,9.33,
2025/04/30 10:30:00,6.66,15.26,11.33,97.77,64.38,89.23,2.7151802384243164,6426351.132047018,17449221.319444448,86.98600115762119,9.33,
2025/04/30 10:45:00,6.58,15.31,11.39,97.68,64.42,89.29,2.7164398666678706,6429922.188747179,17467018.946666665,86.98516742651502,9.32,
2025/04/30 11:00:00,6.65,15.3,11.4,97.6,64.46,89.34,2.7213208611074315,6422242.478237892,17477508.88888889,86.84666835947272,9.31,
2025/04/30 11:15:00,6.72,15.35,11.46,97.51,64.51,89.39,2.7266339082211024,6411104.463687835,17481264.386666663,86.69937534898233,9.3,
2025/04/30 11:30:00,6.78,15.32,11.47,97.42,64.55,89.45,2.7341226958361338,6399949.919165997,17498786.250000004,86.56146710983566,9.36,
2025/04/30 11:45:00,6.8,15.32,11.54,97.34,64.6,89.5,2.738697763803951,6390626.794628028,17502544.76666667,86.47157766542729,9.38,
2025/04/30 12:00:00,6.84,15.35,11.54,97.25,64.64,89.56,2.743570611759726,6385666.888987919,17520075.222222224,86.35346406085532,9.38,
2025/04/30 12:15:00,6.59,15.4,11.48,96.61,64.69,89.61,2.7645623846677174,6756975.282430069,18680653.615555555,86.03406754041205,9.42,
2025/04/30 12:30:00,6.27,15.51,11.43,96.95,64.73,89.66,2.741834538265585,6824809.5681672925,18713043.854999993,86.64538185505948,9.43,
2025/04/30 12:45:00,5.64,15.47,11.37,97.29,64.78,89.72,2.7103300940186728,6916102.361845213,18745454.065555554,87.5587320133174,9.42,
2025/04/30 13:00:00,5.13,15.57,11.47,97.64,64.82,89.77,2.6816399325450377,7002084.303135335,18777594.55,88.36373642131747,9.39,
2025/04/30 13:15:00,5.15,15.57,11.48,97.98,64.87,89.83,2.6672766956725127,7051957.248159127,18810044.586666662,88.64328504106962,9.35,
2025/04/30 13:30:00,5.16,15.57,11.49,98.3,64.91,89.88,2.6546647316336722,7090265.727397354,18822799.39222222,88.91443754067981,9.35,
2025/04/30 13:45:00,5.15,15.59,11.52,98.29,64.95,89.93,2.6548095216335326,7092390.140671667,18829467.42111111,88.91541489260638,9.35,
2025/04/30 14:00:00,5.16,15.62,11.54,98.28,65.0,89.99,2.655469594411872,7093138.302387409,18836134.75333333,88.89688979458626,9.35,
2025/04/30 14:15:00,5.18,15.68,11.61,98.27,65.04,90.04,2.6563872938643622,7093196.83864981,18842801.38888889,88.86861339866562,9.35,
2025/04/30 14:30:00,5.19,15.73,11.64,98.26,65.09,90.1,2.6570481611647923,7093942.189686883,18849467.32777777,88.85008790298139,9.35,
2025/04/30 14:45:00,5.19,15.77,11.69,98.25,65.13,90.15,2.65745068226687,7095375.210244506,18856132.570000008,88.841313339382,9.35,
2025/04/30 15:00:00,5.21,15.82,11.77,98.24,65.18,90.2,2.6583691552064415,7092594.334360819,18855261.04,88.81303633025924,9.35,
2025/04/30 15:15:00,5.24,15.87,11.77,98.23,65.22,90.26,2.659548054976394,7094791.746584352,18869460.96444445,88.77500762439713,9.35,
2025/04/30 15:30:00,5.27,15.9,11.82,98.21,65.27,90.31,2.661130149688108,7090244.844297304,18868588.73777778,88.72820334112826,9.35,
2025/04/30 15:45:00,5.28,15.95,11.87,98.2,65.31,90.36,2.661792507323062,7090983.489543602,18875251.541666664,88.70967664836311,9.35,
2025/04/30 16:00:00,5.28,15.99,11.94,98.19,65.35,90.42,2.6625205091708684,7094375.016810685,18889448.331111114,88.70083943471744,9.36,
2025/04/30 16:15:00,5.23,16.06,11.96,98.18,65.4,90.47,2.6616286161672993,7096426.730343584,18888575.05944444,88.7408187142844,9.36,
2025/04/30 16:30:00,5.3,16.08,11.99,98.17,65.44,90.53,2.663846866548609,7095845.1171725625,18902769.75888889,88.66378524045679,9.36,
2025/04/30 16:45:00,5.28,16.15,12.06,98.16,65.49,90.58,2.6637312391845587,7095825.051220578,18901895.79055555,88.67451155808632,9.36,
2025/04/30 17:00:00,5.28,16.16,12.06,98.15,65.53,90.63,2.6641347326793325,7097250.342640324,18908555.111111104,88.6657350304425,9.36,
2025/04/30 17:15:00,5.33,16.22,12.13,98.14,65.58,90.69,2.665837092390363,7094121.5181545075,18912298.185000002,88.60820248589367,9.36,
2025/04/30 17:30:00,5.39,16.25,12.1,98.13,65.62,90.74,2.6678030281317815,7088658.37434203,18911663.173333324,88.54091593867035,9.36,
2025/04/30 17:45:00,5.38,16.28,12.2,98.12,65.67,90.8,2.6679458197938137,7088035.176704983,18911021.659444444,88.54189149633515,9.36,
2025/04/30 18:00:00,5.41,16.28,12.19,98.11,65.8,90.87,2.669131894011247,7064916.524264918,18857719.46055556,88.50385928862553,9.36,
2025/04/30 18:15:00,5.42,16.31,12.17,98.2,66.16,91.35,2.665750415640265,7149103.8834024295,19058250.199999996,88.57308335713527,9.36,
2025/04/30 18:30:00,5.49,16.33,12.23,98.68,66.51,91.84,2.6507467987803346,7227973.329383643,19160053.867777776,88.92514998394002,9.44,
2025/04/30 18:45:00,6.8,16.37,12.3,99.58,66.51,91.85,2.6590486558706683,7206699.839967876,19163498.884444434,88.43112654390724,9.79,
2025/04/30 19:00:00,7.37,16.37,12.36,99.38,66.49,91.74,2.678987398059303,7126119.98124849,19091331.416666664,87.69941192409198,9.69,
2025/04/30 19:15:00,7.88,16.4,12.55,99.18,66.48,91.62,2.704638861633418,7026261.562016403,19004074.61333333,87.02584625666339,9.8,
2025/04/30 19:30:00,7.68,16.41,12.49,98.99,66.47,91.51,2.70661941029434,6991691.778721863,18924411.244444445,87.05567990608063,9.78,
2025/04/30 19:45:00,7.67,16.42,12.45,98.79,66.45,91.4,2.714126644812295,6945799.921166139,18852336.433333334,86.89079855940425,9.76,
2025/04/30 20:00:00,7.88,16.43,12.55,98.91,66.44,91.29,2.7154103095215256,6913198.22750259,18772736.46111112,86.79020026661584,9.78,
2025/04/30 20:15:00,7.97,16.43,12.63,98.98,66.43,91.17,2.7111616846697433,6891894.999087045,18685616.204444442,86.76341464802883,9.67,
2025/04/30 20:30:00,7.95,16.44,12.61,98.76,66.41,91.06,2.72034479809482,6842170.582088023,18613634.050000004,86.59085776172894,9.68,
2025/04/30 20:45:00,7.95,16.43,12.61,98.53,66.4,90.95,2.7304729253319673,6787673.350090068,18534131.61111111,86.38985767822145,9.69,
2025/04/30 21:00:00,7.95,16.46,12.65,98.37,66.39,90.84,2.7376085711896123,6744269.950404205,18463746.21666667,86.24994001645847,9.7,
2025/04/30 21:15:00,7.98,16.43,12.62,98.31,66.37,90.72,2.7393254673981455,6714437.04061602,18393601.752777774,86.16821278652021,9.65,
2025/04/30 21:30:00,7.95,16.45,12.63,98.25,66.36,90.61,2.7430346438848114,6679873.28009842,18323694.736111112,86.14495096080343,9.71,
2025/04/30 21:45:00,8.02,16.44,12.66,98.18,66.35,90.5,2.746644376175807,6645521.746826367,18253460.86666667,86.01532575322027,9.67,
2025/04/30 22:00:00,7.98,16.46,12.67,98.12,66.33,90.39,2.7480885708430245,6619208.24714168,18190743.450000003,86.00192465368225,9.67,
2025/04/30 22:15:00,7.66,16.44,12.49,97.9,66.32,90.27,2.747855318770988,6591436.372256896,18112860.76111111,86.12208238603537,9.65,
2025/04/30 22:30:00,7.69,16.46,12.52,97.7,66.31,90.16,2.7580922789474696,6541457.996737186,18042494.524999995,85.91741449016024,9.68,
2025/04/30 22:45:00,7.6,16.49,12.49,97.7,66.29,90.05,2.7533448936346288,6527512.167191481,17973030.239999995,86.00550807746546,9.61,
2025/04/30 23:00:00,7.68,16.44,12.48,97.7,66.28,90.01,2.754934546848667,6510305.898169652,17936009.37333334,85.9274008127714,9.59,
2025/04/30 23:15:00,7.64,16.48,12.52,97.7,66.27,89.99,2.754140739700035,6504338.249239732,17914404.811111107,85.96645532241261,9.6,
2025/04/30 23:30:00,7.62,16.47,12.51,97.7,66.25,89.96,2.7539042647624323,6496956.304622674,17892536.79277777,85.98596880140917,9.61,
2025/04/30 23:45:00,7.67,16.45,12.53,97.7,66.24,89.94,2.7553047167759486,6485719.832047844,17870680.849999998,85.93711876632905,9.61,
2025/05/01 00:00:00,7.67,16.46,12.51,97.79,66.86,89.99,2.7518192156592542,6365664.817640945,17517689.254999995,86.01598717425783,9.62,
2025/05/01 00:15:00,7.65,16.44,12.52,97.8,66.88,89.98,2.7505118878137846,6361598.959328755,17498187.11666667,86.04431900055638,9.61,
2025/05/01 00:30:00,7.63,16.43,12.5,97.81,66.89,89.97,2.749204760404655,6360185.98083238,17485984.999999996,86.07265138651917,9.6,
2025/05/01 00:45:00,7.72,16.43,12.5,97.83,66.91,89.96,2.750536249780268,6350011.438452508,17466467.88333333,86.00226123750431,9.59,
2025/05/01 01:00:00,7.64,16.44,12.5,97.84,66.92,89.95,2.748540598638606,6350179.121822083,17454254.039444443,86.08914629500008,9.61,
2025/05/01 01:15:00,7.74,16.42,12.55,97.86,66.94,89.94,2.751458025781828,6336246.439665306,17434454.888888888,86.00888207880219,9.64,
2025/05/01 01:30:00,7.7,16.41,12.53,97.87,66.95,89.93,2.748940593102205,6337699.759934582,17422496.37333333,86.05680469223033,9.61,
2025/05/01 01:45:00,7.82,16.4,12.55,97.88,66.97,89.92,2.750859881159335,6326073.731243559,17402682.825,85.94836718136196,9.58,
2025/05/01 02:00:00,7.83,16.4,12.55,97.9,66.99,89.91,2.74994833792091,6321059.925413561,17383127.74,85.9561400195817,9.57,
2025/05/01 02:15:00,7.83,16.37,12.56,97.91,67.0,89.9,2.7518514089378416,6312237.145782892,17370884.055555556,85.96473099260741,9.64,
2025/05/01 02:30:00,7.83,16.37,12.54,97.92,66.98,89.89,2.752077590500868,6315635.449927933,17381661.721111108,85.97344801574069,9.66,
2025/05/01 02:45:00,7.82,16.36,12.55,97.94,66.82,89.88,2.750949114574905,6360663.59588124,17498410.978888888,86.00074041969538,9.66,
2025/05/01 03:00:00,7.78,16.36,12.5,97.95,66.67,89.87,2.7490850606751516,6404797.6947885845,17607878.444444444,86.04861478966629,9.65,
2025/05/01 03:15:00,7.73,16.34,12.46,97.97,66.51,89.86,2.747167591547159,6451794.163043784,17724704.799999993,86.11497731514221,9.66,
2025/05/01 03:30:00,7.69,16.32,12.45,97.98,66.36,89.85,2.7456300078516254,6495303.716575222,17834250.059999995,86.16282758680717,9.66,
2025/05/01 03:45:00,7.66,16.31,12.44,97.99,66.2,89.85,2.7446926878956157,6542879.770487661,17958747.06388888,86.20088260270157,9.67,
2025/05/01 04:00:00,7.63,16.31,12.41,97.94,66.05,89.84,2.7462839881995245,6579006.101394917,18068371.51166667,86.18637644886354,9.68,
2025/05/01 04:15:00,7.56,16.29,12.38,97.84,65.89,89.83,2.7482262494082947,6616921.798471613,18185353.34,86.16716621548437,9.67,
2025/05/01 04:30:00,7.48,16.26,12.32,97.73,65.74,89.82,2.749988484160872,6652573.594130648,18295055.582222223,86.14893654742947,9.65,
2025/05/01 04:45:00,7.47,16.24,12.3,97.63,65.58,89.81,2.7542209431226077,6684850.3388799345,18412114.508333337,86.07098262267826,9.66,
2025/05/01 05:00:00,7.35,16.22,12.28,97.52,65.43,89.8,2.753284095040634,6726996.259880176,18521894.544999987,86.09186286598637,9.59,
2025/05/01 05:15:00,7.25,16.21,12.21,97.42,65.27,89.79,2.755599728256721,6763853.200029937,18639030.568888895,86.10164431317799,9.62,
2025/05/01 05:30:00,7.11,16.18,12.14,97.32,65.12,89.78,2.7539908148455394,6807696.1483105775,18748888.399999995,86.15069418710517,9.56,
2025/05/01 05:45:00,6.94,16.16,12.1,97.21,64.96,89.77,2.753493923959724,6853376.432513115,18871286.811666664,86.22000492769905,9.55,
2025/05/01 06:00:00,6.76,16.14,12.03,97.11,64.81,89.76,2.7513691074876947,6913694.328519896,19022678.400000002,86.30788641067106,9.51,
2025/05/01 06:15:00,6.46,16.12,11.99,97.0,64.65,89.75,2.746297784367529,6984340.790234911,19181633.34999999,86.50392516883782,9.47,
2025/05/01 06:30:00,6.16,16.09,11.95,96.9,64.5,89.74,2.741732059575915,7051240.83615374,19333168.335555553,86.70844823843206,9.46,
2025/05/01 06:45:00,5.89,16.07,11.93,96.83,64.34,89.76,2.735288419919609,7134658.427384412,19515907.021111112,86.91026161445318,9.4,
2025/05/01 07:00:00,5.7,16.06,11.95,96.76,64.19,89.79,2.7325757266097885,7208844.7377036605,19699281.066666674,87.0337579132249,9.39,
2025/05/01 07:15:00,5.34,16.04,11.88,96.7,64.03,89.83,2.7211629715792145,7237183.419266264,19694111.799999997,87.33234275580489,9.26,
2025/05/01 07:30:00,5.31,16.01,11.85,96.7,63.88,89.87,2.719720401284583,7268606.272384325,19769134.672222227,87.361699940834,9.24,
2025/05/01 07:45:00,5.33,15.96,11.81,96.7,63.72,89.9,2.719949973229711,7334982.673571546,19951350.393333334,87.34229668526471,9.23,
2025/05/01 08:00:00,5.36,15.94,11.79,96.7,63.57,89.94,2.720449324867593,7320457.450445402,19915497.139999997,87.31315460023025,9.22,
2025/05/01 08:15:00,5.35,15.93,11.78,96.89,63.52,89.98,2.7140490288814667,7282168.77774784,19764720.36,87.49002037433715,9.27,
2025/05/01 08:30:00,5.3,15.91,11.79,97.8,63.61,90.01,2.677168740310081,7405594.105539894,19826576.0,88.33920123265518,9.31,
2025/05/01 08:45:00,5.28,15.9,11.78,97.84,63.7,90.05,2.6753524556215296,7420944.646722883,19854193.608333327,88.39377599294951,9.32,
2025/05/01 09:00:00,5.27,15.88,11.78,97.87,63.79,90.09,2.6745232755088213,7415438.226428158,19833315.088888887,88.42975076883504,9.34,
2025/05/01 09:15:00,5.24,15.86,11.78,97.9,63.88,90.13,2.6728472892056256,7412366.225608301,19812677.499999996,88.48528508725504,9.35,
2025/05/01 09:30:00,5.21,15.87,11.79,97.94,63.96,90.16,2.670769711909563,7410267.285759337,19791670.677777775,88.5496013149123,9.36,
2025/05/01 09:45:00,5.29,15.89,11.8,97.97,64.05,90.2,2.671972712809283,7399045.725653991,19770599.99444445,88.49789782753551,9.37,
2025/05/01 10:00:00,5.34,15.89,11.79,98.0,64.14,90.24,2.67239044557856,7390094.739725656,19749768.499999996,88.47543241355655,9.38,
2025/05/01 10:15:00,5.29,15.91,11.79,98.04,64.23,90.27,2.669787275371,7381881.917492835,19708599.679999992,88.55924166946905,9.39,
2025/05/01 10:30:00,5.25,15.9,11.84,98.07,64.31,90.31,2.66784866537389,7376008.853658721,19678627.22222222,88.62451872362595,9.4,
2025/05/01 10:45:00,5.27,15.91,11.85,98.1,64.4,90.35,2.6674786184970696,7362958.490752414,19641085.01666666,88.63129668782447,9.41,
2025/05/01 11:00:00,5.29,15.94,11.85,98.14,64.49,90.39,2.6667062804592034,7351014.414895907,19603541.650000002,88.646848767887,9.42,
2025/05/01 11:15:00,5.3,15.96,11.88,98.17,64.58,90.42,2.6660734918421602,7335837.857447651,19558428.071111113,88.6633703729545,9.43,
2025/05/01 11:30:00,5.3,15.97,11.88,98.2,64.67,90.46,2.6651794295649447,7324212.207751784,19520882.266111102,88.68964064036449,9.44,
2025/05/01 11:45:00,5.34,16.01,11.92,98.24,64.75,90.5,2.664926330365146,7313659.186300861,19490904.583333332,88.68567772137297,9.45,
2025/05/01 12:00:00,5.49,16.04,11.96,98.27,64.84,90.53,2.6679475584571826,7288465.773139407,19445787.172777772,88.56565249666768,9.46,
2025/05/01 12:15:00,5.59,16.08,11.99,98.3,64.93,90.57,2.6696657089537585,7269710.555206955,19408237.884444434,88.49437005431614,9.47,
2025/05/01 12:30:00,5.62,16.12,12.05,98.34,65.02,90.61,2.669147063376681,7257054.266792893,19370687.435000002,88.50012936586575,9.48,
2025/05/01 12:45:00,5.71,16.13,12.05,98.37,65.1,90.64,2.6715412483371774,7236495.071213781,19333135.824444447,88.43843338506734,9.52,
2025/05/01 13:00:00,6.15,16.19,12.04,98.4,65.19,90.68,2.682861852136873,7191965.117619319,19295583.052777782,88.03520790305575,9.55,
2025/05/01 13:15:00,6.4,16.2,12.11,98.4,65.28,90.72,2.690447007396165,7157727.189147981,19258029.119999997,87.79103190301171,9.58,
2025/05/01 13:30:00,6.78,16.26,12.16,98.4,65.37,90.76,2.7009260569716482,7116051.758294839,19220474.02611111,87.41990592617256,9.59,
2025/05/01 13:45:00,6.88,16.29,12.2,98.4,65.46,90.79,2.7036107877109634,7092293.875800572,19175347.558888897,87.32222535677948,9.59,
2025/05/01 14:00:00,6.97,16.36,12.23,98.4,65.54,90.83,2.7060315887769564,7074869.507904461,19145360.35499999,87.23430383832195,9.59,
2025/05/01 14:15:00,7.06,16.39,12.29,98.4,65.63,90.87,2.7084545305255334,7054671.923809108,19107801.777777784,87.14637381777385,9.59,
2025/05/01 14:30:00,7.18,16.44,12.34,98.4,65.72,90.9,2.713326162491936,7025372.704230046,19062671.47888889,87.02898145060578,9.64,
2025/05/01 14:45:00,7.14,16.48,12.39,98.4,65.81,90.9,2.712562821661925,7002339.089980422,18994827.75666667,87.06803946541093,9.65,
2025/05/01 15:00:00,7.14,16.53,12.4,98.4,65.9,90.9,2.7125635715374066,6977328.103352851,18926981.944444444,87.06803946541076,9.65,
2025/05/01 15:15:00,7.19,16.55,12.45,98.4,65.98,90.91,2.714239673634624,6953600.003385067,18874275.859999992,87.01915890845379,9.66,
2025/05/01 15:30:00,7.3,16.62,12.5,98.4,66.07,90.91,2.7172302365359973,6920978.055757891,18806426.099999998,86.91166907537202,9.66,
2025/05/01 15:45:00,7.33,16.65,12.55,98.4,66.16,90.91,2.718046272540858,6893936.370895196,18738574.25,86.88235147882783,9.66,
2025/05/01 16:00:00,7.42,16.7,12.6,98.4,66.25,90.92,2.7208216373870164,6864748.4885116685,18678291.567222223,86.79437036190156,9.67,
2025/05/01 16:15:00,7.46,16.78,12.65,98.4,66.31,90.92,2.72191382378567,6845411.153881043,18633149.77333333,86.75527538230499,9.67,
2025/05/01 16:30:00,7.42,16.81,12.68,98.4,66.36,90.92,2.720822200497613,6834349.170948003,18595578.07555556,86.79437036190156,9.67,
2025/05/01 16:45:00,7.53,16.84,12.71,98.4,66.41,90.93,2.724150379056372,6814986.30342156,18565576.82222223,86.68683400542014,9.68,
2025/05/01 17:00:00,7.58,16.86,12.75,98.4,66.46,90.93,2.725518159643224,6797779.580206497,18528002.918333348,86.63795975648513,9.68,
2025/05/01 17:15:00,7.63,16.92,12.8,98.4,66.51,90.93,2.726887598749737,6778507.431603151,18484756.986666672,86.58908293062365,9.68,
2025/05/01 17:30:00,7.7,16.96,12.88,98.4,66.56,90.93,2.7291322833647547,6756263.08596967,18439269.41388889,86.52063190327469,9.69,
2025/05/01 17:45:00,7.68,16.96,12.85,98.4,66.6,90.94,2.728583963527261,6746403.463492458,18408657.06777778,86.54018421601722,9.69,
2025/05/01 18:00:00,7.6,17.0,12.89,98.4,66.65,90.94,2.726390127323693,6735169.527213505,18363226.505555548,86.61838935417396,9.69,
2025/05/01 18:15:00,7.7,17.02,12.91,98.4,66.7,90.94,2.7294578006996506,6710966.86359775,18317827.29333332,86.52061336627365,9.7,
2025/05/01 18:30:00,7.71,17.07,12.97,98.4,66.75,90.95,2.729732348060984,6696439.1001649555,18280013.155555557,86.51083713850265,9.7,
2025/05/01 18:45:00,7.77,17.1,13.0,98.4,66.8,90.95,2.7336192809948825,6670228.962246571,18234393.1,86.45206911721208,9.77,
2025/05/01 19:00:00,7.82,17.11,12.98,98.4,66.85,90.95,2.7350034355687973,6650289.083473463,18189085.38333334,86.40318623219264,9.77,
2025/05/01 19:15:00,7.76,17.13,13.02,98.4,66.9,90.95,2.7333428895201877,6637764.495041389,18143809.016666662,86.46184538586941,9.77,
2025/05/01 19:30:00,7.91,17.16,13.04,98.4,66.94,90.96,2.73749649448165,6616674.915536965,18113646.136666663,86.31519057617558,9.77,
2025/05/01 19:45:00,7.88,17.15,13.05,98.4,66.99,90.96,2.736664625439019,6602060.400974816,18068147.881666664,86.34452338350911,9.77,
2025/05/01 20:00:00,7.86,17.17,13.05,98.4,67.04,90.96,2.736110909030443,6586882.530973675,18022959.875555545,86.36407807643896,9.77,
2025/05/01 20:15:00,7.81,17.19,13.05,98.4,67.09,90.97,2.7347268171978074,6576459.454182151,17985334.766666662,86.41296301463075,9.77,
2025/05/01 20:30:00,7.85,17.2,13.08,98.4,67.14,90.97,2.7358339246095964,6557201.155485572,17939929.632777777,86.37385526919931,9.77,
2025/05/01 20:45:00,7.88,17.17,13.06,98.4,67.19,90.97,2.7366648175549346,6538731.57957453,17894833.122222222,86.34452338350906,9.77,
2025/05/01 21:00:00,7.84,17.18,13.07,98.42,67.24,90.98,2.7347121031410127,6529672.783764714,17857289.98777779,86.40112456742807,9.77,
2025/05/01 21:15:00,7.92,17.23,13.08,98.49,67.28,90.98,2.733964803613037,6517736.935543602,17819771.933333334,86.3841125181079,9.77,
2025/05/01 21:30:00,7.93,17.22,13.09,98.55,67.33,90.98,2.731699898433021,6506563.7556088455,17774488.600000005,86.426787297705,9.77,
2025/05/01 21:45:00,7.85,17.21,13.09,98.61,67.38,90.98,2.726960212238183,6501379.859197589,17729511.800000004,86.55746625009832,9.77,
2025/05/01 22:00:00,7.91,17.2,13.06,98.68,67.43,90.99,2.725645363249819,6402564.992775472,17451618.433333322,86.55996311907532,9.77,
2025/05/01 22:15:00,7.87,17.21,13.08,98.74,67.48,90.99,2.72201108070103,6533088.995142674,17783647.096111104,86.65150856570222,9.77,
2025/05/01 22:30:00,7.89,17.2,13.08,98.81,67.53,91.01,2.7202415534624866,6518473.50296657,17732328.19111111,86.6930751379055,9.79,
2025/05/01 22:45:00,8.37,17.21,13.28,99.16,67.57,91.03,2.720734519592912,6501119.758295573,17688349.94666667,86.5288450630245,9.86,
2025/05/01 23:00:00,8.54,17.22,13.35,99.46,67.62,91.05,2.711469872685859,6506360.87243833,17642334.41666666,86.62389778702047,9.83,
2025/05/01 23:15:00,8.23,17.19,13.12,98.17,67.67,91.07,2.7574643124334712,6390829.992258724,17623005.39999999,85.80105378164104,9.81,
2025/05/01 23:30:00,8.35,17.18,13.2,99.01,67.72,91.08,2.72659390679435,6453430.861126132,17596406.666666668,86.41757192883617,9.86,
2025/05/01 23:45:00,8.41,17.17,13.23,99.33,67.77,91.1,2.712866162384258,6478954.803451195,17577059.188333333,86.63791492918571,9.81,
2025/05/02 00:00:00,8.63,17.17,13.33,99.33,67.77,90.44,2.7201840438779845,6252985.1601768825,17009790.923888884,86.4224964093903,9.85,
2025/05/02 00:15:00,8.6,17.17,13.3,99.35,67.81,90.36,2.7174828340251187,6242449.474118557,16964263.525,86.46930319662991,9.82,
2025/05/02 00:30:00,8.58,17.16,13.33,99.37,67.85,90.28,2.715733683302807,6243339.18965658,16955765.352777783,86.50631750945568,9.81,
2025/05/02 00:45:00,8.84,17.16,13.38,99.39,67.89,90.2,2.7232995137696374,6222644.041061919,16946651.21111111,86.26910517267603,9.85,
2025/05/02 01:00:00,8.96,17.15,13.4,99.41,67.93,90.12,2.7249945025966897,6179744.1508943895,16840297.961666666,86.16897337189911,9.83,
2025/05/02 01:15:00,9.12,17.15,13.47,99.43,67.97,90.04,2.7291825098792852,6124025.985569004,16714121.06222223,86.02964254932562,9.85,
2025/05/02 01:30:00,8.92,17.13,13.35,99.45,68.01,89.96,2.724595557962556,6106225.983612977,16637514.666666657,86.24302233500721,9.9,
2025/05/02 01:45:00,9.08,17.12,13.44,99.47,68.05,89.88,2.7270511410443166,6072481.604113681,16560498.747222219,86.10367226993559,9.87,
2025/05/02 02:00:00,9.16,17.09,13.41,99.49,68.08,89.79,2.728006723477571,6042067.546190289,16483329.561111117,86.04269352635359,9.86,
2025/05/02 02:15:00,8.66,17.08,13.26,98.61,68.13,89.77,2.752961511003606,5934867.17829237,16338973.028888887,85.76500904196249,9.88,
2025/05/02 02:30:00,8.4,17.1,13.22,98.99,68.18,89.88,2.730107145535461,5990903.82449776,16356307.48888888,86.35118573836152,9.9,
2025/05/02 02:45:00,8.37,17.08,13.18,99.22,68.24,90.0,2.7191520595210354,6028236.0362209175,16392183.96444445,86.58116657018684,9.89,
2025/05/02 03:00:00,8.43,17.08,13.18,99.26,68.29,90.11,2.719405824438943,6040940.047622212,16428262.241111103,86.5573088053248,9.9,
2025/05/02 03:15:00,8.34,17.06,13.17,99.3,68.34,90.23,2.7139374543009795,6069065.922168577,16471561.003333332,86.68028231615395,9.86,
2025/05/02 03:30:00,8.23,17.04,13.1,99.34,68.39,90.34,2.708594072436971,6094322.263145484,16507534.083333336,86.82283507393096,9.84,
2025/05/02 03:45:00,8.3,17.03,13.07,99.38,68.45,90.46,2.708438371773417,6107936.480443479,16543457.003333326,86.78917978227805,9.83,
2025/05/02 04:00:00,8.68,17.0,13.18,99.84,68.39,90.57,2.7026282689367527,6178153.559539314,16697760.77444444,86.81763850031189,9.94,
2025/05/02 04:15:00,8.58,16.97,13.21,99.73,68.15,90.69,2.699493238863334,6321589.068695102,17065613.77888888,86.81983604681857,9.79,
2025/05/02 04:30:00,8.58,16.95,13.17,99.27,67.9,90.8,2.7207268998742444,6392854.12803579,17393750.97777777,86.41916519630148,9.83,
2025/05/02 04:45:00,8.49,17.01,13.22,98.93,67.65,90.9,2.7332057272870394,6420926.48249563,17550261.208333332,86.210747698898,9.84,
2025/05/02 05:00:00,8.34,17.02,13.14,98.59,67.41,90.91,2.74391138981367,6422687.464834842,17623826.305555552,86.06065327951526,9.85,
2025/05/02 05:15:00,8.0,16.99,12.95,98.25,67.16,90.91,2.7466673950490135,6512920.639083296,17889354.999999996,86.09596951719914,9.78,
2025/05/02 05:30:00,7.57,16.95,12.83,98.1,66.92,90.92,2.738511877788427,6593857.931745845,18057878.666666664,86.38510986951042,9.7,
2025/05/02 05:45:00,7.44,16.92,12.8,98.1,66.67,90.93,2.734595793177474,6715008.884765451,18363363.052222222,86.51215990476305,9.69,
2025/05/02 06:00:00,7.04,16.89,12.71,98.1,66.42,90.93,2.7217077385517836,6765520.730840594,18414288.108333338,86.90307102785495,9.63,
2025/05/02 06:15:00,6.58,16.89,12.69,98.1,66.18,90.94,2.7082488723643308,6910531.433840767,18715958.824444436,87.35234742664197,9.6,
2025/05/02 06:30:00,6.02,16.82,12.64,98.1,65.93,90.94,2.688815683679471,7035617.366157487,18918000.285555545,87.89949470693533,9.46,
2025/05/02 06:45:00,5.48,16.78,12.65,98.1,65.69,90.95,2.672974487318589,7152885.6249740645,19120009.7,88.42652502205421,9.41,
2025/05/02 07:00:00,5.49,16.78,12.67,98.18,65.46,90.95,2.6700008611536945,7230930.266301706,19307125.774444446,88.48697269520285,9.41,
2025/05/02 07:15:00,5.45,16.75,12.65,98.28,65.5,90.96,2.6652352160885098,7244207.364019012,19308052.10888888,88.61365633215506,9.42,
2025/05/02 07:30:00,5.41,16.7,12.62,98.37,65.54,90.96,2.66119946953711,7257879.456392562,19315201.998888876,88.73149386913101,9.44,
2025/05/02 07:45:00,5.41,16.7,12.57,98.47,65.58,90.97,2.6574861331429895,7273534.602033616,19329847.093333334,88.81911902905537,9.45,
2025/05/02 08:00:00,5.42,16.69,12.61,98.57,65.62,90.97,2.6540303050781198,7260661.416191589,19270548.91666666,88.89696154902533,9.46,
2025/05/02 08:15:00,5.49,16.72,12.64,98.66,65.66,90.98,2.652842015691731,7237586.4493434895,19200704.600000005,88.90742141887559,9.48,
2025/05/02 08:30:00,5.58,16.64,12.54,98.76,65.7,90.98,2.651439945119307,7212262.5886358805,19123407.11111111,88.90713531145467,9.49,
2025/05/02 08:45:00,5.93,16.61,12.48,98.75,65.74,90.99,2.66153214593578,7158764.134012302,19053804.305555552,88.55665804831665,9.51,
2025/05/02 09:00:00,6.56,16.6,12.44,98.67,65.78,91.0,2.685181028288031,7069835.379510569,18984312.966666665,87.87099144521892,9.63,
2025/05/02 09:15:00,6.93,16.6,12.47,98.58,65.82,91.0,2.700043796902542,7054088.62904525,19046883.618888896,87.43068359946989,9.67,
2025/05/02 09:30:00,7.19,16.65,12.48,98.5,65.86,91.01,2.7103858817779938,7006733.903236959,18991484.569444444,87.10664076785451,9.67,
2025/05/02 09:45:00,7.13,16.64,12.49,98.42,65.9,91.01,2.711778021412084,6977053.506770264,18920753.28,87.09528899452204,9.66,
2025/05/02 10:00:00,7.07,16.63,12.48,98.33,65.94,91.02,2.713897810148143,6948359.749354446,18857670.11333333,87.0751273538865,9.66,
2025/05/02 10:15:00,7.01,16.6,12.44,98.25,65.98,91.02,2.716212207921187,6922375.940831874,18803171.73777777,87.06363466298119,9.68,
2025/05/02 10:30:00,7.15,16.64,12.52,98.23,66.02,91.03,2.7214888995852773,6898326.735433333,18774255.310555555,86.90931385301965,9.7,
2025/05/02 10:45:00,7.33,16.64,12.54,98.29,66.06,91.03,2.724235118882076,6883010.253184676,18751476.748888887,86.78596389289105,9.71,
2025/05/02 11:00:00,7.52,16.76,12.66,98.35,66.1,91.04,2.727255613761007,6854597.509021113,18694777.37111112,86.6527804137596,9.72,
2025/05/02 11:15:00,7.5,16.69,12.64,98.41,66.14,91.04,2.7245026404086095,6875241.3712567855,18732157.950000003,86.72480860687926,9.73,
2025/05/02 11:30:00,7.74,16.71,12.67,98.48,66.18,91.05,2.728145803199362,6915154.754279824,18866101.521666657,86.55142547729032,9.73,
2025/05/02 11:45:00,7.66,16.74,12.71,98.54,66.22,91.05,2.7237419069205924,6904293.431759719,18806062.67222222,86.68209170579152,9.74,
2025/05/02 12:00:00,7.68,16.78,12.71,98.6,66.26,91.06,2.722082507695813,6884501.811721457,18740723.46666666,86.7149811584635,9.75,
2025/05/02 12:15:00,7.69,16.84,12.79,98.66,66.3,91.07,2.720147697771779,6897451.982787818,18762632.35611111,86.7576373043562,9.76,
2025/05/02 12:30:00,7.59,16.81,12.73,98.72,66.34,91.07,2.7145793825912095,6904355.016049719,18742957.67666666,86.90786983356716,9.75,
2025/05/02 12:45:00,7.71,16.85,12.78,98.79,66.38,91.03,2.7155370662032907,6882859.454589894,18691198.01388889,86.8516690217957,9.77,
2025/05/02 13:00:00,7.79,16.91,12.86,98.66,66.42,90.95,2.7228811733456375,6827320.47137674,18590522.48166667,86.65985300208173,9.76,
2025/05/02 13:15:00,8.1,16.97,12.95,98.48,66.46,90.87,2.7396895464821114,6731132.739762438,18441759.068333343,86.19932826076737,9.78,
2025/05/02 13:30:00,8.15,17.04,13.01,98.46,66.44,90.79,2.7422496315691585,6715845.405811835,18417068.388888896,86.13293277543127,9.79,
2025/05/02 13:45:00,8.05,17.07,13.07,98.56,66.39,90.71,2.734583295783191,6743516.366974673,18441253.404444434,86.31816862933307,9.77,
2025/05/02 14:00:00,8.16,17.07,13.04,98.5,66.34,90.64,2.7405033428326857,6705914.202142032,18378122.399999995,86.15812664090274,9.78,
2025/05/02 14:15:00,8.09,17.1,13.08,98.44,66.29,90.56,2.7417487505007916,6670028.231141392,18288082.761666667,86.17411963000225,9.8,
2025/05/02 14:30:00,8.2,17.17,13.16,98.38,66.24,90.48,2.7483121577206773,6636349.008026443,18239301.813333336,86.01405742935627,9.83,
2025/05/02 14:45:00,8.37,17.24,13.21,98.33,66.18,90.4,2.752965973518709,6655723.209426001,18323523.936666664,85.80411660659337,9.76,
2025/05/02 15:00:00,8.49,17.28,13.29,98.29,66.13,90.32,2.755698048811683,6631407.65693344,18274706.41333333,85.651828470296,9.69,
2025/05/02 15:15:00,8.56,17.37,13.46,98.26,66.08,90.25,2.760639141561173,6604607.031560756,18233497.535,85.55705936467393,9.74,
2025/05/02 15:30:00,8.69,17.36,13.42,98.23,66.03,90.17,2.7645786165664417,6586706.517874969,18210025.093333334,85.40366560004719,9.71,
2025/05/02 15:45:00,8.67,17.4,13.49,98.21,65.98,90.09,2.765220903274465,6551075.2622634405,18115728.937777776,85.40573675437533,9.72,
2025/05/02 16:00:00,8.69,17.46,13.53,98.18,65.93,90.01,2.7677570399446547,6551879.4609482065,18134567.73333333,85.3599167900644,9.74,
2025/05/02 16:15:00,8.66,17.49,13.58,98.16,65.88,89.93,2.7684376160468918,6547856.350948043,18127891.92500001,85.37176111628693,9.76,
2025/05/02 16:30:00,8.85,17.65,13.69,98.13,65.82,89.86,2.774792839580165,6513446.668460277,18074018.57555556,85.1596325374849,9.75,
2025/05/02 16:45:00,8.85,17.6,13.64,98.1,65.77,89.78,2.7760949865159295,6498752.215393217,18041706.24666667,85.13339631483561,9.75,
2025/05/02 17:00:00,8.64,17.58,13.55,98.12,65.72,89.7,2.7712231651318726,6499635.42557641,18012481.080000002,85.35631061095937,9.81,
2025/05/02 17:15:00,8.72,17.64,13.63,98.14,65.67,89.62,2.773599018186948,6483536.060050675,17983272.633333337,85.29553168240696,9.84,
2025/05/02 17:30:00,8.91,17.66,13.7,98.17,65.62,89.54,2.7767568626169257,6465647.320765255,17954080.906666666,85.13587055999861,9.81,
2025/05/02 17:45:00,8.93,17.7,13.77,98.19,65.57,89.47,2.774794747254727,6462407.984757135,17932409.000000004,85.13380425011485,9.76,
2025/05/02 18:00:00,8.95,17.76,13.79,98.21,65.52,89.39,2.774154532591887,6453290.164731024,17902970.769444443,85.13172132118824,9.75,
2025/05/02 18:15:00,9.04,17.79,13.88,98.24,65.46,89.31,2.775740813970048,6441800.780571656,17881324.17500001,85.06985437911786,9.76,
2025/05/02 18:30:00,9.03,17.81,13.85,98.26,65.41,89.23,2.7749263054211357,6433695.274777874,17853576.986666672,85.0971183036074,9.77,
2025/05/02 18:45:00,9.05,17.78,13.86,98.29,65.36,89.15,2.776526493194766,6423677.666527417,17836063.483333338,85.10375051098164,9.84,
2025/05/02 19:00:00,9.01,17.79,13.79,98.31,65.31,89.08,2.7748463989758103,6423858.434009867,17825760.82833333,85.160379520246,9.85,
2025/05/02 19:15:00,8.96,17.8,13.86,98.33,65.26,89.0,2.772227429946596,6423599.0228915205,17808224.683333326,85.2267928570254,9.84,
2025/05/02 19:30:00,9.05,17.85,13.87,98.36,65.21,88.92,2.774142418790232,6412741.73774086,17790400.698888894,85.16491994726677,9.86,
2025/05/02 19:45:00,9.02,17.85,13.88,98.38,65.16,88.84,2.771433709092126,6412672.956825506,17772839.822222225,85.21175516407537,9.83,
2025/05/03 00:15:00,10.3,17.96,14.85,99.92,68.07,88.44,2.722057143073045,5225861.4225628255,14225631.67666667,85.29867716395076,9.44,
2025/05/03 00:30:00,11.09,17.93,14.56,99.56,67.72,88.65,2.775309555867984,5267207.849961455,14618658.498888893,84.2105530234268,9.79,
2025/05/03 00:45:00,11.24,17.97,14.64,99.52,67.36,88.86,2.776651920124911,5351575.628931378,14860004.499999996,84.02840450333578,9.68,
2025/05/03 01:00:00,11.23,17.9,14.56,99.3,67.01,89.07,2.7904072818156274,5572851.5938844895,15551095.278888877,83.84711985823488,9.77,
2025/05/03 01:15:00,10.59,17.88,14.39,98.54,66.76,89.28,2.801915412691566,5782721.764132639,16203268.864444438,83.8132481310723,9.64,
2025/05/03 01:30:00,10.24,17.9,14.26,98.83,66.72,89.49,2.7824090090247195,5742922.439874193,15979693.784999996,84.40922439217037,9.73,
2025/05/03 01:45:00,10.28,17.9,14.31,99.3,66.68,89.7,2.760275373754291,5856889.146311759,16167168.526666664,84.77924536569319,9.68,
2025/05/03 02:00:00,10.23,17.95,14.34,99.31,66.63,89.91,2.7608551874130054,5917097.682428373,16336794.319999998,84.83700972065368,9.74,
2025/05/03 02:15:00,10.24,17.89,14.28,99.32,66.59,90.05,2.7610753339035146,5957736.309274061,16450307.096666658,84.83590865134859,9.75,
2025/05/03 02:30:00,10.14,17.84,14.2,99.32,66.55,90.04,2.7583140448842505,5966681.385395536,16458524.280000007,84.93398418820992,9.75,
2025/05/03 02:45:00,10.11,17.81,14.16,99.33,66.51,90.04,2.7574274385248176,5974008.417204764,16473436.66222222,84.97211249802668,9.76,
2025/05/03 03:00:00,10.07,17.81,14.16,99.34,66.47,90.04,2.755874670255907,5982868.6536895875,16488578.131666668,85.02004122869346,9.76,
2025/05/03 03:15:00,10.19,17.82,14.2,99.35,66.43,90.04,2.756349552964472,5987313.484206747,16503675.943333335,84.91103007025293,9.7,
2025/05/03 03:30:00,10.08,17.81,14.16,99.36,66.38,90.04,2.7544686069321127,5999305.0095034875,16525440.04222223,85.02762792636456,9.74,
2025/05/03 03:45:00,10.05,17.8,14.17,99.36,66.34,90.04,2.754034967139106,6005696.635533877,16540444.616666673,85.05705280283316,9.75,
2025/05/03 04:00:00,10.02,17.71,14.1,99.37,66.3,90.04,2.7527604224952698,6013911.059829638,16555405.533333343,85.09517387941797,9.75,
2025/05/03 04:15:00,9.98,17.75,14.1,99.38,66.26,90.04,2.7512138403262654,6022615.641524159,16570046.680000002,85.14310053219124,9.75,
2025/05/03 04:30:00,9.95,17.69,14.1,99.39,66.22,90.04,2.7499406922052936,6030809.147867881,16584919.816666674,85.18122021225217,9.75,
2025/05/03 04:45:00,9.98,17.69,14.06,99.39,66.18,90.04,2.7487940312378747,6003951.804174869,16504170.112222219,85.15178795442104,9.7,
2025/05/03 05:00:00,10.07,17.68,14.07,99.29,66.13,90.04,2.753743915937035,5953798.430053904,16395780.390000006,84.97650616294624,9.65,
2025/05/03 05:15:00,10.21,17.64,14.08,99.0,66.09,90.04,2.76948982455372,5977339.926522113,16554744.280555554,84.58673749159155,9.62,
2025/05/03 05:30:00,10.19,17.63,14.1,99.0,66.05,90.03,2.770560042089175,6043010.958865361,16743098.44777778,84.60634264906946,9.66,
2025/05/03 05:45:00,10.14,17.61,14.09,99.0,66.01,90.03,2.7695718330226624,6115971.040172696,16939202.91555555,84.655369135915,9.67,
2025/05/03 06:00:00,9.79,17.62,13.95,99.0,65.97,90.03,2.762573028871799,6098304.579484552,16847564.543333333,84.99848798447832,9.74,
2025/05/03 06:15:00,9.65,17.61,13.87,98.9,65.93,90.03,2.76497415531308,6086140.130066001,16828562.72777777,85.04855050876458,9.79,
2025/05/03 06:30:00,9.79,17.53,13.91,98.64,65.88,90.03,2.7767422785601306,6089674.819549138,16910024.541666668,84.68463895791277,9.69,
2025/05/03 06:45:00,9.11,17.48,13.68,99.1,64.97,90.03,2.7393938159979005,6353688.877136622,17405800.29222222,85.75194248072542,9.74,
2025/05/03 07:00:00,9.48,17.48,13.75,99.08,65.03,90.03,2.7462295819435454,6366241.840901699,17483720.833333332,85.37204659987681,9.63,
2025/05/03 07:15:00,9.68,17.54,13.83,99.06,65.08,90.03,2.7553272187676217,6311501.482816344,17390813.94722222,85.15857911916481,9.7,
2025/05/03 07:30:00,9.66,17.43,13.74,99.05,65.14,90.03,2.75444952415581,6276086.226967951,17287724.23277778,85.16947309671312,9.68,
2025/05/03 07:45:00,9.63,17.4,13.75,99.03,65.19,90.03,2.752954799878723,6244667.33309832,17191850.94,85.18146657560357,9.64,
2025/05/03 08:00:00,9.65,17.39,13.73,99.01,65.25,90.03,2.7551800260595996,6219853.3675847845,17137377.18,85.14442759347216,9.66,
2025/05/03 08:15:00,9.63,17.38,13.74,98.99,65.31,90.03,2.7566789264626155,6210268.088666324,17120279.586666666,85.14658950358285,9.69,
2025/05/03 08:30:00,9.63,17.35,13.76,98.98,65.36,90.02,2.755964995262846,6247495.616085108,17218454.549999993,85.13788536273597,9.66,
2025/05/03 08:45:00,9.53,17.35,13.68,98.96,65.42,90.02,2.7552517280353186,6212868.854787352,17118576.93333333,85.21843896345516,9.69,
2025/05/03 09:00:00,9.55,17.39,13.74,98.94,65.47,90.02,2.7547671848799657,6180429.089696379,17026202.41666666,85.18143202618099,9.64,
2025/05/03 09:15:00,9.47,17.29,13.62,98.92,65.53,90.02,2.7538418817941293,6146436.283931764,16926866.226111107,85.24238247709334,9.65,
2025/05/03 09:30:00,9.35,17.2,13.54,98.91,65.58,90.02,2.751364405014082,6124352.502161616,16850876.26444444,85.3512307834163,9.66,
2025/05/03 09:45:00,9.34,17.17,13.5,98.89,65.64,90.02,2.752352932384874,6206473.141640348,17082961.707777772,85.34358245181923,9.67,
2025/05/03 10:00:00,9.32,17.15,13.52,98.87,65.69,90.02,2.753060650640561,6184556.945418135,17027022.044999998,85.34572940266395,9.68,
2025/05/03 10:15:00,9.3,17.16,13.5,98.85,65.75,90.02,2.7533922283693237,6160888.173671361,16963896.729999997,85.34788009109634,9.68,
2025/05/03 10:30:00,9.28,17.14,13.5,98.84,65.8,90.02,2.753280658823498,6151814.348972573,16938228.743333332,85.35875042803352,9.68,
2025/05/03 10:45:00,9.3,17.1,13.45,98.82,65.86,90.01,2.7543413898048583,6134930.364235378,16898247.39166667,85.3217215652705,9.67,
2025/05/03 11:00:00,9.32,17.13,13.46,98.8,65.91,90.01,2.755401559443955,6122311.291858025,16869977.238888893,85.28469230000951,9.66,
2025/05/03 11:15:00,9.35,17.12,13.52,98.78,65.97,90.01,2.7552033224203627,6107301.954410712,16827419.033333335,85.23790158395909,9.61,
2025/05/03 11:30:00,9.37,17.1,13.49,98.77,66.02,90.01,2.7558105870204583,6093054.932075834,16791863.14055556,85.20959617898728,9.6,
2025/05/03 11:45:00,9.44,17.14,13.51,98.75,66.08,90.01,2.759018497653486,6070548.602350887,16749310.276111115,85.12356332521188,9.61,
2025/05/03 12:00:00,9.4,17.11,13.48,98.73,66.13,90.0,2.7591874633334097,6054856.56182646,16707037.35555556,85.14529482704629,9.62,
2025/05/03 12:15:00,9.36,17.12,13.5,98.71,66.19,90.0,2.759350427506304,6039079.3404763425,16664489.36777778,85.16702233373708,9.63,
2025/05/03 12:30:00,9.35,17.12,13.47,98.69,66.24,90.0,2.7610952230939443,6023390.073119478,16631701.680000003,85.15934440774404,9.66,
2025/05/03 12:45:00,9.52,17.15,13.54,98.67,66.3,90.0,2.7651788747199064,6000398.532056989,16592729.450000001,84.9753910720144,9.62,
2025/05/03 13:00:00,9.53,17.15,13.56,98.65,66.35,90.0,2.765959217874751,5987240.288624556,16561018.925000003,84.94815390036146,9.61,
2025/05/03 13:15:00,9.54,17.17,13.57,98.63,66.41,89.99,2.767900456541064,5966519.698390374,16515286.589999998,84.92089062710701,9.63,
2025/05/03 13:30:00,9.57,17.2,13.57,98.61,66.46,89.99,2.77077371925504,5948878.481900271,16483545.411666665,84.8740296016748,9.66,
2025/05/03 13:45:00,9.6,17.22,13.61,98.58,66.52,89.99,2.7714157451289596,5933513.367410241,16444783.575,84.81848908104288,9.62,
2025/05/03 14:00:00,9.58,17.23,13.63,98.56,66.58,89.99,2.772516204038118,5917171.2742958525,16406005.018333329,84.82061511597418,9.64,
2025/05/03 14:15:00,9.56,17.23,13.62,98.54,66.63,89.98,2.773227158906576,5901568.290460756,16366938.622222228,84.82274690802114,9.65,
2025/05/03 14:30:00,9.59,17.27,13.64,98.52,66.69,89.98,2.773425762800876,5887153.221983997,16328127.322222225,84.7759333455339,9.61,
2025/05/03 14:45:00,9.63,17.31,13.68,98.5,66.67,89.98,2.776208379129636,5887472.472923652,16345396.76,84.71927534268366,9.63,
2025/05/03 15:00:00,9.61,17.31,13.71,98.47,66.61,89.98,2.777745636680287,5903265.776885486,16398323.920000004,84.71266902518904,9.65,
2025/05/03 15:15:00,9.46,17.33,13.67,98.45,66.55,89.98,2.776638870453594,5967518.0137102455,16570191.935000004,84.84210408751355,9.71,
2025/05/03 15:30:00,9.32,17.38,13.64,98.43,66.49,89.97,2.775356028476853,6187533.883316383,17173166.34,84.96172921929377,9.76,
2025/05/03 15:45:00,9.06,17.4,13.64,98.41,66.43,89.97,2.7699141992577627,6240794.58371485,17287021.412222214,85.19881248580873,9.79,
2025/05/03 16:00:00,8.95,17.43,13.6,98.38,66.37,89.97,2.768781734853869,6296772.205655367,17434937.911111105,85.28027260542147,9.81,
2025/05/03 16:15:00,8.63,17.47,13.59,98.36,66.31,89.97,2.7606086997977295,6448100.652981024,17801234.56222222,85.57594803245479,9.81,
2025/05/03 16:30:00,8.66,17.49,13.58,98.34,66.25,89.97,2.7629643768395775,6456948.733383274,17840868.857777774,85.52910650692243,9.83,
2025/05/03 16:45:00,8.66,17.5,13.59,98.32,66.19,89.96,2.7647824235514284,6498447.287224561,17967346.833333332,85.5116184453627,9.86,
2025/05/03 17:00:00,8.65,17.55,13.6,98.3,66.13,89.96,2.765987047757469,6551127.297780761,18120886.70944444,85.50391752759552,9.88,
2025/05/03 17:15:00,8.67,17.56,13.61,98.28,66.07,89.96,2.767725668194945,6602682.077747745,18274971.37888889,85.46686612402068,9.89,
2025/05/03 17:30:00,8.65,17.59,13.59,98.26,66.01,89.96,2.767077407050368,6642525.068759024,18380935.772222213,85.46894725392073,9.86,
2025/05/03 17:45:00,8.71,17.6,13.65,98.24,65.95,89.96,2.768365054703377,6674091.27658941,18476886.16277777,85.39276721341835,9.82,
2025/05/03 18:00:00,8.45,17.63,13.61,98.22,65.89,89.95,2.763419711588948,6718057.78931314,18565369.68,85.62960832709017,9.87,
2025/05/03 18:15:00,8.32,17.64,13.54,98.2,65.83,89.95,2.7608878197710753,6759148.4226094205,18661798.1,85.73925280149314,9.88,
2025/05/03 18:30:00,8.14,17.66,13.5,98.18,65.77,89.94,2.756334452179506,6798708.048599874,18740053.737777777,85.89776823788291,9.87,
2025/05/03 18:45:00,8.0,17.66,13.5,98.16,65.71,89.94,2.7529230315632995,6836601.247145239,18821178.829444446,86.01714401540522,9.86,
2025/05/03 19:00:00,7.94,17.64,13.45,98.14,65.65,89.93,2.751775529111705,6866270.650513754,18894975.22,86.05829898393444,9.85,
2025/05/03 19:15:00,8.25,17.61,13.53,98.12,65.59,89.93,2.7595319093626354,6887849.214255229,19007799.689999998,85.73776315632807,9.79,
2025/05/03 19:30:00,8.44,17.63,13.55,97.98,65.53,89.92,2.769300806690365,6954037.711999619,19258392.779999997,85.42948569749177,9.74,
2025/05/03 19:45:00,8.2,17.58,13.45,97.38,65.47,89.91,2.7899038779038885,6962807.731123209,19426139.431111112,85.13829483310631,9.8,
2025/05/03 20:00:00,7.41,17.58,13.31,96.78,65.43,89.9,2.7870040049567812,7024591.661738003,19578124.811666664,85.38305856389414,9.62,
2025/05/03 20:15:00,6.11,17.56,13.36,96.52,65.45,89.88,2.7550111657794347,7112155.485028528,19594627.103333328,86.4225461219623,9.43,
2025/05/03 20:30:00,5.76,17.56,13.35,96.85,65.47,89.87,2.730577511693089,7161281.311492629,19554982.822222225,87.05460542082277,9.39,
2025/05/03 20:45:00,5.73,17.55,13.33,97.18,65.5,89.86,2.716331239904088,7181417.890942028,19507651.75333333,87.37440082945797,9.39,
2025/05/03 21:00:00,5.74,17.52,13.34,97.24,65.52,89.85,2.71416220255852,7172579.720137417,19468090.14333333,87.41745018976793,9.39,
2025/05/03 21:15:00,5.73,17.53,13.33,97.28,65.55,89.84,2.7122638719227705,7160081.621869329,19420571.555000007,87.46238840174176,9.39,
2025/05/03 21:30:00,5.7,17.52,13.31,97.31,65.57,89.83,2.710230866491205,7150887.172186617,19381092.964444447,87.51802045575157,9.39,
2025/05/03 21:45:00,5.76,17.52,13.32,97.35,65.59,89.82,2.710228761445321,7136444.083235812,19341934.027777772,87.49471867481621,9.39,
2025/05/03 22:00:00,5.76,17.54,13.33,97.39,65.62,89.81,2.7089119764383502,7122424.286635805,19294555.469444443,87.52983934414884,9.4,
2025/05/03 22:15:00,5.76,17.53,13.34,97.43,65.64,89.79,2.7072840232283237,7109225.368687423,19247228.000000004,87.56501232879388,9.4,
2025/05/03 22:30:00,5.72,17.53,13.35,97.47,65.66,89.78,2.704577685793464,7108223.719906643,19225278.820000004,87.63917642100128,9.4,
2025/05/03 22:45:00,5.72,17.54,13.35,97.51,65.69,89.77,2.7029517849232096,7102256.553876496,19197590.035555553,87.67434172224924,9.4,
2025/05/03 23:00:00,5.69,17.53,13.36,97.55,65.71,89.76,2.7005193997298065,7101451.103968948,19178140.727777783,87.73875040905739,9.4,
2025/05/03 23:15:00,5.71,17.56,13.37,97.59,65.74,89.75,2.699431079344046,7094048.408514087,19150425.353888895,87.75440828742028,9.4,
2025/05/03 23:30:00,5.73,17.55,13.37,97.63,65.76,89.74,2.698340578393162,7089698.5386886895,19130952.24333332,87.77005950382762,9.4,
2025/05/03 23:45:00,5.7,17.55,13.38,97.67,65.78,89.73,2.6959113191244417,7088756.522857222,19111189.900000002,87.83445785181873,9.4,
2025/05/04 00:00:00,5.73,17.55,13.38,97.52,65.68,89.72,2.704050751452784,7101201.631451905,19202545.657777768,87.673161915498,9.44,
2025/05/04 00:15:00,5.71,17.53,13.37,97.54,65.7,89.71,2.703004521443646,7111173.8155888375,19222072.52777777,87.71018639686064,9.45,
2025/05/04 00:30:00,5.69,17.54,13.35,97.57,65.72,89.7,2.7012499860129657,7102780.375160824,19186917.56666667,87.75605341817436,9.45,
2025/05/04 00:45:00,5.66,17.54,13.34,97.59,65.73,89.69,2.699632318647916,7096987.710927734,19159787.044444438,87.80287846159783,9.45,
2025/05/04 01:00:00,5.65,17.52,13.4,97.62,65.75,89.67,2.6984510466695406,7084120.690809201,19116691.244444445,87.83893997761626,9.46,
2025/05/04 01:15:00,5.69,17.53,13.37,97.64,65.76,89.66,2.698717986743681,7073283.410604817,19089329.661111105,87.81751922593435,9.46,
2025/05/04 01:30:00,5.71,17.54,13.37,97.67,65.78,89.65,2.6977344665528133,7066878.152890077,19065091.002222225,87.8244334378703,9.45,
2025/05/04 01:45:00,5.69,17.53,13.33,97.69,65.8,89.64,2.6963876642090523,7066142.89561852,19053586.248888887,87.86150595910192,9.45,
2025/05/04 02:00:00,5.65,17.52,13.36,97.72,65.81,89.63,2.6941000966362854,7070725.081453395,19049771.069999993,87.92686321360557,9.45,
2025/05/04 02:15:00,5.66,17.52,13.32,97.74,65.83,89.62,2.6935585781422144,7067856.231497754,19038209.19,87.93468349134955,9.45,
2025/05/04 02:30:00,5.69,17.51,13.35,97.77,65.85,89.61,2.692835241705981,7078561.071988297,19061928.599999998,87.93183809525931,9.44,
2025/05/04 02:45:00,5.68,17.51,13.35,97.79,65.86,89.6,2.6917572913380847,7094993.827395737,19098531.931111105,87.95915594328108,9.44,
2025/05/04 03:00:00,5.69,17.51,13.34,97.85,65.88,89.59,2.6895908752303455,7070753.664989743,19017960.92166667,88.00209815218199,9.44,
2025/05/04 03:15:00,5.71,17.51,13.31,97.93,65.89,89.57,2.686877191404822,7047656.805269565,18936707.87555555,88.05283453561712,9.44,
2025/05/04 03:30:00,5.59,17.48,13.31,98.01,65.91,89.65,2.680456614616737,7060945.467656194,18927079.01333334,88.24009124533168,9.44,
2025/05/04 03:45:00,5.75,17.5,13.34,98.08,65.93,89.76,2.681523873597791,7063017.87236275,18940174.024444446,88.14552027739217,9.43,
2025/05/04 04:00:00,5.87,17.49,13.3,98.09,65.92,89.88,2.6865038149249165,6869682.397319993,18455935.42222222,88.03687985743096,9.5,
2025/05/04 04:15:00,6.93,17.49,13.28,98.07,65.91,89.99,2.719946727996352,6756082.554615725,18376697.484444443,86.9842133599671,9.63,
2025/05/04 04:30:00,7.8,17.47,13.28,98.05,65.91,90.1,2.7457344220486335,6660392.083768781,18288188.30666666,86.11662336899123,9.66,
2025/05/04 04:45:00,8.29,17.47,13.4,98.03,65.9,90.21,2.7651260946703506,6505004.3571540285,17987690.196666658,85.61986814238222,9.81,
2025/05/04 05:00:00,8.63,17.46,13.51,98.01,65.89,90.32,2.7747076569254245,6458513.314988103,17921036.381111104,85.26987327028661,9.78,
2025/05/04 05:15:00,8.42,17.45,13.44,97.89,65.88,90.43,2.7716198527176075,6461373.250943683,17909010.869444456,85.37029356853903,9.71,
2025/05/04 05:30:00,8.26,17.42,13.33,97.6,65.88,90.55,2.7798108335279115,6466408.124022953,17975925.70277778,85.27266316813665,9.72,
2025/05/04 05:45:00,8.13,17.43,13.27,97.44,65.87,90.66,2.7810192308365402,6502700.65222011,18084664.454999994,85.2595347140458,9.66,
2025/05/04 06:00:00,8.07,17.42,13.29,97.55,65.86,90.77,2.7742836830025572,6541596.973115459,18148778.339999996,85.41465207293487,9.65,
2025/05/04 06:15:00,8.14,17.38,13.27,97.67,65.85,90.88,2.77147034328286,6590058.189892132,18264688.57888889,85.45140869561406,9.66,
2025/05/04 06:30:00,8.1,17.38,13.24,97.78,65.85,90.99,2.765961714227289,6642651.579444666,18373855.316666666,85.5868775944538,9.67,
2025/05/04 06:45:00,8.14,17.37,13.23,97.89,65.84,91.1,2.7627182456927994,6504696.602565931,17971166.656666663,85.64411181680343,9.68,
2025/05/04 07:00:00,7.9,17.33,13.21,98.17,65.83,91.22,2.745045964223928,6732870.721194604,18482574.33,86.12382825844676,9.71,
2025/05/04 07:15:00,5.83,17.33,13.16,98.45,65.82,91.33,2.6682201970601125,6959922.316007031,18571112.76777778,88.39195144452957,9.42,
2025/05/04 07:30:00,6.1,17.32,13.11,98.89,65.82,91.44,2.659211005777307,7009814.558920219,18641077.84,88.51331300477855,9.48,
2025/05/04 07:45:00,6.03,17.29,13.16,99.1,65.85,91.59,2.6521122619011512,7134517.149329398,18922057.440000005,88.76492307515102,9.58,
2025/05/04 08:00:00,6.13,17.27,13.13,99.61,66.1,91.88,2.637726231871246,7179812.042901874,18938890.3,89.1123745905798,9.7,
2025/05/04 08:15:00,7.16,17.26,13.09,100.12,66.35,92.18,2.6485571032380957,7159450.566313663,18962725.70500001,88.54952005765213,9.87,
2025/05/04 08:30:00,7.52,17.25,13.11,100.63,66.6,92.47,2.6394173776678076,7160657.629758604,18900475.403333336,88.64071510016889,9.96,
2025/05/04 08:45:00,7.86,17.23,13.14,100.44,66.84,92.76,2.6558104588188787,7086127.401114438,18819931.68,88.14262077827085,9.95,
2025/05/04 09:00:00,7.92,17.2,13.11,100.14,67.09,92.97,2.6693834342569844,7043380.315677844,18802006.911111105,87.8229903362343,9.93,
2025/05/04 09:15:00,7.47,17.19,13.04,99.85,67.09,92.86,2.667534659255511,7022569.401869438,18733461.413333327,88.01105863037938,9.86,
2025/05/04 09:30:00,7.2,17.2,13.08,99.82,67.04,92.75,2.662994980030665,7022421.328162624,18701188.33,88.24906233262384,9.9,
2025/05/04 09:45:00,7.11,17.22,13.01,99.16,66.99,92.64,2.683307629078461,6957216.629413959,18668862.300000004,87.76154725354935,9.75,
2025/05/04 10:00:00,7.17,17.2,13.06,99.67,66.94,92.53,2.668729909119018,6983085.91602001,18636483.323333338,88.14765965125237,9.91,
2025/05/04 10:15:00,7.52,17.18,13.06,100.18,66.89,92.43,2.6572827826249026,7003705.933661145,18611338.53333334,88.24939927421836,9.93,
2025/05/04 10:30:00,7.81,17.17,13.06,100.36,66.84,92.32,2.6572337606104623,6993838.305232214,18584775.09777777,88.12203602176601,9.93,
2025/05/04 10:45:00,7.92,17.17,13.07,100.3,66.78,92.21,2.664257646129536,6999834.190780271,18649878.82999999,87.96216477891097,9.98,
2025/05/04 11:00:00,8.07,17.17,13.15,100.23,66.73,92.1,2.672743601855104,7168448.516380546,19159969.45499999,87.7544380024026,10.03,
2025/05/04 11:15:00,8.09,17.15,13.13,100.17,66.68,91.99,2.674526484288995,6902361.256076619,18461073.22277777,87.68263823119523,9.99,
2025/05/04 11:30:00,8.11,17.17,13.13,100.1,66.63,91.89,2.6776942026033987,6870280.999504721,18397033.416666668,87.602159588536,9.98,
2025/05/04 11:45:00,7.6,17.17,13.03,99.59,66.55,91.78,2.6828020747980674,6838796.590842736,18347647.065,87.65728788144636,9.89,
2025/05/04 12:00:00,6.5,17.16,13.02,99.04,66.4,91.67,2.669966999309893,6872238.25319818,18349154.883888885,88.25303890889177,9.68,
2025/05/04 12:15:00,5.82,17.17,13.04,98.96,66.24,91.56,2.6517559896337892,6922815.785722095,18358119.70666667,88.84761312249759,9.56,
2025/05/04 12:30:00,5.71,17.19,13.05,99.04,66.09,91.46,2.643749837046102,7016991.931693392,18551674.374444436,89.02525984879598,9.5,
2025/05/04 12:45:00,6.31,17.22,13.0,99.12,65.94,91.35,2.657856323471584,6994863.317363034,18591840.574999996,88.50897801327153,9.56,
2025/05/04 13:00:00,6.8,17.19,13.07,99.19,65.82,91.4,2.674187277606112,7002650.118408285,18726917.623333342,88.09075632917354,9.76,
2025/05/04 13:15:00,5.7,17.22,13.06,99.24,65.75,91.49,2.6357046147887853,7153534.607413911,18855110.55999999,89.20988186422527,9.51,
2025/05/04 13:30:00,6.63,17.24,13.07,99.29,65.68,91.58,2.6630777867970226,7128076.853202246,18983140.244444434,88.34442686729307,9.68,
2025/05/04 13:45:00,6.64,17.25,13.12,99.33,65.61,91.66,2.663287233692028,7167317.049786772,19089149.10833333,88.36945913912682,9.73,
2025/05/04 14:00:00,6.75,17.25,13.1,99.38,65.54,91.75,2.665671011943069,7209914.023631351,19219785.71944444,88.30549240855606,9.78,
2025/05/04 14:15:00,6.86,17.29,13.11,99.43,65.47,91.84,2.666489311228819,7265596.146912215,19374162.060000002,88.24160336986019,9.78,
2025/05/04 14:30:00,6.89,17.3,13.14,99.47,65.4,91.93,2.6656213374230924,7325926.447714558,19528679.939999998,88.24717921657832,9.78,
2025/05/04 15:45:00,9.89,17.33,14.22,103.07,67.19,91.68,2.5739480896081424,4845141.801529536,12471574.677222226,88.42518274336378,9.58,
2025/05/04 16:00:00,8.72,17.34,13.58,100.43,67.08,90.51,2.6761243386492573,6072229.179145931,16250535.143333338,87.29126415934908,9.88,
2025/05/04 16:15:00,8.72,17.35,13.53,100.13,66.97,90.74,2.6876813131464212,6134678.979446388,16488559.669999994,87.03059069959957,9.84,
2025/05/04 16:30:00,8.3,17.37,13.37,99.72,66.87,90.97,2.6928556644092514,6212891.160995776,16730902.833333332,87.08536954655109,9.8,
2025/05/04 16:45:00,8.55,17.38,13.43,99.66,66.76,91.2,2.7027803110811157,6282337.424005851,16980277.917777777,86.7882812172419,9.82,
2025/05/04 17:00:00,8.48,17.41,13.42,99.7,66.66,91.43,2.7005768563823724,6377366.900441479,17223070.89555556,86.8916651340913,9.86,
2025/05/04 17:15:00,8.76,17.41,13.56,99.7,66.55,91.6,2.7033892861861037,6447796.484088432,17431430.77499999,86.6174072590532,9.73,
2025/05/04 17:30:00,8.81,17.38,13.56,99.77,66.44,91.6,2.7042388320417534,6479259.257969195,17521998.48666666,86.62931387323425,9.8,
2025/05/04 17:45:00,8.84,17.41,13.56,99.88,66.39,91.6,2.7006183135482846,6505934.961401757,17570577.28555555,86.69561135572403,9.81,
2025/05/04 18:00:00,9.23,17.4,13.68,100.0,66.48,91.61,2.7053518633053777,6479003.751794523,17528533.80055555,86.41768015960936,9.8,
2025/05/04 18:15:00,9.45,17.4,13.71,100.11,66.57,91.61,2.707100243740505,6456783.698663022,17479713.142222222,86.29755305628036,9.82,
2025/05/04 18:30:00,9.51,17.41,13.72,100.22,66.66,91.61,2.706097918741872,6441633.147621112,17432240.650000006,86.33429985876374,9.88,
2025/05/04 18:45:00,9.76,17.43,13.88,100.25,66.75,91.62,2.7075337295006796,6423217.834281465,17391650.41166667,86.11502626229672,9.78,
2025/05/04 19:00:00,9.82,17.43,13.85,100.1,66.84,91.62,2.7138291841024547,6404317.119659877,17380791.12,85.92590218390961,9.73,
2025/05/04 19:15:00,9.88,17.42,13.83,99.96,66.93,91.62,2.7221040725565975,6365765.92563973,17328845.214999996,85.74544720971278,9.74,
2025/05/04 19:30:00,9.72,17.42,13.81,99.81,67.02,91.63,2.7249235721757517,6301244.392266192,17170969.86611111,85.772042500695,9.75,
2025/05/04 19:45:00,9.48,17.42,13.74,99.66,66.97,91.63,2.7259040625341044,6312409.501209225,17207574.009999998,85.87695056060876,9.77,
2025/05/04 20:00:00,8.6,17.4,13.5,99.52,66.72,91.63,2.7108473974427034,6358914.273931146,17238562.78833333,86.61740049614846,9.84,
2025/05/04 20:15:00,8.41,17.4,13.36,99.37,66.47,91.64,2.7111518433106765,6423493.111874899,17415569.06833333,86.67277704408943,9.81,
2025/05/04 20:30:00,8.0,17.39,13.3,99.22,66.22,91.64,2.7058450787010857,6504383.189694025,17600354.676666666,86.9433297273726,9.79,
2025/05/04 20:45:00,7.83,17.34,13.21,99.11,65.97,91.69,2.7052731221995017,6582208.294576675,17807173.41333333,87.01371363719811,9.77,
2025/05/04 21:00:00,7.91,17.34,13.22,99.17,65.71,91.84,2.705875023423991,6685310.237609606,18090125.62500001,86.98776879880168,9.8,
2025/05/04 21:15:00,7.84,17.33,13.22,99.2,65.46,92.0,2.70106338582326,6801961.755314599,18373049.273333337,87.08248412815763,9.75,
2025/05/04 21:30:00,7.85,17.3,13.19,99.2,65.21,92.15,2.7020002078008165,6938434.059811052,18748180.586666673,87.07267704919522,9.77,
2025/05/04 21:45:00,7.59,17.29,13.13,99.1,64.96,92.31,2.69760532089156,7075991.857451032,19088765.361111116,87.23982722203365,9.72,
2025/05/04 22:00:00,7.75,17.27,13.14,98.84,64.71,92.46,2.715159813930934,7137093.069369782,19378898.0,86.85620639678075,9.79,
2025/05/04 22:15:00,7.7,17.24,13.07,99.57,64.84,92.62,2.6833723311786715,7233539.544385647,19410815.086666666,87.54206556838419,9.8,
2025/05/04 22:30:00,8.03,17.23,13.19,100.16,65.31,92.77,2.667672411989487,7196355.744467718,19198060.982222218,87.7326733207282,9.82,
2025/05/04 22:45:00,8.34,17.2,13.25,100.12,65.78,92.93,2.6788544644496173,7089880.869427092,18993310.41666667,87.39423123767787,9.86,
2025/05/04 23:00:00,8.54,17.18,13.33,100.51,66.25,93.08,2.669414560131096,7035640.594308812,18781597.71277778,87.5371959065362,9.92,
2025/05/04 23:15:00,8.84,17.15,13.4,100.9,66.72,93.24,2.659543785104664,6984555.246600147,18576292.019999996,87.58150197780552,9.9,
2025/05/04 23:30:00,9.08,17.14,13.43,101.29,67.19,93.39,2.645871310260535,6913858.870186472,18293735.166666668,87.68397562235462,9.83,
2025/05/04 23:45:00,8.64,17.12,13.35,101.99,67.66,93.56,2.613762059092956,6834558.844302719,17864432.911111116,88.72186102521037,10.08,
2025/05/05 00:00:00,8.6,17.1,13.32,103.0,68.13,95.39,2.572954836967347,6977486.49159902,17953267.89666667,89.63362677125153,10.19,
2025/05/05 00:15:00,9.32,17.07,13.55,104.2,69.81,95.77,2.5329924570902413,6673760.759015098,16905088.542222217,89.95868304880554,10.1,
2025/05/05 00:30:00,8.6,17.05,13.26,103.17,67.64,95.22,2.561431526462681,6889375.24567424,17647159.529999997,89.77989817383568,10.08,
2025/05/05 00:45:00,8.48,17.02,13.21,103.14,67.68,94.88,2.561067474461475,6819095.74782297,17464653.06666666,89.87196897124007,10.11,
2025/05/05 01:00:00,8.38,16.98,13.14,103.11,67.71,95.01,2.559652310075663,6882130.045567885,17616348.750000004,89.94427910398844,10.1,
2025/05/05 01:15:00,8.27,16.96,13.07,103.08,67.74,95.15,2.556498882049962,6892741.968112793,17621768.70055556,90.02630900702569,10.05,
2025/05/05 01:30:00,8.25,16.94,13.04,103.04,67.78,95.28,2.5570100157100355,6878653.633816382,17589265.833333336,90.0114063134875,10.03,
2025/05/05 01:45:00,8.11,16.9,12.99,103.01,67.81,95.41,2.5550447549830246,6873608.818636656,17562855.199999996,90.12297702344729,10.03,
2025/05/05 02:00:00,7.86,16.88,12.91,103.07,67.84,95.54,2.548855756379371,6892176.117111217,17567630.849999998,90.42026303974741,10.09,
2025/05/05 02:15:00,7.72,16.86,12.85,103.19,67.88,95.68,2.5404601085220353,6935981.042047456,17621045.44444445,90.6612079287406,10.09,
2025/05/05 02:30:00,7.63,16.8,12.79,103.31,67.91,95.81,2.532514349192728,7010784.421847122,17755375.550000004,90.85302043103752,10.07,
2025/05/05 02:45:00,7.54,16.8,12.74,103.43,67.95,95.94,2.5245782072567633,7058602.420300823,17820450.834999997,91.04481579949449,10.05,
2025/05/05 03:00:00,7.56,16.77,12.74,103.55,67.98,96.07,2.519507049584063,7053676.98052781,17772246.494444434,91.12862696245674,10.04,
2025/05/05 03:15:00,7.48,16.72,12.71,103.66,68.01,96.21,2.5122226908547844,7117341.342253251,17880806.89999999,91.30194709359121,10.02,
2025/05/05 03:30:00,7.31,16.71,12.66,103.78,68.05,96.34,2.5040284973197697,7195693.67517924,18018678.975000005,91.57228106784311,10.04,
2025/05/05 03:45:00,7.27,16.69,12.66,103.9,68.08,96.47,2.498372057693272,7229561.6240030965,18062593.35833333,91.71495841738805,10.05,
2025/05/05 04:00:00,7.29,16.64,12.61,104.02,68.11,96.61,2.4940423004854932,7262212.515494485,18112723.749999996,91.79870225773568,10.06,
2025/05/05 04:15:00,7.39,16.64,12.64,104.12,68.15,96.74,2.4923219415811158,7233167.851654683,18027842.23166666,91.78663416851843,10.07,
2025/05/05 04:30:00,7.37,16.62,12.6,104.17,68.18,96.87,2.490107425503896,7206330.341329517,17944990.916111108,91.84933767203688,10.08,
2025/05/05 04:45:00,7.38,16.61,12.55,104.23,68.22,97.0,2.48812049818923,7222355.515524303,17970540.585555553,91.89118317148257,10.09,
2025/05/05 05:00:00,7.45,16.58,12.58,104.28,68.25,97.14,2.4878756660391828,7238266.629740608,18008364.825,91.86548601069204,10.1,
2025/05/05 05:15:00,7.38,16.57,12.56,104.48,68.28,97.27,2.4795973119630816,7381101.541030049,18302620.68555555,92.10643032493454,10.15,
2025/05/05 05:30:00,8.03,16.54,12.65,104.8,67.96,97.38,2.4805395433201642,7440498.148839792,18456929.565555554,91.74284522893518,10.17,
2025/05/05 05:45:00,7.39,16.53,12.54,103.75,67.53,97.07,2.507474015513146,7372406.5540124485,18486594.79333333,91.46790828834263,10.05,
2025/05/05 06:00:00,7.23,16.5,12.51,103.84,67.1,96.77,2.5015353572605967,7404115.2760888785,18522132.108333334,91.70259598797641,10.09,
2025/05/05 06:15:00,7.23,16.65,12.56,103.27,66.67,96.47,2.5210297161259763,7369446.966690517,18579066.611111104,91.21093125923166,9.96,
2025/05/05 06:30:00,7.03,16.59,12.51,102.38,66.24,96.17,2.5519292859827147,7317826.028442076,18675059.614444446,90.63811076479752,9.9,
2025/05/05 06:45:00,6.65,16.55,12.44,101.46,65.81,95.86,2.5768021294120556,7281254.789708514,18762844.374999996,90.21348103904941,9.77,
2025/05/05 07:00:00,6.48,16.54,12.42,101.4,65.38,95.56,2.572737915850928,7329483.189450912,18857330.83666667,90.32800172695967,9.7,
2025/05/05 07:15:00,6.47,16.47,12.39,101.6,64.95,95.26,2.5641799988815692,7393993.460867439,18960026.47,90.51133018493593,9.7,
2025/05/05 07:30:00,6.2,16.45,12.34,101.62,64.52,94.96,2.554073584601624,7467269.892112536,19072449.195555553,90.79325821378528,9.62,
2025/05/05 07:45:00,6.26,16.44,12.34,101.64,64.16,94.66,2.55649090265232,7490981.638534515,19151122.833333336,90.75173315707984,9.67,
2025/05/05 08:00:00,6.55,16.42,12.31,101.66,64.27,94.75,2.56356285236941,7481293.379687416,19179263.98666667,90.48502100117533,9.7,
2025/05/05 08:15:00,6.56,16.44,12.31,101.68,64.39,94.92,2.5633313889935216,7510284.878055623,19251846.551666666,90.49255156730754,9.71,
2025/05/05 08:30:00,6.54,16.41,12.32,101.7,64.5,95.09,2.562392202590414,7537781.001774089,19315255.061666664,90.52946510883329,9.72,
2025/05/05 08:45:00,6.59,16.42,12.34,101.71,64.62,95.26,2.563881634642313,7538638.342899032,19328682.266666666,90.48912908731657,9.74,
2025/05/05 09:00:00,6.74,16.41,12.33,101.73,64.73,95.43,2.5669504081845447,7535344.231377276,19343362.194444444,90.35952092109535,9.75,
2025/05/05 09:15:00,6.72,16.42,12.32,101.75,64.85,95.61,2.566006347733832,7537818.19031815,19342593.771111112,90.39643675747246,9.76,
2025/05/05 09:30:00,6.62,16.5,12.45,101.77,64.96,95.78,2.5635324640341985,7544592.248790196,19341317.01333334,90.51170428912002,9.78,
2025/05/05 09:45:00,6.75,16.37,12.28,101.79,65.08,95.95,2.5661298263019794,7533960.204539492,19333625.465,90.4016817893326,9.79,
2025/05/05 10:00:00,6.53,16.37,12.27,101.92,65.19,96.12,2.5548056241804415,7566742.800294718,19332057.61666667,90.7298926489456,9.77,
2025/05/05 10:15:00,6.84,16.38,12.3,102.37,65.31,96.29,2.545742675021308,7629976.792536419,19424460.000000004,90.81573132131288,9.84,
2025/05/05 10:30:00,6.89,16.4,12.32,102.82,65.42,96.46,2.528666851355092,7722177.575053848,19527314.008888878,91.15583345482956,9.86,
2025/05/05 10:45:00,6.84,16.4,12.34,103.27,65.54,96.64,2.5092454398320614,7823181.718286924,19630781.31666666,91.59353612357651,9.88,
2025/05/05 11:00:00,7.31,16.46,12.41,104.34,65.65,96.75,2.4795436384867835,7308890.744402127,18123165.62222222,92.05449387275826,10.03,
2025/05/05 11:15:00,10.35,16.44,13.6,106.85,65.77,95.8,2.4083477977006433,5705025.015530199,13740149.756666666,91.21169635522821,9.67,
2025/05/05 11:30:00,11.55,16.48,14.21,104.49,65.88,93.83,2.5332473226228562,4753503.41088589,12042355.325000001,88.01024810006176,9.4,
2025/05/05 11:45:00,11.82,16.46,14.15,104.41,66.0,93.06,2.545309154138161,4597366.950924623,11702254.85,87.67553915377022,9.44,
2025/05/05 12:00:00,12.02,16.47,14.24,104.33,66.11,92.94,2.554169605995527,4524541.176659986,11556995.67,87.40980784839915,9.45,
2025/05/05 12:15:00,12.01,16.49,14.24,104.24,66.23,92.83,2.558985954458263,4465726.91030787,11428273.266666662,87.3425505492526,9.46,
2025/05/05 12:30:00,12.05,16.52,14.3,104.16,66.34,92.71,2.561473142869986,4402491.66002728,11277405.919999996,87.2345099182913,9.42,
2025/05/05 12:45:00,12.06,16.56,14.31,104.08,66.46,92.59,2.566819950564609,4333363.557036504,11123493.095000004,87.15608494229951,9.44,
2025/05/05 13:00:00,12.28,16.61,14.44,103.99,66.57,92.48,2.5784641056496644,4292749.336961758,11069250.047777781,86.86206415460279,9.48,
2025/05/05 13:15:00,12.37,16.64,14.52,103.91,66.69,92.36,2.585594153941249,4257620.6812061565,11009041.56,86.70475892893785,9.5,
2025/05/05 13:30:00,12.48,16.64,14.56,103.83,66.8,92.24,2.59318878672142,4192872.4022513786,10873478.586666664,86.52772941646357,9.52,
2025/05/05 13:45:00,12.55,16.66,14.6,103.74,66.92,92.13,2.598083196126678,4132827.1670948165,10737997.819999997,86.38149308082576,9.5,
2025/05/05 14:00:00,12.21,16.67,14.56,103.78,67.03,92.01,2.590129321147509,4089787.5106502613,10593623.871111112,86.75102791717049,9.53,
2025/05/05 14:15:00,11.94,16.63,14.35,104.1,67.15,91.89,2.568360130822382,4146020.570653932,10648974.269999996,87.29162585720479,9.53,
2025/05/05 14:30:00,12.59,16.65,14.55,103.91,67.26,91.78,2.595150292043708,4095234.947819722,10628301.615555553,86.4879747518689,9.58,
2025/05/05 14:45:00,11.93,16.7,14.33,103.71,67.38,91.66,2.588917174399849,4337706.291241835,11230476.595555555,86.96696855658166,9.56,
2025/05/05 15:00:00,11.44,16.71,14.29,103.51,67.49,91.54,2.5901556561521013,4796295.2676930325,12423708.916666672,87.27806163774949,9.61,
2025/05/05 16:00:00,7.99,16.68,13.31,99.68,67.73,87.28,2.6614417266622645,3388670.8370063994,9019053.633333333,87.35569395328606,9.17,
2025/05/05 16:15:00,9.64,16.72,13.53,103.07,67.7,92.75,2.573015157077546,5637658.1905803345,14506268.516666666,88.6710656129121,9.68,
2025/05/05 16:30:00,10.15,16.74,13.45,102.61,67.66,92.85,2.610633694791292,5585347.636745374,14581784.280555556,87.77334513822925,9.78,
2025/05/05 16:45:00,10.16,16.79,13.51,102.63,67.63,92.95,2.607659308263287,5633540.789489959,14690846.866666669,87.78068727874742,9.73,
2025/05/05 17:00:00,10.26,16.8,13.57,102.65,67.6,93.05,2.604852371998767,5697718.038684481,14842218.019444445,87.69950687002971,9.64,
2025/05/05 17:15:00,10.22,16.76,13.54,102.66,67.57,93.15,2.60629918596604,5734582.162023373,14946546.058888894,87.74751150463422,9.7,
2025/05/05 17:30:00,10.19,16.75,13.53,102.68,67.53,93.25,2.604667665872116,5733923.1398121985,14935472.54222222,87.79424914561866,9.7,
2025/05/05 17:45:00,10.07,16.76,13.48,102.7,67.5,93.35,2.6041480770242567,5721414.556119559,14899908.40555555,87.92956524311961,9.77,
2025/05/05 18:00:00,9.94,16.76,13.45,102.24,67.47,93.45,2.6170462941927286,5714240.500845106,14954930.906666668,87.6605423353434,9.66,
2025/05/05 18:15:00,9.83,16.72,13.4,102.49,67.43,93.55,2.604393634609043,5785056.192698604,15067060.799999991,87.98436923167934,9.69,
2025/05/05 18:30:00,9.96,16.73,13.43,103.18,67.47,93.65,2.581391006433328,5862261.733689646,15133285.004444448,88.45125329066647,9.81,
2025/05/05 18:45:00,10.77,16.72,13.71,103.55,67.76,93.75,2.5800710078855564,5834722.676041547,15054538.564999996,87.97239798228621,9.75,
2025/05/05 19:00:00,10.8,16.71,13.7,103.25,68.05,93.85,2.5953513468777203,5769968.34787755,14975637.23333333,87.68495655716846,9.76,
2025/05/05 19:15:00,10.81,16.68,13.71,102.95,68.34,93.95,2.604263730209553,5719746.164131023,14896277.030555556,87.41682782581148,9.65,
2025/05/05 19:30:00,10.76,16.69,13.68,102.72,68.63,94.05,2.6158352296106293,5663932.7121080635,14816457.956666665,87.26804232382158,9.69,
2025/05/05 19:45:00,10.72,16.67,13.67,102.83,68.71,94.15,2.612157221679479,5688017.031467396,14858540.106666673,87.40219966088657,9.74,
2025/05/05 20:00:00,10.74,16.64,13.56,102.94,68.62,94.25,2.608931940259165,5749451.015282647,15000461.556666667,87.47727813714461,9.77,
2025/05/05 20:15:00,10.64,16.66,13.59,103.05,68.52,94.34,2.6009618951503493,5790457.825642806,15061296.580000004,87.67033617821333,9.76,
2025/05/05 20:30:00,10.1,16.65,13.41,103.16,68.43,94.44,2.5841838301379156,5853072.508740727,15125920.424999993,88.2962909437098,9.78,
2025/05/05 20:45:00,9.88,16.63,13.38,103.29,68.34,94.54,2.573577293029373,5908781.688875227,15207209.233333332,88.62458885177483,9.79,
2025/05/05 21:00:00,9.58,16.62,13.24,103.43,68.24,94.64,2.5652159342504333,5961831.020369452,15293867.600000003,89.04030551954428,9.9,
2025/05/05 21:15:00,9.33,16.62,13.2,103.58,68.15,94.61,2.5531251238248047,5992130.071043026,15299132.309999995,89.41523321703862,9.91,
2025/05/05 21:30:00,9.29,16.59,13.12,103.72,68.05,94.59,2.548051881285146,6015686.224434362,15328747.610000005,89.57512213058081,9.96,
2025/05/05 21:45:00,9.31,16.57,13.14,103.87,67.96,94.56,2.5399920285454476,6044525.965510185,15353518.522222226,89.6843755686345,9.92,
2025/05/05 22:00:00,9.21,16.58,13.16,104.01,67.86,94.53,2.530084890562041,6080370.196851487,15384322.799999997,89.90303123171773,9.89,
2025/05/05 22:15:00,9.05,16.57,13.08,104.1,67.77,94.51,2.5237753724681675,6109114.315114416,15418491.977777783,90.13780981531654,9.92,
2025/05/05 22:30:00,9.04,16.56,13.03,104.2,67.67,94.48,2.5216414791645274,6134983.268149618,15470683.69,90.23372580662962,9.98,
2025/05/05 22:45:00,9.24,16.55,13.14,104.15,67.58,94.46,2.525729917351533,6145733.462792467,15522937.17333333,89.99391430445776,9.92,
2025/05/05 23:00:00,9.19,16.56,13.09,104.1,67.52,94.43,2.527764057381398,6152341.444225121,15552135.170000006,90.00016523095559,9.94,
2025/05/05 23:15:00,9.38,16.56,13.19,104.13,67.62,94.41,2.527508929554354,6127980.401070638,15489004.629999995,89.83891333404279,9.87,
2025/05/05 23:30:00,9.24,16.54,13.13,104.16,67.72,94.38,2.524832882586823,6124693.733617289,15464300.36555555,90.0024866370173,9.91,
2025/05/05 23:45:00,9.25,16.54,13.09,104.19,67.81,94.35,2.5227999484151193,6141128.019715516,15493304.45666666,90.0183883637938,9.89,
2025/05/06 06:15:00,6.45,16.16,12.42,102.37,65.43,93.53,2.5211085266177102,6660218.49575676,16791599.91666666,91.19881991857493,9.44,
2025/05/06 06:30:00,7.33,16.14,12.16,103.39,65.71,95.2,2.5154622313519357,7053562.035382917,17743430.15500001,91.21628172842917,9.89,
2025/05/06 06:45:00,7.23,16.12,12.2,102.19,65.65,95.13,2.5578682820842755,6969724.797762606,17828121.71555555,90.27773939088054,9.72,
2025/05/06 07:00:00,7.29,16.11,12.2,102.5,65.6,95.07,2.5495308830351617,6991353.443538399,17825153.799444437,90.48697125244276,9.81,
2025/05/06 07:15:00,7.24,16.08,12.19,102.6,65.54,95.0,2.542170775812756,7010426.518328954,17822183.79333333,90.62248688336292,9.76,
2025/05/06 07:30:00,7.15,16.06,12.09,102.41,65.49,94.94,2.547816070616833,6993729.888598903,17819211.69722222,90.54647856213731,9.75,
2025/05/06 07:45:00,6.97,16.05,12.03,102.21,65.43,94.87,2.551758334203249,6981761.465876646,17816237.51111111,90.54992465709213,9.74,
2025/05/06 08:00:00,6.87,16.03,11.99,102.02,65.38,94.81,2.5563187406921988,6968142.3070340725,17813261.235,90.4834794947908,9.71,
2025/05/06 08:15:00,6.73,16.01,11.97,102.01,65.33,94.74,2.5519597826546594,6976505.771703628,17804229.067777775,90.61208317624535,9.67,
2025/05/06 08:30:00,6.74,16.0,11.96,102.32,65.27,94.68,2.5391103875040226,7013022.897093687,17807302.412777785,90.87068675740308,9.67,
2025/05/06 08:45:00,6.89,15.99,11.97,102.62,65.22,94.61,2.5340976967451723,7023328.389953411,17798263.975555554,90.98299759711357,9.78,
2025/05/06 09:00:00,7.02,15.99,12.01,102.78,65.16,94.55,2.527905519559481,7001654.058141964,17699983.81555555,90.99387138509029,9.72,
2025/05/06 09:15:00,7.31,16.02,12.13,102.61,63.9,94.48,2.5460689049293865,7337902.135632928,18683311.39888889,90.56243792894264,9.83,
2025/05/06 09:30:00,7.07,16.03,12.05,102.39,64.19,94.92,2.546435602798895,7255560.097180741,18476306.652222224,90.60763365884054,9.74,
2025/05/06 09:45:00,7.22,16.03,12.09,102.55,64.52,95.17,2.5446276076569236,7270201.532177881,18500450.680555556,90.59886677414548,9.78,
2025/05/06 10:00:00,7.28,16.03,12.09,102.71,64.85,95.16,2.538775918786505,7229413.4532910045,18354350.159444448,90.67830996066405,9.77,
2025/05/06 10:15:00,7.24,16.05,12.12,102.88,65.18,95.16,2.5317712631358105,7193723.208035123,18213346.33555555,90.86439959634721,9.8,
2025/05/06 10:30:00,7.49,16.06,12.24,103.02,65.52,95.15,2.5334045792467057,7128100.6882683085,18058857.83166667,90.7399831304087,9.85,
2025/05/06 10:45:00,7.59,16.07,12.22,103.09,65.85,95.15,2.5318656519112683,7075571.995947745,17914884.35000001,90.70225547885352,9.83,
2025/05/06 11:00:00,7.67,16.09,12.35,103.17,66.18,95.14,2.5314135007112513,6973855.637249784,17654205.848888885,90.69276676304004,9.86,
2025/05/06 11:15:00,7.75,16.11,12.36,103.25,66.51,95.14,2.529758157671048,6804027.719535468,17213024.033333328,90.68324116815938,9.86,
2025/05/06 11:30:00,7.81,16.13,12.43,103.32,66.59,95.13,2.528474049179325,6772975.504903001,17125775.822222214,90.68470549403702,9.87,
2025/05/06 11:45:00,7.86,16.32,12.57,103.4,66.16,95.12,2.526524663273496,6864511.595787978,17343839.92,90.70459087662819,9.88,
2025/05/06 12:00:00,7.91,16.27,12.55,103.47,65.73,95.12,2.524597293857198,6958236.786279235,17567237.34944444,90.71582851070914,9.88,
2025/05/06 12:15:00,7.94,16.24,12.54,102.98,65.3,95.11,2.546599831079815,7043989.931648498,17938735.546111114,90.26379759831934,9.88,
2025/05/06 12:30:00,7.92,16.25,12.5,103.12,65.66,95.11,2.5416467172698756,6987824.863621946,17761080.669444438,90.40425481793592,9.92,
2025/05/06 12:45:00,7.77,16.23,12.45,103.2,65.98,95.1,2.5323800616800303,6953234.58503237,17608720.017777767,90.62048014171289,9.86,
2025/05/06 13:00:00,7.81,16.23,12.45,103.28,66.29,95.1,2.531013496668775,6901298.33573083,17467762.289999988,90.65022561302914,9.89,
2025/05/06 13:15:00,7.84,16.27,12.49,103.36,66.61,95.09,2.529015000281456,6845683.636146093,17313314.773333333,90.68976843221841,9.91,
2025/05/06 13:30:00,7.85,16.3,12.56,103.44,66.93,95.08,2.5241529797819533,6797392.736730226,17158136.56944444,90.74888429720792,9.87,
2025/05/06 13:45:00,7.93,16.34,12.59,103.54,67.25,95.08,2.523206433787783,6617248.2882182915,16697146.546666665,90.75653844166084,9.91,
2025/05/06 14:00:00,7.95,16.44,12.69,103.72,67.56,95.07,2.5149711434365756,6457928.910020064,16241952.90666666,90.8919436844261,9.89,
2025/05/06 14:15:00,8.05,16.34,12.67,103.9,67.88,95.07,2.5109329656554755,6493905.839842338,16306220.638888884,90.9487405146481,9.93,
2025/05/06 14:30:00,8.41,16.39,12.76,104.07,68.2,95.06,2.512637409940402,6418432.007655349,16127651.271111108,90.74130818837054,9.96,
2025/05/06 14:45:00,8.81,16.52,12.96,104.19,68.51,95.06,2.5174097557473765,6385835.68228244,16076232.974999996,90.4513276572684,9.99,
2025/05/06 15:00:00,9.3,16.42,13.04,104.15,68.52,95.05,2.5275050899231655,6336514.98694326,16016068.144999998,89.93491816696407,9.93,
2025/05/06 15:15:00,9.51,16.43,13.09,104.11,68.52,95.05,2.5357798447728745,6296884.21761273,15968013.47166667,89.69406667442233,9.97,
2025/05/06 15:30:00,9.33,16.46,13.06,104.11,68.52,95.04,2.5321807011173907,6284613.197665289,15914265.986666674,89.87115554399769,9.98,
2025/05/06 15:45:00,9.17,16.51,13.04,104.12,68.51,95.03,2.5290067003908447,6290922.120628919,15910262.939999998,90.03716892523092,10.0,
2025/05/06 16:00:00,9.23,16.56,13.14,104.14,68.51,95.03,2.5277161790653357,6295349.4923310615,15913342.20666666,89.99524664602565,9.96,
2025/05/06 16:15:00,9.46,16.57,13.17,104.15,68.51,95.02,2.5358746891371604,6273941.316961056,15910419.806111105,89.77781967247338,10.04,
2025/05/06 16:30:00,9.66,16.61,13.27,104.16,68.51,95.02,2.5337187118760096,6280612.995535612,15913805.722222215,89.58927357701648,9.9,
2025/05/06 16:45:00,9.66,16.55,13.21,104.18,68.51,95.01,2.5355027410909026,6275039.63431775,15910879.72222222,89.60660119211056,9.96,
2025/05/06 17:00:00,9.65,16.62,13.28,104.19,68.5,95.01,2.5348209900310783,6280431.710529623,15920269.743888892,89.6250300933552,9.96,
2025/05/06 17:15:00,9.72,16.62,13.31,104.2,68.5,95.0,2.5341267496466067,6281844.9288217975,15919495.166666664,89.56463923845806,9.92,
2025/05/06 17:30:00,9.92,16.71,13.45,104.18,68.5,94.99,2.5399716841942803,6269016.408420893,15923637.894999998,89.35067294106268,9.93,
2025/05/06 17:45:00,9.76,16.63,13.32,104.17,68.5,94.98,2.537303251098735,6277363.654403498,15928080.422222221,89.49956251191769,9.94,
2025/05/06 18:00:00,9.9,16.63,13.35,104.16,68.49,94.96,2.5435948960249957,6263577.19662761,15932515.053888889,89.35337816842119,10.0,
2025/05/06 18:15:00,9.99,16.71,13.47,104.15,68.49,94.94,2.5433826934916675,6263348.968649962,15930611.644444445,89.25604589249475,9.94,
2025/05/06 18:30:00,9.91,16.68,13.42,104.13,68.49,94.93,2.5443081148053874,6262807.17415152,15935026.653333338,89.31771155329525,9.98,
2025/05/06 18:45:00,9.74,16.78,13.44,104.12,68.49,94.91,2.541819232525791,6268185.263353633,15933096.190000001,89.47645918202006,10.0,
2025/05/06 19:00:00,9.65,16.66,13.33,104.11,68.48,94.89,2.5406825542482525,6274650.172300991,15942397.96722222,89.55644669138505,10.01,
2025/05/06 19:15:00,9.48,16.65,13.31,104.07,68.48,94.88,2.5390977606036746,6286209.872625109,15961803.733333327,89.68934415429824,10.02,
2025/05/06 19:30:00,9.46,16.7,13.29,104.0,68.48,94.86,2.541393585526284,6285780.123950677,15975134.449999994,89.64882795355382,10.01,
2025/05/06 19:45:00,9.39,16.71,13.29,103.92,68.48,94.84,2.542142851012579,6289276.899019124,15988732.686666662,89.64882691478242,9.98,
2025/05/06 20:00:00,9.4,16.75,13.29,103.85,68.48,94.83,2.5472483144150377,6283540.003909858,16006225.522222213,89.57891240567218,10.02,
2025/05/06 20:15:00,9.22,16.67,13.18,103.78,68.44,94.81,2.5475450932059593,6268108.445173653,15968772.49,89.69579482914654,10.05,
2025/05/06 20:30:00,9.08,16.67,13.12,103.7,68.37,94.79,2.546270540420732,6263503.160530745,15949047.998888887,89.76450428523826,10.01,
2025/05/06 20:45:00,8.88,16.65,13.08,103.63,68.31,94.78,2.5435872740376304,6262283.216231488,15929134.246666666,89.9007896265951,9.98,
2025/05/06 21:00:00,8.83,16.71,13.12,103.55,68.25,94.76,2.5468272382647683,6244068.760652849,15903032.35277778,89.88110533949059,10.0,
2025/05/06 21:15:00,8.78,16.63,13.05,103.48,68.18,94.74,2.5499974481178636,6228355.015072403,15882759.004444433,89.87003408344603,10.03,
2025/05/06 21:30:00,8.81,16.61,13.05,103.41,68.12,94.72,2.551764491625697,6313900.914675444,16112067.766666658,89.78015833332347,9.98,
2025/05/06 21:45:00,8.73,16.68,13.07,103.33,68.05,94.71,2.555073467596592,6329883.841654789,16173794.058888888,89.7899359802699,10.02,
2025/05/06 22:00:00,8.45,16.65,12.95,103.34,67.99,94.69,2.546977997972977,6370125.308077641,16225032.266666666,90.07356456720372,9.99,
2025/05/06 22:15:00,8.76,16.63,13.05,103.41,67.93,94.67,2.550206417080877,6382177.484297351,16276351.287777774,89.82927058404299,9.97,
2025/05/06 22:30:00,8.85,16.58,13.07,103.48,67.86,94.66,2.548750037855964,6400027.342739275,16312561.466666665,89.80109412122394,9.96,
2025/05/06 22:45:00,8.84,16.56,13.0,103.55,67.8,94.64,2.545407718687396,6360089.880299903,16189501.802222224,89.87119405375219,9.96,
2025/05/06 23:00:00,8.81,16.64,13.05,103.62,67.74,94.62,2.541608782370504,6362882.043807603,16172431.146666672,89.96094117061295,9.96,
2025/05/06 23:15:00,8.73,16.52,12.92,103.69,67.67,94.61,2.5366789276598767,6411058.440776633,16263270.906666666,90.09982264497718,9.96,
2025/05/06 23:30:00,8.76,16.53,12.92,103.75,67.61,94.59,2.5342689432673837,6481195.582238728,16425569.392222222,90.12195705924738,9.95,
2025/05/06 23:45:00,8.7,16.51,12.91,103.68,67.55,94.57,2.53435105845604,6479947.834773536,16422940.636666663,90.12061249044062,9.91,
2025/05/07 06:15:00,9.08,16.2,12.91,107.99,67.88,97.95,2.349044818031267,6891186.612338039,16188159.44166667,93.43777667169262,10.06,
2025/05/07 06:30:00,9.0,16.05,12.68,104.48,65.81,94.9,2.4981840463158935,6282249.456214929,15694691.747777779,90.51324131977918,9.76,
2025/05/07 06:45:00,8.92,16.07,12.65,103.96,65.6,94.84,2.520992810471878,6271112.833508522,15809910.428888896,90.14507212390465,9.78,
2025/05/07 07:00:00,8.83,15.99,12.6,103.87,65.39,94.78,2.521258128175298,6316423.561529107,15925822.177222222,90.15612545339137,9.74,
2025/05/07 07:15:00,8.73,15.96,12.57,103.78,65.18,94.71,2.5253484450062946,6366644.406302953,16078489.478333324,90.17704182736442,9.79,
2025/05/07 07:30:00,8.34,15.95,12.5,103.69,64.97,94.65,2.51897465995455,6666079.643249214,16792190.457777783,90.48285923646611,9.75,
2025/05/07 07:45:00,7.67,15.97,12.25,103.61,64.75,94.59,2.51192110685557,6866089.281954602,17247553.155555557,91.07214551414042,9.85,
2025/05/07 08:00:00,7.54,15.94,12.21,103.16,64.54,94.53,2.5304693338424578,6880431.775747871,17411209.328333333,90.81175673495274,9.9,
2025/05/07 08:15:00,6.79,15.93,11.9,102.14,64.68,95.08,2.549401447913976,7069611.675433989,18023751.288888887,90.66579762712281,9.71,
2025/05/07 08:30:00,6.98,15.92,12.02,103.69,64.98,96.3,2.4924803396165327,7450480.59630776,18570661.56,91.81849575336635,9.83,
2025/05/07 08:45:00,6.99,15.86,11.89,103.32,65.26,95.82,2.5100845680292783,7180679.855343028,18024581.71555555,91.48953277218858,9.87,
2025/05/07 09:00:00,7.09,15.88,11.97,102.92,65.54,95.8,2.527441549385007,7136838.455631917,18038423.08888888,91.04608961109918,9.82,
2025/05/07 09:15:00,6.97,15.86,11.91,103.16,65.82,95.77,2.5137370204001956,7044690.449704723,17708962.45555556,91.37107005468786,9.8,
2025/05/07 09:30:00,7.24,15.89,12.04,103.16,66.09,95.75,2.517763810136009,6965041.453280309,17536801.259999998,91.1061803559485,9.75,
2025/05/07 09:45:00,7.39,15.97,12.09,103.3,66.37,95.72,2.515882336398918,6897129.3672445025,17352828.777777772,91.07975648652335,9.77,
2025/05/07 10:00:00,7.37,15.91,12.17,103.43,66.65,95.69,2.5118500358989357,6834960.944494521,17168870.693333328,91.21150545931891,9.82,
2025/05/07 10:15:00,7.47,15.88,12.1,103.57,66.93,95.67,2.5059504928449687,6780012.958207944,16990838.919999998,91.23404473352682,9.77,
2025/05/07 10:30:00,7.53,15.91,12.18,103.71,67.2,95.64,2.5024242590499086,6718428.620250421,16812821.08,91.29577942995999,9.8,
2025/05/07 10:45:00,7.61,15.9,12.19,103.85,67.48,95.62,2.499732299309491,6654455.804513668,16634817.173333328,91.33782589934829,9.84,
2025/05/07 11:00:00,8.08,15.95,12.36,103.99,67.76,95.59,2.506392385183613,6563395.585609764,16450915.983333329,90.99669090572523,9.9,
2025/05/07 11:15:00,8.46,15.94,12.43,104.1,67.99,95.56,2.508583901920056,6496137.4886036925,16296584.113333335,90.71782592379625,9.87,
2025/05/07 11:30:00,8.66,15.95,12.55,104.1,67.99,95.54,2.5142744791233027,6476471.586191129,16284122.372222228,90.5212547226495,9.9,
2025/05/07 11:45:00,8.66,15.98,12.56,104.1,67.99,95.51,2.513408538698702,6471395.066884963,16265751.040000005,90.52122400420174,9.88,
2025/05/07 12:00:00,8.57,15.98,12.55,104.1,67.98,95.49,2.5114293859151293,6473887.984870199,16259201.67666666,90.60970460505507,9.88,
2025/05/07 12:15:00,8.51,15.99,12.51,104.1,67.98,95.46,2.5126735329574794,6463374.760374662,16240832.666666659,90.66878188350539,9.94,
2025/05/07 12:30:00,8.58,16.0,12.54,104.1,67.97,95.43,2.513369566840654,6456627.180559244,16228374.873333337,90.59993556784586,9.92,
2025/05/07 12:45:00,8.6,15.97,12.56,104.1,67.97,95.41,2.5138098982560075,6450538.10091416,16215918.008888885,90.58027414803198,9.92,
2025/05/07 13:00:00,8.52,16.03,12.48,104.1,67.97,95.38,2.512047884638558,6447759.931400472,16197552.714444445,90.65891794482347,9.92,
2025/05/07 13:15:00,8.55,16.02,12.53,104.1,67.96,95.36,2.513557607422323,6441279.728952041,16191007.066666668,90.62946147331628,9.94,
2025/05/07 13:30:00,8.65,16.04,12.61,104.12,67.96,95.33,2.5122925706072983,6437210.9547905335,16172644.094444446,90.54825300084028,9.88,
2025/05/07 13:45:00,8.63,16.07,12.6,104.14,67.95,95.3,2.511392013674314,6434563.18988199,16160191.177777773,90.58512797762359,9.89,
2025/05/07 14:00:00,8.68,16.02,12.59,104.15,67.95,95.28,2.5158910740465705,6418230.677543376,16148056.521666665,90.5447338032755,9.98,
2025/05/07 14:15:00,8.83,16.04,12.63,104.17,67.95,95.25,2.5161821738663384,6410442.527487134,16130330.883333333,90.41434270425428,9.93,
2025/05/07 14:30:00,8.75,16.06,12.6,104.19,67.94,95.23,2.5139498897168115,6413913.640228732,16124739.20444445,90.51021706453236,9.94,
2025/05/07 14:45:00,8.72,16.06,12.62,104.21,67.94,95.2,2.512819421007859,6409744.15395873,16107013.21777778,90.55692682433519,9.95,
2025/05/07 15:00:00,8.74,16.09,12.65,104.23,67.93,95.17,2.5119348505343453,6407423.016682025,16095512.179999992,90.55443390725459,9.94,
2025/05/07 15:15:00,8.87,16.16,12.77,104.25,67.93,95.15,2.5108297197752916,6405534.023037318,16083694.62333333,90.44366325461499,9.87,
2025/05/07 15:30:00,8.79,16.11,12.66,104.26,67.93,95.12,2.510822559470861,6398621.661329582,16066283.994444443,90.53101548235875,9.92,
2025/05/07 15:45:00,8.81,16.11,12.7,104.28,67.92,95.1,2.5099246523539094,6398554.44942582,16060375.099999994,90.52851825291128,9.91,
2025/05/07 16:00:00,8.96,16.09,12.74,104.3,67.92,95.07,2.5096395435976415,6392340.319960022,16042963.658333324,90.39808264660556,9.85,
2025/05/07 16:15:00,9.16,16.06,12.76,104.27,67.91,95.04,2.5126230291707046,6380043.38061124,16031145.637222223,90.17549418360298,9.79,
2025/05/07 16:30:00,9.18,16.08,12.84,104.25,67.91,95.02,2.515809831359785,6367385.353553317,16019642.39333333,90.13869350699031,9.83,
2025/05/07 16:45:00,9.07,16.08,12.76,104.22,67.91,94.99,2.518790183009627,6352817.83642308,16001915.013333332,90.22127530127824,9.92,
2025/05/07 17:00:00,8.93,16.05,12.67,104.19,67.9,94.97,2.516618434002697,6355955.9225085955,15996005.886666661,90.33315993777268,9.91,
2025/05/07 17:15:00,8.98,16.04,12.65,104.17,67.9,94.94,2.5199329621653717,6344548.120139282,15988325.368888883,90.26685864054964,9.94,
2025/05/07 17:30:00,8.86,16.05,12.64,104.14,67.89,94.92,2.5177609567740955,6383573.615610728,16072800.846666666,90.35903525626942,9.92,
2025/05/07 17:45:00,8.76,16.06,12.63,104.11,67.89,94.89,2.519876269488104,6388304.919387098,16098225.0,90.43171131988201,9.99,
2025/05/07 18:00:00,8.82,16.08,12.68,103.96,67.88,94.87,2.524953502848628,6387616.514412786,16128928.609444447,90.24358870155731,9.92,
2025/05/07 18:15:00,8.8,16.13,12.67,103.69,67.88,94.84,2.537003366080914,6264461.209826378,15893441.226666668,90.03096641299051,9.93,
2025/05/07 18:30:00,8.67,16.13,12.67,103.42,67.88,94.82,2.546053530210153,6208813.905992262,15808454.859999998,89.92624763276827,9.93,
2025/05/07 18:45:00,8.34,16.08,12.53,103.23,67.84,94.79,2.546066204010361,6206790.99889344,15803370.702777777,90.08668086803007,9.91,
2025/05/07 19:00:00,8.47,16.09,12.55,103.37,67.81,94.77,2.5432868130289585,6250218.551218816,15896571.582222218,90.07965525930663,9.92,
2025/05/07 19:15:00,8.3,16.1,12.52,103.51,67.77,94.74,2.5320265312853154,6294073.907165764,15937227.771666666,90.36724036690073,9.89,
2025/05/07 19:30:00,8.41,16.07,12.52,103.65,67.73,94.71,2.5287376401140937,6311037.3577522,15959426.938888881,90.37975570949177,9.9,
2025/05/07 19:45:00,8.17,16.06,12.48,103.69,67.7,94.69,2.5207692726854334,6339427.698876867,15980698.029999996,90.64997917992555,9.88,
2025/05/07 20:00:00,8.07,16.08,12.46,103.67,67.66,94.66,2.520243973988637,6349195.495849428,16001980.499999998,90.73101344036041,9.9,
2025/05/07 20:15:00,7.99,16.07,12.45,103.65,67.62,94.64,2.51727359116251,6367378.714270564,16028892.965555552,90.79232656918931,9.85,
2025/05/07 20:30:00,7.92,16.08,12.44,103.64,67.59,94.61,2.5169826631968344,6366370.733187182,16024500.714444444,90.85248340616387,9.87,
2025/05/07 20:45:00,7.92,16.07,12.43,103.62,67.55,94.59,2.5182677266773403,6360476.176270221,16017838.026666673,90.83526134250702,9.88,
2025/05/07 21:00:00,8.0,16.07,12.42,103.6,67.51,94.56,2.521338491892184,6347854.4023636095,16005545.111111104,90.73946426037173,9.89,
2025/05/07 21:15:00,7.95,16.07,12.43,103.58,67.48,94.54,2.520276822759194,6345520.59786284,15992924.53,90.77132602795272,9.87,
2025/05/07 21:30:00,7.92,16.06,12.41,103.57,67.44,94.51,2.520453548753437,6340063.58688437,15980290.24777778,90.7921824270908,9.88,
2025/05/07 21:45:00,7.99,16.04,12.43,103.55,67.4,94.49,2.522483230819186,6332408.137071114,15973853.279999992,90.70619092172747,9.87,
2025/05/07 22:00:00,7.86,16.04,12.39,103.53,67.37,94.46,2.5200427082143206,6331179.003235005,15955295.124999993,90.81662604367041,9.86,
2025/05/07 22:15:00,7.77,16.04,12.37,103.52,67.33,94.44,2.518470088371756,6332436.626272557,15948502.741111109,90.89639005401663,9.86,
2025/05/07 22:30:00,7.78,16.04,12.37,103.49,67.29,94.41,2.519999845180996,6323554.481271348,15935806.919999992,90.86071357304732,9.86,
2025/05/07 22:45:00,7.81,16.02,12.36,103.43,67.26,94.39,2.523283827167035,6310411.765158138,15923412.407222219,90.77953649697253,9.86,
2025/05/07 23:00:00,7.75,16.02,12.34,103.37,67.22,94.36,2.5245472432240854,6302214.914871584,15910689.299999999,90.78672274610818,9.86,
2025/05/07 23:15:00,7.69,16.02,12.26,103.31,67.18,94.34,2.526602455486381,6294368.638443638,15903808.091111107,90.79390207136265,9.88,
2025/05/07 23:30:00,7.77,16.02,12.35,103.33,67.15,94.31,2.527538039128994,6284797.968157012,15885517.339999996,90.7326075333048,9.88,
2025/05/07 23:45:00,7.98,16.01,12.41,103.37,67.11,94.29,2.5293117699872867,6277650.278998158,15878595.260000004,90.56087086241685,9.85,
2025/05/08 08:15:00,5.33,15.6,11.79,102.02,64.3,93.6,2.5039793676524327,7053291.157010006,17661771.416666668,91.99348113981453,9.27,
2025/05/08 11:00:00,4.89,15.48,11.73,102.18,65.27,92.49,2.4865693525687216,6633918.862455348,16496145.673333334,92.56313543583933,9.24,
2025/05/08 11:15:00,6.32,15.49,11.48,101.97,65.36,94.54,2.5437838189415096,6994539.001367253,17793062.66222222,90.97913532954351,9.66,
2025/05/08 11:30:00,6.71,15.48,11.57,102.29,65.44,95.46,2.540465324021983,7162340.782085296,18196167.69666666,90.87409254065544,9.69,
2025/05/08 11:45:00,6.93,15.5,11.68,102.6,65.53,95.44,2.533919795996498,7080244.169797199,17941262.588333327,90.92653392199685,9.73,
2025/05/08 12:00:00,7.12,15.52,11.73,102.73,65.62,95.43,2.534273240516772,6967359.34201828,17657680.241666667,90.85253499427802,9.77,
2025/05/08 12:15:00,7.06,15.55,11.76,102.76,65.71,95.42,2.528858760450757,6920388.006654488,17501165.715000007,90.93737823697893,9.7,
2025/05/08 12:30:00,6.96,15.56,11.73,102.8,65.79,95.41,2.5244993680923415,6913929.244107646,17454684.231111106,91.07003992459555,9.69,
2025/05/08 12:45:00,6.97,15.63,11.75,102.84,65.88,95.4,2.524616153500151,6892850.298567165,17402267.96000001,91.09474699003428,9.73,
2025/05/08 13:00:00,7.13,15.78,11.9,102.88,65.97,95.38,2.5284931615890747,6859201.418660383,17343910.283333328,90.97231963146555,9.78,
2025/05/08 13:15:00,7.31,15.7,11.91,102.94,66.06,95.37,2.529194335370773,6836401.128930189,17291063.24,90.84755958814003,9.76,
2025/05/08 13:30:00,7.29,15.7,11.98,103.02,66.15,95.36,2.524901783103716,6826134.030049451,17235800.272777773,90.9362654507262,9.75,
2025/05/08 13:45:00,7.49,15.74,12.07,103.09,66.19,95.35,2.5288018245334776,6805543.40567108,17210359.979999997,90.80040119991163,9.81,
2025/05/08 14:00:00,7.68,15.8,12.15,103.17,66.13,95.34,2.5312394750002616,6810378.213283241,17239191.87833334,90.68294701824664,9.85,
2025/05/08 14:15:00,7.97,15.84,12.3,103.25,66.07,95.32,2.531852516597727,6815095.870568411,17255327.375,90.46720939919342,9.79,
2025/05/08 14:30:00,7.78,15.86,12.23,103.3,66.01,95.31,2.524989845203127,6849886.794006883,17296390.65,90.6968886557909,9.78,
2025/05/08 14:45:00,7.65,15.85,12.21,103.3,65.95,95.3,2.5233140502862934,6877613.064573177,17354873.49444444,90.82452410358977,9.81,
2025/05/08 15:00:00,7.58,15.87,12.15,103.3,65.89,95.29,2.52296024967222,6901800.517672787,17413455.033333335,90.89324756090245,9.84,
2025/05/08 15:15:00,7.55,15.89,12.21,103.36,65.83,95.28,2.519691025726765,6927799.237290294,17456405.694444444,90.97444463742188,9.84,
2025/05/08 15:30:00,7.6,15.93,12.2,103.45,65.77,95.26,2.5181182139639167,6928898.8872390445,17448271.298333336,91.00297385536285,9.87,
2025/05/08 15:45:00,7.5,15.88,12.2,103.54,65.71,95.25,2.511188567227521,6946959.123691872,17445613.39888889,91.17873304074891,9.85,
2025/05/08 16:00:00,7.59,15.89,12.22,103.57,65.65,95.24,2.5130952185051783,6940723.472465431,17443189.92777777,91.11624138513142,9.88,
2025/05/08 16:15:00,7.63,15.91,12.23,103.49,65.59,95.23,2.515841017324497,6932142.3374334,17440658.473333333,91.00799147172603,9.84,
2025/05/08 16:30:00,7.71,15.93,12.28,103.4,65.53,95.22,2.5207199158116618,6957471.806693798,17538336.597222224,90.85184799512392,9.82,
2025/05/08 16:45:00,7.82,15.98,12.36,103.31,65.47,95.2,2.5275109727969864,6978989.230613076,17639980.031666666,90.66624532790433,9.83,
2025/05/08 17:00:00,7.94,15.97,12.38,103.23,65.4,95.19,2.534112091901107,7005702.221743304,17753752.66499999,90.47943750860685,9.84,
2025/05/08 17:15:00,7.76,16.0,12.31,103.14,65.34,95.18,2.5339513609511743,6985506.520992668,17701436.133333333,90.57853045303368,9.84,
2025/05/08 17:30:00,7.54,15.97,12.22,103.1,65.28,95.17,2.531093949114564,7038432.837615337,17815431.35166667,90.75996200676094,9.85,
2025/05/08 17:45:00,7.55,15.95,12.19,103.1,65.22,95.16,2.531715431376611,7015659.67825913,17762147.846666664,90.75014997676881,9.86,
2025/05/08 18:00:00,7.69,16.01,12.28,103.1,65.16,95.15,2.53166963786929,6994629.204646111,17708586.836111117,90.61272892052114,9.78,
2025/05/08 18:15:00,7.55,16.01,12.29,103.1,65.1,95.13,2.528919433293049,6981105.006751429,17655147.51,90.75014613597052,9.79,
2025/05/08 18:30:00,7.59,16.01,12.24,102.79,65.04,95.12,2.5436118050690166,6976641.11801198,17746362.773333333,90.44326426018173,9.8,
2025/05/08 18:45:00,7.41,16.04,12.21,102.39,64.98,95.11,2.5566227716598178,6963622.085172212,17803848.803888883,90.27417216204404,9.8,
2025/05/08 19:00:00,7.27,15.98,12.07,102.27,64.92,95.1,2.5580958067508255,6966918.846075719,17822530.733333327,90.30767734190646,9.79,
2025/05/08 19:15:00,7.28,15.97,12.1,102.24,64.86,95.08,2.5592226689532,6968691.560383478,17834923.968888886,90.27192339324634,9.78,
2025/05/08 19:30:00,7.26,15.98,12.1,102.21,64.8,95.03,2.559649602252001,6964761.611789717,17827838.520555556,90.26558386463158,9.77,
2025/05/08 19:45:00,7.29,15.99,12.11,102.18,64.74,94.98,2.5612429098410363,6956836.546450652,17818637.76,90.21021744638843,9.76,
2025/05/08 20:00:00,7.16,16.03,12.09,102.14,64.67,94.93,2.5602886867091073,6958134.398815239,17815314.42777778,90.30304814527929,9.77,
2025/05/08 20:15:00,7.08,16.05,12.12,102.11,64.61,94.88,2.5608147607153975,6956395.752828356,17814523.94333333,90.35547924255404,9.8,
2025/05/08 20:30:00,7.06,16.02,12.06,102.12,64.54,94.84,2.5565058427752643,6973101.906083741,17827254.133333333,90.38383405277415,9.71,
2025/05/08 20:45:00,7.12,15.99,12.04,102.15,64.48,94.79,2.5570137354876614,6972090.393184116,17828210.656666666,90.35096943129292,9.72,
2025/05/08 21:00:00,7.17,15.96,12.04,102.18,64.41,94.74,2.5568997987759077,6974934.465458015,17834692.095000003,90.32791362536382,9.72,
2025/05/08 21:15:00,7.06,15.96,12.04,102.22,64.34,94.69,2.5518703765316393,7000885.191184228,17865834.37222222,90.47040067148555,9.7,
2025/05/08 21:30:00,6.99,16.0,12.02,102.26,64.28,94.64,2.5493339109557063,7022330.930287633,17902742.146666665,90.57361580987943,9.72,
2025/05/08 21:45:00,6.99,16.03,12.03,102.31,64.21,94.59,2.5476009857099653,7026615.024948614,17901484.198888894,90.6168696345651,9.73,
2025/05/08 22:00:00,7.04,16.04,12.1,102.35,64.15,94.55,2.5466663078298035,7024948.321067942,17890678.66666666,90.6024683331437,9.72,
2025/05/08 22:15:00,6.94,16.0,11.99,102.39,64.08,94.5,2.5438300454602207,7053378.600918692,17943068.0,90.73508164774938,9.75,
2025/05/08 22:30:00,6.87,15.98,11.96,102.43,64.01,94.45,2.5393739717741606,7105615.111698195,18044285.77111111,90.83834927703555,9.72,
2025/05/08 22:45:00,7.0,15.98,11.99,102.48,63.95,94.4,2.540616202601284,7143576.056217195,18149563.483333334,90.75412537455293,9.73,
2025/05/08 23:00:00,7.07,16.08,12.06,102.52,63.88,94.35,2.5405170582985344,7157043.027253703,18183065.602777775,90.72007549357903,9.73,
2025/05/08 23:15:00,7.07,15.96,12.04,102.56,63.82,94.3,2.5388121481971293,7163358.786276832,18186909.69333333,90.75466165174669,9.73,
2025/05/08 23:30:00,7.13,15.97,12.06,102.57,63.75,94.26,2.5405413517032285,7164552.074505401,18202330.41,90.70444626214288,9.75,
2025/05/08 23:45:00,7.2,15.99,12.08,102.19,63.68,94.21,2.558333213216176,7118556.687971522,18212135.52888888,90.3071228552606,9.75,
2025/05/09 00:00:00,7.12,16.02,12.08,101.81,63.62,95.42,2.571434687747678,7375894.376575622,18967147.100000005,90.05654966863995,9.72,
2025/05/09 00:15:00,7.7,16.02,12.39,103.4,65.32,94.37,2.518011692266138,6879649.85357197,17323533.363888897,90.86166505887256,9.76,
2025/05/09 00:30:00,7.48,15.99,12.14,102.42,65.34,94.34,2.5565796038686748,6762892.155179551,17290349.388888888,90.23145916063193,9.79,
2025/05/09 00:45:00,7.44,15.96,12.16,102.43,65.35,94.4,2.557145635143224,6771731.1976974765,17316787.308333337,90.27932537619614,9.84,
2025/05/09 01:00:00,7.4,15.99,12.15,102.45,65.36,94.47,2.554212542867645,6792188.907390551,17349173.483888887,90.33585638515646,9.81,
2025/05/09 01:15:00,7.37,16.01,12.15,102.47,65.37,94.53,2.5515007558347818,6809760.955576529,17375587.019999996,90.38258554984839,9.78,
2025/05/09 01:30:00,7.44,16.01,12.18,102.48,65.39,94.59,2.55424408160321,6810449.156983471,17396031.400000002,90.32255696068239,9.82,
2025/05/09 01:45:00,7.5,16.01,12.19,102.5,65.4,94.65,2.5540046685331355,6821420.188080019,17422422.875,90.2809974300863,9.8,
2025/05/09 02:00:00,7.48,15.92,12.12,102.52,65.41,94.71,2.5522930846289866,6836329.356792584,17448802.738888882,90.3179073644056,9.79,
2025/05/09 02:15:00,7.45,15.92,12.12,102.54,65.43,94.77,2.5507423618342546,6848488.703311196,17469216.929999992,90.36462273944157,9.79,
2025/05/09 02:30:00,7.43,15.93,12.13,102.55,65.44,94.83,2.5494603169776897,6862271.0473302435,17495574.732777778,90.39288924404752,9.78,
2025/05/09 02:45:00,7.4,15.94,12.13,102.57,65.45,94.89,2.547912228291424,6876781.212394403,17521920.924444444,90.43960370307892,9.78,
2025/05/09 03:00:00,7.38,15.92,12.12,102.59,65.46,94.95,2.5462020044961324,6891742.298337948,17548255.505000003,90.47651356386677,9.77,
2025/05/09 03:15:00,7.44,15.89,12.08,102.61,65.48,95.01,2.5467232461980376,6898331.882409844,17568629.05722222,90.43493999417655,9.77,
2025/05/09 03:30:00,7.47,15.91,12.16,102.62,65.49,95.07,2.546982061212148,6907958.37529527,17594941.57666666,90.41415091755013,9.77,
2025/05/09 03:45:00,7.42,15.8,12.06,102.64,65.5,95.13,2.5445787334600207,6924818.425562429,17621242.484999996,90.48049039587467,9.76,
2025/05/09 04:00:00,7.44,15.79,12.08,102.66,65.52,95.19,2.546538270539944,6927476.423454784,17641585.848333333,90.47812920487024,9.82,
2025/05/09 04:15:00,7.45,15.79,12.04,102.68,65.53,95.26,2.545522139303331,6942902.579920468,17673809.46833333,90.48560204108746,9.81,
2025/05/09 04:30:00,7.44,15.79,12.05,102.69,65.54,95.32,2.543683433827728,6958246.686921457,17700075.54333332,90.5040625929712,9.78,
2025/05/09 04:45:00,7.47,15.76,12.04,102.71,65.55,95.38,2.5431136999725825,6970128.018927096,17726330.00722222,90.49191357785489,9.77,
2025/05/09 05:00:00,7.43,15.65,11.93,102.73,65.57,95.44,2.5413395035903177,6982982.643910654,17746631.570555557,90.548436240581,9.77,
2025/05/09 05:15:00,7.43,15.65,11.97,102.74,65.58,95.5,2.5405102194253706,6978902.838694423,17730480.63111111,90.55708042643323,9.76,
2025/05/09 05:30:00,7.39,15.65,11.96,102.76,65.59,95.56,2.538339023568111,6974885.863935573,17705128.814999994,90.61360833101729,9.75,
2025/05/09 05:45:00,7.41,15.63,11.97,102.78,65.6,95.62,2.5379336577895537,6965799.84709602,17679244.977777787,90.61126269960843,9.75,
2025/05/09 06:00:00,7.4,15.62,11.94,102.8,65.62,95.68,2.537646987170757,6906689.423397573,17527239.51,90.63833880846269,9.77,
2025/05/09 06:15:00,6.73,15.63,11.62,102.61,65.21,95.74,2.52818218718057,6866394.6638872875,17359948.24666667,91.13130795205485,9.71,
2025/05/09 06:30:00,6.39,15.52,11.53,104.03,64.73,95.9,2.4616369780775615,7079001.573145168,17426367.749999996,92.69067670544682,9.74,
2025/05/09 06:45:00,6.04,15.53,11.47,103.57,64.25,96.07,2.470084605657221,7203854.3709920775,17794569.55222222,92.63742169304619,9.65,
2025/05/09 07:00:00,6.01,15.5,11.46,103.11,63.78,96.24,2.4891869419302917,7294467.757117432,18157750.70999999,92.26950693670175,9.66,
2025/05/09 07:15:00,6.4,15.51,11.49,102.66,63.3,96.33,2.5139134953137363,7351683.478933695,18481971.365,91.49830160514651,9.59,
2025/05/09 07:30:00,6.65,15.49,11.53,102.27,62.82,96.21,2.535206320270406,7371374.523864974,18688449.779999994,90.91584126068383,9.57,
2025/05/09 07:45:00,6.46,15.36,11.38,101.88,62.35,96.1,2.5449388391028243,7424511.691682225,18895428.749999996,90.76439517921152,9.51,
2025/05/09 08:00:00,6.49,15.43,11.44,101.87,62.35,95.99,2.5472446127497927,7395761.411517091,18839312.017777774,90.7262462075624,9.54,
2025/05/09 08:15:00,6.53,15.44,11.44,101.96,62.59,95.88,2.5435675379883707,7331370.621501474,18648327.469444435,90.76510765410691,9.52,
2025/05/09 08:30:00,6.58,15.45,11.49,102.05,62.83,95.76,2.5417124161749243,7259486.1259874245,18452016.32388889,90.79402498693206,9.54,
2025/05/09 08:45:00,6.65,15.39,11.48,102.14,63.06,95.65,2.538682235099378,7195192.583340042,18266798.201666668,90.8034253693908,9.52,
2025/05/09 09:00:00,6.55,15.37,11.47,102.17,63.3,95.54,2.53308914998604,7135557.624036695,18075488.54222222,90.92756318179376,9.47,
2025/05/09 09:15:00,6.52,15.38,11.42,102.1,63.53,95.42,2.537832744169226,7046945.67871511,17884443.499999996,90.89615776387795,9.53,
2025/05/09 09:30:00,6.64,15.38,11.46,102.25,63.77,95.31,2.5354220540380785,6978251.077165246,17693284.668888886,90.90835534630945,9.56,
2025/05/09 09:45:00,6.8,15.35,11.47,102.39,64.0,95.31,2.533502237992324,6934476.4505372625,17568985.518333334,90.87264668565594,9.57,
2025/05/09 10:00:00,6.88,15.37,11.55,102.54,64.24,95.39,2.5284922400565604,6914710.095820498,17484268.297222227,90.92397652028126,9.56,
2025/05/09 10:15:00,7.0,15.35,11.63,102.68,64.47,95.47,2.5289039002154996,6882280.256350596,17405113.611111112,90.92715715914096,9.65,
2025/05/09 10:30:00,7.03,15.33,11.62,102.83,64.71,95.55,2.52108750890501,6866850.741503805,17312416.073333334,91.02744279520263,9.6,
2025/05/09 10:45:00,7.06,15.32,11.58,102.97,64.94,95.63,2.516156283333035,6834950.202182341,17198278.735,91.11892641276745,9.61,
2025/05/09 11:00:00,7.31,15.34,11.73,103.12,65.18,95.71,2.516478971521352,6765053.637889931,17024603.334444437,91.00306777566493,9.64,
2025/05/09 11:15:00,7.19,15.39,11.74,103.19,65.41,95.8,2.513310711219324,6795731.844896253,17080268.975,91.18117950016438,9.7,
2025/05/09 11:30:00,7.28,15.4,11.8,103.15,65.65,95.88,2.518266020275388,6799472.603169686,17123373.715555552,91.05830997001763,9.73,
2025/05/09 11:45:00,7.38,15.45,11.84,103.11,65.88,95.96,2.5222230148294695,6811892.189517934,17181605.76,90.92564887135148,9.73,
2025/05/09 12:00:00,7.22,15.44,11.76,102.92,66.12,96.04,2.5296022672846448,6961206.719539441,17609583.884444445,90.91856852377222,9.8,
2025/05/09 12:15:00,8.05,15.44,12.07,103.66,67.04,94.43,2.5130408938855546,6316229.775210766,15873430.173333334,90.74195957472865,9.73,
2025/05/09 12:30:00,7.88,15.49,11.97,103.24,66.97,94.59,2.531090190985236,6317773.53199978,15991329.39555556,90.5469637950622,9.81,
2025/05/09 12:45:00,7.86,15.52,12.02,103.32,66.89,94.75,2.528788433653632,6351352.176947957,16061704.804444442,90.63560095390456,9.85,
2025/05/09 13:00:00,7.9,15.54,12.08,103.39,66.81,94.91,2.524988302529388,6439222.207940139,16259449.922222218,90.65665565006859,9.81,
2025/05/09 13:15:00,7.34,15.6,11.86,102.72,66.74,95.08,2.5385192784715707,6356955.028526025,16137706.028888892,90.62811123905422,9.74,
2025/05/09 13:30:00,7.4,15.57,11.9,103.51,66.66,95.13,2.507424234566611,6568008.304168887,16469244.934999999,91.25104286877124,9.78,
2025/05/09 13:45:00,7.79,15.6,12.04,103.87,66.52,94.97,2.5015355883118637,6655164.297847768,16648609.66388889,91.17823612934218,9.81,
2025/05/09 14:00:00,8.07,15.63,12.18,103.83,66.1,94.81,2.5098546793952994,6683888.648891177,16776090.374999998,90.86872409545106,9.82,
2025/05/09 14:15:00,8.05,15.71,12.21,103.12,65.69,94.65,2.5380933611777414,6657406.379940966,16897625.848888896,90.27653851517228,9.76,
2025/05/09 14:30:00,7.31,15.76,11.9,102.35,65.74,94.49,2.5536781065404686,6559270.574450174,16750725.902777778,90.33769092558589,9.74,
2025/05/09 14:45:00,7.54,15.78,12.14,103.77,65.93,94.5,2.501682066088813,6642803.327164997,16618649.978333326,91.33766075615519,9.84,
2025/05/09 15:00:00,7.62,15.76,12.07,103.68,66.06,94.52,2.503178841256736,6614592.923620557,16557969.498888884,91.18155483541608,9.74,
2025/05/09 15:15:00,7.76,15.8,12.19,103.6,66.19,94.55,2.5122816838893005,6568774.024756041,16503082.615555556,90.97512958625462,9.8,
2025/05/09 15:30:00,8.04,15.83,12.26,103.63,66.32,94.57,2.5167347367778055,6533018.787971087,16442352.208333332,90.72595256286652,9.79,
2025/05/09 15:45:00,7.96,15.9,12.28,103.66,66.45,94.59,2.516583324093559,6506806.1735514235,16375388.260000002,90.83041560816422,9.86,
2025/05/09 16:00:00,8.03,15.94,12.36,103.68,66.58,94.62,2.516843992191852,6466193.436217502,16274870.871111112,90.77887459177421,9.85,
2025/05/09 16:15:00,8.09,15.96,12.37,103.69,66.71,94.64,2.5181549594378834,6420861.323779365,16169190.60166667,90.72855340855565,9.86,
2025/05/09 16:30:00,8.35,15.96,12.5,103.66,66.84,94.66,2.5248471502457805,6362110.484439918,16063839.855555553,90.44726487030553,9.85,
2025/05/09 16:45:00,8.45,16.0,12.49,103.63,66.97,94.68,2.5275587525474057,6313610.991721593,15958496.88888889,90.32315331375774,9.83,
2025/05/09 17:00:00,8.66,16.02,12.6,103.61,67.1,94.71,2.5318418187396765,6279419.181706356,15898982.28111111,90.09953368007584,9.8,
2025/05/09 17:15:00,8.55,16.05,12.55,103.68,67.24,94.73,2.529707263517718,6264851.585086491,15848713.485000009,90.26798689452313,9.88,
2025/05/09 17:30:00,8.63,16.1,12.62,103.79,67.37,94.75,2.5257420799714922,6257130.264430015,15804370.30333333,90.28401640313547,9.86,
2025/05/09 17:45:00,8.6,16.06,12.57,103.89,67.5,94.77,2.521473022923959,6250078.67450249,15759873.854999997,90.39957805080618,9.88,
2025/05/09 18:00:00,8.61,16.08,12.55,104.0,67.63,94.8,2.5176437378706313,6239264.707883893,15708706.823333332,90.48440668724466,9.9,
2025/05/09 18:15:00,8.86,16.12,12.69,104.02,67.76,94.82,2.5205379671541177,6206738.916751086,15644794.623333326,90.25576209284533,9.86,
2025/05/09 18:30:00,8.85,16.14,12.68,104.05,67.89,94.84,2.519845947796363,6246290.140816561,15740160.975,90.29142127823044,9.88,
2025/05/09 18:45:00,8.77,16.15,12.72,104.07,68.02,94.87,2.51761457982865,6222435.65813288,15666168.008333338,90.38729315383118,9.89,
2025/05/09 19:00:00,8.77,16.22,12.7,104.1,68.15,94.89,2.520547963043217,6182591.638998037,15583978.409999998,90.41328142230189,9.99,
2025/05/09 19:15:00,9.06,16.16,12.81,104.6,68.17,94.91,2.4986183915720894,6224794.753475011,15553861.74222222,90.55738980888299,9.86,
2025/05/09 19:30:00,9.51,16.12,12.9,104.4,68.01,94.93,2.5152142022896413,6213408.543804083,15628555.555555556,89.94280777630051,9.81,
2025/05/09 19:45:00,9.47,16.1,12.87,104.2,67.86,94.96,2.5235352540983116,6222234.3392135305,15702533.427777775,89.81040580317531,9.81,
2025/05/09 20:00:00,9.0,16.12,12.72,104.0,67.7,94.98,2.5258612879863622,6255045.798722111,15799862.173333332,90.10095130198977,9.89,
2025/05/09 20:15:00,8.77,16.12,12.67,103.79,67.5,95.0,2.5297295858679085,6294966.565432275,15925045.277777778,90.1464309809849,9.88,
2025/05/09 20:30:00,8.59,16.11,12.56,103.61,67.27,95.03,2.5349807164943416,6340434.250264416,16073353.071111115,90.1684537840151,9.91,
2025/05/09 20:45:00,8.45,16.11,12.58,103.67,67.03,95.05,2.5266384322531352,6420047.841483895,16221618.599999996,90.35761297910766,9.85,
2025/05/09 21:00:00,8.18,16.11,12.53,103.56,66.8,95.07,2.5258828537932847,6478359.496324217,16364053.377222216,90.5281672418592,9.86,
2025/05/09 21:15:00,8.1,16.1,12.45,103.44,66.57,95.09,2.527697670166472,6527292.442010481,16499493.38888889,90.50333072097706,9.82,
2025/05/09 21:30:00,7.9,16.05,12.39,103.32,66.33,95.12,2.5280512862274493,6576529.502352334,16626277.78166667,90.59630810619555,9.81,
2025/05/09 21:45:00,7.7,16.02,12.29,103.2,66.1,95.14,2.5275515224149534,6623213.256343846,16740980.813333336,90.6891852647967,9.78,
2025/05/09 22:00:00,7.66,16.0,12.29,103.1,65.87,95.16,2.5350014077645793,6648791.909510402,16855172.956111103,90.6421942000483,9.88,
2025/05/09 22:15:00,7.6,15.98,12.23,103.1,65.63,95.19,2.53245437362437,6704906.270503819,16980342.940000005,90.70107373659513,9.85,
2025/05/09 22:30:00,7.71,15.97,12.26,103.1,65.4,95.22,2.5337471673748295,6748401.986817864,17099227.01666666,90.59309683345019,9.82,
2025/05/09 22:45:00,7.66,15.94,12.25,103.1,65.16,95.29,2.5314000960496097,6812578.13785614,17245849.573333338,90.64217610688556,9.79,
2025/05/09 23:00:00,7.4,15.94,12.12,103.1,64.93,95.36,2.525141459499603,7006328.059142223,17692451.687777773,90.89736459421752,9.78,
2025/05/09 23:15:00,7.46,15.91,12.11,103.1,64.7,95.43,2.527696243116397,7070507.227880575,17872585.072222225,90.83847416711818,9.81,
2025/05/09 23:30:00,7.58,15.89,12.15,103.18,64.49,95.5,2.524078371831687,7146010.994520474,18037593.591111116,90.78974314361243,9.74,
2025/05/09 23:45:00,7.37,15.88,12.03,102.52,64.28,95.57,2.547786572391815,7144438.651959823,18203004.435,90.42583748899455,9.74,
2025/05/10 00:00:00,7.38,15.86,12.07,102.64,65.41,95.65,2.5436632157666508,7018717.428246031,17853749.76,90.51973052740783,9.76,
2025/05/10 00:15:00,8.57,15.83,12.42,103.11,67.25,94.14,2.5516225666308747,6198077.145907099,15815644.808333335,89.75720279787481,9.79,
2025/05/10 00:30:00,8.31,15.82,12.31,103.19,67.26,94.15,2.544679379188676,6191315.338439953,15755385.812222222,90.08160183442419,9.85,
2025/05/10 00:45:00,8.37,15.8,12.32,103.27,67.26,94.16,2.542523922214145,6175035.771640862,15700651.26666666,90.09163159017629,9.85,
2025/05/10 01:00:00,8.4,15.78,12.31,103.36,67.27,94.16,2.5383936224623427,6159045.7335476875,15634555.59722222,90.13970804863251,9.83,
2025/05/10 01:15:00,8.28,15.75,12.27,103.44,67.27,94.17,2.532994583625207,6160166.8641133085,15604138.550000003,90.32654065777373,9.85,
2025/05/10 01:30:00,8.32,15.74,12.27,103.52,67.28,94.18,2.5290969699367376,6165584.973021582,15593831.366666669,90.35614231390508,9.82,
2025/05/10 01:45:00,8.33,15.72,12.23,103.6,67.28,94.19,2.5257814176995512,6172016.468941147,15589629.769999998,90.41522206165648,9.82,
2025/05/10 02:00:00,8.34,15.69,12.22,103.68,67.29,94.19,2.5224596283642207,6173761.008792857,15573529.33888888,90.47428638125606,9.82,
2025/05/10 02:15:00,8.35,15.66,12.21,103.76,67.29,94.2,2.5191324012464578,6180243.722444335,15569320.194999998,90.53333534102111,9.82,
2025/05/10 02:30:00,8.29,15.66,12.21,103.78,67.29,94.21,2.5151861520391345,6188140.150800309,15564791.04888888,90.6094874601695,9.78,
2025/05/10 02:45:00,8.3,15.64,12.16,103.76,67.3,94.22,2.5197315553507313,6173008.805199895,15554788.773333332,90.5825032934559,9.86,
2025/05/10 03:00:00,8.22,15.6,12.17,103.73,67.3,94.22,2.517582347994515,6174179.15474893,15544473.92666667,90.63524717247893,9.82,
2025/05/10 03:15:00,8.24,15.59,12.22,103.7,67.31,94.23,2.5163237777531626,6173289.247509474,15534471.65111111,90.58973225508863,9.75,
2025/05/10 03:30:00,8.24,15.55,12.13,103.67,67.31,94.24,2.519823160492908,6162913.625279298,15529923.578888884,90.56391942283615,9.8,
2025/05/10 03:45:00,8.24,15.52,12.1,103.64,67.32,94.24,2.5185487343040363,6159771.342257592,15514154.52888889,90.53806324949575,9.74,
2025/05/10 04:00:00,8.25,15.5,12.1,103.61,67.32,94.25,2.521839180323832,6149926.28035353,15509598.90944445,90.50241313834891,9.78,
2025/05/10 04:15:00,8.26,15.48,12.07,103.58,67.33,94.26,2.524676460751446,6139051.921566703,15499592.918333337,90.4667651675952,9.81,
2025/05/10 04:30:00,8.26,15.46,12.08,103.56,67.33,94.27,2.522537872880153,6142444.741588292,15495025.919999996,90.44951189719147,9.74,
2025/05/10 04:45:00,8.23,15.42,12.05,103.53,67.34,94.27,2.5249329927156623,6130252.770050222,15478955.56166666,90.45315484317503,9.78,
2025/05/10 05:00:00,8.21,15.38,12.02,103.5,67.34,94.28,2.525812672090635,6126429.812315226,15474693.703333333,90.446958462624,9.78,
2025/05/10 05:15:00,8.2,15.37,12.02,103.47,67.34,94.29,2.528612618849763,6117832.980903176,15470111.494444445,90.4309541631881,9.82,
2025/05/10 05:30:00,8.27,15.33,12.01,103.44,67.35,94.29,2.5285096831713254,6111851.558777192,15454361.486666672,90.33631271976513,9.75,
2025/05/10 05:45:00,8.22,15.3,11.94,103.41,67.35,94.3,2.5291521770272927,6108486.457875846,15449771.730555555,90.35958362210889,9.76,
2025/05/10 06:00:00,7.23,15.26,11.58,102.1,65.22,94.31,2.55973437115142,6535097.353373614,16728597.214999998,90.19991353839431,9.67,
2025/05/10 06:15:00,6.84,15.25,11.47,102.1,64.97,94.32,2.551089205890131,6580324.3782352675,16787464.619444437,90.58220733965774,9.68,
2025/05/10 06:30:00,6.55,15.22,11.33,102.1,64.72,94.32,2.541697041459427,6767590.060474532,17201628.888888884,90.86654924583151,9.61,
2025/05/10 06:45:00,6.4,15.17,11.29,102.1,64.47,94.33,2.5374885417168533,6804610.240468161,17267087.456666667,91.0135744780421,9.59,
2025/05/10 07:00:00,6.25,15.14,11.18,102.1,64.21,94.34,2.5332951956741345,6886899.007488281,17447009.17055556,91.16058665059433,9.57,
2025/05/10 07:15:00,6.15,15.11,11.11,102.1,63.96,94.35,2.5310276370620994,6963148.511977291,17624381.665,91.25854742921993,9.57,
2025/05/10 07:30:00,6.23,15.1,11.16,102.12,63.8,94.35,2.532394706002407,6986782.492777193,17693760.60833333,91.19747848371647,9.58,
2025/05/10 07:45:00,6.69,15.08,11.3,101.64,63.89,94.36,2.563126901754087,7087269.459935406,18166083.65611111,90.33081348808435,9.58,
2025/05/10 08:00:00,6.38,15.04,11.15,97.46,63.97,90.35,2.7181300923522045,6443991.571048116,17516135.34,86.98749689139851,9.26,
2025/05/10 08:15:00,6.37,15.0,11.15,97.57,64.05,90.33,2.713278166890361,6524157.608570676,17702391.96,87.09387674673405,9.26,
2025/05/10 08:30:00,6.6,15.13,11.3,97.67,64.13,90.32,2.7170434344370027,6504218.559606159,17672785.02,86.95692093165289,9.31,
2025/05/10 08:45:00,6.74,15.11,11.31,97.77,64.21,90.31,2.7183806725944946,6467752.103615015,17582354.900000002,86.90774757415052,9.36,
2025/05/10 09:00:00,6.89,15.06,11.38,97.87,64.3,90.3,2.7167978395384407,6510388.2621317925,17687971.888888884,86.8491847863895,9.32,
2025/05/10 09:15:00,6.78,15.06,11.35,97.98,64.38,90.29,2.709589386738217,6603816.759666455,17894194.51111112,87.05300804106716,9.33,
2025/05/10 09:30:00,6.66,15.05,11.3,97.71,64.46,90.28,2.719755663700778,6573254.968829488,17878206.94000001,86.93305446761431,9.39,
2025/05/10 09:45:00,6.42,15.04,11.17,97.34,64.54,90.27,2.726612857878496,6550747.989194224,17861897.508888885,86.8426296017292,9.33,
2025/05/10 10:00:00,6.59,14.99,11.19,97.74,64.62,90.26,2.7166138244656133,6588021.861126959,17897662.982222218,87.02771067600244,9.39,
2025/05/10 10:15:00,6.43,15.02,11.24,97.68,64.7,90.25,2.713435049271559,6607462.689606379,17929475.452777773,87.1314105586942,9.35,
2025/05/10 10:30:00,6.41,15.0,11.18,97.31,64.79,90.24,2.729893273224372,6567575.978100508,17929335.538888883,86.82564946614812,9.4,
2025/05/10 10:45:00,6.5,15.07,11.21,97.67,64.87,90.23,2.717426749865168,6600057.621946314,17935717.70222222,87.05406428440136,9.4,
2025/05/10 11:00:00,6.66,15.06,11.3,98.03,64.95,90.22,2.7067538546995933,6682126.034461871,18087430.686111107,87.21368782803867,9.4,
2025/05/10 11:15:00,6.74,15.07,11.37,97.86,65.03,90.21,2.7159967576864776,6539753.680646356,17762511.971111108,86.98650609502899,9.4,
2025/05/10 11:30:00,6.75,15.09,11.33,97.24,65.11,90.2,2.742493922949481,6475938.789288936,17760784.470000003,86.43236052682039,9.41,
2025/05/10 11:45:00,6.44,15.17,11.24,96.99,65.07,90.19,2.7417071106691906,6508104.20039504,17843855.23555556,86.51534442219423,9.33,
2025/05/10 12:00:00,6.4,15.18,11.3,97.18,64.94,90.18,2.7340296602321046,6558305.276589566,17931148.03333334,86.72126713237648,9.37,
2025/05/10 12:15:00,6.38,15.24,11.27,97.4,64.81,90.17,2.724369738671909,6605614.776440989,17996670.46222222,86.93416682174978,9.37,
2025/05/10 12:30:00,6.36,15.21,11.25,97.63,64.68,90.16,2.713965727578746,6636916.105588014,18012894.89999999,87.15576795930919,9.36,
2025/05/10 12:45:00,6.4,15.21,11.28,97.85,64.56,90.15,2.70591742470668,6647511.217296036,17988149.3,87.30983812509172,9.36,
2025/05/10 13:00:00,6.5,15.24,11.32,98.07,64.43,90.26,2.6997879280240444,6686765.650184444,18053383.425,87.40512252148403,9.37,
2025/05/10 13:15:00,6.77,15.28,11.39,98.16,66.65,91.1,2.7105979595929126,6297150.009023495,17069554.24166666,87.21945454396517,9.59,
2025/05/10 13:30:00,6.6,15.35,11.52,97.41,64.88,89.73,2.7299547925913825,6357955.742357627,17357466.836111117,86.72830028113614,9.37,
2025/05/10 13:45:00,6.67,15.38,11.49,97.42,64.87,89.58,2.7314529225588413,6321927.71266822,17268572.51777777,86.66877437892215,9.37,
2025/05/10 14:00:00,6.7,15.41,11.52,97.44,64.87,89.57,2.731099022624735,6302546.92286328,17213402.55555555,86.65711321821293,9.36,
2025/05/10 14:15:00,6.76,15.47,11.58,97.45,64.86,89.57,2.732320304743091,6257233.904172691,17097286.916111104,86.60733566622052,9.36,
2025/05/10 14:30:00,6.77,15.5,11.62,97.46,64.86,89.56,2.731831740312398,6230519.79180526,17021250.277777776,86.60640676288118,9.35,
2025/05/10 14:45:00,6.84,15.56,11.65,97.48,64.85,89.55,2.732905282696659,6254832.8523173835,17094382.861111116,86.55564095225427,9.35,
2025/05/10 15:00:00,6.89,15.64,11.72,97.49,64.84,89.54,2.7352262762714363,6276261.996336421,17167515.444444444,86.51542140421655,9.39,
2025/05/10 15:15:00,6.89,15.62,11.73,97.51,64.84,89.53,2.7357348420187955,6299169.127340159,17233381.329999994,86.53280060648113,9.43,
2025/05/10 15:30:00,6.93,15.65,11.74,97.52,64.83,89.52,2.7364160654467846,6303363.724383586,17249148.63833333,86.50253167393305,9.43,
2025/05/10 15:45:00,6.97,15.66,11.77,97.53,64.83,89.52,2.7370962537070995,6307451.920523869,17264629.26833333,86.47225997228483,9.43,
2025/05/10 16:00:00,7.02,15.7,11.82,97.55,64.82,89.51,2.7379679636756644,6315180.414816055,17291290.353333343,86.4409571021826,9.44,
2025/05/10 16:15:00,7.1,15.76,11.89,97.56,64.82,89.5,2.7397502625427395,6319288.233275728,17313802.90444445,86.37162234574382,9.44,
2025/05/10 16:30:00,7.13,15.79,11.91,97.58,64.81,89.49,2.7397350269766396,6258765.299108079,17147883.377777774,86.35987971602515,9.44,
2025/05/10 16:45:00,7.17,15.84,11.96,97.59,64.8,89.48,2.7404154104720915,6261707.6343103815,17160205.55333334,86.32959396145317,9.44,
2025/05/10 17:00:00,7.21,15.86,11.98,97.6,64.8,89.47,2.7407537046592103,6262787.298377056,17165283.208333336,86.29934592251355,9.43,
2025/05/10 17:15:00,7.25,15.9,12.09,97.62,64.79,89.46,2.7406633847498822,6267379.752033895,17177313.94499999,86.27786806520561,9.42,
2025/05/10 17:30:00,7.26,16.01,12.14,97.63,64.79,89.46,2.740516802271861,6272107.83273655,17189344.681666657,86.27687396904166,9.42,
2025/05/10 17:45:00,7.27,15.94,12.11,97.65,64.78,89.45,2.7399447961462084,6277806.022025531,17201375.418333333,86.28465131990355,9.42,
2025/05/10 18:00:00,7.28,15.99,12.09,97.66,64.77,89.44,2.739449537824695,6283336.047027051,17213406.155,86.2836965894571,9.41,
2025/05/10 18:15:00,7.27,15.97,12.09,97.67,64.77,89.43,2.7387514130397776,6286780.063882217,17218454.550000004,86.30223547423138,9.41,
2025/05/10 18:30:00,7.28,15.99,12.13,97.69,64.76,89.42,2.737827696121605,6293292.614377977,17230480.409999996,86.31005117055335,9.4,
2025/05/10 18:45:00,7.31,16.03,12.16,97.7,64.76,89.41,2.73787228291793,6283739.286076147,17204603.07499999,86.28955899360801,9.39,
2025/05/10 19:00:00,7.29,16.02,12.11,97.68,64.75,89.4,2.739919057995362,6268810.113939159,17176554.11388889,86.29135074212407,9.44,
2025/05/10 19:15:00,7.33,16.09,12.19,97.66,64.75,89.4,2.743231786156357,6251118.8945532665,17148791.36666667,86.23458712291635,9.48,
2025/05/10 19:30:00,7.32,16.06,12.16,97.64,64.74,89.39,2.743121951111073,6241144.320309928,17120742.405555557,86.2268859490589,9.46,
2025/05/10 19:45:00,7.35,16.08,12.21,97.62,64.73,89.38,2.7461459531479924,6224160.483381132,17092979.65833333,86.17989404642063,9.5,
2025/05/10 20:00:00,7.3,16.05,12.15,97.6,64.73,89.37,2.744260025778409,6087573.105742613,16706393.635555556,86.21133013098832,9.46,
2025/05/11 00:00:00,9.7,15.84,13.84,70.91,65.02,67.96,4.1945282284608405,284869.21250045527,1195022.2899999989,59.413069765199324,7.05,
2025/05/11 00:15:00,6.88,15.83,12.2,97.58,65.07,87.49,2.7311716133465964,6202886.066024968,16941697.91111111,86.60419204261126,9.39,
2025/05/11 00:30:00,6.79,15.8,11.87,97.13,65.12,88.18,2.7510665315670044,6348232.785121089,17464941.95111111,86.29624344875101,9.5,
2025/05/11 00:45:00,6.77,15.76,11.8,97.14,65.17,88.87,2.7497801604519427,6494950.19266572,17860223.883333333,86.32458958225031,9.49,
2025/05/11 01:00:00,6.76,15.74,11.8,97.18,65.22,89.55,2.748767209645798,6643645.154623639,18262387.256666664,86.36938595108653,9.52,
2025/05/11 01:15:00,6.69,15.69,11.72,97.18,65.27,89.82,2.7477184923532776,6734081.396020111,18503916.016666662,86.4375575732509,9.55,
2025/05/11 01:30:00,6.52,15.67,11.66,97.14,65.32,89.83,2.7428007990664254,6717320.229047847,18424817.876666673,86.5684643851095,9.49,
2025/05/11 01:45:00,6.51,15.67,11.63,97.11,65.37,89.85,2.744066091698618,6694301.463492969,18370146.959999993,86.55179036394189,9.5,
2025/05/11 02:00:00,6.42,15.65,11.61,97.07,65.42,89.86,2.7435021919703315,6686288.313723651,18344387.01333333,86.60433379777164,9.51,
2025/05/11 02:15:00,6.48,15.61,11.57,97.03,65.48,89.88,2.7462255498262875,6670272.473693941,18318613.133333325,86.5107234680611,9.49,
2025/05/11 02:30:00,6.43,15.6,11.56,96.99,65.53,89.9,2.7455649148963333,6665220.295660263,18300334.690000005,86.52442824438549,9.46,
2025/05/11 02:45:00,6.37,15.58,11.58,96.95,65.58,89.91,2.7455376817511232,6655887.65795039,18274534.684999995,86.54773385793675,9.46,
2025/05/11 03:00:00,6.31,15.55,11.52,96.91,65.63,89.93,2.745508206623015,6649192.201294376,18255951.450000007,86.57102602721517,9.46,
2025/05/11 03:15:00,6.3,15.55,11.49,96.88,65.68,89.94,2.746762966943735,6686182.654286914,18365898.222222213,86.55431722005717,9.47,
2025/05/11 03:30:00,6.28,15.52,11.49,96.84,65.73,89.96,2.747845444750351,6634534.35180631,18231214.674444437,86.53859715683328,9.47,
2025/05/11 03:45:00,6.29,15.5,11.42,96.8,65.78,89.97,2.7494723263105243,6604750.546704782,18160110.319999997,86.49367628113141,9.46,
2025/05/11 04:00:00,6.33,15.47,11.44,96.9,65.83,89.99,2.745871342948852,6598363.63317525,18118793.342222217,86.54282335430655,9.44,
2025/05/11 04:15:00,6.39,15.44,11.42,96.99,65.88,90.01,2.743212419140046,6589714.998761606,18077523.04111112,86.56362948810902,9.42,
2025/05/11 04:30:00,6.42,15.42,11.42,97.09,65.93,90.02,2.7395958796554427,6580737.028731206,18029095.18666666,86.62240083254723,9.41,
2025/05/11 04:45:00,6.43,15.39,11.41,97.18,65.99,90.04,2.737411210518869,6602492.857749128,18074276.45833334,86.69160469473309,9.45,
2025/05/11 05:00:00,6.53,15.36,11.41,97.47,66.04,90.05,2.7303757929679366,6586645.738160959,17984555.777222216,86.84861905268443,9.52,
2025/05/11 05:15:00,6.67,15.34,11.46,97.79,66.09,90.07,2.720663599481494,6728181.502218349,18305672.549999993,86.99296248159227,9.51,
2025/05/11 05:30:00,6.93,15.3,11.56,98.11,66.14,90.08,2.7144030773383077,6591845.252390772,17893484.839999996,87.01966746602295,9.51,
2025/05/11 05:45:00,6.9,15.28,11.58,98.43,66.19,90.1,2.69920598405898,6590413.509321127,17789441.156666666,87.32933633010524,9.48,
2025/05/11 06:00:00,6.78,15.25,11.48,97.78,66.24,90.11,2.7224433575810334,6496457.160837419,17686788.13611111,86.8770129021618,9.46,
2025/05/11 06:15:00,6.63,15.23,11.37,97.45,66.28,90.13,2.7323874179049428,6440639.246051243,17598860.674999997,86.7336921631358,9.47,
2025/05/11 06:30:00,6.59,15.19,11.36,97.54,66.23,90.15,2.727235385367648,6366039.192116503,17362221.70222222,86.8518133306213,9.46,
2025/05/11 06:45:00,6.67,15.15,11.39,97.63,66.19,90.16,2.724369679590693,6314339.869469727,17203134.501666665,86.85293682944355,9.42,
2025/05/11 07:00:00,6.59,15.12,11.31,97.71,66.14,90.18,2.718199888428237,6324668.898673972,17192243.39555556,87.00133433669569,9.4,
2025/05/11 07:15:00,6.47,15.09,11.27,97.76,66.1,90.19,2.7132150065150276,6326789.059281241,17166464.40666667,87.16229081957553,9.41,
2025/05/11 07:30:00,6.46,15.05,11.21,97.81,66.05,90.21,2.7108733596092454,6327993.786648542,17154911.351111107,87.21592868540044,9.41,
2025/05/11 07:45:00,6.6,15.03,11.26,97.86,66.01,90.22,2.712565697588095,6315368.130678072,17131382.014999997,87.12314053807481,9.41,
2025/05/11 08:00:00,6.63,14.98,11.29,97.91,65.96,90.24,2.711628969344383,6339346.7139232,17190500.335555553,87.1376633599615,9.42,
2025/05/11 08:15:00,6.63,14.97,11.26,97.96,65.92,90.26,2.7095484988894185,6363439.405086234,17242589.87,87.18151215698214,9.42,
2025/05/11 08:30:00,6.61,14.93,11.2,98.01,65.87,90.27,2.706931825300833,6388851.965496383,17294726.777777772,87.24488119848776,9.42,
2025/05/11 08:45:00,6.61,14.91,11.24,98.06,65.83,90.29,2.704508674358355,6412502.747356901,17343218.95777778,87.28876266566222,9.41,
2025/05/11 09:00:00,6.8,14.9,11.26,98.11,65.78,90.3,2.7075003371280917,6312822.444003135,17092516.026666664,87.14704434189134,9.41,
2025/05/11 09:15:00,6.9,14.89,11.32,98.16,65.74,90.29,2.7066588668753035,6402754.938471397,17330638.78333334,87.09335872115244,9.37,
2025/05/11 09:30:00,6.88,14.88,11.3,98.17,65.69,90.28,2.707474138103548,6478640.159520165,17541321.581666667,87.12143422707624,9.42,
2025/05/11 09:45:00,6.52,14.89,11.18,97.93,65.64,90.27,2.7071664567279528,6564924.936734723,17772902.638333328,87.26268518181455,9.4,
2025/05/11 10:00:00,6.45,14.88,11.12,97.71,65.6,90.27,2.7154045933654576,6556482.898508136,17804058.03611111,87.13782842356362,9.43,
2025/05/11 10:15:00,6.52,14.87,11.15,98.08,65.55,90.26,2.7019542456507755,6568480.16979473,17748286.966666672,87.39407664895406,9.43,
2025/05/11 10:30:00,6.45,14.88,11.15,97.93,65.51,90.25,2.70461300351927,6599834.408246262,17850554.61444444,87.33111511980478,9.38,
2025/05/11 10:45:00,6.37,14.87,11.12,97.75,65.46,90.24,2.7095952892824755,6628081.8980555665,17959978.19,87.25130729879652,9.37,
2025/05/11 11:00:00,6.32,14.89,11.1,97.57,65.42,90.23,2.715367248425088,6606406.902433881,17939374.969999995,87.1421052462955,9.36,
2025/05/11 11:15:00,6.38,14.9,11.12,97.4,65.37,90.22,2.7240347646309195,6530543.9688515775,17789982.466666665,86.93421952735088,9.36,
2025/05/11 11:30:00,6.4,14.93,11.17,97.22,65.33,90.22,2.732695252056721,6526669.01443151,17835958.286666665,86.75638669254309,9.38,
2025/05/11 11:45:00,6.1,14.93,11.03,97.15,65.34,90.21,2.7257477020046776,6591765.429584328,17968032.004999995,86.9876668489841,9.33,
2025/05/11 12:00:00,6.08,14.96,11.01,97.1,65.36,90.2,2.727261408163306,6572125.007155126,17924437.740000002,86.96317666248244,9.33,
2025/05/11 12:15:00,6.19,14.97,11.05,97.14,65.38,90.19,2.7289464679699096,6552004.744824654,17880608.349999998,86.8910542624314,9.34,
2025/05/11 12:30:00,6.14,14.99,11.04,97.17,65.4,90.18,2.7263422707223275,6561310.081215946,17888910.526666667,86.96619973046056,9.34,
2025/05/11 12:45:00,6.2,15.02,11.12,97.21,65.43,90.17,2.727943551153054,6594360.800208712,17989587.916666664,86.94259753137929,9.39,
2025/05/11 13:00:00,6.35,15.08,11.17,97.24,65.45,90.16,2.7298464094806176,6563906.928177598,17918998.747222215,86.82284705040743,9.36,
2025/05/11 13:15:00,6.42,15.09,11.2,97.27,65.47,90.16,2.7321468451580255,6535233.437008815,17855759.991666663,86.78068330768697,9.41,
2025/05/11 13:30:00,6.55,15.13,11.32,97.3,65.49,90.15,2.733495909695143,6506260.227482378,17785387.950000007,86.68038172844241,9.38,
2025/05/11 13:45:00,6.58,15.17,11.34,97.33,65.51,90.14,2.732405427033685,6506068.014803087,17777764.326666664,86.67757695354764,9.36,
2025/05/11 14:00:00,6.61,15.19,11.36,97.36,65.53,90.13,2.731300387597201,6517818.27060909,17802668.766666662,86.67476784421952,9.34,
2025/05/11 14:15:00,6.63,15.22,11.38,97.39,65.55,90.12,2.7309343616823045,6527769.938198101,17827459.65000001,86.68155666633646,9.35,
2025/05/11 14:30:00,6.66,15.25,11.42,97.42,65.57,90.11,2.7311781441750993,6501168.936314538,17756398.25666667,86.67853338140904,9.37,
2025/05/11 14:45:00,6.68,15.31,11.48,97.45,65.59,90.1,2.7311450402090114,6450787.259422697,17618579.128333323,86.68526791913854,9.39,
2025/05/11 15:00:00,6.75,15.37,11.53,97.48,65.61,90.1,2.734121836312092,6482705.811834151,17725053.829999994,86.64297806374668,9.46,
2025/05/11 15:15:00,6.63,15.41,11.5,97.5,65.63,90.09,2.7309513102311977,6746323.090336577,18424436.567777783,86.77752103462763,9.49,
2025/05/11 15:30:00,6.5,15.46,11.47,97.49,65.65,90.08,2.7281048244703365,6741652.4929161,18392478.37777777,86.89554215717726,9.5,
2025/05/11 15:45:00,6.47,15.47,11.46,97.48,65.67,90.07,2.727381202997714,6744406.0574463345,18395107.13333332,86.91607108569494,9.49,
2025/05/11 16:00:00,6.48,15.5,11.52,97.48,65.69,90.06,2.7276553242143646,6769045.534647817,18464170.13833333,86.90631470000126,9.49,
2025/05/11 16:15:00,6.47,15.55,11.54,97.47,65.71,90.05,2.727480520555058,6776586.039215205,18483549.895555556,86.90733088423619,9.48,
2025/05/11 16:30:00,6.51,15.58,11.59,97.46,65.74,90.04,2.7283588499413636,6760581.741762258,18445838.400000006,86.859610185834,9.46,
2025/05/11 16:45:00,6.55,15.63,11.61,97.45,65.76,90.04,2.7298716465095163,6748590.423743442,18423326.777777776,86.81179750973116,9.46,
2025/05/11 17:00:00,6.57,15.65,11.64,97.45,65.78,90.02,2.730739599375106,6732650.709901971,18385657.54666666,86.79223811054345,9.47,
2025/05/11 17:15:00,6.6,15.68,11.68,97.44,65.8,90.0,2.7322964929476043,6715139.119473318,18348293.45555556,86.75413750578267,9.48,
2025/05/11 17:30:00,6.64,15.71,11.71,97.43,65.82,89.99,2.7338135058173916,6700423.770657377,18318250.98277778,86.70632261165944,9.48,
2025/05/11 17:45:00,6.74,15.73,11.77,97.43,65.84,89.97,2.736891247559546,6679148.623460783,18280650.72166666,86.6086969269319,9.49,
2025/05/11 18:00:00,6.72,15.81,11.79,97.42,65.86,89.95,2.7370711173153306,6664984.475861312,18243074.611666672,86.61938900330873,9.5,
2025/05/11 18:15:00,6.76,15.81,11.81,97.41,65.88,89.94,2.738593427894011,6650330.768038129,18213092.516666666,86.57157085703902,9.5,
2025/05/11 18:30:00,6.78,15.82,11.82,97.41,65.9,89.92,2.7394629907599493,6634520.054093753,18175561.689999994,86.55201259111553,9.51,
2025/05/11 18:45:00,6.82,15.85,11.86,97.37,65.92,89.9,2.7425501023789027,6610837.702436153,18131094.153333336,86.47780135417895,9.52,
2025/05/11 19:00:00,6.79,15.84,11.86,97.25,65.94,89.88,2.7463901108268263,6575298.9701008685,18058876.99,86.40168070216062,9.51,
2025/05/11 19:15:00,6.8,15.87,11.88,97.13,65.96,89.87,2.7516578218394074,6539353.894450515,17994603.56833334,86.28644593681368,9.51,
2025/05/11 19:30:00,6.8,15.86,11.87,97.01,65.97,89.85,2.7563386330738116,6504867.863891383,17930157.373333327,86.18096815497178,9.5,
2025/05/11 19:45:00,6.81,15.85,11.87,96.9,65.82,89.83,2.7611957124943243,6518071.997848578,17998216.13333334,86.07445127742005,9.5,
2025/05/11 20:00:00,6.82,15.87,11.88,96.78,65.68,89.81,2.7661672977917253,6559942.360987072,18146446.364444435,85.95914192761376,9.49,
2025/05/11 20:15:00,6.8,15.87,11.87,96.66,65.53,89.8,2.7705922420009754,6606891.137205499,18305554.464999992,85.8730071921615,9.49,
2025/05/11 20:30:00,6.79,15.86,11.89,96.54,65.38,89.78,2.7749976378269605,6648476.425171825,18450069.48888889,85.7771179662383,9.48,
2025/05/11 20:45:00,6.6,15.87,11.81,96.43,65.23,89.76,2.7741225680799793,6702951.757281287,18595364.43111111,85.86542977252478,9.48,
2025/05/11 21:00:00,6.51,15.85,11.76,96.31,65.08,89.75,2.7756257243871163,6754585.649157831,18748757.31055556,85.8474997555508,9.45,
2025/05/11 21:15:00,6.15,15.85,11.72,96.14,64.93,89.73,2.767228590927522,6791120.366775411,18793131.377777778,86.04924469869687,9.28,
2025/05/11 21:30:00,5.91,15.82,11.72,97.63,65.01,89.75,2.7047413875710804,6930148.51618189,18744791.535555553,87.5942691270831,9.45,
2025/05/11 21:45:00,6.45,15.84,11.75,97.68,65.19,89.8,2.7176262930027297,6859258.816623466,18641436.50722222,87.11135380359927,9.46,
2025/05/11 22:00:00,6.69,15.82,11.8,97.66,65.38,89.86,2.7262846472871427,6799683.8242007075,18538417.040000003,86.8594001568784,9.5,
2025/05/11 22:15:00,6.78,15.81,11.78,97.63,65.57,89.91,2.7299997373314673,6751285.898883641,18431548.837777775,86.74522195178858,9.5,
2025/05/11 22:30:00,6.75,15.79,11.79,97.61,65.75,89.96,2.729685529558195,6717749.419944761,18337884.674999993,86.75698995489171,9.49,
2025/05/11 22:45:00,6.73,15.78,11.77,97.59,65.94,90.01,2.729646058528553,6680637.673068066,18236313.229444448,86.75899567133116,9.48,
2025/05/11 23:00:00,6.71,15.77,11.73,97.57,66.13,90.07,2.7296062819919973,6646283.724537821,18142267.99,86.7610001122333,9.47,
2025/05/11 23:15:00,6.73,15.74,11.73,97.54,66.31,90.12,2.7310780519600595,6608248.566191139,18048174.448333334,86.7151835851379,9.46,
2025/05/11 23:30:00,6.79,15.73,11.77,97.52,66.5,90.17,2.7348486978188737,6543148.582896959,17895056.52,86.63889486025353,9.5,
2025/05/11 23:45:00,6.82,15.73,11.77,97.5,66.69,90.23,2.737459028843267,6500607.722795099,17795680.271111116,86.591935337557,9.53,
2025/05/12 00:00:00,6.98,15.7,11.83,97.79,67.33,89.67,2.7304323545640377,6177118.809345077,16866719.85777778,86.69016507436983,9.55,
2025/05/12 00:15:00,7.27,15.7,11.92,98.3,67.51,89.66,2.7196259014857644,6142201.657888234,16705009.474999994,86.85353532059365,9.63,
2025/05/12 00:30:00,6.98,15.68,11.83,97.46,67.43,90.34,2.7438788333476802,6311629.924975226,17318883.229999997,86.4006057296361,9.54,
2025/05/12 00:45:00,5.44,15.67,11.58,98.97,67.35,91.77,2.6406506042725604,6971860.667504551,18410752.176666666,89.2274193440245,9.53,
2025/05/12 01:00:00,5.24,15.66,11.63,99.92,67.27,93.21,2.596761348582641,7510344.575853875,19503099.965555552,90.25312176386667,9.51,
2025/05/12 02:15:00,7.21,15.58,12.48,98.72,66.87,87.02,2.675106084796731,3603730.1255695415,9640716.00555555,87.28256014493353,8.98,
2025/05/12 02:30:00,7.26,15.57,11.93,103.6,66.79,93.73,2.5004526464605075,6174196.877017004,15438721.319999998,91.4660733425735,9.78,
2025/05/12 02:45:00,7.38,15.54,11.89,103.62,66.71,95.11,2.5013871209208385,6516128.321406092,16299817.11111111,91.36551012073761,9.76,
2025/05/12 03:00:00,7.32,15.53,11.9,103.63,66.63,95.04,2.4988073512846203,6535052.256421937,16330296.858333338,91.43304641865114,9.74,
2025/05/12 03:15:00,7.27,15.5,11.86,103.65,66.55,94.97,2.496432133020684,6553354.578214487,16360464.034444444,91.49938032114231,9.73,
2025/05/12 03:30:00,7.29,15.49,11.82,103.67,66.47,94.9,2.4959999743028773,6566715.793410402,16390978.498888891,91.49698306190466,9.73,
2025/05/12 03:45:00,7.44,15.47,11.86,103.69,66.39,94.83,2.497541020881,6574752.952213148,16421180.159999995,91.36694839806171,9.71,
2025/05/12 04:00:00,7.63,15.46,11.88,103.7,66.45,94.76,2.5046328441546435,6583910.339372845,16490751.151111113,91.18896023737386,9.79,
2025/05/12 04:15:00,7.93,15.43,11.97,103.7,66.58,94.69,2.5112238036548904,6503336.1469593365,16331819.423333332,90.89430302413558,9.79,
2025/05/12 04:30:00,8.08,15.41,12.0,103.7,66.71,94.63,2.511493340467107,6441903.144330546,16179286.346666664,90.7469356769398,9.72,
2025/05/12 04:45:00,8.11,15.39,11.99,103.7,66.84,94.56,2.5138976540224443,6372996.184245208,16021547.079999998,90.71746424843833,9.76,
2025/05/12 05:00:00,8.09,15.36,11.97,103.7,66.97,94.49,2.5156035050892918,6306084.374006453,15864092.05333333,90.73713163918822,9.81,
2025/05/12 05:15:00,8.08,15.35,11.95,103.7,67.1,94.42,2.5153826129873473,6242267.972463235,15702170.000000004,90.74695588288857,9.81,
2025/05/12 05:30:00,8.06,15.33,11.93,103.7,67.22,94.35,2.514940467053302,6223242.04838071,15651559.256666664,90.76660412754347,9.81,
2025/05/12 05:45:00,8.24,15.3,11.97,103.7,67.35,94.28,2.5167600493711744,6196002.812188799,15594337.14666667,90.58973500545717,9.76,
2025/05/12 06:00:00,8.31,15.27,11.97,103.7,67.48,94.21,2.5165392847041295,6173463.67352041,15536251.169999996,90.5209429200703,9.72,
2025/05/12 06:15:00,8.06,15.24,11.92,103.61,67.61,94.14,2.516336429503176,6150536.422118237,15477301.326666666,90.68906911623873,9.75,
2025/05/12 06:30:00,7.83,15.23,11.76,103.42,67.64,94.07,2.5212814455318022,6138103.417423316,15476349.33166666,90.75125277458646,9.79,
2025/05/12 06:45:00,7.65,15.21,11.76,103.24,67.62,94.0,2.525505922218415,6092956.264599958,15388261.52111111,90.7727733526444,9.8,
2025/05/12 07:00:00,8.76,15.19,12.14,101.8,67.59,92.94,2.5930388066288232,5643968.346369205,14635550.691666663,88.4399053101378,9.32,
2025/05/12 07:15:00,9.27,15.15,12.2,100.15,67.57,90.01,2.6748037231459705,4835355.476428164,12934128.020000007,86.50958582176962,9.22,
2025/05/12 07:30:00,9.26,15.14,12.16,100.0,67.55,90.01,2.6803714388302238,4830780.782753792,12948785.190000005,86.38913935621393,9.2,
2025/05/12 07:45:00,9.33,15.11,12.15,100.0,67.53,90.01,2.6882732831503016,4855918.119957236,13054543.13777778,86.32011219951129,9.33,
2025/05/12 08:00:00,9.34,15.09,12.25,100.01,67.5,90.01,2.6833700776784077,4906826.2057550745,13167363.311666667,86.31926409159874,9.23,
2025/05/12 08:15:00,9.48,15.08,12.28,100.04,67.44,90.01,2.6811154734164266,4895304.395547911,13125414.225000001,86.20827306338113,9.14,
2025/05/12 08:30:00,9.4,15.07,12.33,100.07,67.28,90.01,2.68264130155667,4898177.655889489,13140604.461111112,86.3125049797541,9.24,
2025/05/12 08:45:00,9.32,15.05,12.26,100.1,67.13,90.02,2.6802265756481223,4936509.773676006,13231508.546666665,86.41698737434683,9.26,
2025/05/12 09:00:00,9.23,15.04,12.15,100.1,66.98,90.02,2.679376623016457,4963254.021522886,13298954.239999996,86.50518542598935,9.29,
2025/05/12 09:15:00,9.21,15.04,12.15,100.1,66.82,90.02,2.67746315115936,5007329.2740477165,13407470.755555555,86.52488668217373,9.26,
2025/05/12 09:30:00,9.31,15.04,12.19,100.11,66.67,90.02,2.6790494406063994,5084785.203604086,13622938.724999994,86.43551227988792,9.25,
2025/05/12 09:45:00,9.39,15.05,12.26,100.19,66.52,90.02,2.6745212450398035,5102033.890358673,13646057.02777778,86.42669225463338,9.19,
2025/05/12 10:00:00,9.29,15.04,12.18,100.27,66.36,90.02,2.670355100412015,5172052.324307664,13811766.857777774,86.59414691239593,9.23,
2025/05/12 10:15:00,9.33,15.06,12.21,100.3,66.21,90.02,2.6719166156823784,5196626.205408756,13885507.863333333,86.58083571290369,9.27,
2025/05/12 10:30:00,9.31,15.08,12.28,100.02,66.06,90.03,2.6811990640904044,5167550.694275746,13855799.906666664,86.35744196018572,9.21,
2025/05/12 10:45:00,9.28,15.1,12.23,99.69,65.9,90.03,2.69771544168168,5168536.872298943,13943804.697777776,86.0998279525156,9.26,
2025/05/12 11:00:00,9.2,15.1,12.15,99.36,65.75,90.03,2.710506341699823,5174464.266432604,14025973.28,85.89107266504838,9.26,
2025/05/12 11:15:00,9.23,15.12,12.16,99.03,65.6,90.03,2.7224461392194557,5181930.177959644,14108086.128888892,85.57445072850398,9.18,
2025/05/12 11:30:00,9.3,15.14,12.15,99.7,65.01,90.03,2.697313619355505,5354808.379023071,14444157.199999997,86.0889432813711,9.25,
2025/05/12 11:45:00,9.31,15.16,12.2,99.7,65.08,90.03,2.69567817131584,5341345.22538535,14399110.733333334,86.07926055899145,9.21,
2025/05/12 12:00:00,9.31,15.19,12.23,99.7,65.15,90.03,2.696153493333903,5323706.125298927,14354090.275555551,86.07922881624887,9.22,
2025/05/12 12:15:00,9.27,15.22,12.29,99.7,65.22,90.04,2.69225836556128,5316837.032982465,14314863.297777783,86.1186549363051,9.16,
2025/05/12 12:30:00,9.34,15.29,12.31,99.7,65.29,90.04,2.696920108992082,5290975.550244894,14269893.0,86.04980896363932,9.22,
2025/05/12 12:45:00,9.41,15.3,12.4,99.7,65.36,90.04,2.6962982655047094,5275521.978990347,14224948.711111115,85.9813202970403,9.17,
2025/05/12 13:00:00,9.43,15.32,12.36,99.7,65.43,90.04,2.6977787208887904,5255981.581456479,14180030.43111111,85.96163889466709,9.19,
2025/05/12 13:15:00,9.46,15.34,12.41,99.7,65.5,90.04,2.702353326570437,5230469.840687459,14135138.160000004,85.93197708320687,9.27,
2025/05/12 13:30:00,9.53,15.39,12.46,99.7,65.57,90.04,2.7050916118535713,5208484.624026052,14089987.773888893,85.86327007497934,9.29,
2025/05/12 13:45:00,9.61,15.44,12.52,99.7,65.64,90.04,2.7076232971367706,5187053.778262292,14045148.333333334,85.78477895964393,9.3,
2025/05/12 14:00:00,9.61,15.49,12.58,99.7,65.71,90.05,2.708089341146246,5171737.811736766,14006089.252222225,85.78475465615135,9.31,
2025/05/12 14:15:00,9.64,15.47,12.53,99.7,65.78,90.05,2.7097953987113543,5157155.130913142,13975390.054999994,85.75528237960087,9.33,
2025/05/12 14:30:00,9.62,15.52,12.58,99.7,65.85,90.05,2.70647151877905,5155863.701107167,13954751.188888893,85.77504655258736,9.27,
2025/05/12 14:45:00,9.67,15.55,12.63,99.7,65.92,90.05,2.7082329815715833,5144949.6129904995,13934278.709999997,85.72597550022796,9.28,
2025/05/12 15:00:00,9.7,15.58,12.63,99.7,65.99,90.05,2.7099513691612507,5134092.223944338,13913690.816666668,85.69649834132456,9.3,
2025/05/12 15:15:00,9.76,15.61,12.69,99.7,66.07,90.0,2.712441816603395,5108933.823478508,13858240.562222226,85.63759476705899,9.32,
2025/05/12 15:30:00,9.81,15.71,12.75,99.7,66.14,89.93,2.7146747812279224,5087791.439251195,13812245.351666668,85.58850216513468,9.34,
2025/05/12 15:45:00,9.83,15.72,12.79,99.7,66.21,89.87,2.710447505378942,5085413.231176641,13784294.968888894,85.56911784542392,9.24,
2025/05/12 16:00:00,9.84,15.75,12.83,99.7,66.28,89.8,2.712148759194176,5011069.135681448,13591309.013333332,85.55923019885117,9.27,
2025/05/12 16:15:00,9.93,15.8,12.85,99.77,66.35,89.73,2.716002634337779,4995763.389095295,13569045.404444449,85.53156086360048,9.37,
2025/05/12 16:30:00,10.0,15.83,12.92,99.87,66.42,89.66,2.710417494249917,4990414.992071771,13526650.91555555,85.54988383956999,9.31,
2025/05/12 16:45:00,10.0,15.9,12.96,99.97,66.49,89.6,2.706793030758494,4983421.548998441,13489625.404444443,85.6367067455231,9.33,
2025/05/12 17:00:00,10.05,15.93,12.99,100.06,66.56,89.53,2.7044324496279906,4935663.339861178,13348696.47222222,85.66576893020893,9.34,
2025/05/12 17:15:00,10.08,15.94,13.0,100.16,66.63,89.46,2.7015719507027796,4906752.610499752,13256469.068333333,85.72309707568375,9.36,
2025/05/12 17:30:00,10.1,15.99,13.04,100.26,66.53,89.39,2.6979743569907795,4915621.0664333915,13262740.809999997,85.79023029383907,9.37,
2025/05/12 17:45:00,10.13,16.0,13.07,100.36,66.3,89.33,2.6946272771260027,4954258.222189245,13350406.556666667,85.84751802272706,9.38,
2025/05/12 18:00:00,10.25,16.07,13.15,100.45,66.06,89.26,2.6945044658464683,4986957.027114747,13437910.444444448,85.80772116262159,9.4,
2025/05/12 18:15:00,10.16,16.11,13.18,100.55,65.83,89.19,2.6885753490884166,5025665.797557947,13512412.906666664,85.98276948590345,9.42,
2025/05/12 18:30:00,10.3,16.14,13.22,100.31,65.59,89.13,2.6983451531971867,5075933.1382521475,13697163.565555548,85.63733132674913,9.32,
2025/05/12 18:45:00,10.25,16.16,13.28,99.7,65.35,89.06,2.7271045474839615,5026163.497603029,13707434.638333337,85.15674157556862,9.36,
2025/05/12 19:00:00,10.0,16.19,13.07,98.16,65.16,88.99,2.785929370250892,4912868.033642214,13687438.331111107,84.0605614511519,9.25,
2025/05/12 20:00:00,7.94,16.22,12.94,100.03,64.98,89.81,2.644866256111321,5427177.672965247,14354650.627777776,87.70932886736989,9.17,
2025/05/12 20:15:00,9.21,16.21,12.82,99.69,64.93,89.81,2.6968646428786083,5373101.045341308,14491021.502222221,86.16840799580146,9.28,
2025/05/12 20:30:00,9.39,16.24,12.95,99.41,64.89,89.81,2.7163998144539856,5335998.588204655,14495221.93777778,85.74814647589618,9.33,
2025/05/12 20:45:00,9.72,16.21,13.0,99.46,64.84,89.81,2.7204585140040045,5331582.623007774,14504880.17611111,85.4681910425692,9.28,
2025/05/12 21:00:00,9.89,16.22,13.09,99.51,64.91,89.81,2.7202199305497623,5317310.175812453,14464795.950000001,85.34506695275535,9.23,
2025/05/12 21:15:00,10.05,16.22,13.12,99.56,65.02,89.81,2.7268755989191633,5290396.099089255,14426800.795000002,85.23134574223066,9.33,
2025/05/12 21:30:00,10.02,16.22,13.08,99.61,65.13,89.81,2.7228569533567946,5284169.131661598,14388575.740000004,85.30429488377489,9.31,
2025/05/12 21:45:00,9.99,16.22,13.11,99.66,65.24,89.81,2.7202567932296455,5232400.192965797,14234009.790000003,85.37717679023571,9.32,
2025/05/12 22:00:00,9.86,16.2,13.03,99.63,65.35,89.81,2.7182398047274132,5148694.114664298,13995903.288888892,85.47863422232247,9.32,
2025/05/12 22:15:00,9.75,16.2,13.02,99.38,65.46,89.81,2.7248836880594003,5186812.11223523,14133983.20277778,85.36915632378322,9.28,
2025/05/12 22:30:00,9.58,16.19,12.93,99.12,65.57,89.82,2.732219735549036,5150305.792637989,14072277.694444442,85.30947960903733,9.28,
2025/05/12 22:45:00,9.48,16.18,12.94,99.25,65.68,89.82,2.7250695495794166,5137618.522911149,14000876.792222215,85.52066026042333,9.31,
2025/05/12 23:00:00,9.85,16.18,13.05,99.42,65.79,89.82,2.727550503318193,5099422.194423838,13909455.779999992,85.30578872262427,9.32,
2025/05/12 23:15:00,10.14,16.17,13.07,99.59,65.89,89.82,2.72547417090323,5071975.835797445,13824064.533888886,85.16922885879937,9.28,
2025/05/12 23:30:00,10.23,16.15,13.16,99.75,65.91,89.82,2.7266273829595535,5055506.581594951,13785026.236666664,85.21974178505367,9.41,
2025/05/12 23:45:00,10.25,16.13,13.18,99.92,65.88,89.82,2.718408112039402,5067029.9993552435,13774803.349999998,85.34781709844702,9.39,
2025/05/13 00:00:00,10.15,16.13,13.11,99.96,65.68,90.02,2.7086978298992213,5227548.646895163,14160396.738888882,85.48090435605079,9.28,
2025/05/13 00:15:00,10.24,16.1,13.08,99.87,65.59,90.03,2.71950365632002,5284409.3363291975,14371529.235555554,85.3142362699402,9.37,
2025/05/13 00:30:00,10.21,16.08,13.11,99.79,65.5,90.04,2.720495503160445,5263561.589668913,14320062.05666667,85.27425245845868,9.33,
2025/05/13 00:45:00,10.16,16.07,13.11,99.7,65.41,90.05,2.724276744841598,5259821.5119862445,14329779.395555554,85.24507916938316,9.35,
2025/05/13 01:00:00,10.07,16.06,13.0,99.62,65.32,90.07,2.7274478020294293,5285174.095849603,14415592.125000002,85.26378222573788,9.39,
2025/05/13 01:15:00,10.01,16.04,12.91,99.53,65.23,90.08,2.726258880843397,5316890.455918141,14495765.686111107,85.2445429832806,9.31,
2025/05/13 01:30:00,9.82,15.99,12.83,99.45,65.13,90.09,2.723525640561353,5337487.938288557,14537326.613333337,85.36140912534216,9.28,
2025/05/13 01:45:00,9.56,16.0,12.79,99.36,65.04,90.1,2.7184799322549793,5348807.328322664,14541156.88666666,85.53821346076,9.23,
2025/05/13 02:00:00,9.4,15.98,12.76,99.76,64.95,90.12,2.6999699863505606,5388769.908574204,14550041.476666665,86.04288967955264,9.31,
2025/05/13 02:15:00,9.46,15.96,12.76,99.59,64.87,90.13,2.70919300246359,5420478.28990997,14685657.396666659,85.8361960302897,9.31,
2025/05/13 02:30:00,9.82,15.96,12.88,99.1,66.43,90.14,2.739482975225165,4986381.409091784,13660633.732777772,85.05674501523941,9.28,
2025/05/13 02:45:00,9.73,15.94,12.82,99.09,66.38,90.15,2.7407393635358734,4993991.735934533,13687751.13444445,85.13611440957625,9.35,
2025/05/13 03:00:00,9.65,15.91,12.76,99.08,66.34,90.17,2.735883593016201,5012654.143229398,13714554.223333333,85.20600807346139,9.28,
2025/05/13 03:15:00,9.56,15.9,12.75,99.07,66.29,90.18,2.7348626747346,5024311.359324898,13741318.298888888,85.28547526265766,9.3,
2025/05/13 03:30:00,9.56,15.88,12.76,99.05,66.24,90.19,2.7330137079504855,5037588.826054339,13768321.447222224,85.2682183422163,9.24,
2025/05/13 03:45:00,9.6,15.85,12.74,99.04,66.19,90.2,2.735911348669948,5042006.387877202,13795008.19277778,85.22020590995842,9.27,
2025/05/13 04:00:00,9.7,15.85,12.77,99.03,66.14,90.11,2.739479514727313,5027251.2006940935,13772582.724999998,85.11342882155871,9.28,
2025/05/13 04:15:00,9.6,15.83,12.72,99.02,66.09,90.01,2.7368181958886506,5049653.149307414,13820509.56,85.20277988902822,9.27,
2025/05/13 04:30:00,9.51,15.8,12.7,99.01,66.05,89.91,2.7357931543154055,5066720.452469555,13862029.03555555,85.28223512059274,9.29,
2025/05/13 04:45:00,9.26,15.79,12.58,99.02,66.0,89.81,2.7264610589574225,5080311.350921102,13851779.675555555,85.53612989923862,9.24,
2025/05/13 05:00:00,9.25,15.77,12.56,99.14,65.95,89.71,2.724405108560468,4959856.570694353,13513154.159999995,85.65026700412506,9.32,
2025/05/13 05:15:00,9.26,15.75,12.52,99.26,65.9,89.61,2.717030822077138,5023747.566676326,13650172.353888884,85.74514399720145,9.27,
2025/05/13 05:30:00,9.42,15.73,12.58,99.05,65.85,89.51,2.726049836299524,5002809.880085262,13638419.238888895,85.40568567958265,9.17,
2025/05/13 05:45:00,9.55,15.68,12.61,99.58,65.8,89.41,2.7067881293927085,5039203.966024986,13640575.189999998,85.73954421432019,9.2,
2025/05/13 06:00:00,9.65,15.68,12.61,99.66,65.77,89.31,2.7109455770492215,5027849.681195174,13630745.455555556,85.71073854165829,9.31,
2025/05/13 06:15:00,9.56,15.65,12.59,99.6,65.75,89.21,2.705651646779033,5033553.635242164,13619560.936666664,85.74716409736214,9.19,
2025/05/13 06:30:00,9.54,15.63,12.57,99.17,65.73,89.11,2.727042765715338,4988086.873891155,13603250.34444444,85.3923601540869,9.24,
2025/05/13 06:45:00,9.42,15.61,12.5,99.03,65.72,89.01,2.7302234208152507,4948441.066725121,13510862.823333338,85.3880274994781,9.24,
2025/05/13 07:00:00,9.23,15.56,12.42,98.96,65.7,88.91,2.7283676125982055,4922552.117179627,13431036.43444444,85.51322813561451,9.24,
2025/05/13 07:15:00,9.2,15.54,12.41,98.88,65.68,88.81,2.731170611358629,4929360.194378991,13463432.014999995,85.47287278894895,9.24,
2025/05/13 07:30:00,9.11,15.5,12.37,98.7,65.67,88.71,2.7368581403746366,5257422.916653095,14389365.759999994,85.40403386636093,9.24,
2025/05/13 07:45:00,6.22,15.48,11.4,95.04,65.65,88.58,2.815961550195025,6508846.326919328,18329217.793333326,85.00812513860663,9.32,
2025/05/13 08:00:00,6.66,15.48,11.57,97.97,65.63,90.74,2.7085687134696665,6490709.878285481,17581058.054999996,87.16117673155802,9.38,
2025/05/13 08:15:00,6.81,15.63,11.77,98.08,65.62,90.2,2.707978012565427,6350561.434917329,17197700.15333333,87.11112294558171,9.38,
2025/05/13 08:30:00,6.85,15.52,11.71,98.2,65.6,89.66,2.704010625675997,6216343.170245344,16809571.130000003,87.17719663045185,9.38,
2025/05/13 08:45:00,6.96,15.49,11.74,98.24,65.58,89.11,2.7077278927064437,6035946.453009332,16344208.595,87.10447715954852,9.45,
2025/05/13 09:00:00,8.33,15.51,12.17,97.1,65.57,88.44,2.781159318076265,5678488.085981137,15793354.958333338,84.76768172479443,9.11,
2025/05/13 09:15:00,8.85,15.51,12.31,95.29,65.55,87.32,2.87150280745123,5320930.209830074,15279676.035555549,82.66721059459613,8.98,
2025/05/13 09:30:00,9.22,15.52,12.37,95.51,65.54,86.2,2.875951279187147,5000360.889567853,14381378.94111111,82.49939389501921,9.06,
2025/05/13 09:45:00,9.26,15.53,12.36,95.32,65.52,86.1,2.8866224898544615,5019121.810420129,14488898.526666667,82.2926511546804,9.08,
2025/05/13 10:00:00,9.32,15.56,12.44,95.13,65.5,86.41,2.8929053593424574,5171858.421277748,14962316.61833333,82.06688160057405,8.98,
2025/05/13 10:15:00,9.31,15.51,12.4,94.94,65.49,86.72,2.901302175385588,5096219.3223125115,14786289.271111114,81.90888745015462,8.98,
2025/05/13 10:30:00,9.08,15.53,12.31,95.24,65.47,87.03,2.882338010677044,5213751.702282481,15028394.406666666,82.39821254126473,9.02,
2025/05/13 10:45:00,8.93,15.53,12.31,95.66,65.45,87.34,2.861344044329602,5339501.683580106,15278754.229444442,82.91487365243415,9.08,
2025/05/13 11:00:00,7.16,15.55,11.85,97.22,65.44,87.95,2.7537017808231576,5712906.205489068,15732148.96,86.0147596630334,9.38,
2025/05/13 11:15:00,7.05,15.59,11.75,97.32,65.42,88.72,2.747788799648016,5933815.681016214,16305378.833333328,86.20980854018246,9.42,
2025/05/13 11:30:00,7.06,15.64,11.79,97.42,65.4,89.5,2.7448640654015173,6142461.311365135,16860742.92222222,86.28773884315405,9.45,
2025/05/13 11:45:00,7.07,15.74,11.88,97.53,65.39,89.97,2.7418439710780595,6269932.698658599,17191706.729999993,86.37438438028153,9.49,
2025/05/13 12:00:00,7.13,15.68,11.85,97.63,65.37,89.78,2.7376287373517303,6234394.940280353,17067987.322222214,86.40375230515286,9.44,
2025/05/13 12:15:00,7.13,15.7,11.87,97.73,65.35,89.6,2.733417967026789,6204719.980363861,16960617.055555556,86.49147603512631,9.44,
2025/05/13 12:30:00,7.15,15.75,11.92,97.83,65.34,89.41,2.730095647043649,6168001.916849256,16839754.44555555,86.55959673053823,9.45,
2025/05/13 12:45:00,7.19,15.79,11.96,97.93,65.32,89.22,2.7273162997181557,6132511.992641201,16725814.84444445,86.60814926268091,9.46,
2025/05/13 13:00:00,7.21,15.84,12.04,98.03,65.3,89.03,2.7236430530683156,6098822.041923134,16611528.651666667,86.67624330801179,9.46,
2025/05/13 13:15:00,7.24,15.91,12.09,97.69,65.29,88.84,2.7384632571187737,6021601.4307784885,16490446.591666669,86.34891893104982,9.45,
2025/05/13 13:30:00,8.85,15.93,12.6,96.39,65.27,87.91,2.8257811723021606,5584142.9568936415,15780156.724444445,83.63578812589125,9.07,
2025/05/13 13:45:00,9.39,16.01,12.8,95.68,65.25,86.35,2.869824485906683,5156944.561609939,14800114.388888882,82.48347041316866,8.98,
2025/05/13 14:00:00,9.54,16.03,12.8,95.64,65.24,86.19,2.8808948942291552,5095204.453369368,14679332.12777778,82.30106168229506,9.09,
2025/05/13 14:15:00,9.59,16.06,12.85,95.6,65.23,86.14,2.8820851439643276,5078067.597135317,14636009.09833333,82.21717210008583,9.04,
2025/05/13 14:30:00,9.62,16.05,12.85,95.55,65.23,86.09,2.887001623483946,5051927.509688941,14585510.169999998,82.1436031737735,9.08,
2025/05/13 14:45:00,9.66,16.09,12.85,95.51,65.22,86.04,2.8913164978199593,5029450.204404914,14542311.960000005,82.06911859419094,9.11,
2025/05/13 15:00:00,9.67,16.15,12.93,95.47,65.21,85.99,2.891332738997035,5014500.950854077,14499172.270000001,82.02431310064061,9.06,
2025/05/13 15:15:00,9.63,16.23,12.95,95.43,65.2,85.94,2.893236460081289,4996231.984297009,14455850.285555553,82.02802130357463,9.09,
2025/05/13 15:30:00,9.48,16.27,13.01,95.38,65.19,85.89,2.8913881575960083,4984545.943190534,14412828.1,82.13050213414336,9.1,
2025/05/13 15:45:00,9.45,16.33,12.98,95.34,65.18,85.84,2.8939411023283537,4965225.380713928,14369624.548888884,82.12436637352089,9.14,
2025/05/13 16:00:00,9.72,16.36,13.09,95.3,65.17,85.79,2.9015293807138014,4937448.183671966,14326719.86777778,81.82547364868722,9.08,
2025/05/13 16:15:00,9.79,16.41,13.11,95.36,65.16,85.74,2.900902140570548,4923748.251789033,14283873.706666663,81.80994804775102,9.08,
2025/05/13 16:30:00,9.87,16.49,13.19,95.42,65.15,85.69,2.901851142537519,4907311.369103385,14240847.57333333,81.78449447867399,9.11,
2025/05/13 16:45:00,9.93,16.58,13.35,95.47,65.14,85.64,2.9005151585056903,4920685.929585014,14273097.666666666,81.76997407386318,9.09,
2025/05/13 17:00:00,9.92,16.54,13.29,95.53,65.13,85.59,2.8978675757204577,4946231.805507831,14334096.40666667,81.8325744551686,9.1,
2025/05/13 17:15:00,9.91,16.58,13.31,95.59,65.12,85.54,2.8956493178562432,4854045.675360916,14056170.528888889,81.89512481162271,9.12,
2025/05/13 17:30:00,9.9,16.61,13.29,95.64,65.11,85.49,2.893466856771366,4836745.387513012,13995507.58222222,81.94890076873983,9.13,
2025/05/13 17:45:00,9.76,16.62,13.26,95.71,65.12,85.44,2.8917336997916245,4922079.4101929655,14233890.195555551,82.14693038955129,9.27,
2025/05/13 18:00:00,10.21,16.64,13.43,95.22,65.33,85.39,2.921580650333325,4807295.193918051,14045474.83777778,81.27573731891741,9.11,
2025/05/13 18:15:00,10.29,16.7,13.5,95.72,65.54,85.34,2.905880797633293,4768488.385964979,13857222.499999994,81.63751216617564,9.23,
2025/05/13 18:30:00,10.69,16.72,13.66,96.2,65.75,85.29,2.8952824655286924,4720974.588452373,13669133.182222225,81.66810001404548,9.22,
2025/05/13 18:45:00,10.84,16.76,13.78,96.2,65.96,85.24,2.898935571976405,4650196.531954683,13481206.884444445,81.5212785961335,9.2,
2025/05/13 19:00:00,10.89,16.78,13.85,96.2,66.17,85.19,2.900897960979578,4582324.06861558,13293443.606666662,81.47228682775618,9.21,
2025/05/13 19:15:00,10.93,16.83,13.9,96.19,66.38,85.14,2.902134803018943,4515731.729201125,13105843.34888889,81.42435900566431,9.2,
2025/05/13 19:30:00,10.88,16.77,13.85,96.08,66.59,85.09,2.908443288245929,4441492.630749933,12918406.111111108,81.37654126774402,9.26,
2025/05/13 19:45:00,10.87,16.81,13.84,95.97,66.71,85.04,2.912439451647744,4390843.807386121,12788629.186666673,81.28972023348274,9.24,
2025/05/13 20:00:00,10.91,16.93,13.96,95.86,66.69,84.99,2.9179755568968506,4361432.290714985,12727114.216666665,81.15391405413126,9.22,
2025/05/13 20:15:00,10.85,16.82,13.82,95.74,66.67,84.94,2.921777764129665,4336347.9104259405,12670399.279999994,81.10712328166525,9.22,
2025/05/13 20:30:00,10.78,16.82,13.81,95.63,66.65,84.89,2.924784092416576,4319130.061610477,12633074.666666664,81.07886208510203,9.22,
2025/05/13 20:45:00,10.82,16.9,13.85,95.52,66.63,84.84,2.9349890487678976,4291415.866785716,12595804.393333338,80.94266769441396,9.31,
2025/05/13 21:00:00,10.78,16.89,13.81,95.41,66.61,84.8,2.9408997392927834,4272486.872243071,12565496.374444444,80.88484615824731,9.36,
2025/05/13 23:15:00,9.67,16.83,13.91,96.25,66.39,84.0,2.8536914902425017,4666182.1719743,13316421.763333334,82.71105366719696,9.02,
2025/05/13 23:30:00,10.52,16.83,13.63,95.92,66.32,84.94,2.908618416776863,4922853.199609097,14319284.808888894,81.58809419071922,9.35,
2025/05/13 23:45:00,10.71,16.8,13.75,95.59,66.24,85.88,2.925764927824187,5024052.211184237,14699829.686666667,81.11208240102164,9.25,
2025/05/14 00:00:00,10.6,16.84,13.66,95.6,66.17,86.39,2.9227134016377803,5157267.003048463,15073835.883333331,81.2284707409149,9.27,
2025/05/14 00:15:00,10.35,16.78,13.54,95.6,66.09,86.83,2.9145395760572486,5388763.955490297,15706399.695555551,81.47309095878157,9.26,
2025/05/14 00:30:00,9.54,16.74,13.29,95.65,66.02,87.28,2.8885194590308627,5601422.437723384,16180422.610000001,82.30908407998604,9.29,
2025/05/14 00:45:00,8.86,16.74,13.11,96.18,65.94,87.72,2.8497468281613068,5786080.909086975,16489439.56,83.43980455657545,9.44,
2025/05/14 01:00:00,8.07,16.73,12.96,96.71,65.86,88.05,2.808281775944999,5950587.088758461,16711472.683888886,84.67727094703224,9.59,
2025/05/14 01:15:00,7.63,16.74,12.74,97.24,65.79,88.26,2.7736372121539614,6092863.784485741,16899905.458333332,85.57258705868645,9.61,
2025/05/14 01:30:00,7.54,16.71,12.67,97.37,65.71,88.47,2.765588180527022,6184112.266392244,17103218.220000003,85.77460996000231,9.61,
2025/05/14 01:45:00,7.46,16.69,12.65,97.33,65.64,88.69,2.7650053210341503,6259388.790048629,17307759.66944444,85.81761671777302,9.61,
2025/05/14 02:00:00,7.46,16.69,12.68,97.28,65.56,88.9,2.767109153563324,6358195.129045304,17594349.410000004,85.77371433879146,9.61,
2025/05/14 02:15:00,7.46,16.67,12.64,97.24,65.48,89.12,2.7687930747035536,6473178.990540011,17923430.36,85.73858724277316,9.61,
2025/05/14 02:30:00,7.51,16.68,12.66,97.2,65.41,89.33,2.7719021150692336,6579974.899085088,18239595.34222222,85.65463702827138,9.61,
2025/05/14 02:45:00,7.3,16.61,12.52,97.16,65.33,89.54,2.7675993280266846,6704639.451354975,18556303.260000005,85.82451419660437,9.61,
2025/05/14 03:00:00,7.2,16.58,12.52,97.11,65.26,89.76,2.7665424427127197,6821576.1356727425,18872740.638888884,85.8782142520328,9.6,
2025/05/14 03:15:00,7.1,16.57,12.46,97.07,65.18,89.97,2.765068351694691,6905170.93666292,19093829.547222212,85.94068004169614,9.59,
2025/05/14 03:30:00,7.12,16.55,12.45,97.03,65.1,90.03,2.7670060269664543,6937943.964094553,19197897.730000004,85.88603248684711,9.58,
2025/05/14 03:45:00,7.1,16.55,12.46,96.98,65.03,90.02,2.7685237695829903,6949466.021681869,19240329.954999994,85.86158669157814,9.58,
2025/05/14 04:00:00,7.08,16.53,12.43,96.94,64.95,90.02,2.769323024054143,6968229.984327343,19297848.380555548,85.8459607097759,9.57,
2025/05/14 04:15:00,7.07,16.54,12.43,96.9,64.88,90.01,2.770707226467505,6980048.819849527,19340240.66333334,85.8205369999747,9.57,
2025/05/14 04:30:00,7.09,16.5,12.42,96.85,64.8,90.0,2.773066130616548,6992164.30616664,19390309.400000002,85.75707719285398,9.56,
2025/05/14 04:45:00,7.13,16.5,12.4,96.81,64.72,89.99,2.7758840831562512,7002990.057713175,19440063.59166666,85.68286119733716,9.56,
2025/05/14 05:00:00,7.06,16.45,12.38,96.77,64.65,89.98,2.7752482611823734,7019846.784635064,19482397.818888888,85.71599483688072,9.55,
2025/05/14 05:15:00,7.04,16.39,12.31,96.73,64.57,89.98,2.776344937474078,6925638.608388705,19228533.29833334,85.70030397109174,9.55,
2025/05/14 05:30:00,6.98,16.39,12.3,96.68,64.49,89.97,2.776410966170422,7020846.702013345,19493333.860000003,85.71485798721825,9.54,
2025/05/14 05:45:00,6.79,16.36,12.24,96.64,64.42,89.96,2.7720374456874444,7003768.808572497,19415279.55888888,85.86502100573053,9.52,
2025/05/14 06:00:00,6.61,16.33,12.16,96.63,64.34,89.95,2.7655269094505854,7029179.249020607,19439946.319444444,86.0319918517716,9.46,
2025/05/14 06:15:00,6.03,16.32,12.15,96.93,64.27,89.94,2.734461056323147,7064984.283131439,19319473.03,86.8620025966637,9.38,
2025/05/14 06:30:00,5.39,16.33,12.15,97.2,64.19,89.94,2.7035160575342396,7226184.506574029,19536649.45833333,87.7238826402028,9.3,
2025/05/14 06:45:00,5.36,16.34,12.14,97.18,64.13,89.93,2.703204238909722,7300781.940390445,19736051.13333334,87.73557240415461,9.29,
2025/05/14 07:00:00,5.42,16.28,12.11,97.17,64.16,89.92,2.704903312148833,7215883.791906368,19518812.81777778,87.66837787853446,9.28,
2025/05/14 07:15:00,5.38,16.25,12.08,97.15,64.2,89.91,2.704320463384325,7229591.03790516,19551676.558333326,87.68981127400417,9.27,
2025/05/14 07:30:00,5.33,16.28,12.11,97.13,64.23,89.9,2.703469106102367,7246744.8797146585,19591897.33111112,87.72098383772946,9.26,
2025/05/14 07:45:00,5.3,16.17,12.01,97.12,64.27,89.9,2.7027490513037518,7263474.700163026,19631897.957222227,87.74147478743483,9.25,
2025/05/14 08:00:00,5.34,16.14,11.99,97.1,64.31,89.89,2.7043104773541384,7271147.31328052,19663991.184444446,87.68496550822502,9.24,
2025/05/14 08:15:00,5.33,16.18,12.02,97.08,64.34,89.88,2.70485369063124,7144411.6926999,19325129.034444436,87.6770947135884,9.24,
2025/05/14 08:30:00,5.33,16.14,11.99,97.07,64.38,89.87,2.7049360460785663,7099461.956520886,19204129.181111112,87.66835940337693,9.23,
2025/05/14 08:45:00,5.3,16.14,11.99,97.05,64.42,89.86,2.7046186005339554,7186078.748030767,19436147.279999997,87.68004193833947,9.22,
2025/05/14 09:00:00,5.28,16.13,11.93,97.03,64.45,89.86,2.704569629148835,7181336.798899881,19422963.559999995,87.6819812629897,9.21,
2025/05/14 09:15:00,5.33,16.09,11.92,97.02,64.49,89.85,2.7072875766604136,7163597.84288381,19394461.533333335,87.62424871565752,9.24,
2025/05/14 09:30:00,5.28,16.1,11.92,97.0,64.52,89.84,2.7073887035646322,7155615.450172681,19373572.680000007,87.65519229528545,9.26,
2025/05/14 09:45:00,5.22,16.09,11.96,97.29,64.56,89.83,2.695008531107903,7177882.96703361,19344997.851666663,87.96879849253676,9.29,
2025/05/14 10:00:00,5.23,16.11,11.99,97.58,64.6,89.82,2.6842092418336065,7193811.875537613,19310235.23,88.21405071751731,9.31,
2025/05/14 10:15:00,5.33,16.18,12.05,97.6,64.63,89.82,2.686045646329181,7174571.411650175,19271763.43888888,88.13417772680405,9.31,
2025/05/14 10:30:00,5.32,16.17,12.05,97.6,64.67,89.81,2.6857809848333756,7155384.191640323,19218331.66,88.14392416005813,9.31,
2025/05/14 10:45:00,5.38,16.2,12.06,97.6,64.7,89.8,2.6870456068424415,7134889.659019843,19172307.30555555,88.08550935285155,9.3,
2025/05/14 11:00:00,5.43,16.22,12.07,97.6,64.74,89.79,2.6883687372089575,7121067.261029312,19144586.35833334,88.03677215394441,9.3,
2025/05/14 11:15:00,5.37,16.27,12.12,97.55,64.78,89.61,2.6903986839335547,7066595.607010096,19012488.256666664,88.05097332518886,9.35,
2025/05/14 11:30:00,6.84,16.32,12.21,97.18,64.81,88.76,2.7494440153784643,6682403.1954841325,18373427.44722222,86.2915371956806,9.47,
2025/05/14 11:45:00,8.52,16.33,12.73,96.47,64.85,88.02,2.8226095406082545,6232161.393339554,17591566.34277778,84.02753588120667,9.32,
2025/05/14 12:00:00,9.08,16.36,12.89,95.76,64.89,87.39,2.8661400488755846,5939419.672289844,17023833.749999996,82.8558834786811,9.2,
2025/05/14 12:15:00,9.33,16.44,13.02,95.17,64.92,86.77,2.8972103911435605,5739686.620926829,16629709.67777777,82.09171864988615,9.12,
2025/05/14 12:30:00,9.35,16.44,13.03,95.05,64.96,86.14,2.9060348769511997,5569215.530202736,16184952.336666672,81.96594402243775,9.19,
2025/05/14 12:45:00,9.26,16.47,13.0,94.93,64.99,86.06,2.9090674065868942,5531996.429301744,16093555.127222227,81.94782586381977,9.2,
2025/05/14 13:00:00,9.25,16.5,13.07,94.8,65.03,86.06,2.9153879371247857,5507008.058471293,16055677.128333332,81.84264227615375,9.22,
2025/05/14 13:15:00,9.03,16.55,12.99,94.71,65.07,86.05,2.9132939751036915,5495363.10742557,16010195.82555556,81.97777696078666,9.24,
2025/05/14 13:30:00,9.11,16.63,13.07,94.76,65.1,86.05,2.913550434286805,5483098.151096748,15975869.433333335,81.9438903362297,9.24,
2025/05/14 13:45:00,9.28,16.66,13.15,94.8,65.14,86.05,2.916329236409002,5460085.671604359,15924001.206666665,81.81334855863938,9.22,
2025/05/14 14:00:00,9.41,16.72,13.2,94.85,65.18,86.04,2.9166077270290964,5439202.318130209,15864609.444444444,81.73074121824791,9.18,
2025/05/14 14:15:00,9.39,16.82,13.27,94.9,65.21,86.04,2.9167305594284696,5423856.017766939,15820509.980000006,81.79412384226968,9.26,
2025/05/14 14:30:00,9.37,16.78,13.23,94.95,65.25,86.04,2.9163825193481525,5408954.946768656,15775163.250000004,81.85756935637511,9.33,
2025/05/14 14:45:00,9.43,16.83,13.28,95.0,65.26,86.03,2.914191439138126,5404421.831299664,15750099.853888886,81.84330055166004,9.28,
2025/05/14 15:00:00,9.53,16.87,13.33,95.05,65.22,86.03,2.916526425988119,5407180.2278498355,15770767.167222224,81.7896249560936,9.32,
2025/05/14 15:15:00,9.64,16.96,13.47,95.09,65.17,86.03,2.9147663528944885,5423940.83271478,15810112.694444444,81.71778004364647,9.23,
2025/05/14 15:30:00,9.66,17.0,13.48,95.14,65.13,86.02,2.913493814763572,5435281.126937786,15836245.93833333,81.74232439554785,9.24,
2025/05/14 15:45:00,9.74,17.06,13.58,95.19,65.09,86.02,2.9136978336771095,5447139.763834985,15871915.503888885,81.70826075932906,9.24,
2025/05/14 16:00:00,9.74,17.14,13.6,95.19,65.05,86.01,2.9144739079065087,5464520.30423654,15926790.195555562,81.70819030920235,9.26,
2025/05/14 16:15:00,9.77,17.1,13.61,95.18,65.01,86.01,2.91391154410062,5487800.871092364,15991565.333333332,81.67022929543405,9.21,
2025/05/14 16:30:00,9.8,17.09,13.59,95.17,64.96,86.01,2.91648255326297,5507917.888969875,16064347.26111112,81.63197853134393,9.24,
2025/05/14 16:45:00,9.83,17.14,13.62,95.16,64.92,86.0,2.918654759126812,5523487.48872988,16121753.291111108,81.5937671693939,9.26,
2025/05/14 17:00:00,9.86,17.16,13.63,95.14,64.88,86.0,2.9212803154124702,5540830.825815859,16186921.813333334,81.54673605666063,9.28,
2025/05/14 17:15:00,10.12,17.21,13.74,95.13,64.84,86.0,2.9263176793764574,5533956.74974038,16194729.588888887,81.28407129363961,9.19,
2025/05/14 17:30:00,10.15,17.23,13.8,95.12,64.8,85.99,2.9324761201971077,5501384.114296818,16133298.45111111,81.24553446811038,9.31,
2025/05/14 17:45:00,10.1,17.29,13.82,95.11,64.75,85.99,2.9332479838960244,5484079.024511029,16086775.979999991,81.28545356611627,9.36,
2025/05/14 18:00:00,10.1,17.31,13.84,95.15,64.71,85.99,2.9271775279121206,5529773.62070011,16187243.20888889,81.32105952363892,9.25,
2025/05/14 18:15:00,9.67,17.36,13.73,95.4,64.67,85.98,2.9065019753367958,5562245.54120772,16167257.700000001,81.96148118643698,9.36,
2025/05/14 18:30:00,9.83,17.39,13.82,95.54,64.63,85.98,2.9054858021617354,5559957.346861197,16154966.177777784,81.92845174850116,9.37,
2025/05/14 18:45:00,9.74,17.4,13.73,95.17,64.58,85.98,2.919865298316047,5530900.522820756,16150061.644444449,81.69017103115398,9.38,
2025/05/14 19:00:00,9.85,17.43,13.79,95.22,64.54,85.97,2.9203211430396454,5555935.910725709,16225701.879444437,81.62683642775986,9.36,
2025/05/14 19:15:00,10.24,17.43,13.96,95.63,64.5,85.97,2.910970445348092,5588288.18574143,16267953.783888884,81.60701894830181,9.29,
2025/05/14 19:30:00,9.84,17.45,13.8,94.77,64.5,85.97,2.939820232890858,5537610.010376329,16280169.02111111,81.23945345366158,9.34,
2025/05/14 19:45:00,10.15,17.46,13.93,95.44,64.71,85.96,2.9215479271583207,5519279.258294063,16125438.541666664,81.52738365884662,9.41,
2025/05/14 20:00:00,10.57,17.49,14.07,95.79,64.93,85.96,2.916209096066517,5475816.384163604,15969236.818333322,81.42482495241308,9.35,
2025/05/14 20:15:00,10.59,17.5,14.09,95.77,65.14,85.95,2.918958590781977,5416904.229360129,15812327.049444444,81.38759552890517,9.38,
2025/05/14 20:30:00,10.82,17.51,14.16,95.75,65.35,85.95,2.9229611421447044,5358330.478342058,15662806.011111116,81.14512886290487,9.28,
2025/05/14 20:45:00,10.84,17.5,14.12,95.72,65.56,85.93,2.9254135405910255,5297540.655023174,15498100.310000004,81.09913889975255,9.29,
2025/05/14 21:00:00,10.98,17.51,14.23,95.7,65.78,85.9,2.930720087008105,5226390.882901584,15317704.74666667,80.94450340070587,9.29,
2025/05/14 21:15:00,11.06,17.52,14.27,95.68,65.99,85.88,2.93872121173797,5155876.596689819,15152301.45,80.84838289289269,9.4,
2025/05/14 21:30:00,11.1,17.51,14.27,95.66,66.2,85.86,2.940927103305014,5098098.714332831,14993750.334444443,80.7916324224457,9.4,
2025/05/14 21:45:00,11.1,17.52,14.26,95.64,66.41,85.84,2.94146430297678,5045590.641765601,14842028.642222224,80.7740544301574,9.39,
2025/05/14 22:00:00,11.11,17.51,14.25,95.62,66.63,85.82,2.9431267963728414,4976742.72927677,14647781.371666662,80.74665393588602,9.4,
2025/05/14 22:15:00,11.19,17.52,14.28,95.6,66.84,85.79,2.9470135061539824,4901746.463551872,14446106.125000002,80.65072713874827,9.41,
2025/05/14 22:30:00,11.19,17.51,14.29,95.57,67.05,85.77,2.947211365614361,4835215.563669972,14250991.04,80.62437907087246,9.38,
2025/05/14 22:45:00,11.18,17.51,14.3,95.55,67.02,85.75,2.946605545371925,4832150.333118591,14239030.898888892,80.61662286729444,9.35,
2025/05/14 23:00:00,11.17,17.49,14.23,95.53,66.92,85.73,2.9484648762749166,4848398.922015285,14295917.68,80.60876073526283,9.38,
2025/05/14 23:15:00,11.14,17.5,14.27,95.51,66.81,85.71,2.9455640440357054,4872072.137135118,14351591.099999994,80.62065900348135,9.31,
2025/05/14 23:30:00,11.09,17.48,14.24,95.48,66.71,85.69,2.947869899598823,4884606.861221729,14399776.978888892,80.64308201833634,9.37,
2025/05/14 23:45:00,11.04,17.47,14.21,95.44,66.6,85.66,2.9505468442351614,4896395.768746035,14447635.656666668,80.65670957869443,9.43,
2025/05/15 00:00:00,10.92,17.45,14.16,95.88,66.63,85.99,2.9241310342602005,5041996.992013204,14744048.977777777,81.16134917258786,9.38,
2025/05/15 00:15:00,10.8,17.44,14.14,96.03,66.55,85.99,2.91419952175967,5081558.934591337,14809263.479999999,81.41063741687692,9.4,
2025/05/15 00:30:00,10.89,17.44,14.15,95.7,66.46,85.99,2.9291629112509745,5084345.083851162,14893471.67,81.03253571905911,9.32,
2025/05/15 00:45:00,10.96,17.44,14.15,95.65,66.38,86.0,2.93776397803155,5096697.11031125,14973495.680000002,80.91984442968695,9.42,
2025/05/15 01:00:00,11.05,17.41,14.22,95.61,66.3,86.0,2.936730998857175,5120207.079332369,15037294.555555558,80.79682439948824,9.28,
2025/05/15 01:15:00,10.86,17.41,14.12,95.69,66.25,86.0,2.929926014373712,5130026.89512333,15031201.624999998,81.05303914943887,9.35,
2025/05/15 01:30:00,10.81,17.39,14.11,95.66,66.21,86.0,2.9289450476903345,5123231.576386344,15006266.64777778,81.07562302036797,9.33,
2025/05/15 01:45:00,10.73,17.38,14.07,95.63,66.17,86.01,2.9294554600048146,5192764.056921121,15212576.817777777,81.12743094934144,9.37,
2025/05/15 02:00:00,10.49,17.36,13.99,95.6,66.13,86.01,2.9233189691665538,5211396.530408159,15235168.324444452,81.33585056774008,9.37,
2025/05/15 02:15:00,10.43,17.35,13.96,95.58,66.09,86.01,2.9231414385679977,5219352.211832333,15257496.026666665,81.37689503327772,9.39,
2025/05/15 02:30:00,10.4,17.33,13.96,95.55,66.05,86.01,2.923968478705253,5224230.868387274,15276082.16444445,81.37980404152583,9.4,
2025/05/15 02:45:00,10.37,17.3,13.92,95.52,66.01,86.02,2.9251683151021197,5231039.811368668,15302267.309999991,81.38268761617303,9.42,
2025/05/15 03:00:00,10.46,17.29,13.96,95.49,65.97,86.02,2.926295377024012,5235337.998174988,15320750.805555552,81.2684106182027,9.34,
2025/05/15 03:15:00,10.44,17.27,13.91,95.47,65.92,86.02,2.9277685965445954,5241609.517991705,15346821.233333327,81.27028965949302,9.37,
2025/05/15 03:30:00,10.42,17.26,13.9,95.44,65.88,86.02,2.928527110557971,5246528.053356113,15365202.086666668,81.26342747749972,9.37,
2025/05/15 03:45:00,10.4,17.24,13.9,95.41,65.84,86.03,2.9292837728188226,5256352.689693774,15397956.218333332,81.25656120707598,9.37,
2025/05/15 04:00:00,10.38,17.21,13.87,95.38,65.8,86.03,2.930039960783197,5280878.77017266,15473796.628888892,81.24969084392478,9.37,
2025/05/15 04:15:00,10.35,17.19,13.84,95.36,65.76,86.03,2.93001752250416,5251762.331223051,15388361.26055555,81.26140788938451,9.37,
2025/05/15 04:30:00,10.32,17.16,13.82,95.33,65.72,86.03,2.9304550195725265,5256994.327712741,15405993.661666667,81.26430908233334,9.37,
2025/05/15 04:45:00,10.29,17.14,13.8,95.3,65.68,86.03,2.930891213927968,5262291.221675679,15423812.188888883,81.26720515418421,9.37,
2025/05/15 05:00:00,10.26,17.11,13.77,95.27,65.63,86.03,2.93132576331004,5270075.3099114625,15448917.733333336,81.27009609776091,9.37,
2025/05/15 05:15:00,10.23,17.08,13.76,95.24,65.59,86.03,2.931757971141309,5275257.813443316,15466393.848888885,81.2729819058829,9.37,
2025/05/15 05:30:00,10.2,17.07,13.72,95.22,65.55,86.03,2.9317300090433487,5281334.799220293,15484057.600000003,81.28467990642945,9.37,
2025/05/15 05:45:00,10.17,17.03,13.7,95.19,65.51,86.03,2.9321592710247257,5286486.192110574,15501433.859999996,81.28755657551012,9.37,
2025/05/15 06:00:00,10.16,17.0,13.59,95.16,65.47,86.04,2.9335973407522182,5292378.213012904,15526307.995000003,81.27085138186257,9.38,
2025/05/15 06:15:00,10.21,16.97,13.62,95.13,65.43,86.04,2.9346775885780163,5271277.790085532,15470111.03,81.19564085390923,9.33,
2025/05/15 06:30:00,10.06,16.94,13.61,95.11,65.39,86.04,2.929322534439699,5394209.657875298,15802005.236111116,81.3247531400267,9.29,
2025/05/15 06:45:00,9.81,16.91,13.45,95.64,65.35,86.04,2.8987968024316415,5445009.465934273,15784567.669444453,82.03620977072131,9.33,
2025/05/15 07:00:00,10.05,16.89,13.59,95.46,65.3,86.04,2.9080431301568748,5446930.140754936,15840533.341111116,81.64350247808058,9.17,
2025/05/15 07:15:00,9.76,16.87,13.43,95.2,65.26,86.04,2.9138613260344592,5394381.979548726,15719078.332222221,81.69753623692075,9.24,
2025/05/15 07:30:00,9.34,16.83,13.29,94.94,65.22,86.04,2.914088575706438,5404101.21776673,15748611.193333337,81.87821311238949,9.28,
2025/05/15 07:45:00,9.03,16.8,13.17,94.67,65.19,86.04,2.917902857033952,5419503.006927419,15814153.941666672,81.94208274162193,9.32,
2025/05/15 08:00:00,8.72,16.79,13.04,94.54,65.16,86.04,2.9152266736843315,5453329.258672446,15898245.440000005,82.12939870194012,9.36,
2025/05/15 08:15:00,8.73,16.88,13.1,94.64,65.14,86.04,2.910122217390975,5489309.336874558,15975112.388888892,82.20825196768466,9.33,
2025/05/15 08:30:00,8.68,16.8,13.06,94.75,65.11,86.04,2.904667704764392,5520896.130932284,16036926.461111115,82.35422377777883,9.36,
2025/05/15 08:45:00,9.03,16.8,13.13,94.85,65.08,86.04,2.907729715972813,5487496.99885079,15956724.568888893,82.10145918689673,9.26,
2025/05/15 09:00:00,9.06,16.79,13.16,94.88,65.05,86.04,2.9054904845492775,5464020.002878764,15876227.290000005,82.09889572493626,9.21,
2025/05/15 09:15:00,9.05,16.77,13.12,94.84,65.02,86.04,2.9077152849850196,5495593.712920654,15980192.250000007,82.0732216367759,9.23,
2025/05/15 09:30:00,9.15,16.8,13.17,94.79,65.0,86.04,2.91630852551507,5488213.812596948,16005901.804444449,81.93104648062396,9.32,
2025/05/15 09:45:00,9.29,16.79,13.26,94.75,64.97,86.04,2.9214598447479023,5499656.396749485,16067622.639444448,81.75911735155168,9.29,
2025/05/15 10:00:00,9.25,16.8,13.22,94.71,64.94,86.04,2.920927423664555,5517887.477184003,16117939.50555556,81.76292743082746,9.26,
2025/05/15 10:15:00,9.12,16.81,13.18,94.67,64.91,86.04,2.921092282735941,5527859.3532445915,16147970.947777785,81.85420121321994,9.33,
2025/05/15 10:30:00,9.03,16.79,13.17,94.63,64.88,86.04,2.9193499515322605,5540189.361290159,16174337.226666672,81.90674300524333,9.31,
2025/05/15 10:45:00,8.83,16.8,13.09,94.59,64.85,86.04,2.9168185453649005,5540970.9558795905,16162577.145000007,82.06629412184871,9.37,
2025/05/15 11:00:00,8.85,16.8,13.07,94.55,64.83,86.04,2.918574772938144,5530882.593387144,16142861.478333337,82.01146060970243,9.35,
2025/05/15 11:15:00,8.87,16.8,13.08,94.51,64.8,86.04,2.9193167758823058,5525386.179302517,16130920.960000008,81.95674469130148,9.3,
2025/05/15 11:30:00,8.84,16.88,13.11,94.57,64.77,86.04,2.9183512756884347,5528846.180567168,16135676.05833334,82.03880398849182,9.38,
2025/05/15 11:45:00,9.09,16.86,13.18,94.64,64.74,86.04,2.9186883555134893,5569215.255575937,16255382.550000008,81.8572655848694,9.25,
2025/05/15 12:00:00,9.06,16.82,13.2,94.72,64.71,86.04,2.9166104498005447,5548847.705011854,16184412.420000007,81.95701649775327,9.32,
2025/05/15 12:15:00,9.12,16.86,13.2,94.8,64.69,86.04,2.9145665379115098,5571981.387851356,16240490.719444448,81.96920970731503,9.31,
2025/05/15 12:30:00,9.14,16.89,13.22,94.84,64.66,86.04,2.913750806823226,5579925.30150122,16259090.906666676,81.98500129907931,9.32,
2025/05/15 12:45:00,9.17,17.05,13.34,94.87,64.63,86.05,2.9136983263300684,5587650.912652424,16281302.73,81.98218751166253,9.33,
2025/05/15 13:00:00,9.2,17.03,13.33,94.91,64.6,86.05,2.9131948618877685,5593707.611168776,16296135.808333332,81.98820485529846,9.34,
2025/05/15 13:15:00,9.22,17.05,13.34,94.94,64.57,86.06,2.912825763576644,5602108.330836177,16318540.143888896,81.99514596441341,9.35,
2025/05/15 13:30:00,9.33,17.11,13.41,94.98,64.54,86.06,2.9119729505900755,5608825.595460901,16333324.919999996,81.92330853001395,9.28,
2025/05/15 13:45:00,9.33,17.1,13.43,95.01,64.52,86.07,2.912424648424176,5613022.652813097,16348087.402777774,81.94962397328344,9.33,
2025/05/15 14:00:00,9.35,17.19,13.49,95.05,64.49,86.07,2.9126658884700682,5617533.863387503,16362577.024444444,81.96528043803457,9.37,
2025/05/15 14:15:00,9.51,17.27,13.6,95.08,64.46,86.08,2.9141779410954674,5622267.998994527,16384873.144444445,81.83567886801107,9.31,
2025/05/15 14:30:00,9.53,17.24,13.59,95.12,64.43,86.08,2.9144471810824055,5626788.237990666,16399564.683333328,81.85131670032709,9.35,
2025/05/15 14:45:00,9.55,17.29,13.63,95.15,64.4,86.09,2.9140775621295516,5635134.297866691,16421805.069999995,81.85822312035846,9.36,
2025/05/15 15:00:00,9.57,17.32,13.66,95.19,64.38,86.09,2.912894545514469,5639852.0697158035,16428880.881111115,81.87397994596205,9.36,
2025/05/15 15:15:00,9.6,17.47,13.79,95.22,64.35,86.1,2.9128379219160303,5651654.69525243,16462938.708333332,81.87110759051629,9.37,
2025/05/15 15:30:00,9.56,17.43,13.69,95.26,64.32,86.1,2.9101368319802856,5666705.124654033,16491462.680000002,81.94544809948496,9.38,
2025/05/15 15:45:00,9.57,17.41,13.71,95.29,64.44,86.11,2.9094508320395254,5641488.188700307,16414211.171111109,81.96211171440808,9.39,
2025/05/15 16:00:00,10.06,17.42,13.96,95.32,64.56,86.11,2.921588755611771,5588894.454328967,16329070.724999998,81.50979496195595,9.34,
2025/05/15 16:15:00,10.23,17.43,13.94,95.34,64.68,86.12,2.9244531236823232,5556879.616851599,16251446.151111111,81.36131461095404,9.3,
2025/05/15 16:30:00,10.4,17.5,14.08,95.36,64.81,86.12,2.930045406826869,5514581.626440656,16158597.552777778,81.21260504634105,9.33,
2025/05/15 16:45:00,10.56,17.49,14.07,95.38,64.93,86.13,2.9345562605853868,5479611.658117056,16080850.133333325,81.07370003793159,9.34,
2025/05/15 17:00:00,10.58,17.53,14.2,95.41,65.05,86.13,2.930965352641035,5457269.237048496,15995700.746666664,81.08073899415301,9.27,
2025/05/15 17:15:00,10.58,17.59,14.15,95.43,65.17,86.14,2.930035188550896,5432433.638367427,15917831.875,81.0983547286505,9.27,
2025/05/15 17:30:00,10.59,17.61,14.16,95.45,65.29,86.14,2.9294148646683356,5404391.873626059,15832310.81666666,81.10618574458178,9.27,
2025/05/15 17:45:00,10.6,17.56,14.15,95.47,65.41,86.15,2.9287925173007223,5378910.54911599,15754321.770000005,81.1140151387888,9.27,
2025/05/15 18:00:00,10.6,17.6,14.15,95.5,65.54,86.15,2.930233168056144,5314313.476344378,15572772.874999996,81.14025721529262,9.34,
2025/05/15 18:15:00,11.08,17.62,14.33,96.25,65.66,86.16,2.912584246558463,5379671.428291321,15669368.61111111,81.32971543608555,9.4,
2025/05/15 18:30:00,11.27,17.65,14.39,96.02,65.78,86.16,2.9254919339517067,5310263.911027631,15535761.181111105,80.94178951722454,9.31,
2025/05/15 18:45:00,11.18,17.68,14.44,95.8,65.9,86.17,2.934794820281763,5250663.735334657,15410249.482222218,80.83651222457291,9.35,
2025/05/15 19:00:00,11.01,17.68,14.37,95.57,66.02,86.17,2.940691264941023,5195035.655122126,15277607.98055556,80.80061492119073,9.36,
2025/05/15 19:15:00,10.79,17.71,14.33,95.39,66.0,86.18,2.9448973378274554,5196854.854801078,15304805.731111117,80.85731692456781,9.43,
2025/05/15 19:30:00,10.72,17.68,14.27,95.36,65.96,86.18,2.9444403819982656,5211234.852307932,15344768.156666676,80.8993600880423,9.44,
2025/05/15 19:45:00,10.54,17.66,14.23,95.32,65.92,86.19,2.937886106778215,5238982.134350673,15392126.976111108,81.04033297886346,9.37,
2025/05/15 20:00:00,10.45,17.69,14.16,95.29,65.87,86.19,2.938695904778702,5253674.896011745,15439532.239999993,81.10179623814996,9.43,
2025/05/15 20:15:00,10.6,17.66,14.2,95.26,65.83,86.2,2.9433542241911184,5261557.046800097,15487220.466666667,80.92873068453466,9.39,
2025/05/15 20:30:00,10.58,17.66,14.19,95.22,65.79,86.04,2.9406537343236288,5238563.5128508285,15405389.999999998,80.91327574233541,9.29,
2025/05/15 20:45:00,10.44,17.67,14.18,95.1,65.78,85.94,2.9449115046124494,5209092.6455133185,15340900.959999995,80.94419995180925,9.37,
2025/05/15 21:00:00,10.44,17.67,14.18,95.1,65.78,85.94,2.9449115046124477,5209092.645513322,15340900.959999995,80.94419995180886,9.37,
2025/05/15 21:15:00,10.44,17.67,14.18,95.1,65.78,85.94,2.944911504612457,5209092.645513305,15340900.959999995,80.94419995180903,9.37,
2025/05/15 21:30:00,10.44,17.67,14.18,95.1,65.78,85.94,2.944911504612431,5209092.645513352,15340900.959999995,80.94419995180863,9.37,
2025/05/15 21:45:00,10.44,17.67,14.18,95.1,65.78,85.94,2.9449115046124343,5209092.6455133455,15340900.959999995,80.94419995180886,9.37,
2025/05/15 22:00:00,10.44,17.67,14.18,95.1,65.78,85.94,2.9449115046124223,5209092.645513367,15340900.959999995,80.94419995180897,9.37,
2025/05/15 22:15:00,10.44,17.67,14.18,95.1,65.78,85.94,2.94491150461242,5209092.645513371,15340900.959999995,80.94419995180897,9.37,
2025/05/15 22:30:00,10.44,17.67,14.18,95.1,65.78,85.94,2.9449115046124374,5209092.64551334,15340900.959999995,80.9441999518088,9.37,
2025/05/15 22:45:00,10.44,17.67,14.18,95.1,65.78,85.94,2.944911504612443,5209092.64551333,15340900.959999995,80.94419995180931,9.37,
2025/05/15 23:00:00,10.44,17.67,14.18,95.1,65.78,85.94,2.9449115046124343,5209092.6455133455,15340900.959999995,80.94419995180897,9.37,
2025/05/15 23:15:00,10.44,17.67,14.18,95.1,65.78,85.94,2.944911504612438,5209092.645513339,15340900.959999995,80.94419995180897,9.37,
2025/05/15 23:30:00,10.44,17.67,14.18,95.1,65.78,85.94,2.9449115046124423,5209092.6455133315,15340900.959999995,80.94419995180886,9.37,
2025/05/15 23:45:00,10.44,17.67,14.18,95.1,65.78,85.94,2.9449115046124392,5209092.645513337,15340900.959999995,80.94419995180925,9.37,
2025/05/16 00:00:00,10.19,17.52,13.99,95.69,65.66,87.13,2.909809938947017,5677646.296581146,16521482.278888887,81.70853803586795,9.37,
2025/05/16 00:15:00,8.72,17.49,13.57,96.17,65.64,87.46,2.8516146738902024,5849073.907787954,16679843.204444434,83.56734805949995,9.61,
2025/05/16 00:30:00,7.96,17.49,13.32,96.71,65.62,88.05,2.806607445172681,6136028.229526941,17221932.193888884,84.78456088691262,9.64,
2025/05/16 00:45:00,7.72,17.52,13.29,96.77,65.6,88.64,2.7985071220306006,6182064.288726702,17301053.440000005,85.07151419159155,9.69,
2025/05/16 01:00:00,7.62,17.45,13.28,96.82,65.58,89.23,2.7934741833294168,6488299.962368516,18125430.950000003,85.2130945107948,9.69,
2025/05/16 01:15:00,7.55,17.44,13.25,96.87,65.56,89.81,2.7893319814163355,6668340.873662602,18600759.06944444,85.32538438802239,9.69,
2025/05/16 01:30:00,7.58,17.43,13.24,96.93,65.54,89.99,2.787972615104247,6732216.16713136,18769781.433333326,85.34882661316941,9.7,
2025/05/16 01:45:00,7.55,17.43,13.21,96.98,65.52,90.01,2.783235523859686,6760430.185543809,18816412.58444445,85.42220892722652,9.64,
2025/05/16 02:00:00,7.61,17.41,13.18,97.03,65.5,90.02,2.7828591580115942,6775254.271209344,18855121.24222222,85.40757354186651,9.64,
2025/05/16 02:15:00,7.66,17.4,13.23,97.09,65.48,90.04,2.7817658221597585,6759345.891752783,18803466.195555553,85.41147077760874,9.64,
2025/05/16 02:30:00,7.67,17.39,13.19,97.14,65.46,90.06,2.7799415720772997,6781066.492290314,18851514.36666667,85.44562689042745,9.64,
2025/05/16 02:45:00,7.69,17.46,13.23,97.19,65.44,90.07,2.7784030738770102,6802154.735038202,18899670.404999994,85.4700092344205,9.64,
2025/05/16 03:00:00,7.64,17.34,13.16,97.25,65.44,90.09,2.7744346779742894,6810605.197843369,18896127.15833334,85.5715237131245,9.64,
2025/05/16 03:15:00,7.61,17.33,13.14,97.3,65.52,90.11,2.7714675087307605,6794503.096414121,18831288.39166667,85.6447200851705,9.64,
2025/05/16 03:30:00,7.71,17.35,13.17,97.35,65.6,90.13,2.7718948607149705,6770097.403557265,18766541.584999997,85.59097056301873,9.63,
2025/05/16 03:45:00,7.75,17.28,13.13,97.31,65.68,90.14,2.7750420350456273,6771570.801977029,18791942.632222217,85.51676747943071,9.64,
2025/05/16 04:00:00,7.72,17.28,13.13,97.56,65.8,90.24,2.7629679803169154,6761607.626665104,18682647.47555555,85.76547806648384,9.62,
2025/05/16 04:15:00,7.87,17.35,13.21,97.59,65.54,89.92,2.7675316835135257,6735929.980177685,18642443.306666665,85.64512107171618,9.67,
2025/05/16 04:30:00,8.04,17.21,13.11,98.15,66.72,90.41,2.752340591856273,6591309.621622425,18142058.641666666,85.96934689806173,9.79,
2025/05/16 04:45:00,8.14,17.17,13.14,97.83,66.2,90.05,2.765926477435193,6612638.491487358,18290619.324999996,85.59152690338333,9.7,
2025/05/16 05:00:00,8.0,17.17,13.1,97.57,65.97,89.86,2.7730224517252355,6595077.029418741,18288840.851111107,85.50049929699207,9.7,
2025/05/16 05:15:00,7.8,17.13,13.04,97.48,65.64,89.83,2.7720391251896923,6670943.524533505,18492663.688888885,85.61691712185736,9.73,
2025/05/16 05:30:00,7.73,17.18,13.04,97.18,65.63,89.87,2.780889679639189,6670947.818541062,18551715.01333334,85.42209367461744,9.67,
2025/05/16 05:45:00,7.47,17.12,12.94,96.63,64.83,89.54,2.7944616518635783,6786465.846707182,18965074.63277778,85.19259533415303,9.6,
2025/05/16 06:00:00,7.21,17.04,12.86,97.09,65.15,89.77,2.767966511090019,6823996.095941452,18889138.314444438,85.85084552313906,9.61,
2025/05/16 06:15:00,7.47,17.06,12.87,96.44,64.68,89.16,2.8006745686362366,6711528.773252778,18797359.67999999,85.02553873229468,9.54,
2025/05/16 06:30:00,7.77,16.99,12.9,95.98,64.51,88.3,2.825320803501799,6465158.456431774,18266703.45499999,84.32798036591315,9.42,
2025/05/16 06:45:00,7.87,16.97,12.89,94.73,63.65,86.94,2.8809000375615903,6214018.133819574,17902528.734444447,83.1263348152736,9.38,
2025/05/16 07:00:00,8.22,16.98,13.08,94.8,63.82,86.44,2.8877845056818523,6027587.605650117,17406949.56,82.84718718187682,9.35,
2025/05/16 07:15:00,8.29,16.96,13.1,94.45,63.79,85.99,2.9043389815501,5949130.203349562,17278872.96666666,82.46923028794524,9.32,
2025/05/16 07:30:00,8.13,16.88,12.97,94.11,63.75,85.77,2.9141828895372366,5920968.684469808,17255362.55666666,82.3238301818667,9.32,
2025/05/16 07:45:00,7.95,16.85,12.88,94.2,63.49,86.03,2.9066472120526265,6078849.575071622,17669650.71666666,82.57871874362426,9.39,
2025/05/16 08:00:00,7.97,16.86,12.93,94.07,63.56,86.03,2.9114514117467056,6058929.9721913645,17640866.191666666,82.44414799784309,9.34,
2025/05/16 08:15:00,7.94,16.85,12.88,94.22,63.64,86.01,2.9042790073145923,6031303.787063409,17517162.807222225,82.60637929210395,9.35,
2025/05/16 08:30:00,7.75,16.8,12.8,93.73,63.31,85.62,2.9191914323781645,5984399.06467541,17470178.910555553,82.35654262168487,9.34,
2025/05/16 08:45:00,7.76,16.74,12.75,93.77,63.08,86.02,2.9177790247518156,6174624.629802191,18016781.603333328,82.38234283456693,9.34,
2025/05/16 09:00:00,7.71,16.74,12.73,94.23,63.53,86.11,2.8957012835596276,6127779.405887352,17744791.557777774,82.83945964688552,9.32,
2025/05/16 09:15:00,7.92,16.76,12.84,94.33,63.82,86.14,2.8963944639051293,6021587.180833963,17441468.0,82.72378521298545,9.27,
2025/05/16 09:30:00,7.91,16.78,12.83,94.4,63.85,86.07,2.894602370278595,6010977.981497902,17399961.06444444,82.79532611282465,9.32,
2025/05/16 09:45:00,7.85,16.75,12.83,94.6,63.95,85.96,2.882468848445737,5972493.959433833,17216092.385555547,83.03124093139203,9.27,
2025/05/16 10:00:00,7.95,16.71,12.84,94.63,64.03,85.96,2.885537665154522,5948689.645745063,17165739.176666662,82.96014054354264,9.31,
2025/05/16 10:15:00,7.89,16.72,12.83,94.65,64.11,85.96,2.8837494208562107,5934976.306065521,17115550.497222215,83.03619163892584,9.34,
2025/05/16 10:30:00,7.98,16.75,12.91,94.67,64.19,85.96,2.8840858211498546,5916848.538641183,17065270.786666665,82.96641010718265,9.29,
2025/05/16 10:45:00,8.17,16.76,12.97,94.69,64.27,85.96,2.8887684174682624,5889818.254447382,17014900.044999998,82.79891916268066,9.28,
2025/05/16 11:00:00,8.47,16.81,13.07,94.72,64.35,85.96,2.8977693901879196,5854106.416027987,16964438.272222217,82.53275294569747,9.31,
2025/05/16 11:15:00,8.53,16.85,13.07,94.74,64.43,85.96,2.8984246304977903,5835344.188138291,16913885.468333323,82.49196109997527,9.3,
2025/05/16 11:30:00,8.7,16.84,13.13,94.76,64.51,85.96,2.902842633680676,5808927.322235211,16862992.574999988,82.34379447908763,9.3,
2025/05/16 11:45:00,8.84,16.83,13.17,94.78,64.59,85.96,2.907015110033616,5783134.842713255,16812258.63777777,82.22478620867471,9.32,
2025/05/16 12:00:00,8.91,16.86,13.18,94.81,64.67,85.96,2.9075289391221557,5764634.037261921,16761433.669444436,82.18303358442708,9.31,
2025/05/16 12:15:00,8.91,16.9,13.24,94.83,64.75,85.96,2.906980839617631,5863332.179303188,17045200.864999995,82.20067543731645,9.32,
2025/05/16 12:30:00,8.99,16.96,13.25,94.85,64.83,85.96,2.9103030063157376,5833539.823974606,16977965.564999994,82.1400867400035,9.37,
2025/05/16 12:45:00,9.06,16.99,13.29,94.87,64.91,85.96,2.9098954435684106,5811343.083745649,16910996.972222216,82.0896137059841,9.32,
2025/05/16 13:00:00,9.11,17.04,13.44,94.9,64.99,85.96,2.911502360576412,5785972.535247241,16846483.665,82.06716890617089,9.36,
2025/05/16 13:15:00,8.34,17.0,13.16,95.0,65.07,85.96,2.8840446744254886,5841918.206580769,16848917.70222222,82.9068597980075,9.39,
2025/05/16 13:30:00,8.08,17.04,13.14,95.11,65.15,85.96,2.8718624775506982,5857613.568169756,16822812.092777763,83.25761392974867,9.41,
2025/05/16 13:45:00,8.21,17.09,13.23,95.2,65.23,85.96,2.8732046848587505,5834293.868364697,16763676.123333322,83.21020151945172,9.45,
2025/05/16 14:00:00,8.94,17.16,13.42,95.22,65.3,85.96,2.892613795143925,5777559.72672912,16712826.65555555,82.5157014337646,9.38,
2025/05/16 14:15:00,9.14,17.23,13.53,95.24,65.38,85.96,2.8989651514841444,5744471.651998284,16653606.969999999,82.33796811462427,9.41,
2025/05/16 14:30:00,9.04,17.25,13.51,95.26,65.46,85.96,2.894621746550065,5732621.31825003,16594344.555555554,82.45330272742754,9.4,
2025/05/16 14:45:00,9.05,17.27,13.48,95.28,65.54,85.96,2.8947233420546996,5711936.100658087,16535039.412222212,82.46112656477779,9.42,
2025/05/16 15:00:00,9.13,17.28,13.53,95.3,65.62,85.96,2.8973334719838606,5686386.618575931,16475927.70999999,82.40056546650243,9.45,
2025/05/16 15:15:00,9.3,17.31,13.63,95.32,65.7,85.96,2.9000263449969816,5660623.466257348,16416536.17999999,82.25232044012229,9.4,
2025/05/16 15:30:00,9.48,17.36,13.76,95.34,65.78,85.96,2.905089118199403,5655943.254383248,16431613.207777768,82.0940901073043,9.41,
2025/05/16 15:45:00,9.57,17.4,13.82,95.36,65.86,85.96,2.9066429374967884,5626172.76095376,16353870.31666666,82.02381987174596,9.4,
2025/05/16 16:00:00,9.58,17.42,13.84,95.37,65.94,85.96,2.905058436292527,5602115.822871734,16275065.473333327,82.02298144364873,9.36,
2025/05/16 16:15:00,9.62,17.44,13.84,95.39,66.02,85.96,2.906127694783952,5572977.549015371,16196370.238888886,82.00147019843388,9.38,
2025/05/16 16:30:00,9.73,17.42,13.83,95.41,66.1,85.95,2.906040901110517,5543309.664849767,16109668.911111118,81.91180707367467,9.31,
2025/05/16 16:45:00,9.75,17.46,13.87,95.43,66.18,85.95,2.906883487326863,5514709.514891425,16031199.745,81.90979718340691,9.34,
2025/05/16 17:00:00,9.77,17.52,13.92,95.45,66.26,85.95,2.907342840490346,5486887.3892266955,15952840.187777774,81.90781925098212,9.36,
2025/05/16 17:15:00,9.81,17.57,13.99,95.47,66.34,85.95,2.911313197208264,5452526.110840227,15874590.239444442,81.88609733891889,9.46,
2025/05/16 17:30:00,9.91,17.61,14.03,95.49,66.42,85.95,2.9124654690297223,5423540.140417226,15796449.899999999,81.80603957182294,9.43,
2025/05/16 17:45:00,9.86,17.55,14.01,95.51,66.41,85.96,2.9107100323193427,5427765.355212179,15799233.663888885,81.87249500236244,9.45,
2025/05/16 18:00:00,9.87,17.52,13.98,95.53,66.32,85.97,2.907928287373582,5456118.938573711,15866586.81666667,81.88048492014047,9.39,
2025/05/16 18:15:00,9.88,17.51,13.98,95.55,66.22,85.97,2.9084333652165877,5478280.727344049,15933802.958333332,81.88825585476025,9.42,
2025/05/16 18:30:00,9.93,17.55,14.03,95.56,66.12,85.98,2.9080563683443064,5504828.003134887,16008942.986666664,81.84828187440945,9.38,
2025/05/16 18:45:00,9.85,17.56,14.02,95.58,66.02,85.99,2.906499018397282,5567722.125002183,16183174.327222219,81.9439895759123,9.43,
2025/05/16 19:00:00,9.71,17.58,13.98,95.56,65.92,86.0,2.903045061750111,5579757.645514838,16198872.897777775,82.06321975551143,9.43,
2025/05/16 19:15:00,9.18,17.6,13.79,95.25,65.82,86.0,2.902119846760448,5661741.638070798,16431613.207777783,82.30753209551983,9.48,
2025/05/16 19:30:00,8.71,17.64,13.74,94.93,65.72,86.01,2.9011969317911452,5692794.90752539,16516469.181666672,82.48372346463489,9.47,
2025/05/16 19:45:00,8.55,17.62,13.68,94.81,65.62,86.02,2.901731405598947,5720891.242836157,16601037.199999994,82.53368811543221,9.48,
2025/05/16 20:00:00,8.58,17.56,13.69,94.82,65.52,86.02,2.9006919480882565,5749268.445509497,16677416.249999996,82.51343551681451,9.43,
2025/05/16 20:15:00,8.53,17.53,13.63,94.83,65.42,86.03,2.8993052406317066,5781151.129006648,16761879.419999996,82.57098547977992,9.45,
2025/05/16 20:30:00,8.73,17.53,13.68,94.84,65.32,86.04,2.905475735733087,5797921.197354097,16846288.946666677,82.38467679130515,9.46,
2025/05/16 20:45:00,8.65,17.54,13.64,94.85,65.22,86.05,2.9025141663391336,5832985.297517095,16930886.68944444,82.47157180202262,9.46,
2025/05/16 21:00:00,8.58,17.55,13.65,94.86,65.12,86.05,2.8995612047727155,5865197.326586533,17007064.518888883,82.54873876659023,9.45,
2025/05/16 21:15:00,8.55,17.56,13.64,94.88,65.02,86.06,2.8977419586775515,5897954.96691327,17091316.831111114,82.59568991174145,9.45,
2025/05/16 21:30:00,8.54,17.59,13.65,94.89,64.92,86.07,2.8969901857159686,5928549.792226222,17175515.49999999,82.61428734834098,9.45,
2025/05/16 21:45:00,8.57,17.58,13.62,94.9,64.83,86.08,2.8974933826639786,5953759.045235844,17251542.152777776,82.5938619416495,9.45,
2025/05/16 22:00:00,8.68,17.6,13.67,94.91,64.73,86.08,2.9008212024150697,5973203.5086780265,17327767.936111104,82.49534811175823,9.46,
2025/05/16 22:15:00,8.56,17.61,13.68,94.92,64.63,86.09,2.8969218999534245,6010254.42846573,17411811.828888893,82.62123346382367,9.47,
2025/05/16 22:30:00,8.49,17.6,13.65,94.93,64.58,86.1,2.894594421431262,6030093.2377025,17455246.20888889,82.69832953236427,9.48,
2025/05/16 22:45:00,8.46,17.61,13.69,94.94,64.57,86.1,2.8935195009384014,6032197.746480634,17454857.817222223,82.73640273834312,9.49,
2025/05/16 23:00:00,8.45,17.6,13.63,94.96,64.56,86.11,2.892636160798971,6036014.700034572,17460563.052777775,82.76380722283032,9.5,
2025/05/16 23:15:00,8.46,17.6,13.63,94.97,64.55,86.12,2.893112271037442,6036986.522747344,17466248.781666666,82.76283086833709,9.52,
2025/05/16 23:30:00,8.44,17.58,13.66,94.98,64.54,86.13,2.8920476635494934,6041078.933982438,17471664.31999999,82.7911803553643,9.52,
2025/05/16 23:45:00,8.47,17.58,13.62,94.99,64.53,86.13,2.8913468849702317,6041700.945774216,17469223.199999996,82.77088195352641,9.48,
2025/05/17 00:00:00,8.48,17.55,13.61,95.19,64.63,87.11,2.8841521121084646,6322986.660919901,18237051.11555556,82.93773063528018,9.52,
2025/05/17 00:15:00,8.63,17.54,13.67,95.35,64.64,87.16,2.8827528794524544,6386741.43730899,18412009.195555553,82.9325569443908,9.55,
2025/05/17 00:30:00,8.05,17.55,13.5,95.8,64.64,87.59,2.848111660759791,6548106.116533166,18650318.775,83.89535192919978,9.64,
2025/05/17 00:45:00,7.29,17.53,13.32,96.23,64.65,88.84,2.8045492990878826,6976975.490815852,19567844.682222217,85.01609578687795,9.55,
2025/05/17 01:00:00,6.46,17.51,13.27,97.07,64.66,90.09,2.744922989484852,7143503.265679263,19608917.594444446,86.56528272473535,9.52,
2025/05/17 01:15:00,8.03,17.49,13.43,99.17,64.67,91.12,2.7046589191142565,6833467.174745183,18482728.061111115,86.87049933084333,9.67,
2025/05/17 01:30:00,8.43,17.47,13.56,99.12,64.67,91.1,2.7160643567604152,6800973.313039735,18472435.043333326,86.43541045338702,9.63,
2025/05/17 01:45:00,8.72,17.46,13.64,99.06,64.68,90.98,2.727217837188706,6741182.123325709,18385240.011111103,86.09910852377337,9.65,
2025/05/17 02:00:00,8.86,17.44,13.6,99.01,64.69,90.87,2.7316910825478686,6700771.1599045545,18305000.73111111,85.91845308962918,9.61,
2025/05/17 02:15:00,8.77,17.43,13.57,98.96,64.7,90.76,2.730684488707311,6667863.229637661,18208388.39111111,85.96301238579603,9.59,
2025/05/17 02:30:00,8.8,17.4,13.58,98.9,64.7,90.64,2.735251380834194,6606144.78526222,18070027.372222222,85.88125370975327,9.62,
2025/05/17 02:45:00,8.82,17.39,13.56,98.85,64.71,90.53,2.7376069712813673,6550215.196009524,17932470.53888889,85.81806067699966,9.61,
2025/05/17 03:00:00,8.62,17.36,13.49,98.77,64.72,90.42,2.7363826418080643,6519638.691983063,17840772.95,85.94402780690484,9.63,
2025/05/17 03:15:00,8.53,17.36,13.49,98.59,64.73,90.3,2.7420884164550103,6475435.471328935,17756762.61333333,85.8749309405961,9.64,
2025/05/17 03:30:00,8.83,17.34,13.53,98.55,64.73,90.19,2.7517329332080895,6419605.088698984,17665593.562222213,85.54636833689896,9.63,
2025/05/17 03:45:00,8.68,17.32,13.51,98.51,64.74,90.08,2.749692866227541,6388738.389692323,17567619.47111111,85.65824320724334,9.64,
2025/05/17 04:00:00,8.58,17.3,13.45,98.47,64.75,89.96,2.74902187692609,6352085.915382093,17462565.04055555,85.7211503086197,9.65,
2025/05/17 04:15:00,8.52,17.28,13.43,98.43,64.76,89.85,2.7490935064894995,6316280.832054388,17364585.492222216,85.7449100126414,9.65,
2025/05/17 04:30:00,8.45,17.27,13.42,98.39,64.76,89.74,2.749233013156269,6282994.902497193,17273953.106666658,85.77842672991214,9.66,
2025/05/17 04:45:00,8.47,17.24,13.37,98.36,64.77,89.62,2.7510834761679046,6243157.255878933,17175977.622222222,85.73263477230003,9.66,
2025/05/17 05:00:00,8.35,17.21,13.38,98.32,64.78,89.51,2.749819053864769,6259198.169594213,17212199.528333336,85.81504644361692,9.67,
2025/05/17 05:15:00,8.29,17.2,13.32,98.28,64.79,89.4,2.7502114647469473,6246952.988074893,17180971.096666668,85.83874349827178,9.68,
2025/05/17 05:30:00,8.35,17.18,13.33,98.24,64.79,89.28,2.752575988749703,6224993.073186241,17135299.25555555,85.74511830483797,9.65,
2025/05/17 05:45:00,8.26,17.17,13.29,98.2,64.8,89.17,2.751450254001756,6210704.378022301,17088971.038333334,85.7981781186849,9.64,
2025/05/17 06:00:00,8.2,17.14,13.23,98.16,64.81,89.06,2.7511578599466686,6194289.883872803,17041990.624999996,85.82188250744524,9.63,
2025/05/17 06:15:00,8.22,17.13,13.23,98.13,64.82,88.94,2.752658989192827,6058833.040544765,16678413.180000003,85.7760927478217,9.62,
2025/05/17 06:30:00,8.76,17.09,13.36,97.87,64.82,88.76,2.7705218586005342,5985269.019949511,16582856.290000007,85.0208862480972,9.39,
2025/05/17 06:45:00,9.44,17.08,13.62,97.22,64.82,88.34,2.811678508007175,5804660.555188548,16321423.066666672,83.7866987735452,9.22,
2025/05/17 07:00:00,9.59,17.07,13.58,96.57,64.83,87.91,2.847126145128216,5635314.973218004,16045032.642222222,83.06951676729645,9.26,
2025/05/17 07:15:00,9.93,17.05,13.7,96.01,64.83,87.49,2.8781791769275413,5482932.885702694,15781467.618888887,82.2451219378583,9.15,
2025/05/17 07:30:00,10.07,17.03,13.75,96.07,64.84,87.07,2.880036164016916,5377386.636033246,15487674.344999993,82.16088191408471,9.16,
2025/05/17 07:45:00,10.03,17.0,13.67,96.13,64.84,86.64,2.8765025790996326,5255829.946966859,15118990.333333327,82.25273463047884,9.17,
2025/05/17 08:00:00,10.05,16.98,13.67,96.19,64.85,86.39,2.874332097957723,5190975.586243054,14921164.86666667,82.28590672882326,9.17,
2025/05/17 08:15:00,10.33,16.96,13.79,96.16,64.85,86.38,2.8782150563497266,4968944.245737828,14302268.95777778,81.98600801900925,9.04,
2025/05/17 08:30:00,10.53,16.96,13.88,96.11,64.86,86.36,2.8869742077383886,4861529.241287365,14035696.888888888,81.74624544592811,9.05,
2025/05/17 08:45:00,10.54,16.93,13.81,96.06,64.86,86.35,2.8923919878647597,4862417.774242882,14064600.892222218,81.69229179544314,9.11,
2025/05/17 09:00:00,10.61,16.93,13.9,96.01,64.87,86.33,2.8963872413353755,4863377.945196138,14086828.042222217,81.5798544311523,9.1,
2025/05/17 09:15:00,10.5,16.93,13.83,96.13,64.87,86.32,2.8901628399731036,4827035.842170073,13951500.658333326,81.7927943971095,9.16,
2025/05/17 09:30:00,10.6,16.93,13.88,96.18,64.87,86.31,2.8881014671598813,4830122.302800866,13950473.19111111,81.73903035807913,9.1,
2025/05/17 09:45:00,10.62,16.94,13.9,96.14,64.88,86.29,2.8891871350943563,4808214.398995607,13892420.886666672,81.6844154579237,9.07,
2025/05/17 10:00:00,10.55,16.93,13.84,96.11,64.88,86.28,2.8921571196433957,4804644.559352,13896368.200000003,81.72630635396253,9.15,
2025/05/17 10:15:00,10.52,16.93,13.79,96.07,64.89,86.26,2.8948969084421647,4797399.47779046,13888549.393888893,81.72039188693974,9.19,
2025/05/17 10:30:00,10.5,16.94,13.84,96.04,64.89,86.25,2.8934767161537094,4803162.666480707,13898419.186666667,81.71376381000857,9.14,
2025/05/17 10:45:00,10.5,16.94,13.83,96.0,64.9,86.23,2.8949002492791958,4799704.771857787,13895244.825,81.67863623829612,9.13,
2025/05/17 11:00:00,10.5,16.95,13.83,95.96,64.9,86.22,2.898987428462391,4796326.612915754,13905068.637777774,81.64330225362943,9.18,
2025/05/17 11:15:00,10.47,16.94,13.85,95.93,64.91,86.2,2.895009240595202,4808026.1694558095,13919863.283333337,81.64663643387772,9.08,
2025/05/17 11:30:00,10.32,16.95,13.76,95.81,64.91,86.19,2.8996380569809355,4996638.269203715,14489031.822222222,81.68758922342118,9.16,
2025/05/17 11:45:00,9.98,16.95,13.62,95.5,64.91,86.17,2.906508109410792,5109580.213131221,14851617.097777782,81.74698218117744,9.23,
2025/05/17 12:00:00,9.99,16.96,13.7,95.53,64.92,86.16,2.901282362662702,5108014.3352633165,14820382.279999996,81.76400002554915,9.13,
2025/05/17 12:15:00,9.95,16.96,13.63,95.56,64.92,86.14,2.9032290697119456,5018487.511450043,14570387.626666667,81.82914075410581,9.24,
2025/05/17 12:30:00,9.9,16.98,13.64,95.58,64.93,86.13,2.90077431601285,5104893.031307666,14808718.222222213,81.89564850295366,9.24,
2025/05/17 12:45:00,10.02,17.01,13.66,95.61,64.93,86.11,2.902676487268129,5110798.786947643,14835571.00666666,81.80476171852432,9.23,
2025/05/17 13:00:00,10.09,17.03,13.71,95.64,64.94,86.1,2.903031471498373,5104161.725372806,14818122.29333333,81.76275368292684,9.22,
2025/05/17 13:15:00,10.18,17.04,13.75,95.66,64.94,86.09,2.9048687586250885,5097252.715607898,14807435.775000002,81.692333903595,9.22,
2025/05/17 13:30:00,10.15,17.08,13.81,95.69,64.95,86.07,2.8996081163525336,5098072.549895528,14782999.146666659,81.74833327686773,9.15,
2025/05/17 13:45:00,10.07,17.1,13.75,95.72,64.95,86.06,2.899552079732372,5094578.574233099,14772568.072777778,81.85268281131772,9.24,
2025/05/17 14:00:00,10.23,17.14,13.87,95.74,64.95,86.04,2.900154755407129,5087507.232467928,14755143.975000001,81.71404691239793,9.16,
2025/05/17 14:15:00,10.21,17.16,13.86,95.77,64.94,86.03,2.8990104766082276,5088334.768672505,14751715.678333335,81.75994513316093,9.18,
2025/05/17 14:30:00,10.27,17.18,13.86,95.79,64.9,86.01,2.9011871696827125,5088157.056703214,14762273.429444442,81.718744458449,9.21,
2025/05/17 14:45:00,10.41,17.24,13.94,95.82,64.85,86.0,2.9027850315894606,5086023.551404617,14764214.575000003,81.60825368299041,9.18,
2025/05/17 15:00:00,10.38,17.25,13.96,95.85,64.8,85.98,2.901760556097445,5078425.164542865,14736955.750000006,81.6639038917736,9.21,
2025/05/17 15:15:00,10.53,17.3,14.11,95.87,64.76,85.97,2.904108711377508,5064879.463109691,14709560.378333328,81.53479833731964,9.18,
2025/05/17 15:30:00,10.7,17.32,14.17,95.9,64.71,85.95,2.9065572946743568,5051137.788559337,14682028.460000005,81.39487720300382,9.15,
2025/05/17 15:45:00,10.77,17.37,14.18,95.93,64.66,85.94,2.91296944450742,5059775.560041038,14739575.448888889,81.35235852511305,9.28,
2025/05/17 16:00:00,10.75,17.38,14.18,95.95,64.62,85.93,2.91141717990589,5101309.893977644,14852647.351666667,81.38951890411789,9.28,
2025/05/17 16:15:00,10.75,17.42,14.21,95.98,64.57,85.94,2.9104375766769217,5149194.472912398,14987018.444444446,81.41586568751273,9.29,
2025/05/17 16:30:00,10.77,17.43,14.23,96.01,64.52,85.94,2.909648917216798,5104860.026314078,14853956.040000001,81.42265477715937,9.29,
2025/05/17 16:45:00,10.83,17.47,14.26,96.03,64.48,85.95,2.9109834485054735,5120767.811971933,14907076.641111111,81.38146751855741,9.3,
2025/05/17 17:00:00,10.9,17.5,14.3,96.06,64.43,85.95,2.9117314210428265,5137638.240220242,14960033.293333331,81.33929241219991,9.3,
2025/05/17 17:15:00,10.9,17.52,14.36,96.09,64.39,85.96,2.9072804423149305,5163831.409302417,15013325.158333328,81.36581922008864,9.23,
2025/05/17 17:30:00,10.8,17.57,14.33,96.07,64.34,85.96,2.9047297700234207,5182857.955668998,15055406.495555548,81.44618971313061,9.22,
2025/05/17 17:45:00,10.56,17.58,14.27,96.0,64.29,85.97,2.9028298383870785,5189808.355512603,15065722.271111107,81.61947946943008,9.27,
2025/05/17 18:00:00,10.5,17.59,14.23,95.93,64.25,85.97,2.9055006338422844,5183844.415680836,15062246.833333332,81.61657931788847,9.3,
2025/05/17 18:15:00,10.45,17.59,14.23,95.86,64.2,85.98,2.904289142977889,5189448.999095049,15072244.0,81.60414028735646,9.23,
2025/05/17 18:30:00,10.45,17.62,14.29,95.79,64.15,85.98,2.908806605537187,5182390.218072401,15075161.291666666,81.54247530834469,9.26,
2025/05/17 18:45:00,10.45,17.61,14.25,95.72,64.11,85.99,2.91038452137868,5180534.608378053,15077933.444444442,81.48100038546123,9.22,
2025/05/17 19:00:00,10.44,17.63,14.21,95.65,64.06,85.99,2.913760221455833,5161543.118900428,15040074.023333326,81.4291472669201,9.23,
2025/05/17 19:15:00,10.19,17.64,14.12,95.81,64.36,86.0,2.900311472485912,5192626.875732575,15060790.799999999,81.8144220847256,9.27,
2025/05/17 19:30:00,10.75,17.62,14.34,96.42,64.66,86.0,2.8885637863818365,5168387.077840706,14929803.068888893,81.80241086693741,9.26,
2025/05/17 19:45:00,10.89,17.64,14.39,96.57,64.96,86.01,2.8839488524276846,5108765.6788633065,14734002.463888895,81.7970029073404,9.22,
2025/05/17 20:00:00,11.19,17.61,14.57,96.53,65.27,86.02,2.897113906136762,5010396.010914389,14516306.902777776,81.4678915566003,9.27,
2025/05/17 20:15:00,11.4,17.64,14.68,96.49,65.57,86.02,2.89832017258479,4928194.878393266,14284112.547222225,81.22739276964947,9.12,
2025/05/17 20:30:00,11.31,17.62,14.61,96.45,65.87,86.03,2.9058917862840077,4838080.638756065,14059547.039999997,81.2800845284662,9.3,
2025/05/17 20:45:00,11.26,17.59,14.54,96.41,66.15,86.03,2.9058177779554457,4763542.561593294,13842577.637777772,81.29400377224157,9.29,
2025/05/17 21:00:00,11.15,17.58,14.5,96.37,66.04,86.04,2.9047974826002894,4786547.200223856,13904537.777777778,81.36665331207203,9.3,
2025/05/17 21:15:00,11.05,17.58,14.42,96.33,65.92,86.04,2.9018720413281405,4812559.153150155,13966005.142222224,81.42959150419593,9.26,
2025/05/17 21:30:00,10.94,17.59,14.36,96.29,65.81,86.05,2.9008534991750268,4835351.583352693,14027210.559999997,81.50219529508638,9.27,
2025/05/17 21:45:00,10.82,17.57,14.33,96.24,65.69,86.05,2.9004137882951824,4857096.4328432605,14088154.03111111,81.57576207383158,9.29,
2025/05/17 22:00:00,10.72,17.57,14.33,96.2,65.58,86.06,2.8961980772544886,4885118.157661451,14148835.555555558,81.63872648091748,9.22,
2025/05/17 22:15:00,10.65,17.57,14.27,96.16,65.46,86.06,2.897687898130309,4903460.059532514,14209255.13333334,81.6720154883653,9.26,
2025/05/17 22:30:00,10.58,17.56,14.24,96.12,65.35,86.07,2.8982752998706567,4978089.551343992,14428437.613333331,81.70534490284682,9.28,
2025/05/17 22:45:00,10.76,17.57,14.3,96.18,65.23,86.07,2.899228983877927,4975809.167674417,14426582.622222213,81.58193935049364,9.24,
2025/05/17 23:00:00,10.81,17.55,14.31,96.32,65.17,86.08,2.893736447256529,5042184.608128609,14591336.044999996,81.65594736753116,9.23,
2025/05/17 23:15:00,11.02,17.56,14.4,96.36,65.26,86.08,2.897752274288012,5027200.178186834,14568178.496666659,81.48540495772941,9.22,
2025/05/17 23:30:00,11.15,17.54,14.49,96.4,65.35,86.09,2.9020486024831276,5013986.881101451,14551453.620000005,81.39304022848225,9.27,
2025/05/17 23:45:00,11.09,17.53,14.42,96.45,65.44,86.09,2.8991977414647843,5000615.74090367,14498378.76666667,81.49562633989447,9.3,
2025/05/18 00:00:00,11.22,17.55,14.52,96.08,64.89,86.07,2.91527954487546,5093996.157955796,14851064.17666666,81.04376559072008,9.18,
2025/05/18 00:15:00,10.93,17.52,14.35,96.02,64.83,86.03,2.913675594688706,5102721.341226725,14868287.866666665,81.27481616875298,9.28,
2025/05/18 00:30:00,10.65,17.52,14.2,95.9,64.84,85.99,2.906811244735582,5101197.7354255505,14828800.79999999,81.443695576137,9.19,
2025/05/18 00:45:00,10.57,17.5,14.18,95.94,64.92,85.96,2.903800139988944,5078414.904153933,14747279.653333327,81.55708129527306,9.22,
2025/05/18 01:00:00,10.64,17.5,14.22,95.98,64.99,85.92,2.9023145260828684,5052940.764027905,14665804.48666667,81.52384924335892,9.18,
2025/05/18 01:15:00,10.6,17.49,14.21,96.02,65.07,85.89,2.900541635037032,5014205.523932171,14544487.650000004,81.59807500819116,9.21,
2025/05/18 01:30:00,10.62,17.48,14.21,96.06,65.14,85.85,2.8997154186364207,4979432.065806273,14439509.039999997,81.61362454574964,9.22,
2025/05/18 01:45:00,10.62,17.46,14.19,96.1,65.22,85.81,2.898713633518489,4950146.462071259,14349626.26777778,81.64871998618992,9.24,
2025/05/18 02:00:00,10.7,17.47,14.24,96.14,65.29,85.78,2.897075741241212,4926670.540505734,14273510.441666663,81.60568778233026,9.19,
2025/05/18 02:15:00,10.68,17.46,14.2,96.18,65.37,85.74,2.8959233018545203,4897645.035848129,14183767.931666657,81.66032258381898,9.22,
2025/05/18 02:30:00,10.69,17.44,14.19,96.22,65.44,85.71,2.895665712135344,4871840.137577412,14107782.614444442,81.68558574011587,9.25,
2025/05/18 02:45:00,10.72,17.43,14.21,96.26,65.52,85.67,2.892050632333563,4846866.622345095,14017946.40277778,81.69150835323293,9.19,
2025/05/18 03:00:00,10.6,17.41,14.16,96.3,65.59,85.63,2.8874547945693267,4826067.439363732,13935604.466666661,81.84407510002464,9.21,
2025/05/18 03:15:00,10.59,17.41,14.17,96.34,65.67,85.6,2.885726764126071,4801328.08783848,13855871.89555555,81.88896178908507,9.22,
2025/05/18 03:30:00,10.59,17.41,14.17,96.38,65.74,85.56,2.8838597003369846,4776882.172945293,13776405.218888892,81.92408165679771,9.22,
2025/05/18 03:45:00,10.59,17.39,14.15,96.42,65.82,85.53,2.8824337858595173,4751609.322562915,13696742.895000007,81.95916880204155,9.23,
2025/05/18 04:00:00,10.59,17.38,14.15,96.46,65.89,85.49,2.8805675675608504,4727124.7635635175,13617343.911111109,81.99427941896121,9.23,
2025/05/18 04:15:00,10.59,17.35,14.11,96.5,65.97,85.45,2.8791428772186762,4699408.921494999,13530805.835555557,82.0293580298671,9.24,
2025/05/18 04:30:00,10.57,17.35,14.07,96.53,66.04,85.42,2.877148239563065,4677511.634290648,13458420.543333331,82.07526947146278,9.24,
2025/05/18 04:45:00,10.53,17.33,14.06,96.57,66.12,85.38,2.8758341375040577,4649583.8022354115,13371955.849999994,82.14943312103591,9.28,
2025/05/18 05:00:00,10.9,17.32,14.19,96.54,66.19,85.35,2.8842875239594177,4610874.62303976,13299635.11555555,81.760971798692,9.19,
2025/05/18 05:15:00,10.67,17.3,14.09,96.37,66.27,85.31,2.886728966527218,4613735.598663846,13319138.99555556,81.83696756354063,9.22,
2025/05/18 05:30:00,10.5,17.28,14.03,96.2,66.34,85.27,2.8912679345680052,4618802.664614502,13354726.934999995,81.85399903391976,9.26,
2025/05/18 05:45:00,10.34,17.26,13.99,96.03,66.42,85.24,2.893033660904665,4686293.956249064,13558142.338888884,81.86127974253318,9.23,
2025/05/18 06:00:00,10.03,17.24,13.86,95.86,66.49,85.2,2.8918870093496105,4758862.064665573,13762617.605000004,82.01502430782463,9.24,
2025/05/18 06:15:00,9.85,17.23,13.77,95.74,66.57,85.17,2.896238151716358,4942778.08127064,14315998.400000004,82.08510575427997,9.35,
2025/05/18 06:30:00,10.16,17.23,13.91,96.31,66.51,85.13,2.87592960956295,5073686.270319441,14592127.80666666,82.28341693419722,9.26,
2025/05/18 06:45:00,9.79,17.19,13.74,95.53,66.39,85.09,2.9028090385256116,5106124.229023635,14822662.005555555,81.95888673398687,9.32,
2025/05/18 07:00:00,9.71,17.18,13.75,95.71,66.27,85.06,2.8917675712277453,5156400.318199983,14911673.015555559,82.19568663953217,9.31,
2025/05/18 07:15:00,9.33,17.17,13.54,95.37,66.16,85.02,2.9001050840441955,5288649.006490068,15338186.28222222,82.26700712589967,9.44,
2025/05/18 07:30:00,9.3,17.15,13.58,94.88,66.04,84.99,2.9194180080649277,5273829.470470607,15397078.1861111,81.86389325486444,9.39,
2025/05/18 07:45:00,9.74,17.14,13.73,94.11,65.92,84.71,2.9550776738606683,5161386.45779249,15252895.23999999,80.7546569774611,9.03,
2025/05/18 08:00:00,10.05,17.13,13.81,93.2,65.8,84.25,3.0048600471183473,4979385.437766602,14962973.575000001,79.64545843351222,8.96,
2025/05/18 08:15:00,10.05,17.11,13.74,93.08,65.69,83.79,3.0129459437595894,4867284.235522412,14665462.655555561,79.53857468999838,9.02,
2025/05/18 08:30:00,10.04,17.1,13.74,92.95,65.57,83.33,3.018736095909697,4762252.973698385,14376574.960000003,79.43282048638687,9.02,
2025/05/18 08:45:00,10.16,17.1,13.81,92.83,65.45,82.87,3.030766760346123,4660611.455042107,14125821.86888889,79.2087654347894,9.08,
2025/05/18 09:00:00,10.06,17.09,13.79,92.71,65.34,82.77,3.0322682558113256,4669387.435189307,14159430.926666658,79.19971733670371,9.06,
2025/05/18 09:15:00,9.84,17.1,13.73,92.58,65.22,82.83,3.030899113488341,4823496.504994389,14620133.11,79.29864009440868,9.06,
2025/05/18 09:30:00,9.53,17.1,13.58,92.54,65.1,82.88,3.022602761954206,4892452.5201639505,14788520.926666664,79.56524770891664,9.07,
2025/05/18 09:45:00,9.46,17.1,13.59,92.65,64.98,82.93,3.015488137018243,4960629.32878299,14959305.625,79.73137922429586,9.08,
2025/05/18 10:00:00,9.31,17.12,13.52,92.77,64.87,82.98,3.0066553313520967,5029416.173926296,15122296.713333333,79.98416430344389,9.13,
2025/05/18 10:15:00,9.45,17.11,13.56,92.88,64.75,83.03,3.0052294698204287,5066391.9822157845,15226257.957777778,79.94570065774029,9.1,
2025/05/18 10:30:00,9.53,17.13,13.65,93.0,64.63,83.09,2.9997610871115326,5125531.655090894,15375973.946666673,79.97476238021719,9.03,
2025/05/18 10:45:00,9.61,17.14,13.66,93.03,64.52,83.14,3.0032721879805386,5163840.135772152,15509027.294444447,79.92309821658752,9.09,
2025/05/18 11:00:00,9.44,17.16,13.6,92.45,64.46,83.19,3.02512776162017,5156749.202807592,15600431.35444445,79.57260815547608,9.11,
2025/05/18 11:15:00,8.98,17.19,13.38,91.92,64.4,83.24,3.0353524935242895,5169429.76462817,15691614.106666658,79.54770762516712,9.16,
2025/05/18 11:30:00,9.22,17.21,13.56,92.29,64.34,83.29,3.0250080342710994,5217312.971797077,15783011.780555556,79.64438617637316,9.11,
2025/05/18 11:45:00,9.18,17.23,13.49,92.51,64.28,83.35,3.0145449769991948,5265201.740630001,15872771.474999994,79.87928429590335,9.14,
2025/05/18 12:00:00,9.43,17.25,13.61,92.53,64.22,83.4,3.021435151687603,5273466.597731106,15934041.798888896,79.65356688345383,9.12,
2025/05/18 12:15:00,9.48,17.29,13.66,92.56,64.16,83.45,3.0196235469076576,5296804.906887045,15994964.718333337,79.63185261598666,9.06,
2025/05/18 12:30:00,9.61,17.32,13.71,92.58,64.1,83.5,3.024536184617793,5308152.696583065,16055314.97777778,79.52272008473058,9.1,
2025/05/18 12:45:00,9.59,17.34,13.76,92.61,64.04,83.55,3.0213836610827673,5333622.613236606,16115541.811111104,79.56907874117869,9.07,
2025/05/18 13:00:00,9.54,17.39,13.73,92.63,63.98,83.61,3.0201933628846627,5358209.064024964,16183437.667222226,79.63543143165148,9.11,
2025/05/18 13:15:00,9.61,17.44,13.77,92.65,63.92,83.66,3.0219950496771393,5374708.101568188,16242952.623333331,79.58493838634668,9.12,
2025/05/18 13:30:00,9.87,17.48,13.91,92.68,63.85,83.71,3.0294411249306354,5274430.099681448,15979196.016666658,79.35809040330383,9.12,
2025/05/18 13:45:00,9.88,17.51,13.97,92.7,63.79,83.76,3.0231775554803852,5299598.840373861,16022253.848333338,79.36687857086105,8.97,
2025/05/18 14:00:00,9.84,17.57,13.94,92.85,63.73,83.81,3.0212066315003727,5348631.825140612,16159936.662222225,79.53848244639974,9.14,
2025/05/18 14:15:00,9.99,17.58,14.1,93.01,63.67,83.87,3.0126497714218856,5412374.603137874,16306233.411111113,79.53513830492103,8.98,
2025/05/18 14:30:00,10.06,17.63,14.09,93.16,63.61,83.92,3.0099147787731746,5463484.196419022,16445259.746666668,79.5998239884961,9.03,
2025/05/18 14:45:00,10.54,17.67,14.28,94.28,66.95,83.97,2.982543206167719,4613448.052960901,13760357.966666661,80.12258918944858,9.27,
2025/05/18 15:00:00,10.79,17.72,14.43,93.2,65.09,83.94,3.036934852498155,4987337.527204857,15146859.902777774,78.92207777076985,9.14,
2025/05/18 15:15:00,10.74,17.74,14.41,93.19,64.54,83.91,3.0364948296443823,5100038.090340441,15486886.414999992,78.96196897843949,9.16,
2025/05/18 15:30:00,10.61,17.75,14.34,93.17,64.51,83.89,3.032252756777886,5122652.846255635,15533810.746666662,79.07125617524675,9.14,
2025/05/18 15:45:00,10.76,17.78,14.46,93.16,64.48,83.86,3.0354312325084294,5130181.270172721,15572964.806666661,78.91611413347663,9.08,
2025/05/18 16:00:00,10.79,17.79,14.45,93.15,64.46,83.83,3.0377360643966336,5136452.731143136,15603838.170555556,78.8778566145372,9.1,
2025/05/18 16:15:00,10.79,17.84,14.43,93.14,64.43,83.81,3.039412850207702,5150413.695072606,15654873.299999995,78.86886708835041,9.13,
2025/05/18 16:30:00,10.62,17.85,14.45,93.13,64.4,83.78,3.034494739289841,5178337.190435061,15714279.459999995,79.02598371585486,9.14,
2025/05/18 16:45:00,10.52,17.87,14.4,93.12,64.38,83.75,3.0327195868627808,5198202.496019694,15765321.556111116,79.11464110874441,9.17,
2025/05/18 17:00:00,10.37,17.9,14.41,93.1,64.35,83.72,3.0281894003683383,5202712.8843010245,15755425.638333336,79.24336860201112,9.16,
2025/05/18 17:15:00,10.32,17.91,14.35,93.09,64.32,83.7,3.026966494073176,5203789.206416272,15752308.403333342,79.28329800593849,9.16,
2025/05/18 17:30:00,10.35,17.95,14.41,93.08,64.3,83.67,3.0303050520997785,5193442.786865295,15738332.689444449,79.24494287136255,9.21,
2025/05/18 17:45:00,10.48,17.98,14.46,93.07,64.27,83.64,3.0333492926214993,5191713.902274706,15748903.328888891,79.1093363013331,9.16,
2025/05/18 18:00:00,10.54,17.99,14.51,93.06,64.24,83.62,3.032759017126064,5191322.187491796,15744657.610000007,79.04219311649942,9.08,
2025/05/18 18:15:00,10.31,18.01,14.39,93.05,64.22,83.59,3.0273851407342742,5217548.680713927,15796133.845555557,79.25765308868523,9.13,
2025/05/18 18:30:00,10.15,18.0,14.33,93.04,64.19,83.56,3.0242898012261707,5222594.3751911735,15795234.216666669,79.40473386593649,9.18,
2025/05/18 18:45:00,10.24,18.12,14.45,93.02,64.16,83.54,3.0300939550408668,5214983.930755863,15802488.606666673,79.29894105612989,9.23,
2025/05/18 19:00:00,10.13,18.08,14.4,93.01,64.14,83.51,3.0264532089906155,5184678.3531430485,15691776.894444447,79.3974427432367,9.22,
2025/05/18 19:15:00,10.31,17.99,14.43,93.0,64.11,83.48,3.0308701323342335,5158639.20982164,15635774.996111114,79.21311600284133,9.16,
2025/05/18 19:30:00,10.39,17.96,14.46,93.0,64.08,83.45,3.0301379366823813,5201148.948033169,15760823.41166667,79.13539817835742,9.07,
2025/05/18 19:45:00,10.29,17.94,14.4,92.99,64.06,83.43,3.028393484596852,5201399.745062842,15752501.844444448,79.22400117780526,9.1,
2025/05/18 20:00:00,10.13,17.94,14.29,92.98,64.03,83.4,3.0256932318588827,5203297.899746264,15744180.277222225,79.37102107259216,9.16,
2025/05/18 20:15:00,10.1,17.94,14.33,92.98,64.0,83.37,3.025761621085696,5200353.637693262,15735633.802777782,79.40017535513468,9.19,
2025/05/18 20:30:00,10.05,17.93,14.24,92.97,63.98,83.35,3.0259463284880526,5197290.541681726,15727312.235555552,79.43992177659159,9.23,
2025/05/18 20:45:00,10.08,17.9,14.26,92.97,63.95,83.32,3.0266170868294093,5193312.313320576,15718765.761111103,79.41068773238486,9.22,
2025/05/18 21:00:00,10.13,17.91,14.27,92.96,63.92,83.29,3.028079683315566,5188055.7129197875,15710444.19388889,79.35308838927773,9.2,
2025/05/18 21:15:00,10.19,17.92,14.29,92.96,63.9,83.27,3.030126361858376,5182027.221005405,15702797.34833333,79.29453743250525,9.2,
2025/05/18 21:30:00,10.18,17.88,14.3,92.95,63.87,83.24,3.027313034135862,5184908.934168051,15696949.76055555,79.29573459839315,9.12,
2025/05/18 21:45:00,10.16,17.86,14.26,92.95,63.84,83.21,3.0273818298418216,5182935.0164001575,15691327.079999993,79.31516801090268,9.14,
2025/05/18 22:00:00,10.14,17.88,14.29,92.94,63.82,83.19,3.027908677935305,5180101.43454349,15685479.492222222,79.3257153158484,9.16,
2025/05/18 22:15:00,10.17,17.88,14.33,92.94,63.79,83.16,3.0259250653711134,5181562.716193219,15679631.904444443,79.29678304991917,9.08,
2025/05/18 22:30:00,10.18,17.9,14.33,92.93,63.76,83.13,3.0278780646368904,5177998.686514825,15678957.182777774,79.27800379098363,9.11,
2025/05/18 22:45:00,10.21,17.88,14.29,92.93,63.74,83.11,3.0300222343047625,5176784.801050659,15686379.121111108,79.24859869645044,9.14,
2025/05/18 23:00:00,10.15,17.85,14.29,92.92,63.72,83.11,3.025808172442404,5191801.190352874,15710005.29388889,79.29857222874094,9.07,
2025/05/18 23:15:00,10.1,17.82,14.25,92.92,63.74,83.1,3.0252604309482964,5187159.625741535,15693117.04888888,79.34722983070006,9.1,
2025/05/18 23:30:00,10.07,17.83,14.19,92.91,63.75,83.1,3.0262050092114765,5165567.83670846,15632661.824999996,79.3674403125238,9.14,
2025/05/18 23:45:00,10.07,17.81,14.24,92.9,63.77,83.1,3.0255599479071207,5219926.832166577,15793813.829444436,79.35868182765671,9.11,
2025/05/19 00:00:00,10.11,17.8,14.24,93.2,64.2,84.35,3.012435800373348,5507472.840314526,16591549.180555547,79.58621778147979,9.1,
2025/05/19 00:15:00,9.57,17.79,14.02,94.77,64.31,85.1,2.932621077158338,5435973.418081535,15942208.589999992,81.50306789402202,9.38,
2025/05/19 00:30:00,9.2,17.79,13.91,97.12,64.04,86.82,2.823617569939945,5896061.667448753,16648757.937777767,83.93289333777817,9.59,
2025/05/19 00:45:00,8.29,17.83,13.75,97.62,63.58,88.54,2.777553635803698,6561302.273223295,18224911.466666672,85.26098090263096,9.65,
2025/05/19 01:00:00,8.07,17.77,13.6,98.06,63.12,90.25,2.7518299523890057,7191770.815870563,19791098.366111115,85.86148921608014,9.63,
2025/05/19 01:15:00,8.03,17.73,13.6,98.22,63.08,90.45,2.740391807374951,6958423.463574014,19069355.647222225,86.04085686768539,9.53,
2025/05/19 01:30:00,7.95,17.71,13.57,98.26,63.21,90.46,2.7364846949152386,6910405.662720973,18910761.222222213,86.15408542553602,9.53,
2025/05/19 01:45:00,8.04,17.71,13.56,98.29,63.35,90.47,2.738017121391575,6866229.404908476,18800391.57333333,86.09228822262796,9.54,
2025/05/19 02:00:00,8.04,17.69,13.59,98.33,63.49,90.49,2.736298185492964,6832807.609560961,18697139.999999993,86.12727446201657,9.54,
2025/05/19 02:15:00,8.02,17.66,13.55,98.36,63.62,90.5,2.734463959854209,6804606.378187193,18607487.36,86.17307219703939,9.54,
2025/05/19 02:30:00,8.03,17.66,13.56,98.39,63.76,90.51,2.7338068135900073,6775823.982012664,18524328.93055556,86.18950126868506,9.55,
2025/05/19 02:45:00,8.03,17.64,13.52,98.43,63.9,90.53,2.7320901876600816,6752156.96326139,18448031.62277778,86.22447682691691,9.55,
2025/05/19 03:00:00,8.16,17.65,13.55,98.46,64.04,90.54,2.7347032561699147,6715248.556819262,18364742.916666668,86.12351711682348,9.56,
2025/05/19 03:15:00,8.39,17.65,13.6,98.5,64.17,90.55,2.741423843441007,6670906.896996624,18288320.441111106,85.93333341072803,9.62,
2025/05/19 03:30:00,8.45,17.57,13.62,98.57,64.31,90.57,2.7400429906112196,6646351.4091857,18211836.65888888,85.93578194579707,9.62,
2025/05/19 03:45:00,8.61,17.54,13.69,98.65,64.45,90.58,2.7416835445971355,6611920.47417743,18128353.814999994,85.84903373594445,9.64,
2025/05/19 04:00:00,8.7,17.53,13.63,98.73,64.58,90.59,2.739573511015292,6589052.906443893,18051744.865,85.8308244277013,9.61,
2025/05/19 04:15:00,8.8,17.5,13.66,98.81,64.72,90.61,2.738059228323107,6564693.206023296,17975074.608333334,85.80277050613371,9.59,
2025/05/19 04:30:00,8.82,17.56,13.73,98.89,64.86,90.62,2.7373482445082993,6535830.149991397,17891397.62666667,85.8529088777845,9.65,
2025/05/19 04:45:00,9.03,17.47,13.67,98.97,64.99,90.63,2.7395761196388464,6502482.249681244,17814602.20222222,85.7170256138493,9.65,
2025/05/19 05:00:00,9.23,17.43,13.72,99.05,65.13,90.65,2.7418907792816962,6461717.65137293,17717892.328888893,85.59084463399081,9.66,
2025/05/19 05:15:00,9.31,17.43,13.72,99.05,65.27,90.66,2.7417504548895852,6470956.221988175,17742316.185,85.5125151349369,9.6,
2025/05/19 05:30:00,9.04,17.39,13.67,98.9,65.41,90.67,2.743294550533641,6430565.921094583,17641501.203333333,85.64617460609466,9.66,
2025/05/19 05:45:00,8.8,17.43,13.58,98.75,65.4,90.69,2.7447168318501687,6431129.384262577,17652175.52999999,85.75027545725182,9.7,
2025/05/19 06:00:00,8.59,17.34,13.49,98.6,65.31,90.7,2.744374000207971,6453605.876934269,17711656.349444445,85.82490302382044,9.67,
2025/05/19 06:15:00,8.53,17.32,13.46,98.45,65.21,90.71,2.7492073917524698,6466508.666244229,17778323.749999996,85.75257488754292,9.67,
2025/05/19 06:30:00,8.51,17.29,13.43,98.3,65.12,90.73,2.753737369218016,6481127.866846539,17847877.904999997,85.64109118831384,9.63,
2025/05/19 06:45:00,8.13,17.27,13.33,98.16,65.03,90.74,2.747835888996587,6527040.193935752,17935778.776666664,85.89042109905643,9.59,
2025/05/19 07:00:00,7.99,17.26,13.22,98.38,64.93,90.75,2.7362802196554488,6589338.013971262,18030804.57444444,86.2196773606175,9.64,
2025/05/19 07:15:00,7.9,17.23,13.19,98.55,64.84,90.56,2.725879917366902,6595545.180065791,17979188.77333333,86.45637272165052,9.62,
2025/05/19 07:30:00,7.68,17.23,13.19,98.14,64.75,90.13,2.736946499991118,6488715.068509813,17759787.54,86.31282829314176,9.61,
2025/05/19 07:45:00,7.74,17.2,13.15,97.52,64.65,89.7,2.758122678412394,6526111.434970394,18000349.675,85.71151015760798,9.41,
2025/05/19 08:00:00,8.14,17.18,13.25,96.81,64.56,89.27,2.801065653409675,6273072.145641096,17571836.974999994,84.69725070390568,9.44,
2025/05/19 08:15:00,8.28,17.23,13.31,96.62,64.46,88.84,2.8105384514242746,6053716.468381969,17014739.69555556,84.39375953573838,9.36,
2025/05/19 08:30:00,8.42,17.15,13.3,96.69,64.37,88.4,2.812979128044703,5965992.521652596,16782752.25,84.31837128134624,9.4,
2025/05/19 08:45:00,8.37,17.12,13.27,96.35,64.28,87.97,2.8256502260988894,5859584.107255137,16557671.441666666,84.06828146052197,9.38,
2025/05/19 09:00:00,9.21,17.16,13.47,95.91,64.18,86.83,2.8644709896731935,5522460.799864189,15819474.733333329,82.86083319702075,9.23,
2025/05/19 09:15:00,10.1,17.12,13.83,95.08,64.09,85.58,2.922547378977628,5108078.487383464,14929197.317222217,81.26003416225174,9.06,
2025/05/19 09:30:00,10.68,17.14,14.02,94.1,63.99,84.33,2.981784484826097,4713161.125852979,14054240.529999997,79.82780715429357,8.94,
2025/05/19 09:45:00,10.9,17.19,14.26,93.73,63.62,83.12,3.0030003622346584,4629223.721797997,13902209.750000004,79.28563561048506,8.86,
2025/05/19 10:00:00,10.88,17.15,14.1,93.62,63.03,82.37,3.0117882011726618,4497181.207023682,13545167.61888889,79.20731939150608,8.95,
2025/05/19 10:15:00,10.84,17.15,14.12,93.44,63.13,82.81,3.0204562161389474,4557736.170343089,13767069.653333332,79.08674889684406,8.98,
2025/05/19 10:30:00,11.1,17.19,14.3,93.99,63.23,83.23,2.9978429100301174,4649813.174699392,13940067.777777784,79.32011334588557,8.88,
2025/05/19 10:45:00,11.06,17.24,14.35,94.14,63.33,83.19,2.9916461926704256,4620277.573899822,13822886.586666668,79.49166669557314,8.93,
2025/05/19 11:00:00,11.11,17.22,14.27,93.75,63.43,83.14,3.012159800604365,4582038.031258672,13802473.905000001,79.0977058003992,8.93,
2025/05/19 11:15:00,11.23,17.24,14.42,94.05,63.53,83.09,3.000092694025755,4522905.935964755,13569794.55333333,79.24594358300114,8.9,
2025/05/19 11:30:00,11.03,17.26,14.28,93.8,63.63,83.04,3.0075732037586724,4521577.920871814,13599602.481666667,79.22014490129422,8.94,
2025/05/19 11:45:00,11.21,17.34,14.4,93.72,63.73,83.0,3.0169076713942786,4494872.793799824,13561251.794444447,78.9733661261765,8.93,
2025/05/19 12:00:00,11.24,17.33,14.38,93.76,63.83,82.95,3.0126407533832844,4414915.48866158,13301174.284444446,78.97976186993112,8.86,
2025/05/19 12:15:00,11.23,17.37,14.42,93.79,63.92,82.9,3.0132258587687692,4396656.92374121,13248738.042222226,79.01586578176143,8.91,
2025/05/19 12:30:00,11.37,17.41,14.53,93.83,64.02,82.86,3.01586755472534,4375122.104412716,13195419.820000002,78.91434606966192,8.91,
2025/05/19 12:45:00,11.38,17.45,14.64,93.86,64.12,82.81,3.0147260768813955,4356538.663774602,13134414.113333331,78.93111063853752,8.91,
2025/05/19 13:00:00,11.35,17.54,14.66,93.9,64.22,82.76,3.0122670517202277,4294808.247413857,12937727.000000004,78.99580115682718,8.92,
2025/05/19 13:15:00,11.28,17.52,14.53,93.77,64.23,82.72,3.0186302801656226,4281884.378986474,12926022.071111104,78.94900845423913,8.97,
2025/05/19 13:30:00,11.33,17.58,14.59,93.64,64.25,82.67,3.026618188995756,4261975.891234118,12899971.149999999,78.78501867877598,8.97,
2025/05/19 13:45:00,11.38,17.64,14.66,93.51,64.27,82.62,3.0359853777485544,4240257.044607474,12873959.35833334,78.62086422360989,9.0,
2025/05/19 14:00:00,11.41,17.69,14.69,93.38,64.29,82.58,3.044232947514888,4222406.6583114145,12854587.961111106,78.47626321387739,9.02,
2025/05/19 14:15:00,11.31,17.78,14.7,93.25,64.31,82.53,3.048492233126961,4321396.203360506,13174341.47333333,78.45865885054843,9.05,
2025/05/19 14:30:00,11.21,17.77,14.57,93.2,64.33,82.48,3.049629350300864,4467656.180000301,13625291.71666667,78.51186782532719,9.1,
2025/05/19 14:45:00,11.0,17.81,14.54,93.19,64.35,82.44,3.043361533983942,4624522.672159205,14074695.36,78.70816279251261,9.11,
2025/05/19 15:00:00,10.89,17.86,14.51,93.18,64.37,82.39,3.041300291181973,4633626.479720008,14092836.327777773,78.80664668539548,9.14,
2025/05/19 15:15:00,10.87,17.91,14.52,93.18,64.39,82.34,3.0414080180525565,4629581.630172059,14081026.086111113,78.82611321737505,9.16,
2025/05/19 15:30:00,10.86,17.94,14.56,93.17,64.41,82.3,3.0419349906716175,4627373.179877959,14076749.481666666,78.82697301168419,9.17,
2025/05/19 15:45:00,10.87,17.99,14.61,93.16,64.43,82.25,3.043143535867745,4621442.37730792,14064293.429999994,78.80829647366784,9.18,
2025/05/19 16:00:00,10.89,18.03,14.62,93.16,64.45,82.2,3.0442161695492813,4616561.822816903,14054387.875,78.7887265004076,9.19,
2025/05/19 16:15:00,10.92,18.08,14.68,93.15,64.47,82.15,3.0461081304399444,4612750.594371387,14051514.937777782,78.75051436999622,9.2,
2025/05/19 16:30:00,10.98,18.11,14.75,93.14,64.49,82.11,3.0478714542816636,4611550.541537065,14055998.684444446,78.68309271949518,9.18,
2025/05/19 16:45:00,10.94,18.14,14.72,93.13,64.5,82.06,3.045408919798534,4629559.523971356,14099478.115555558,78.71343199592275,9.14,
2025/05/19 17:00:00,10.88,18.19,14.74,93.13,64.52,82.01,3.044923411956042,4643986.7123486,14141156.66333334,78.77190417428608,9.18,
2025/05/19 17:15:00,10.78,18.2,14.69,93.12,64.54,81.97,3.0431195578978425,4705749.870116845,14320729.114999995,78.86060154322169,9.21,
2025/05/19 17:30:00,10.84,18.25,14.77,93.11,64.56,81.92,3.0467828843367846,4626437.477008542,14096317.106666666,78.7930288286062,9.24,
2025/05/19 17:45:00,10.89,18.27,14.77,93.11,64.58,81.87,3.0492505286191784,4581143.759523552,13969613.991666669,78.74413283457311,9.26,
2025/05/19 18:00:00,10.94,18.31,14.82,93.1,64.6,81.83,3.051083348983815,4563093.23102477,13922936.976666668,78.68644836098383,9.25,
2025/05/19 23:15:00,11.03,18.35,15.31,93.38,63.83,81.14,3.028807321227949,4633896.3108174205,14035819.27,78.84796562690613,8.96,
2025/05/19 23:30:00,11.22,18.33,14.91,93.13,63.79,81.87,3.0585691674373554,4828228.221795867,14768077.47555556,78.43957962753015,9.23,
2025/05/19 23:45:00,10.95,18.32,14.84,92.88,63.75,82.61,3.0589342338263084,5058048.192954671,15472862.39888889,78.48159745639445,9.17,
2025/05/20 00:00:00,10.64,18.31,14.69,92.76,64.63,82.15,3.058280718076245,4651463.415674314,14226033.653333338,78.67727086361155,9.29,
2025/05/20 00:15:00,10.85,18.3,14.83,92.98,64.63,82.5,3.0518299309649426,4752707.865641343,14505042.267222224,78.66797402444942,9.2,
2025/05/20 00:30:00,10.96,18.28,14.83,93.19,64.63,82.85,3.043212596699317,4857916.414576784,14784270.795555554,78.74713481623448,9.14,
2025/05/20 00:45:00,10.92,18.27,14.8,93.27,64.63,83.06,3.039984121712635,4917579.240338953,14949963.441111114,78.85701522906506,9.19,
2025/05/20 01:00:00,10.93,18.26,14.78,93.35,64.63,83.24,3.0372777496132435,4968396.903062416,15091005.117222222,78.91813487165348,9.21,
2025/05/20 01:15:00,10.93,18.25,14.77,93.43,64.63,83.42,3.034230239036753,5019909.21596593,15232168.826111114,78.98900696315525,9.23,
2025/05/20 01:30:00,11.04,18.22,14.77,93.51,64.63,83.59,3.0345392811552623,5063140.007660912,15364916.453333339,78.95240059465706,9.24,
2025/05/20 01:45:00,11.12,18.2,14.79,93.59,64.63,83.77,3.0322471657601486,5113383.612868469,15505674.47,78.94518582169957,9.21,
2025/05/20 02:00:00,11.12,18.18,14.8,93.67,64.63,83.95,3.0284105683776263,5234599.147670258,15853165.533333337,79.01604743619907,9.21,
2025/05/20 02:15:00,10.24,18.18,14.51,94.55,64.63,84.29,2.9664051033350862,5361981.457827546,15906391.56333334,80.6540000124776,9.44,
2025/05/20 02:30:00,8.49,18.15,14.05,95.96,64.63,85.93,2.8546557464976576,6040005.958201954,17242670.68333334,83.60695592621359,9.64,
2025/05/20 02:45:00,8.33,18.14,13.99,96.11,64.64,87.57,2.8442103563575287,6529662.428069197,18572297.449444436,83.89523323580765,9.67,
2025/05/20 03:00:00,8.21,18.12,13.97,96.12,64.64,87.71,2.8401461989737307,6582514.621338548,18695870.324999996,84.0211824890853,9.67,
2025/05/20 03:15:00,8.37,18.11,13.96,96.14,64.64,87.64,2.8441334886772114,6558692.948760556,18654364.666666664,83.88260312813372,9.67,
2025/05/20 03:30:00,8.49,18.09,13.98,96.15,64.64,87.57,2.847044298473076,6555048.390665326,18663086.236666657,83.77426225492077,9.66,
2025/05/20 03:45:00,8.46,18.05,13.96,96.16,64.64,87.49,2.845702402804756,6558285.932045928,18663505.51388888,83.81236054351692,9.66,
2025/05/20 04:00:00,8.51,18.03,13.97,96.18,64.64,87.42,2.8457496149197214,6560948.9493510965,18671397.934444446,83.78118521257879,9.64,
2025/05/20 04:15:00,8.51,18.02,13.95,96.19,64.64,87.35,2.844705144031688,6460138.510784356,18377758.391666662,83.79003065783239,9.62,
2025/05/20 04:30:00,8.41,17.97,13.9,96.19,64.64,87.27,2.841071933731003,6448203.684985494,18320376.744999997,83.8877258880253,9.6,
2025/05/20 04:45:00,8.25,17.95,13.82,96.11,64.64,87.2,2.8403080946403527,6453506.153379182,18330503.84,83.97344042246141,9.62,
2025/05/20 05:00:00,8.08,17.92,13.78,96.02,64.65,87.13,2.839622109369185,6443297.383678511,18297085.20444443,84.06002779120392,9.64,
2025/05/20 05:15:00,7.89,17.9,13.71,95.94,64.65,87.06,2.835257273791477,6428536.398149741,18227100.044999998,84.17510362706376,9.57,
2025/05/20 05:30:00,7.73,17.87,13.67,95.85,64.65,86.98,2.8331003904844616,6405797.727753244,18148809.225555554,84.25195680412783,9.53,
2025/05/20 05:45:00,7.4,17.84,13.58,95.77,64.63,86.91,2.8254384742568193,6404211.9956518,18095236.72,84.503349943563,9.49,
2025/05/20 06:00:00,7.07,17.8,13.52,95.63,64.61,86.84,2.821494242460339,6394199.722023702,18041722.27,84.70141320995981,9.49,
2025/05/20 06:15:00,8.54,17.77,13.76,95.25,64.58,86.76,2.8827901201808768,6239680.343462549,17988265.87555556,82.93223862842618,9.5,
2025/05/20 06:30:00,9.97,17.75,14.2,94.28,64.56,84.63,2.9585802506991254,5497489.479807604,16265376.929999992,80.68002747631257,9.13,
2025/05/20 06:45:00,10.34,17.72,14.31,93.21,64.54,83.39,3.016076148013367,5061241.362657845,15265706.011111105,79.37096957374021,9.01,
2025/05/20 07:00:00,10.35,17.67,14.24,92.97,64.51,83.34,3.0294169960155206,5037864.255724382,15262408.571666664,79.14788442006497,9.05,
2025/05/20 07:15:00,10.35,17.65,14.21,93.06,64.49,83.3,3.028642724398368,5044328.693121364,15278084.965000002,79.2274476537925,9.14,
2025/05/20 07:30:00,10.35,17.64,14.21,93.15,64.47,83.25,3.024772043822939,5053252.797343146,15285554.276666665,79.30733125008098,9.15,
2025/05/20 07:45:00,10.39,17.6,14.17,93.25,64.44,83.21,3.0206349274229103,5068013.356346192,15309234.324999996,79.35712984934308,9.13,
2025/05/20 08:00:00,10.51,17.59,14.19,93.34,64.42,83.17,3.0200203689258753,5074094.104203735,15324489.583333332,79.31984983008236,9.12,
2025/05/20 08:15:00,10.53,17.57,14.21,93.44,64.4,83.12,3.0139383958906425,5086725.442704939,15331704.959999997,79.38921984637486,9.07,
2025/05/20 08:30:00,10.63,17.56,14.24,93.53,64.37,83.08,3.0154209850393383,5099804.35604974,15378694.89444444,79.37109493880018,9.13,
2025/05/20 08:45:00,10.68,17.55,14.24,93.59,64.35,83.04,3.0130246354615955,5064338.057219518,15259609.365000008,79.3755432800773,9.1,
2025/05/20 09:00:00,10.75,17.55,14.26,93.53,64.33,82.99,3.020239518221125,5012350.357547829,15139133.753333328,79.25378558577432,9.15,
2025/05/20 09:15:00,10.6,17.61,14.27,93.48,64.3,82.95,3.0179744884213675,5035956.7627794,15199016.433333337,79.35596075656233,9.16,
2025/05/20 09:30:00,10.42,17.58,14.18,93.43,64.28,82.9,3.013525876283889,5015051.686057278,15113599.52666667,79.4875015281706,9.14,
2025/05/20 09:45:00,10.32,17.61,14.19,93.37,64.26,82.86,3.0133909946133723,5006952.072890683,15088511.16666666,79.5318865739855,9.15,
2025/05/20 10:00:00,10.34,17.6,14.19,93.32,64.24,82.82,3.0164173615369214,4993545.573353304,15063226.114444442,79.4679929927689,9.15,
2025/05/20 10:15:00,10.34,17.57,14.17,93.27,64.21,82.77,3.0187736611846048,4981349.29182912,15038176.071111113,79.42362024109289,9.15,
2025/05/20 10:30:00,10.34,17.58,14.17,93.22,64.19,82.73,3.0211313948787812,4969105.909523906,15012929.800000004,79.37923969774849,9.15,
2025/05/20 10:45:00,10.34,17.59,14.19,93.16,64.17,82.69,3.0239608394363264,4955331.421530737,14985337.619999994,79.3259727517084,9.15,
2025/05/20 11:00:00,10.33,17.6,14.19,93.11,64.14,82.64,3.025981310774516,4929568.150368448,14917386.61111111,79.29133717495829,9.15,
2025/05/20 11:15:00,10.37,17.62,14.21,93.06,64.12,82.6,3.0285573194749342,4974248.266877531,15065408.306666657,79.20800476508538,9.12,
2025/05/20 11:30:00,10.24,17.66,14.21,93.0,64.1,82.55,3.0258411786801958,4986704.285641889,15089580.55,79.28173312482535,9.09,
2025/05/20 11:45:00,10.3,17.68,14.25,93.03,64.07,82.51,3.028361685816873,4979427.670244877,15080117.262222229,79.24960794758228,9.14,
2025/05/20 12:00:00,10.45,17.75,14.32,93.06,64.05,82.47,3.028115258160225,4971747.950970899,15055634.073333334,79.13024448218628,9.04,
2025/05/20 12:15:00,10.47,17.81,14.37,93.1,64.03,82.42,3.030439362752201,4957166.850609398,15022999.42,79.14585638522547,9.13,
2025/05/20 12:30:00,10.59,17.85,14.48,93.13,64.0,82.38,3.035383149835604,4943725.585471609,15006720.642222218,79.05509544983155,9.19,
2025/05/20 12:45:00,10.69,17.86,14.44,93.16,63.98,82.34,3.0388775931223124,4886512.677306987,14850118.800000004,78.98393677779569,9.23,
2025/05/20 13:00:00,10.83,17.85,14.53,93.2,63.96,82.29,3.0379005254726787,4924226.542543713,14959937.850000005,78.88304172091703,9.13,
2025/05/20 13:15:00,10.57,17.9,14.43,92.79,63.91,82.25,3.0478227025309024,4911789.62538626,14970867.621111114,78.77290605766592,9.11,
2025/05/20 13:30:00,10.49,17.92,14.48,92.66,63.75,82.2,3.05239419175186,4924092.1015550615,15030882.900000002,78.7352957100659,9.14,
2025/05/20 13:45:00,10.43,17.99,14.42,92.75,63.59,82.16,3.0475346193618957,4943583.082490815,15066331.04166666,78.87372820564116,9.18,
2025/05/20 14:00:00,10.47,18.03,14.57,92.84,63.42,82.12,3.042396150431468,4980312.9768289495,15152696.227777777,78.91492438657261,9.12,
2025/05/20 14:15:00,10.51,18.06,14.55,92.93,63.26,82.07,3.0417583971907285,5004415.675630707,15222828.499999994,78.95561836723645,9.18,
2025/05/20 14:30:00,10.38,18.12,14.54,92.18,62.91,82.03,3.068447037527573,5036281.557211719,15454173.386666669,78.41571922792383,9.06,
2025/05/20 14:45:00,9.08,18.12,14.1,91.96,62.0,82.75,3.0391405450632902,5513129.585494105,16755756.416666664,79.48571220544862,9.23,
2025/05/20 15:00:00,10.28,18.15,14.58,93.65,64.43,83.48,2.9957245926657645,5132645.946651815,15376581.091666663,79.81958890711061,9.07,
2025/05/20 15:15:00,11.04,18.2,14.79,93.59,64.43,83.91,3.0246404778728397,5146341.968280152,15566465.835555546,79.02377886777899,9.09,
2025/05/20 15:30:00,11.06,18.23,14.76,93.6,64.43,83.9,3.025251978881807,5137732.153830546,15543554.326666664,79.01305285976457,9.1,
2025/05/20 15:45:00,11.16,18.28,14.9,93.6,64.43,83.9,3.0347011350221162,5128134.617562187,15562996.203333333,78.91483366262597,9.25,
2025/05/20 16:00:00,11.6,18.33,15.12,93.57,64.42,83.89,3.0515769285529513,5107392.277308578,15586281.241666665,78.45806920142954,9.26,
2025/05/20 16:15:00,11.69,18.36,15.14,93.51,64.42,83.89,3.054309885247445,5159886.625000926,15760579.926666666,78.31712258189322,9.18,
2025/05/20 16:30:00,11.6,18.37,15.07,93.48,64.42,83.88,3.0551463076554626,5116929.689508215,15633634.25555555,78.3784035855397,9.24,
2025/05/20 16:45:00,11.5,18.39,15.05,93.46,64.42,83.88,3.052277512041152,5132401.436123372,15666171.375555547,78.45848595024074,9.23,
2025/05/20 17:00:00,11.43,18.4,15.07,93.44,64.42,83.87,3.050441214311355,5143586.040121235,15690867.16388889,78.50922746766065,9.22,
2025/05/20 17:15:00,11.36,18.44,15.09,93.42,64.42,83.87,3.0525083139479112,5150831.173895946,15723613.4,78.55970782254123,9.31,
2025/05/20 17:30:00,11.29,18.45,15.09,93.4,64.42,83.86,3.049526961510417,5163875.130329814,15748032.959999995,78.61049800971207,9.27,
2025/05/20 17:45:00,11.25,18.49,15.06,93.37,64.42,83.86,3.048043356031172,5177130.544229661,15780762.359999998,78.62310755388506,9.23,
2025/05/20 18:00:00,11.21,18.49,15.05,93.35,64.42,83.85,3.0472416305362593,5186934.368922502,15806485.267222214,78.6444989803426,9.22,
2025/05/20 18:15:00,11.2,18.53,15.06,93.33,64.42,83.85,3.0501754256527174,5195038.0046400195,15846417.155555548,78.63637636008808,9.28,
2025/05/20 18:30:00,11.34,18.52,15.12,93.31,64.41,83.84,3.052841517299496,5203502.306457279,15886123.440000003,78.4820361252579,9.2,
2025/05/20 18:45:00,11.45,18.56,15.15,93.29,64.41,83.84,3.061895023783725,5201157.133165044,15926055.328333337,78.356504640007,9.31,
2025/05/20 19:00:00,11.43,18.55,15.15,93.26,64.41,83.83,3.0599502080576966,5195594.133928778,15898917.723333333,78.34962473712818,9.24,
2025/05/20 19:15:00,11.38,18.56,15.12,93.24,64.41,83.82,3.0595782102880675,5172707.452497141,15826950.66333333,78.38073495069813,9.25,
2025/05/20 19:30:00,11.36,18.57,15.14,93.22,64.41,83.82,3.0586788103391753,5200457.9132875,15907182.976666661,78.38262723513164,9.22,
2025/05/20 19:45:00,11.3,18.57,15.13,93.2,64.41,83.81,3.0587378163745678,5214616.256577933,15950796.400000004,78.42344578849504,9.25,
2025/05/20 20:00:00,11.26,18.59,15.1,93.18,64.41,83.81,3.0605826584459286,5267114.415591838,16121089.600000005,78.44464250561963,9.31,
2025/05/20 20:15:00,11.31,18.58,15.14,93.15,64.41,83.8,3.0622616611704663,5159026.160382459,15798935.374444446,78.36926929830958,9.27,
2025/05/20 20:30:00,11.25,18.56,15.08,93.13,64.41,83.8,3.0622652232894665,5163948.269198312,15814019.717222221,78.41008064169495,9.3,
2025/05/20 20:45:00,11.25,18.55,15.09,93.11,64.41,83.79,3.063225905593231,5164513.22625112,15820715.496666672,78.39233548837484,9.3,
2025/05/20 21:00:00,11.28,18.56,15.14,93.09,64.4,83.79,3.0633482760686612,5171893.137523136,15843963.26333333,78.34540452199636,9.25,
2025/05/20 21:15:00,11.27,18.56,15.13,93.07,64.4,83.78,3.0647242908259473,5171016.970915025,15848393.366666662,78.33737559188687,9.27,
2025/05/20 21:30:00,11.26,18.57,15.13,93.04,64.4,83.78,3.0661965880159565,5161342.697041199,15826341.079999996,78.32049729882708,9.28,
2025/05/20 21:45:00,11.24,18.58,15.15,93.02,64.4,83.77,3.0672026814059694,5149800.910952305,15796133.845555546,78.3222370407728,9.3,
2025/05/20 22:00:00,11.11,18.57,15.1,93.0,64.4,83.77,3.0621419977522835,5178291.710324017,15857308.609999992,78.43159194779845,9.26,
2025/05/20 22:15:00,11.37,18.55,15.13,93.67,64.4,83.74,3.0404495620343805,5241796.284667527,15938067.138888879,78.77141642359351,9.3,
2025/05/20 22:30:00,11.48,18.57,15.24,93.48,64.4,83.57,3.049814829174254,5134219.415666001,15659077.334999988,78.49581251458433,9.21,
2025/05/20 22:45:00,11.19,18.55,15.06,93.23,64.4,83.41,3.053106187099962,5077935.873964438,15504100.8161111,78.55757573916816,9.24,
2025/05/20 23:00:00,11.06,18.53,15.02,93.14,64.52,83.24,3.0562687550422076,4987403.818408662,15243456.799999997,78.60451131336879,9.33,
2025/05/20 23:15:00,11.41,18.53,15.21,93.23,64.65,83.08,3.0603141323691494,4912379.670697372,15034062.602777772,78.34259845963939,9.23,
2025/05/20 23:30:00,11.54,18.51,15.18,93.32,64.78,82.91,3.0612421144946707,4848899.701357833,14844283.98444444,78.29526238101263,9.25,
2025/05/20 23:45:00,11.6,18.49,15.16,93.41,64.92,82.75,3.059741458385167,4788594.330642244,14652480.039999997,78.31631474668907,9.27,
2025/05/21 00:00:00,11.61,18.48,15.23,93.5,64.57,83.91,3.056897651608909,5218133.408963498,15951989.79,78.38620382030372,9.3,
2025/05/21 00:15:00,11.51,18.46,15.11,93.52,64.61,83.93,3.0520924489176853,5138782.592330085,15684696.20666667,78.50171699361333,9.29,
2025/05/21 00:30:00,11.51,18.45,15.1,93.54,64.64,83.95,3.0519030173806687,5159949.664716149,15748325.211666666,78.51938857519035,9.31,
2025/05/21 00:45:00,11.46,18.42,15.12,93.57,64.68,83.97,3.046777033704269,5153865.572719598,15703344.928333325,78.59496060016968,9.26,
2025/05/21 01:00:00,11.33,18.41,14.98,93.59,64.71,83.99,3.040181232200884,5164808.340698379,15702591.715555554,78.73984955316489,9.23,
2025/05/21 01:15:00,11.46,18.39,15.09,93.63,64.75,84.01,3.0410439157254485,5160331.760810279,15693458.880000003,78.64828045106876,9.19,
2025/05/21 01:30:00,11.51,18.37,15.07,93.69,64.78,84.03,3.0450520470941047,5154386.298716241,15696039.333333332,78.65219470970025,9.32,
2025/05/21 01:45:00,11.56,18.36,15.08,93.74,64.82,84.05,3.0407562898760157,5160709.987140829,15693128.66,78.64776431861588,9.23,
2025/05/21 02:00:00,11.55,18.32,15.06,93.8,64.85,84.07,3.0383253491770765,5166558.950055467,15698357.839999996,78.71059441670856,9.25,
2025/05/21 02:15:00,11.54,18.29,15.04,93.86,64.89,84.09,3.0358932976051705,5167960.382598062,15690048.0,78.77341662173771,9.27,
2025/05/21 02:30:00,11.68,18.27,15.05,93.92,64.92,84.11,3.0373321822937522,5164066.619852029,15685663.992777774,78.68957555420229,9.26,
2025/05/21 02:45:00,11.64,18.25,15.05,93.97,64.96,84.13,3.0351769157367046,5163519.89546936,15672877.605,78.77283739338917,9.3,
2025/05/21 03:00:00,11.59,18.22,14.98,94.03,64.99,84.15,3.0277215119499936,5174713.454909139,15668261.375555564,78.87496024940592,9.23,
2025/05/21 03:15:00,11.55,18.2,14.95,94.09,65.03,84.17,3.025125540449971,5170883.858081568,15643238.966666665,78.96704109828967,9.27,
2025/05/21 03:30:00,11.5,18.17,14.96,94.15,65.06,84.19,3.016792281505968,5179511.446594249,15626181.083333327,79.06921651233682,9.18,
2025/05/21 03:45:00,11.56,18.16,14.94,94.2,65.1,84.21,3.018909816608083,5136291.80527088,15506666.174999999,79.05455057531799,9.24,
2025/05/21 04:00:00,11.66,18.13,15.03,94.26,65.13,84.23,3.015903802461992,5183934.194512276,15634941.666666675,79.00992356056193,9.16,
2025/05/21 04:15:00,10.19,18.11,14.39,94.86,65.17,84.81,2.9546328086032974,5459682.022928698,16131934.842222221,80.97645996515644,9.56,
2025/05/21 04:30:00,8.79,18.09,14.1,96.08,65.2,87.3,2.8607165613772563,6347400.421349129,18158692.138888884,83.4195754844155,9.71,
2025/05/21 04:45:00,8.41,18.06,13.95,96.01,65.24,87.26,2.8506510170681953,6348824.507144663,18098839.880000006,83.72906729934968,9.66,
2025/05/21 05:00:00,8.09,18.04,13.87,95.95,65.27,87.16,2.8423370060927162,6313801.494754359,17946493.39388889,83.98862459420664,9.62,
2025/05/21 05:15:00,8.11,18.02,13.85,95.88,65.22,87.06,2.8456487981427494,6272443.772067897,17849711.880000003,83.90742585842436,9.61,
2025/05/21 05:30:00,8.06,18.06,13.88,95.82,65.18,86.96,2.846408957015494,6278595.258166027,17871989.18999999,83.90333730208641,9.6,
2025/05/21 05:45:00,7.88,17.96,13.77,95.75,65.14,86.86,2.8439348666305437,6291841.609854242,17894125.77333333,84.01720247648723,9.6,
2025/05/21 06:00:00,7.78,17.91,13.74,95.69,65.09,86.77,2.8428822790677755,6307636.981113619,17932410.85777777,84.06185989241621,9.58,
2025/05/21 06:15:00,7.74,17.91,13.72,95.62,65.05,86.67,2.8440738815518665,6250475.571413934,17777348.88111111,84.03915128497171,9.56,
2025/05/21 06:30:00,9.64,17.88,14.21,94.67,65.01,85.67,2.938341375092825,5753274.518818333,16905694.642222222,81.346421090808,9.35,
2025/05/21 06:45:00,10.14,17.87,14.36,93.32,64.96,83.46,3.0070211729821668,5033232.836790156,15135629.055555556,79.6635506690569,9.08,
2025/05/21 07:00:00,10.13,17.86,14.31,93.05,64.92,82.99,3.020158073207304,4894027.1029439,14781310.194444438,79.43347211716366,9.1,
2025/05/21 07:15:00,10.15,17.85,14.28,93.0,64.88,83.07,3.0268851672294796,4914671.986952078,14876724.84833333,79.36911630743154,9.2,
2025/05/21 07:30:00,10.21,17.84,14.31,92.94,64.83,83.15,3.0310214630678014,4942196.636427942,14980493.000000006,79.25732397233602,9.18,
2025/05/21 07:45:00,10.23,17.82,14.29,92.88,64.79,83.22,3.035605297524558,4944696.19165249,15010737.389999991,79.18436497650795,9.21,
2025/05/21 08:00:00,10.33,17.83,14.35,92.83,64.75,83.3,3.0377032472726317,5005640.71803844,15206259.444444442,79.04272821329896,9.11,
2025/05/21 08:15:00,10.36,17.82,14.34,92.84,64.71,83.38,3.0397591663511094,5023489.9449065225,15270811.184444444,79.02217233165346,9.15,
2025/05/21 08:30:00,10.18,17.83,14.25,92.91,64.66,83.46,3.032486030317817,5081980.311759489,15411632.133333331,79.2598216918854,9.21,
2025/05/21 08:45:00,10.54,17.83,14.43,92.98,64.62,83.54,3.0385167080255684,5115607.070520179,15544494.362222223,78.9709386884098,9.13,
2025/05/21 09:00:00,10.6,17.86,14.45,93.06,64.58,83.61,3.0397935735215174,5190724.790857365,15779376.80611111,78.983110275359,9.21,
2025/05/21 09:15:00,10.69,17.87,14.48,93.13,64.55,83.69,3.0387997748362174,5180166.033432066,15742134.28333333,78.95744205776703,9.19,
2025/05/21 09:30:00,10.77,17.86,14.52,93.2,64.53,83.77,3.0378149354742394,5213842.596512283,15839349.23999999,78.94147083322876,9.18,
2025/05/21 09:45:00,10.85,17.85,14.44,94.01,64.5,84.03,3.0007199318060906,4633325.377533448,13903869.209999997,79.58114355102774,9.15,
2025/05/21 10:00:00,8.72,17.86,13.9,97.54,64.48,88.32,2.7926491244327782,5900066.7658224795,16477325.919999987,84.77047159799426,9.63,
2025/05/21 10:15:00,8.07,17.86,13.71,98.04,64.45,90.04,2.7536876760125946,6425916.474746422,17695477.891666666,85.84392341782655,9.66,
2025/05/21 10:30:00,7.99,17.86,13.68,98.2,64.43,89.86,2.74463462560241,6417561.936795648,17614364.991666663,86.06217827068964,9.66,
2025/05/21 10:45:00,9.25,17.85,14.0,97.65,64.41,89.57,2.7994457084802513,6209954.952113574,17384986.911111105,84.34848206189389,9.53,
2025/05/21 11:00:00,11.13,17.84,14.74,95.98,64.38,85.55,2.9163638691349676,5103777.875562935,14885102.148888886,81.04412469491359,9.16,
2025/05/21 11:15:00,11.7,17.84,14.97,94.81,64.36,84.05,2.980553922424617,4595320.9769129,13697247.862222219,79.45684769138687,8.95,
2025/05/21 11:30:00,11.59,17.82,14.89,94.21,64.33,84.0,3.0068674536895696,4544633.080089724,13665748.891666666,79.03491531375667,8.96,
2025/05/21 11:45:00,11.67,17.85,14.97,94.11,64.31,83.95,3.013902660964266,4535125.128324799,13669078.84222222,78.86829814303191,8.95,
2025/05/21 12:00:00,11.76,17.84,15.0,94.12,64.29,83.9,3.0158741265606994,4533236.87108558,13672334.94611111,78.78909697031473,8.94,
2025/05/21 12:15:00,11.8,17.84,15.02,94.13,64.26,83.85,3.018622676697696,4534208.211328846,13687733.253333326,78.75863453259605,8.98,
2025/05/21 12:30:00,11.75,17.83,15.05,94.15,64.24,83.8,3.0164701007978922,4541634.82482398,13700384.72,78.82520564741668,8.99,
2025/05/21 12:45:00,11.76,17.85,15.02,94.16,64.21,83.75,3.0177276501651744,4539088.69466958,13698400.84555556,78.82414860083047,9.02,
2025/05/21 13:00:00,11.77,17.86,15.01,94.17,64.19,83.7,3.0194290884611883,4533243.354134629,13688469.630000005,78.82306366094404,9.06,
2025/05/21 13:15:00,11.79,17.86,15.03,94.18,64.16,83.65,3.0172627066942477,4511746.914671,13613788.821111117,78.81249362818593,9.01,
2025/05/21 13:30:00,11.82,17.92,15.08,94.2,64.14,83.6,3.0158357508202926,4526937.777491324,13653163.027777772,78.80090722286468,8.98,
2025/05/21 13:45:00,11.48,17.96,14.92,94.18,64.12,83.55,3.0133780287483583,4831725.68410038,14560474.98888888,79.11538304436517,9.15,
2025/05/21 14:00:00,11.44,17.98,14.76,94.16,64.09,83.53,3.0168302481312756,4830188.739652173,14572483.2,79.13659189441097,9.24,
2025/05/21 14:15:00,11.39,18.0,14.79,94.13,64.07,83.55,3.016603500039946,4845364.072204859,14617169.722222224,79.15898107753581,9.24,
2025/05/21 14:30:00,11.36,18.05,14.82,94.1,64.04,83.56,3.0174525812806965,4872049.825611052,14701806.826666664,79.16177626339949,9.25,
2025/05/21 14:45:00,11.36,18.09,14.83,94.08,64.02,83.58,3.0184147434248376,4882510.597377444,14738065.54,79.14409292406783,9.25,
2025/05/21 15:00:00,11.36,18.1,14.87,94.05,64.0,83.59,3.0198552249978166,4886610.028665571,14757485.471666668,79.11756562086573,9.25,
2025/05/21 15:15:00,11.36,18.1,14.85,94.03,63.97,83.61,3.020817268208589,4937757.795460365,14916697.839999998,79.09987922191694,9.25,
2025/05/21 15:30:00,11.37,18.09,14.87,94.0,63.95,83.62,3.022187671827208,5236259.598150709,15825638.375555556,79.06359282638556,9.24,
2025/05/21 15:45:00,10.62,18.09,14.57,93.63,63.92,83.64,3.014634405661189,5290616.598599426,15949898.628888888,79.46911481906477,9.24,
2025/05/21 16:00:00,10.0,18.08,14.37,93.28,63.9,83.65,3.0119064740658774,5316951.046781085,16014752.722222226,79.76386121992164,9.29,
2025/05/21 16:15:00,9.82,18.12,14.35,93.14,63.87,83.67,3.0126221568481046,5329835.239742201,16057365.500000004,79.81511793612248,9.3,
2025/05/21 16:30:00,10.0,18.11,14.37,93.45,63.84,83.68,3.003330446916505,5395704.887580451,16205677.937777778,79.91481445981606,9.27,
2025/05/21 16:45:00,9.77,18.13,14.31,93.61,63.81,83.7,2.990984210237473,5498733.240653874,16447210.065,80.28095758586703,9.35,
2025/05/21 17:00:00,9.93,18.11,14.37,93.62,63.78,83.71,2.9945145583288246,5441780.401879244,16296084.487222213,80.13380181691485,9.31,
2025/05/21 17:15:00,10.03,18.11,14.39,93.63,63.75,83.72,2.9956304138286307,5471103.824642155,16390005.836111112,80.04522397844798,9.26,
2025/05/21 17:30:00,10.16,18.15,14.43,93.64,63.72,83.74,3.0016350155575604,5423338.763006067,16279482.107777774,79.92697507308523,9.32,
2025/05/21 17:45:00,10.25,18.16,14.48,93.65,63.69,83.75,3.0024038905184915,5413309.5152557455,16253545.904444447,79.84812130573908,9.27,
2025/05/21 18:00:00,10.27,18.19,14.54,93.66,63.66,83.77,3.0007638832155745,5425642.772071859,16281682.761666663,79.83762555335635,9.22,
2025/05/21 18:15:00,10.36,18.19,14.53,93.67,63.63,83.78,3.0044150698918775,5425700.998117267,16301667.922222223,79.75849223481102,9.25,
2025/05/21 18:30:00,10.39,18.2,14.61,93.68,63.6,83.8,3.0067767067055695,5435511.954921393,16343995.06666666,79.73789810368059,9.3,
2025/05/21 18:45:00,10.4,18.21,14.59,93.69,63.57,83.81,3.0066458051499305,5447373.961064847,16378944.511111112,79.73699377583583,9.3,
2025/05/21 19:00:00,10.41,18.2,14.61,93.7,63.54,83.83,3.006512822962402,5461932.661741269,16421997.814444441,79.73608885972456,9.3,
2025/05/21 19:15:00,10.41,18.23,14.63,93.71,63.51,83.84,3.006045398271898,5474415.756076378,16456968.97166667,79.74495033133965,9.3,
2025/05/21 19:30:00,10.42,18.22,14.61,93.72,63.48,83.86,3.005913401686277,5488987.140561892,16500046.542222222,79.74404443296642,9.3,
2025/05/21 19:45:00,10.42,18.23,14.63,93.73,63.45,83.87,3.005806862062397,5500822.439052897,16535039.412222221,79.75287583228904,9.31,
2025/05/21 20:00:00,10.43,18.25,14.64,93.74,63.42,83.89,3.005675079562864,5515403.820240743,16578141.250000002,79.75196904525274,9.31,
2025/05/21 20:15:00,10.44,18.25,14.64,93.75,63.39,83.9,3.0055428030974713,5527296.132351585,16613155.832777781,79.75106167088074,9.31,
2025/05/21 20:30:00,10.44,18.21,14.61,93.76,63.36,83.92,3.0050747062256224,5542507.128193447,16656281.937777776,79.75992135885224,9.31,
2025/05/21 20:45:00,10.43,18.19,14.58,93.77,63.33,83.93,3.0042721321113377,5555650.16336733,16691318.233333338,79.7785483641353,9.31,
2025/05/21 21:00:00,10.39,18.17,14.57,93.78,63.3,83.95,3.0024648018953943,5573365.0903869625,16734468.605555562,79.82647728148645,9.31,
2025/05/21 21:15:00,10.35,18.16,14.57,93.79,63.27,83.96,3.0006595071596256,5588400.800078704,16769526.613888878,79.87440483719573,9.31,
2025/05/21 21:30:00,10.42,18.16,14.54,93.8,63.24,83.98,2.9999494188038853,5604116.66086298,16812701.253333334,79.81510928149937,9.24,
2025/05/21 21:45:00,10.36,18.16,14.55,93.81,63.21,83.99,2.99860177884192,5618333.085216513,16847780.974444445,79.88247803280275,9.27,
2025/05/21 22:00:00,10.39,18.21,14.54,93.82,63.18,84.05,3.000598932453022,5639802.489326645,16923415.752222218,79.86191217592453,9.31,
2025/05/21 22:15:00,10.39,18.18,14.55,93.83,63.15,84.12,2.997921507857529,5672778.3090266455,17007183.765000004,79.87095518014813,9.25,
2025/05/21 22:30:00,10.3,18.16,14.49,93.84,63.12,84.19,2.995938192481014,5700748.064143343,17079723.60111111,79.9675937730296,9.29,
2025/05/21 22:45:00,10.31,18.15,14.5,93.85,63.09,84.26,2.996167583345923,5723836.964939674,17150215.701666668,79.96665421118661,9.3,
2025/05/21 23:00:00,10.31,18.15,14.47,93.87,63.06,84.34,2.995598228171242,5751126.952031869,17228704.142222222,79.98433930718136,9.31,
2025/05/21 23:15:00,10.31,18.13,14.48,93.88,63.03,84.41,2.993300828438435,5779020.208469881,17298991.538888883,79.99335185325668,9.26,
2025/05/21 23:30:00,10.28,18.13,14.5,93.89,63.0,84.48,2.9918392118312886,5805384.571834756,17369428.48666667,80.03151110426435,9.26,
2025/05/21 23:45:00,10.25,18.12,14.51,93.9,62.97,84.56,2.9900078023469354,5816302.667663067,17391445.475555558,80.06970279867494,9.25,
2025/05/22 00:00:00,10.63,18.11,14.61,94.53,63.56,85.01,2.9733674851296272,5527813.350560795,16436853.766666666,80.25560535674049,9.26,
2025/05/22 00:15:00,11.21,18.11,14.8,94.92,64.31,85.13,2.9732936374117336,5177366.22247157,15394457.209999993,80.03254158677757,9.25,
2025/05/22 00:30:00,11.25,18.11,14.86,94.94,64.59,85.25,2.970182098550016,5166620.184571891,15346438.531111108,80.01124546433596,9.17,
2025/05/22 00:45:00,11.29,18.09,14.84,94.97,64.57,85.37,2.9704673068621297,5202839.016590465,15455503.555555563,79.99851694608495,9.18,
2025/05/22 01:00:00,10.9,18.1,14.68,95.0,64.54,85.48,2.9619854653235764,5254674.606005289,15564879.989999996,80.40624959312836,9.31,
2025/05/22 01:15:00,10.13,18.1,14.39,95.87,64.52,86.22,2.9049465088238597,5554153.739033286,16135085.633333333,81.9253590871906,9.51,
2025/05/22 01:30:00,8.92,18.09,14.13,96.83,64.5,87.43,2.830760776990842,6024778.733137482,17055246.10166667,83.95206663831222,9.67,
2025/05/22 01:45:00,8.39,18.07,13.96,97.41,64.47,88.63,2.7907448323065625,6441101.683439635,17976006.4,84.97906323619888,9.69,
2025/05/22 02:00:00,8.2,18.07,13.91,97.42,64.45,89.81,2.7863943746842996,6773802.144982527,18875038.01333333,85.1734537218366,9.74,
2025/05/22 02:15:00,8.15,18.1,13.93,97.44,64.43,89.75,2.7822296918562333,6775567.106449947,18851734.513333328,85.23995257537794,9.68,
2025/05/22 02:30:00,8.1,18.06,13.88,97.46,64.41,89.68,2.779941336441091,6769970.782136036,18820669.217777785,85.30635443446411,9.68,
2025/05/22 02:45:00,8.17,18.04,13.89,97.48,64.38,89.62,2.7807749493280864,6762118.14567608,18804480.077777784,85.2555045633979,9.67,
2025/05/22 03:00:00,8.13,18.04,13.87,97.49,64.36,89.55,2.7792022032251453,6754752.703410834,18773370.892222222,85.30336518644549,9.67,
2025/05/22 03:15:00,8.16,18.04,13.9,97.51,64.34,89.48,2.7788843269292034,6744320.693570016,18742237.323333334,85.29160259522999,9.66,
2025/05/22 03:30:00,8.19,18.04,13.91,97.53,64.32,89.42,2.7788858893752626,6735892.815614212,18718828.394444447,85.27981786590095,9.66,
2025/05/22 03:45:00,8.21,18.04,13.87,97.55,64.29,89.35,2.7786017193985337,6728047.094301149,18695108.055555552,85.27780419130377,9.66,
2025/05/22 04:00:00,8.21,18.04,13.88,97.56,64.27,89.28,2.778496554550531,6709860.342077944,18643868.454444453,85.2865526286109,9.67,
2025/05/22 04:15:00,8.25,18.03,13.92,97.58,64.25,89.22,2.77910506645616,6688166.2991462555,18587666.612777773,85.26496965040792,9.68,
2025/05/22 04:30:00,8.26,18.01,13.88,97.6,64.22,89.15,2.77853445449785,6669448.872836421,18531838.765000004,85.27272534290385,9.68,
2025/05/22 04:45:00,8.26,18.0,13.87,97.61,64.2,89.08,2.778428069448003,6646866.031713936,18468382.53333333,85.28147369219083,9.69,
2025/05/22 05:00:00,8.24,18.02,13.86,97.63,64.18,89.02,2.77732100213824,6629480.454475121,18412732.79999999,85.31853658554611,9.7,
2025/05/22 05:15:00,8.22,17.99,13.87,97.65,64.16,88.95,2.7762118502134716,6609342.953965491,18349476.743888892,85.3555990160161,9.71,
2025/05/22 05:30:00,8.2,18.01,13.88,97.67,64.13,88.88,2.7751029768125335,6591892.505801056,18293717.75,85.39266098528564,9.72,
2025/05/22 05:45:00,8.18,17.95,13.83,97.68,64.11,88.82,2.774419557494188,6573552.820745865,18238330.195555553,85.42095915790526,9.73,
2025/05/22 06:00:00,9.08,17.93,13.98,97.64,64.09,88.75,2.800718351105839,6489336.3068101965,18175369.409999996,84.50585273292579,9.69,
2025/05/22 06:15:00,10.33,17.92,14.49,95.97,64.07,86.1,2.8950935410628156,5686683.467967087,16464102.141666662,81.81834064018982,9.22,
2025/05/22 06:30:00,10.6,17.9,14.48,94.84,64.04,85.52,2.9566460509082266,5422016.7495871,16031611.126666661,80.5587466402009,9.23,
2025/05/22 06:45:00,10.29,17.93,14.33,94.56,63.89,85.52,2.961344051132821,5443935.090295766,16121964.961666662,80.61442324003579,9.27,
2025/05/22 07:00:00,10.26,17.92,14.37,94.51,63.69,85.52,2.958371305338002,5492422.259077709,16249236.904999996,80.59993380019527,9.16,
2025/05/22 07:15:00,9.66,17.85,14.07,93.99,63.49,85.52,2.9696190570110175,5514352.547413373,16376109.426111108,80.72520256172734,9.34,
2025/05/22 07:30:00,10.04,17.84,14.27,95.0,63.41,85.52,2.9310336671608437,5611080.457232384,16446873.574999997,81.24747692004465,9.22,
2025/05/22 07:45:00,10.0,17.82,14.15,94.82,63.38,85.52,2.9392538303029156,5607445.292307166,16482300.119999997,81.12756699733927,9.25,
2025/05/22 08:00:00,10.04,17.8,14.19,94.55,63.34,85.52,2.9526103774019066,5596607.704866629,16525212.696666664,80.84997970648166,9.24,
2025/05/22 08:15:00,9.95,17.78,14.16,94.07,63.3,85.53,2.970011878515206,5580790.053953263,16575629.069999998,80.51345694656963,9.19,
2025/05/22 08:30:00,9.58,17.77,13.97,93.82,63.26,85.53,2.9723499189636824,5590793.435592785,16618383.735555554,80.65287286159979,9.27,
2025/05/22 08:45:00,9.67,17.76,14.04,94.34,63.22,85.53,2.9481479562470323,5651292.942371737,16661443.889444446,81.02591051755287,9.18,
2025/05/22 09:00:00,9.56,17.77,14.01,94.42,63.18,85.53,2.9428428296826725,5676131.094625419,16704551.416666664,81.20390140815493,9.23,
2025/05/22 09:15:00,9.44,17.71,13.95,94.32,63.15,85.53,2.9439284296685058,5686155.565185513,16740226.323333332,81.23253314420123,9.24,
2025/05/22 09:30:00,9.2,17.68,13.84,94.21,63.11,85.53,2.9426288883307445,5703261.582472516,16783162.354444448,81.36922729913526,9.28,
2025/05/22 09:45:00,8.97,17.69,13.8,94.1,63.07,85.53,2.940856429423819,5721405.468437357,16826405.615555555,81.49609034142466,9.3,
2025/05/22 10:00:00,7.72,17.69,13.47,94.35,63.03,86.82,2.8911342859300184,6163687.797925681,17820594.69666666,82.93608137992183,9.33,
2025/05/22 10:15:00,8.09,17.71,13.69,98.25,66.42,91.24,2.745270039603109,6747874.343303648,18525286.731111106,86.00814016910218,9.66,
2025/05/22 10:30:00,8.1,17.77,13.66,98.18,66.47,89.88,2.749208814520759,6337524.390251001,17423684.53833333,85.93708363102522,9.68,
2025/05/22 10:45:00,8.05,17.77,13.64,98.26,66.52,89.84,2.7450665879256126,6314796.5028933715,17335037.304444447,86.05593651915423,9.7,
2025/05/22 11:00:00,8.07,17.72,13.63,98.34,66.57,89.8,2.7428695756301313,6287595.784870464,17246557.270555556,86.1063253918112,9.72,
2025/05/22 11:15:00,8.1,17.75,13.65,98.43,66.62,89.77,2.74052263951979,6263560.862720255,17165928.205555547,86.15566030666528,9.74,
2025/05/22 11:30:00,8.07,17.76,13.65,98.51,66.67,89.73,2.736286677128008,6241041.732461038,17077772.23777778,86.25493898490595,9.74,
2025/05/22 11:45:00,8.23,17.79,13.69,98.59,66.72,89.7,2.7366180135235716,6210836.890907173,16997179.98,86.16836926696193,9.72,
2025/05/22 12:00:00,8.28,17.81,13.76,98.67,66.77,89.66,2.7345654984935654,6183475.991502617,16909614.901666664,86.18934066754454,9.72,
2025/05/22 12:15:00,8.45,17.87,13.78,98.75,66.82,89.63,2.736141736227105,6150573.248217487,16829328.24833333,86.09284241179664,9.73,
2025/05/22 12:30:00,8.56,17.92,13.9,98.84,66.87,89.59,2.7352795100816207,6120518.077519536,16741821.457777774,86.0637457734012,9.73,
2025/05/22 12:45:00,8.8,17.93,13.95,98.92,66.92,89.56,2.7387501718031655,6083557.442739265,16661841.337777777,85.89858676841574,9.74,
2025/05/22 13:00:00,8.87,17.91,13.98,99.0,66.98,89.52,2.7389536377358623,6048685.921934854,16567571.191111103,85.89980242299333,9.79,
2025/05/22 13:15:00,9.32,17.93,14.07,98.83,66.77,89.49,2.758845141549741,6045374.810914231,16678772.195555553,85.31081788733604,9.79,
2025/05/22 13:30:00,10.77,17.94,14.74,97.32,65.33,87.12,2.8506705157937753,5687168.615241023,16212884.606111115,82.57140435256018,9.34,
2025/05/22 13:45:00,10.64,17.94,14.54,95.23,65.08,84.71,2.9412723229772872,4967298.457713305,14610747.50055555,80.86345178018813,9.27,
2025/05/22 14:00:00,10.62,17.96,14.49,94.98,65.04,84.73,2.9531427367728273,4964082.153485896,14660207.00222222,80.6625374625595,9.29,
2025/05/22 14:15:00,10.6,17.97,14.53,94.9,65.01,84.75,2.9546439748242435,4975863.860175386,14702477.019999996,80.61163205675771,9.25,
2025/05/22 14:30:00,10.6,18.02,14.53,94.83,64.98,84.77,2.9603036501568325,4980639.960088069,14744772.582222214,80.54969620047919,9.31,
2025/05/22 14:45:00,10.75,18.06,14.65,94.76,64.94,84.8,2.963984544789834,4993678.833901892,14801769.436666666,80.34154151566287,9.2,
2025/05/22 15:00:00,10.81,18.13,14.65,94.69,64.91,84.82,2.972877787962601,4992988.815512529,14844120.616111105,80.22081791831891,9.29,
2025/05/22 15:15:00,10.89,18.13,14.74,94.62,64.88,84.84,2.9771719842787494,5000014.812628182,14886497.340000007,80.08088619097678,9.25,
2025/05/22 15:30:00,10.91,18.13,14.71,94.55,64.84,84.86,2.9827385613505055,5007323.247408676,14936127.87333333,79.9994089158217,9.29,
2025/05/22 15:45:00,10.57,18.14,14.57,94.51,64.81,84.88,2.9731392964397054,5304330.698122391,15771109.694999995,80.29653429926003,9.28,
2025/05/22 16:00:00,10.32,18.16,14.52,94.55,64.78,84.9,2.9672479319634637,5328028.800666213,15810166.33777778,80.57593958633674,9.39,
2025/05/22 16:15:00,10.36,18.2,14.55,94.59,64.74,84.93,2.9677799907753597,5345449.664658931,15864703.030000009,80.57212322309569,9.42,
2025/05/22 16:30:00,10.52,18.24,14.63,94.63,64.71,84.95,2.9693277588920535,5355812.811980747,15903756.537777785,80.45118471003717,9.37,
2025/05/22 16:45:00,10.64,18.27,14.76,94.66,64.68,84.97,2.9699381270521275,5367855.061464756,15942808.884444438,80.36048529856116,9.32,
2025/05/22 17:00:00,10.64,18.3,14.76,94.7,64.64,84.99,2.9680670009603616,5387044.80483866,15989717.424999993,80.3958041583118,9.32,
2025/05/22 17:15:00,10.62,18.31,14.79,94.74,64.61,85.01,2.965932516388052,5404006.529763836,16028530.46666667,80.45064864570043,9.33,
2025/05/22 17:30:00,10.6,18.33,14.79,94.78,64.58,85.03,2.9634166232558026,5421772.111869128,16067578.633333333,80.50551416238264,9.33,
2025/05/22 17:45:00,10.58,18.29,14.7,94.81,64.54,85.06,2.9632714748121725,5440519.7164483555,16122339.419999996,80.55143206601944,9.38,
2025/05/22 18:00:00,10.57,18.29,14.7,94.85,64.51,85.08,2.960708601304774,5458336.219438635,16161146.191666659,80.59653519504798,9.37,
2025/05/22 18:15:00,10.57,18.26,14.67,94.89,64.48,85.1,2.957701319201739,5477086.626942433,16200190.062222216,80.63190406192803,9.34,
2025/05/22 18:30:00,10.43,18.25,14.61,94.87,64.44,85.12,2.954127313566202,5499591.391438763,16247089.197777782,80.75113829756054,9.34,
2025/05/22 18:45:00,10.36,18.24,14.62,94.83,64.41,85.14,2.9555945616484465,5510068.804097574,16286130.629999999,80.78414160275044,9.39,
2025/05/22 19:00:00,10.29,18.23,14.53,94.79,64.38,85.16,2.9559094475809933,5522611.631149946,16324929.62222222,80.81720370803092,9.41,
2025/05/22 19:15:00,10.04,18.23,14.5,94.76,64.34,85.19,2.9495623085319913,5560199.970006516,16400742.049999995,81.03499917803308,9.42,
2025/05/22 19:30:00,9.98,18.25,14.45,94.72,64.31,85.21,2.9498046364096746,5580812.404451203,16462883.55555555,81.05826439843925,9.43,
2025/05/22 19:45:00,9.95,18.26,14.47,94.68,64.28,85.23,2.948908524572156,5601472.212598786,16518809.633333333,81.0523613259051,9.38,
2025/05/22 20:00:00,9.84,18.21,14.37,94.64,64.24,85.25,2.9485836551894695,5618880.734945543,16568314.418333337,81.1243646805726,9.42,
2025/05/22 20:15:00,9.88,18.23,14.43,94.6,64.21,85.27,2.9520438023728865,5626476.889592024,16610189.310000002,81.04991489125712,9.43,
2025/05/22 20:30:00,10.02,18.19,14.48,94.62,64.18,85.29,2.9513765049039793,5641935.979072208,16652075.812777778,80.93115601708125,9.31,
2025/05/22 20:45:00,10.04,18.15,14.44,94.64,64.14,85.32,2.9540021216588914,5656445.272959976,16709752.729999995,80.92906219490041,9.39,
2025/05/22 21:00:00,10.0,18.13,14.38,94.66,64.11,85.34,2.9524971339940795,5673525.8373263795,16751664.777222224,80.98576320232155,9.41,
2025/05/22 21:15:00,9.89,18.12,14.31,94.68,64.08,85.36,2.9487204605748665,5690572.131917212,16780492.96,81.11084673706522,9.43,
2025/05/22 21:30:00,9.99,18.11,14.37,94.7,64.05,85.39,2.95138674166821,5685255.0451636575,16779984.625555556,81.03080192048363,9.44,
2025/05/22 21:45:00,9.96,18.09,14.33,94.68,64.05,85.49,2.9492301333713162,5699784.053197601,16810570.38222222,81.04259163575105,9.38,
2025/05/22 22:00:00,10.03,18.08,14.39,94.67,64.04,85.6,2.949395312419367,5749693.710304916,16958731.875555545,80.96556502949309,9.31,
2025/05/22 22:15:00,9.97,18.07,14.31,94.65,64.04,85.7,2.9498520140121487,5794483.300452333,17093473.943333324,81.00639755238703,9.35,
2025/05/22 22:30:00,9.9,18.05,14.3,94.64,64.03,85.81,2.9491250094844617,5822962.450895256,17173254.12,81.06586145788529,9.38,
2025/05/22 22:45:00,9.99,18.06,14.29,94.62,64.03,85.91,2.9536546919900313,5835738.877584942,17237367.888888888,80.96021207704048,9.4,
2025/05/22 23:00:00,9.71,18.04,14.23,94.61,64.02,86.02,2.9454055854967676,5879151.474366322,17317089.777777772,81.22484562525719,9.41,
2025/05/22 23:15:00,9.78,17.96,14.23,94.65,64.02,86.12,2.9437413163712476,5904066.750242047,17380664.09444445,81.19200489858568,9.35,
2025/05/22 23:30:00,8.62,17.95,13.93,94.92,64.01,86.23,2.9006326026017626,6019207.9345948,17460074.805555556,82.56251452617397,9.53,
2025/05/22 23:45:00,8.32,17.94,13.8,95.55,64.01,87.5,2.86418227332367,6438612.067112479,18441925.919999994,83.4116287530619,9.54,
2025/05/23 00:00:00,8.45,17.92,13.84,96.18,64.31,88.81,2.840817059764756,6398787.104648889,18178343.944444444,83.84001259088477,9.54,
2025/05/23 00:15:00,8.52,17.9,13.85,99.44,64.34,90.14,2.7089960108303726,6298026.104186526,17061819.5,86.62608870479072,9.75,
2025/05/23 00:30:00,8.17,17.91,13.76,99.52,64.36,91.47,2.694456551965566,6656563.277890878,17936320.899444446,87.03854889868263,9.7,
2025/05/23 00:45:00,8.25,17.88,13.79,99.42,64.39,92.21,2.700509672840298,6818810.753348917,18414787.502222214,86.87309717321205,9.69,
2025/05/23 01:00:00,8.29,17.87,13.76,99.95,64.41,92.29,2.681661032768248,6884689.5192622505,18462919.73777778,87.29535999590044,9.77,
2025/05/23 01:15:00,8.52,17.85,13.84,100.4,64.43,92.36,2.6674624034076073,6937028.03350866,18504787.198333327,87.4612287728011,9.75,
2025/05/23 01:30:00,8.6,17.83,13.82,100.41,64.44,92.44,2.668323760644338,6955336.799966181,18559617.999999996,87.39151035005935,9.73,
2025/05/23 01:45:00,8.54,17.82,13.8,100.42,64.46,92.52,2.6663498082341004,6978701.1334267,18608185.419999998,87.45900774658284,9.73,
2025/05/23 02:00:00,8.59,17.8,13.81,100.43,64.47,92.59,2.668337055282904,6992451.130093649,18658749.486666672,87.4186731340395,9.76,
2025/05/23 02:15:00,8.69,17.79,13.85,100.43,64.49,92.67,2.6727878724091787,7001085.320735289,18712958.745555557,87.32064695786931,9.81,
2025/05/23 02:30:00,8.67,17.78,13.84,100.44,64.5,92.75,2.671090699366577,7028338.991134303,18773874.930555552,87.3489357913801,9.79,
2025/05/23 02:45:00,8.65,17.78,13.89,100.45,64.52,92.82,2.669764189310803,7049689.737433396,18821561.18333333,87.37722609067694,9.78,
2025/05/23 03:00:00,8.62,17.74,13.78,100.45,64.54,92.9,2.668992830463277,7072109.98326374,18875954.36222222,87.4066333256136,9.78,
2025/05/23 03:15:00,8.55,17.73,13.77,100.46,64.55,92.98,2.6671307216774705,7099961.382051293,18937069.793888897,87.48393096441693,9.79,
2025/05/23 03:30:00,8.54,17.7,13.72,100.47,64.57,93.05,2.6668119728980235,7118879.140252307,18985255.324444447,87.50241694589593,9.8,
2025/05/23 03:45:00,8.52,17.68,13.72,100.48,64.58,93.13,2.666601309642419,7142408.840600707,19046504.39999999,87.53070507467463,9.82,
2025/05/23 04:00:00,8.53,17.67,13.69,100.48,64.6,93.21,2.666859418610533,7162208.08416319,19101148.611111112,87.52090371636584,9.82,
2025/05/23 04:15:00,8.63,17.66,13.68,100.49,64.61,93.28,2.6693740459758333,7175953.944745956,19155854.128888886,87.43157086277836,9.83,
2025/05/23 04:30:00,8.57,17.65,13.72,100.5,64.63,93.36,2.667757588198739,7200828.175078379,19210620.953333337,87.49906945207528,9.84,
2025/05/23 04:45:00,7.86,17.63,13.51,100.8,64.65,93.44,2.6367784922831574,7306236.104231527,19265449.084444437,88.45535289639999,9.84,
2025/05/23 05:00:00,7.34,17.6,13.44,101.03,64.66,93.51,2.613704355143702,7382513.841130929,19296219.922222223,89.1644516254627,9.83,
2025/05/23 05:15:00,6.2,17.58,13.46,101.12,64.68,93.59,2.575155345984762,7389474.483404737,19029541.727777775,90.35911247688823,9.63,
2025/05/23 05:30:00,6.1,17.57,13.4,101.2,64.69,93.67,2.5676550693033944,7541575.9421450235,19364663.01,90.52663415282947,9.58,
2025/05/23 05:45:00,6.06,17.56,13.4,101.29,64.71,93.74,2.563726760992753,7526589.787042944,19296615.16444444,90.64389755996422,9.6,
2025/05/23 06:00:00,6.21,17.54,13.37,101.37,64.72,93.82,2.5646807209951112,7476984.127563751,19176568.58333333,90.56648859171024,9.62,
2025/05/23 06:15:00,8.03,17.52,13.47,103.84,64.74,96.21,2.514348357340966,7493719.396088232,18842302.34333333,90.91677716727688,9.96,
2025/05/23 06:30:00,8.47,17.5,13.54,103.27,64.76,95.77,2.544389787290647,7290198.065365547,18549599.701111097,89.99339067083744,9.84,
2025/05/23 06:45:00,8.4,17.51,13.5,103.11,64.77,95.32,2.5502664674861304,7158970.474285662,18257764.525000002,89.92423013267242,9.85,
2025/05/23 07:00:00,8.41,17.49,13.53,103.0,64.79,94.88,2.5557463210387557,7029629.305631066,17966431.413333327,89.8195554713337,9.86,
2025/05/23 07:15:00,8.52,17.48,13.55,102.9,64.8,94.44,2.56671774023693,6778249.718550587,17398327.613333333,89.62539307138387,9.96,
2025/05/23 07:30:00,8.52,17.49,13.55,102.79,64.82,94.0,2.5707467369803494,6665890.667918636,17136783.387777783,89.53045628811604,9.94,
2025/05/23 07:45:00,8.52,17.43,13.47,102.68,64.83,93.56,2.5743754618813295,6557210.929518279,16881181.38055556,89.43548323427494,9.91,
2025/05/23 08:00:00,9.46,17.42,13.93,101.79,64.85,92.82,2.617643764065154,6281304.970965246,16442739.438888885,87.74355729339717,9.48,
2025/05/23 08:15:00,10.03,17.4,14.04,100.58,64.87,90.22,2.6834463926095595,5556161.346998468,14910171.466666663,86.13643346725704,9.41,
2025/05/23 08:30:00,10.32,17.38,14.09,100.41,64.88,90.02,2.6971795933337512,5484778.067869263,14793952.836666666,85.70432647625364,9.38,
2025/05/23 08:45:00,10.41,17.39,14.1,100.24,64.9,89.82,2.7111445286845597,5411549.489992311,14672014.108888881,85.4684210835101,9.46,
2025/05/23 09:00:00,10.46,17.38,14.1,100.07,64.82,89.62,2.716486385602739,5377549.121019594,14608561.24444445,85.27190540011404,9.38,
2025/05/23 09:15:00,10.36,17.39,14.06,99.9,64.73,89.42,2.7222108367061453,5345179.19459431,14551218.843333328,85.22247640515833,9.39,
2025/05/23 09:30:00,10.16,17.39,13.99,99.72,64.64,89.22,2.728005833746058,5312784.386329676,14493810.026666664,85.26231260899428,9.45,
2025/05/23 09:45:00,10.18,17.39,14.02,99.48,64.55,89.02,2.738147515906429,5272010.340197354,14436050.670555556,85.03408114621516,9.42,
2025/05/23 10:00:00,10.06,17.41,14.01,99.23,64.46,88.82,2.749447193881935,5281366.179838158,14521347.866666665,84.9341909891225,9.49,
2025/05/23 10:15:00,8.59,17.43,13.52,96.64,64.37,88.65,2.8236297516137667,5989949.673279919,16913938.995555557,84.10801068584337,9.5,
2025/05/23 10:30:00,7.32,17.43,13.2,95.26,64.28,88.52,2.8428660215095234,6762818.345319199,19226358.653333325,84.13105469606108,9.43,
2025/05/23 10:45:00,5.64,17.45,13.25,97.0,64.32,88.4,2.7205770437434023,7018835.554140956,19095817.25333334,87.30376280721661,9.37,
2025/05/23 11:00:00,7.57,17.46,13.3,96.39,64.46,88.27,2.80321923211376,6734141.013864374,18877832.575555556,84.88422598022021,9.46,
2025/05/23 11:15:00,7.86,17.47,13.38,95.78,64.6,88.15,2.8356180126770845,6583243.443550945,18668136.02500001,84.06391977119917,9.39,
2025/05/23 11:30:00,8.28,17.52,13.5,96.27,64.75,88.03,2.832469306751409,6513757.400313413,18450592.453333333,84.08519307946838,9.56,
2025/05/23 11:45:00,8.72,17.53,13.71,96.09,64.89,87.9,2.852864806890925,6390859.817575967,18232863.220000003,83.49707998151379,9.54,
2025/05/23 12:00:00,8.43,17.57,13.61,95.64,65.03,87.78,2.8645649260819948,6291645.992455814,18023408.180555556,83.38359525850018,9.57,
2025/05/23 12:15:00,8.41,17.59,13.58,96.13,65.18,87.65,2.8427320669841722,6260748.722123677,17798189.896666665,83.83496818283103,9.57,
2025/05/23 12:30:00,9.12,17.6,13.84,96.2,65.32,87.53,2.8598011528943874,6150092.850077368,17588636.975555558,83.20310747223789,9.53,
2025/05/23 12:45:00,8.86,17.65,13.81,96.34,65.46,87.41,2.846466356441144,6105412.936639115,17379423.44722222,83.58028782210171,9.55,
2025/05/23 13:00:00,8.95,17.69,13.8,96.5,65.6,87.28,2.8438084738722473,6034711.853939056,17162120.457777783,83.63292593559486,9.6,
2025/05/23 13:15:00,9.53,17.74,13.99,96.27,65.74,87.16,2.867354164568979,5912241.981927929,16953068.439999998,82.86398585659325,9.48,
2025/05/23 13:30:00,9.1,17.77,13.89,95.99,65.84,87.03,2.8720468490415993,5838094.683403795,16767834.17833333,83.03762324276462,9.64,
2025/05/23 13:45:00,9.67,17.81,14.12,96.58,65.95,86.98,2.860917268156044,5815349.19554603,16637806.221666666,82.99929918708854,9.57,
2025/05/23 14:00:00,9.38,17.84,14.03,95.78,66.05,86.94,2.887078308703416,5723202.340159542,16523892.513333334,82.57927448612088,9.55,
2025/05/23 14:15:00,9.51,17.86,14.13,96.46,66.15,86.91,2.8628158275088094,5734692.791081445,16417929.513333326,83.0503110699896,9.61,
2025/05/23 14:30:00,9.45,17.9,14.1,96.29,66.25,86.88,2.8665069476948597,5690277.080551187,16311766.221666662,82.95965143612209,9.55,
2025/05/23 14:45:00,9.32,17.93,14.07,96.12,66.35,86.84,2.8724385617096235,5638916.444954628,16197977.91333334,82.93709368552152,9.62,
2025/05/23 15:00:00,9.58,17.95,14.18,96.52,66.46,86.81,2.859465000223232,5624637.313031469,16083995.583333341,83.03469341822795,9.53,
2025/05/23 15:15:00,9.5,17.97,14.12,96.29,66.56,86.78,2.8717354689177523,5563766.232760124,15978195.60333333,82.91060826894272,9.66,
2025/05/23 15:30:00,9.82,18.0,14.25,96.31,66.5,86.74,2.878989794558231,5555638.784437863,15995174.99555555,82.61533395060553,9.61,
2025/05/23 15:45:00,9.7,18.02,14.22,96.44,66.39,86.71,2.871857521690213,5592274.583006013,16060756.408888882,82.84685951831584,9.68,
2025/05/23 16:00:00,10.18,18.04,14.45,96.72,66.28,86.68,2.8646688155786415,5629196.630053038,16126356.400000006,82.62337582982724,9.43,
2025/05/23 16:15:00,9.96,18.04,14.31,96.73,66.17,86.64,2.866831655528558,5645004.495181153,16183831.051666666,82.84715579138074,9.68,
2025/05/23 16:30:00,10.38,18.05,14.53,96.97,66.07,86.61,2.8635455890671757,5671630.067496299,16241558.825555561,82.64663167159165,9.54,
2025/05/23 16:45:00,9.71,18.08,14.28,95.15,65.62,86.88,2.9275929068946955,5742780.030520257,16813104.85555555,81.70134694011384,9.61,
2025/05/23 17:00:00,8.77,18.1,14.07,95.26,64.98,87.35,2.8907556639265484,6120530.918795798,17693526.644444436,82.71648799702443,9.54,
2025/05/23 17:15:00,9.53,18.09,14.28,97.11,65.08,87.57,2.8372774243871466,6270259.461408896,17791051.849999994,83.60119046141895,9.69,
2025/05/23 17:30:00,9.87,18.1,14.35,96.84,65.61,87.52,2.8541661495943367,6073205.680229092,17334523.744999994,83.03187558794474,9.54,
2025/05/23 17:45:00,9.98,18.11,14.39,96.58,65.95,87.48,2.869214368909905,5937442.122228555,17036379.207222223,82.6960649767528,9.54,
2025/05/23 18:00:00,10.02,18.12,14.39,96.45,65.86,87.44,2.8755770565664958,5938846.864822187,17078198.597777776,82.54280477576991,9.52,
2025/05/23 18:15:00,10.37,18.11,14.54,96.6,65.77,87.4,2.8774583295752407,5950451.325484042,17122791.070000004,82.33202532624784,9.47,
2025/05/23 18:30:00,10.36,18.11,14.48,96.68,65.68,87.36,2.8758122887929405,5969462.034491107,17167658.493333325,82.41192752539986,9.53,
2025/05/23 18:45:00,10.31,18.1,14.52,96.6,65.59,87.32,2.87641769172435,5983808.90864725,17212550.29999999,82.39072951898964,9.49,
2025/05/23 19:00:00,10.32,18.12,14.51,96.53,65.5,87.27,2.879538439749439,5990083.773768842,17249290.17777777,82.31951887956615,9.48,
2025/05/23 19:15:00,10.03,18.11,14.35,96.46,65.41,87.23,2.8786818054967105,6007484.826822408,17294227.732222226,82.54169143241293,9.61,
2025/05/23 19:30:00,9.97,18.11,14.35,96.4,65.32,87.19,2.881614954566879,6016972.086673005,17339189.67,82.54763891961002,9.67,
2025/05/23 19:45:00,10.13,18.11,14.42,96.4,65.23,87.15,2.885167116914254,6025151.541851922,17384175.99111111,82.39113704395675,9.63,
2025/05/23 20:00:00,9.92,18.13,14.33,96.4,65.13,87.11,2.8776652838295993,6059263.115043217,17437119.871111114,82.59661297256959,9.6,
2025/05/23 20:15:00,9.65,18.13,14.3,96.4,65.04,87.07,2.8697562485039696,6086132.0872858465,17466298.24499999,82.8606835456205,9.61,
2025/05/23 20:30:00,9.79,18.13,14.35,96.4,64.95,87.02,2.8729876570305652,6085148.672087172,17483148.986111104,82.72379918301974,9.58,
2025/05/23 20:45:00,9.68,18.14,14.32,96.4,64.86,86.98,2.8696347124172394,6101051.413037088,17508374.473333333,82.83138481580994,9.58,
2025/05/23 21:00:00,9.51,18.14,14.26,96.4,64.77,86.94,2.866163300458756,6117132.709180188,17533277.52,82.99755902302915,9.63,
2025/05/23 21:15:00,9.42,18.15,14.3,96.39,64.68,86.9,2.863194468366884,6132238.634441637,17558372.38222222,83.07679344650275,9.61,
2025/05/23 21:30:00,9.66,18.16,14.34,96.31,64.59,86.86,2.873398550759623,6119079.580177838,17583143.642777774,82.77183388310684,9.59,
2025/05/23 21:45:00,9.43,18.16,14.24,96.24,64.5,86.82,2.8698277782285877,6135397.422897235,17608107.879999995,82.93515613126704,9.6,
2025/05/23 22:00:00,9.31,18.15,14.2,96.16,64.41,86.77,2.870363416398424,6140091.762456672,17624865.035555556,82.98205868413447,9.62,
2025/05/23 22:15:00,9.05,18.14,14.16,96.08,64.32,86.73,2.8662427469732354,6157496.415252026,17649444.945000008,83.16571749976443,9.63,
2025/05/23 22:30:00,9.22,18.14,14.22,96.0,64.23,86.69,2.8743476607884477,6148748.889847628,17674219.45666666,82.9292276178667,9.61,
2025/05/23 22:45:00,9.27,18.13,14.21,95.93,64.14,86.65,2.8786612901754136,6148027.2253968585,17698667.580000002,82.8187620081706,9.6,
2025/05/23 23:00:00,8.93,18.12,14.16,95.85,64.05,86.61,2.8717055822249633,6171502.806533735,17723311.46666667,83.08046230593675,9.6,
2025/05/23 23:15:00,8.96,18.12,14.16,95.76,63.96,86.57,2.877510409778667,6186296.191904512,17801708.411666658,82.97180570318702,9.63,
2025/05/23 23:30:00,9.11,18.11,14.18,95.64,63.87,86.52,2.8861996212854084,6214116.422183319,17935768.674999993,82.7196182123147,9.59,
2025/05/23 23:45:00,8.94,18.1,14.11,95.53,63.78,86.48,2.884815986505716,6266547.075740231,18078418.722222224,82.78871985430368,9.56,
2025/05/24 00:00:00,8.82,18.09,14.11,95.41,63.68,86.44,2.8854177093486584,6265131.358257317,18078106.151111107,82.8000997605526,9.53,
2025/05/24 00:15:00,8.47,18.08,13.95,96.74,63.31,88.22,2.820670231714044,6742241.255916238,19018212.069999997,84.31279839917508,9.65,
2025/05/24 00:30:00,8.71,18.07,14.03,98.77,63.36,90.23,2.7403004512869438,6862837.65831078,18806790.688888893,85.8558716661926,9.67,
2025/05/24 00:45:00,8.87,18.05,14.06,98.94,63.41,90.53,2.739088090722244,6802378.30297629,18632868.32,85.84750210867355,9.72,
2025/05/24 01:00:00,8.96,18.03,14.07,99.1,63.45,90.56,2.735654660408432,6674702.061676361,18260226.661111113,85.89886570494119,9.75,
2025/05/24 01:15:00,8.84,18.02,14.04,99.27,63.5,90.58,2.7242578540217357,6670511.783881236,18172732.062222216,86.16457522903747,9.73,
2025/05/24 01:30:00,8.89,18.0,14.02,99.43,63.55,90.61,2.7182622903619373,6679478.880899937,18157111.170000006,86.25498519713862,9.72,
2025/05/24 01:45:00,9.07,17.97,14.08,99.6,63.6,90.63,2.71639767750962,6675724.977731962,18134470.548333324,86.22661458723485,9.74,
2025/05/24 02:00:00,8.83,17.95,14.04,99.7,63.65,90.66,2.707816198242217,6691117.543475678,18118857.20333333,86.54880536111817,9.8,
2025/05/24 02:15:00,8.69,17.93,13.91,99.69,63.7,90.68,2.706280101172537,6686674.784471852,18096539.718888886,86.67726312194907,9.85,
2025/05/24 02:30:00,8.56,17.91,13.88,99.68,63.75,90.71,2.7021866946375956,6690914.0309523605,18080620.653333325,86.7958980021686,9.82,
2025/05/24 02:45:00,8.51,17.89,13.86,99.67,63.8,90.73,2.7009334693227887,6685759.538667578,18058312.45777778,86.83616707479085,9.81,
2025/05/24 03:00:00,8.33,17.87,13.79,99.66,63.84,90.76,2.695876268447479,6695005.420633759,18049418.81111111,87.00375176954928,9.79,
2025/05/24 03:15:00,8.42,17.84,13.8,99.65,63.89,90.78,2.6983428321581915,6680503.511381174,18026806.520555552,86.90690974378658,9.78,
2025/05/24 03:30:00,8.39,17.82,13.77,99.64,63.94,90.81,2.697976287319854,6675632.748572005,18011214.772222225,86.9275824820994,9.78,
2025/05/24 03:45:00,8.33,17.8,13.72,99.63,63.99,90.83,2.6964609834460553,6671003.751426571,17988612.35111111,86.97763745978158,9.77,
2025/05/24 04:00:00,8.26,17.78,13.7,99.62,64.04,90.86,2.695033855866522,6668754.07609511,17973028.149999995,87.03747455221104,9.77,
2025/05/24 04:15:00,8.25,17.76,13.69,99.6,64.09,90.88,2.6952743778866677,6659891.839323146,17950746.659999993,87.02985361083671,9.76,
2025/05/24 04:30:00,8.25,17.73,13.68,99.59,64.14,90.91,2.6957027737692836,6652938.929505745,17934858.944444437,87.02114336454224,9.76,
2025/05/24 04:45:00,8.3,17.71,13.64,99.58,64.18,90.93,2.697458760705446,6642835.555230554,17919285.541666664,86.96347380650913,9.76,
2025/05/24 05:00:00,8.25,17.66,13.62,99.57,64.23,90.96,2.6965600796561087,6639274.193913428,17903715.389999993,87.00372207419838,9.76,
2025/05/24 05:15:00,8.23,17.66,13.6,99.56,64.28,90.98,2.6964582845775706,6631154.269340823,17881141.3,87.01459363041029,9.76,
2025/05/24 05:30:00,8.23,17.63,13.57,99.55,64.33,91.01,2.6968867666816405,6624330.24792647,17865578.69555556,87.00588214732393,9.76,
2025/05/24 05:45:00,8.2,17.61,13.57,99.54,64.38,91.03,2.6965181446032727,6616867.249904971,17843014.475000005,87.02654305778758,9.76,
2025/05/24 06:00:00,8.16,17.59,13.53,99.53,64.43,91.06,2.695884497666919,6612653.739160666,17827459.417777777,87.05699263186679,9.76,
2025/05/24 06:15:00,8.05,17.56,13.5,99.52,64.48,91.08,2.6933934390454377,6668189.004122315,17960568.266666662,87.15596589114439,9.76,
2025/05/24 06:30:00,7.96,17.53,13.46,99.51,64.51,91.11,2.6914347143787793,6679698.149834023,17978481.888888884,87.23534910410972,9.76,
2025/05/24 06:45:00,7.82,17.51,13.39,99.5,64.53,91.13,2.6857313095912962,6700670.796370195,17996704.366666663,87.36374843546747,9.69,
2025/05/24 07:00:00,7.61,17.47,13.34,99.23,64.55,91.16,2.68920326619594,6701199.243088048,18021390.401666667,87.33390757503373,9.62,
2025/05/24 07:15:00,7.55,17.47,13.3,99.18,64.57,91.18,2.690440679771329,6704894.227308009,18039619.730000008,87.34892965978152,9.64,
2025/05/24 07:30:00,7.24,17.44,13.25,98.87,64.59,91.21,2.693579621554614,6706253.33659466,18064326.084444437,87.3814970792264,9.59,
2025/05/24 07:45:00,5.73,17.41,13.19,97.49,64.6,90.34,2.701807490838495,7149853.6100002285,19318060.190000005,87.64742158650365,9.33,
2025/05/24 08:00:00,5.68,17.39,13.19,97.0,64.62,88.96,2.7185279378121465,6839143.259086136,18592921.685555547,87.26542026045547,9.27,
2025/05/24 08:15:00,5.74,17.38,13.15,96.27,64.64,88.75,2.7500347650960864,7125756.5755177215,19596632.11,86.5633908815674,9.27,
2025/05/24 08:30:00,5.63,17.39,13.16,96.3,64.66,88.55,2.746347749661852,7074456.731855188,19429466.246666666,86.69685005943757,9.29,
2025/05/24 08:45:00,5.48,17.38,13.2,96.81,64.68,88.38,2.7205153486853506,7089082.167552574,19286499.09999999,87.29296371992804,9.26,
2025/05/24 09:00:00,5.69,17.37,13.17,96.25,64.7,88.24,2.7494541771380265,6969694.663835098,19163401.351111107,86.59442522448592,9.27,
2025/05/24 09:15:00,5.64,17.38,13.17,96.87,64.7,88.1,2.723700258282692,6988170.894464462,19034215.19999999,87.18969671656525,9.3,
2025/05/24 09:30:00,5.59,17.38,13.18,96.81,64.71,87.97,2.72477596553211,6938167.0657781605,18905481.18555556,87.18554088658735,9.3,
2025/05/24 09:45:00,5.6,17.38,13.2,96.74,64.71,87.83,2.7278992196044194,6884671.806961211,18781221.16444445,87.11410688294379,9.3,
2025/05/24 10:00:00,5.66,17.39,13.17,96.67,64.71,87.7,2.7327118450306678,6833416.775201069,18674282.715000004,86.99389104826653,9.31,
2025/05/24 10:15:00,5.6,17.39,13.18,96.61,64.71,87.56,2.73349875540788,6789362.943748351,18559237.15555556,86.9994309477888,9.31,
2025/05/24 10:30:00,5.65,17.41,13.22,96.54,64.71,87.42,2.737731813492119,6736848.818582375,18444207.851666667,86.88900109299587,9.31,
2025/05/24 10:45:00,5.6,17.41,13.2,96.47,64.71,87.29,2.7391948527715333,6694133.570126025,18337053.667777784,86.87594826415821,9.31,
2025/05/24 11:00:00,5.61,17.42,13.21,96.4,64.71,87.15,2.742621874889889,6643840.6503983615,18222057.920000013,86.80438176042436,9.32,
2025/05/24 11:15:00,5.65,17.44,13.25,96.34,64.71,87.02,2.7461799033994247,6596320.391257607,18115198.19388889,86.71248230355909,9.32,
2025/05/24 11:30:00,5.67,17.46,13.28,96.27,64.72,86.88,2.7495907323662423,6543374.092189789,17992115.191111106,86.63122179272627,9.32,
2025/05/24 11:45:00,6.89,17.49,13.29,96.2,64.72,86.74,2.7893224444382643,6408957.121448446,17877168.209999993,85.38038423362785,9.39,
2025/05/24 12:00:00,8.56,17.51,13.65,95.63,64.72,86.6,2.8648626932749637,6199826.363814205,17762237.484444436,83.24826424273749,9.44,
2025/05/24 12:15:00,9.34,17.54,13.78,95.04,64.72,86.44,2.9128031410075907,6052752.116228953,17631088.126666665,81.96621701380204,9.37,
2025/05/24 12:30:00,9.48,17.56,13.83,94.46,64.72,86.28,2.943081512521921,5942690.361352635,17490444.595555555,81.31693121949606,9.36,
2025/05/24 12:45:00,9.56,17.59,13.89,94.53,64.72,86.12,2.9417870810566935,5897297.420753427,17349215.400000002,81.30080204241142,9.34,
2025/05/24 13:00:00,9.61,17.61,13.9,94.67,64.72,85.96,2.937382781443346,5858120.8094810955,17208157.119999994,81.3757199516618,9.35,
2025/05/24 13:15:00,9.62,17.65,14.01,94.81,64.72,85.8,2.927685272979085,5829317.667331444,17067024.99333333,81.4900064172279,9.25,
2025/05/24 13:30:00,9.69,17.69,13.97,94.95,64.73,85.64,2.925745813466257,5782327.703729933,16918219.431666665,81.54506204603808,9.31,
2025/05/24 13:45:00,9.97,17.71,14.09,95.09,64.73,85.48,2.927798004070147,5497312.671114811,16095606.694444442,81.39504907176152,9.3,
2025/05/24 14:00:00,10.2,17.75,14.28,95.14,64.73,85.32,2.9279442352200076,5351438.385805877,15669308.001111101,81.21470911831805,9.18,
2025/05/24 14:15:00,10.18,17.78,14.22,95.18,64.73,85.16,2.9294912296804494,5296285.306371688,15515995.934999995,81.26920987754147,9.28,
2025/05/24 14:30:00,10.58,17.81,14.41,95.52,64.86,85.23,2.927061320923341,5274440.008304381,15439207.245000003,81.17753192792956,9.3,
2025/05/24 14:45:00,10.89,17.85,14.54,95.74,65.14,85.49,2.925182343232302,5261897.852811244,15392622.422222218,81.06783728037549,9.27,
2025/05/24 15:00:00,11.03,17.9,14.56,95.8,65.41,85.76,2.926279123228307,5249269.343426688,15361432.655555563,80.9835694064466,9.26,
2025/05/24 15:15:00,11.17,17.92,14.65,95.85,65.68,86.02,2.929997670713,5229306.3667075,15322473.429999992,80.8903561659936,9.3,
2025/05/24 15:30:00,10.86,17.96,14.6,96.0,65.95,86.28,2.9194643632929496,5234927.585354688,15283781.143888887,81.32545726950072,9.45,
2025/05/24 15:45:00,9.57,17.99,14.17,97.38,66.22,87.37,2.828542626757623,5609625.223813172,15867583.05,83.79864785641598,9.75,
2025/05/24 16:00:00,8.85,18.0,14.08,98.51,66.49,89.99,2.7579475475340165,6264058.480752757,17276474.11111111,85.49174759503049,9.74,
2025/05/24 16:15:00,8.63,18.02,13.96,98.08,66.1,90.42,2.7700502525887662,6474194.125130339,17934377.31555556,85.33115939394423,9.73,
2025/05/24 16:30:00,8.55,18.03,13.97,98.02,65.59,90.15,2.7707011050234427,6556720.603693051,18167254.40444445,85.35690783345423,9.74,
2025/05/24 16:45:00,8.55,18.05,13.99,97.96,65.09,89.88,2.7739358660324918,6584049.47975499,18264276.268333327,85.30438021566654,9.76,
2025/05/24 17:00:00,8.59,18.07,13.99,97.91,64.93,89.62,2.7778729249467435,6504131.45436269,18068188.636666663,85.22147802122757,9.78,
2025/05/24 17:15:00,8.59,18.09,13.98,97.85,64.85,89.35,2.780772560713624,6421776.372916194,17858028.22222222,85.16894495132104,9.79,
2025/05/24 17:30:00,8.59,18.11,14.01,97.79,64.76,89.09,2.7814286974654756,6369923.1109526865,17718012.96833333,85.1164617107801,9.73,
2025/05/24 17:45:00,8.57,18.11,13.99,97.73,64.67,88.82,2.783117885304975,6313116.327849988,17570666.57499999,85.08348542305981,9.72,
2025/05/24 18:00:00,10.09,18.11,14.5,97.37,64.59,88.35,2.833172797293718,6202762.483182948,17574107.759999994,83.28113622855554,9.45,
2025/05/24 18:15:00,11.26,18.12,14.91,96.51,64.5,86.86,2.900638682841562,5692438.102238255,16512374.291111112,81.38174206451048,9.28,
2025/05/24 18:30:00,11.55,18.13,14.93,95.87,64.41,85.37,2.943966802594281,5249218.920328122,15454167.81333334,80.53563984420568,9.37,
2025/05/24 18:45:00,11.6,18.13,14.97,95.78,64.32,85.14,2.9459236047375517,5202485.245229025,15326769.07666667,80.40771708627258,9.28,
2025/05/24 19:00:00,11.47,18.12,14.92,95.69,64.24,85.16,2.9470117969723826,5217303.482120432,15376094.237777779,80.45589640845279,9.3,
2025/05/24 19:15:00,11.35,18.12,14.86,95.59,64.15,85.18,2.950109036563285,5230957.385799516,15432525.515,80.48537323867984,9.35,
2025/05/24 19:30:00,11.23,18.11,14.82,95.5,64.06,85.2,2.950147446131234,5249932.160335578,15488701.347777778,80.52369335182347,9.34,
2025/05/24 19:45:00,11.13,18.11,14.77,95.4,63.97,85.22,2.9521072878453087,5269988.287045337,15558192.222222222,80.53354155291464,9.35,
2025/05/24 20:00:00,10.95,18.11,14.7,95.31,63.89,85.24,2.946486743485702,5308426.661251869,15641818.927777773,80.63067811986103,9.25,
2025/05/24 20:15:00,10.77,18.1,14.66,95.22,63.8,85.26,2.946269744499798,5339808.192251969,15733123.596666673,80.72743554576981,9.28,
2025/05/24 20:30:00,10.6,18.1,14.61,95.12,63.71,85.28,2.944341332771992,5374355.032943683,15824538.106666667,80.80567116854886,9.25,
2025/05/24 20:45:00,10.47,18.1,14.53,95.03,63.61,85.3,2.9440236756851705,5408434.581610218,15923151.969999995,80.85347545546514,9.24,
2025/05/24 21:00:00,10.34,18.09,14.5,94.93,63.49,85.32,2.9453549214524855,5444584.841653509,16036828.579444438,80.89230298053073,9.26,
2025/05/24 21:15:00,10.18,18.09,14.43,94.84,63.37,85.34,2.94559855908404,5482689.820137692,16150389.890555559,80.96917984736001,9.29,
2025/05/24 21:30:00,10.1,18.08,14.41,94.77,63.25,85.36,2.945514115523048,5521533.652436152,16264344.469999997,80.98561960092795,9.27,
2025/05/24 21:45:00,10.09,18.08,14.38,94.73,63.13,85.38,2.9466602042106222,5558018.417448819,16378180.499999993,80.96009636332255,9.26,
2025/05/24 22:00:00,10.25,18.07,14.44,94.58,63.01,85.4,2.9575756918006646,5576122.818197464,16492413.049444448,80.67131654036388,9.23,
2025/05/24 22:15:00,9.9,18.07,14.31,94.3,62.89,85.42,2.962215317363802,5606004.771032612,16606785.39666667,80.76542839313132,9.31,
2025/05/24 22:30:00,9.99,18.05,14.31,94.35,62.77,85.44,2.9598706455862565,5649042.672052262,16721034.317777772,80.72202561830234,9.23,
2025/05/24 22:45:00,9.84,18.05,14.25,94.41,62.65,85.46,2.957348567360941,5700690.096626043,16859521.084999993,80.92115063647205,9.37,
2025/05/24 23:00:00,9.74,18.04,14.25,94.46,62.53,85.48,2.9507725279260546,5762548.943683531,17004569.175,81.06312339299764,9.34,
2025/05/24 23:15:00,9.58,18.04,14.17,94.52,62.41,85.5,2.9442729379635084,5821705.068606311,17141277.12,81.27230377722508,9.38,
2025/05/24 23:30:00,9.52,18.04,14.17,94.57,62.29,85.52,2.938693832507578,5875924.902722973,17268135.35944444,81.37523195335272,9.34,
2025/05/24 23:45:00,8.24,18.03,13.87,95.05,62.17,86.16,2.8800353692635166,6200093.668522635,17857040.464999992,83.04844879398378,9.43,
2025/05/25 00:00:00,6.25,18.03,13.68,96.11,62.65,88.17,2.7703568302989057,6938687.6831628205,19223175.35111111,85.92553458901341,9.25,
2025/05/25 00:15:00,5.46,18.02,13.88,99.43,65.87,89.91,2.6219671679821706,6987865.834478613,18322445.264444437,89.61031071163465,9.51,
2025/05/25 00:30:00,5.64,18.0,13.79,97.82,65.16,90.19,2.685627808432347,7108362.629702571,19090938.612777777,88.02520220512592,9.32,
2025/05/25 00:45:00,5.71,18.0,13.77,97.2,64.44,89.98,2.7124610528950877,7186691.962927824,19494161.267777782,87.41197742942391,9.31,
2025/05/25 01:00:00,5.72,17.99,13.75,97.03,63.73,89.76,2.719672466481966,7310596.096269006,19882977.90111111,87.25259642885734,9.31,
2025/05/25 01:15:00,5.7,17.95,13.72,97.07,63.9,89.55,2.7171767579517674,7208296.490852628,19586758.949999996,87.30736676665684,9.3,
2025/05/25 01:30:00,5.69,17.96,13.73,97.11,64.1,89.33,2.715272616934042,7086607.428391276,19242604.223333333,87.35232423981853,9.3,
2025/05/25 01:45:00,5.72,17.96,13.75,97.15,64.3,89.11,2.714128487753387,6963083.766292507,18899229.763333336,87.35835653212686,9.29,
2025/05/25 02:00:00,5.67,17.94,13.73,97.19,64.5,89.07,2.7108193442560684,6885096.546115857,18664771.124999993,87.4423563877926,9.28,
2025/05/25 02:15:00,5.69,17.95,13.73,97.35,64.7,89.1,2.7051483536102756,6949189.963349501,18799108.77777777,87.56356205717185,9.29,
2025/05/25 02:30:00,5.72,17.93,13.71,97.57,64.9,89.14,2.6972898210560694,6933126.979981624,18701166.73333333,87.72767591566199,9.3,
2025/05/25 02:45:00,5.64,17.92,13.7,97.78,65.1,89.17,2.6872584551918397,6919668.000175383,18595444.31555556,87.99007032474434,9.32,
2025/05/25 03:00:00,5.68,17.91,13.65,98.0,65.3,89.21,2.6800056674329733,6901598.384052253,18496821.16333333,88.14410270625382,9.34,
2025/05/25 03:15:00,5.57,17.89,13.73,98.73,65.47,89.24,2.6504470193213154,6887201.982649209,18254658.784999996,88.89092880167021,9.43,
2025/05/25 03:30:00,5.56,17.88,13.69,98.19,65.4,89.28,2.669133008586069,6866998.401658266,18329430.97333333,88.4278763971326,9.34,
2025/05/25 03:45:00,5.53,17.87,13.69,98.02,65.32,89.31,2.674598036700353,6841938.379705369,18299935.848333336,88.30808083028998,9.32,
2025/05/25 04:00:00,5.59,17.85,13.65,98.03,65.24,89.35,2.675423229157242,6831142.961845372,18276696.67388889,88.25840046577318,9.31,
2025/05/25 04:15:00,5.67,17.84,13.65,98.05,65.17,89.48,2.6763566556565013,7010381.083929172,18762792.93777778,88.19798029501995,9.3,
2025/05/25 04:30:00,5.65,17.83,13.65,98.07,65.09,89.62,2.675357272570962,7068800.571423646,18912084.88888889,88.23497903685987,9.31,
2025/05/25 04:45:00,5.63,17.81,13.63,98.09,65.01,89.75,2.6740196785515953,7125148.112059653,19053307.582222216,88.27203841675339,9.31,
2025/05/25 05:00:00,5.61,17.8,13.61,98.11,64.94,89.89,2.6730207599905373,7180402.842257623,19193889.458333336,88.30903576139191,9.32,
2025/05/25 05:15:00,5.61,17.79,13.6,98.13,64.86,90.02,2.672205587392731,7235176.962112382,19334407.47333333,88.32658401245403,9.32,
2025/05/25 05:30:00,5.59,17.77,13.57,98.15,64.78,90.16,2.6712066506229983,7283741.346073892,19456907.249999993,88.36358020457399,9.33,
2025/05/25 05:45:00,5.57,17.76,13.56,98.17,64.71,90.3,2.6698722836800295,7323307.604346141,19552827.10333333,88.40063620226351,9.33,
2025/05/25 06:00:00,5.56,17.75,13.57,98.19,64.63,90.43,2.6697969130046193,7359040.18014765,19647678.966666676,88.42775759360319,9.36,
2025/05/25 06:15:00,5.7,17.73,13.55,99.56,64.55,90.54,2.6192486308166014,6989702.2809254415,18308252.655000005,89.48997900467616,9.41,
2025/05/25 06:30:00,6.15,17.71,13.5,99.4,64.48,90.61,2.6395278303105734,6938190.2847801605,18314033.595,88.91025863883303,9.48,
2025/05/25 06:45:00,6.86,17.69,13.5,99.24,64.4,90.69,2.666400572208682,6875172.1350409305,18332461.00888888,88.07635541798199,9.54,
2025/05/25 07:00:00,7.15,17.68,13.43,99.08,64.32,90.77,2.681347307165369,6867233.065319316,18413934.55,87.65303214823305,9.56,
2025/05/25 07:15:00,7.52,17.66,13.45,98.92,64.25,90.84,2.697844098622631,6858273.938113375,18503063.644999996,87.15146519332039,9.56,
2025/05/25 07:30:00,7.59,17.65,13.43,98.77,64.17,90.92,2.7081609179955306,6870046.306077585,18605705.402777772,86.95181405007483,9.62,
2025/05/25 07:45:00,7.64,17.63,13.42,98.66,64.09,90.99,2.7138207692567913,6890938.085198031,18701290.972222216,86.80681079948651,9.61,
2025/05/25 08:00:00,7.71,17.62,13.43,98.59,64.02,91.07,2.717988940964065,6915499.993680687,18796779.008333333,86.67721892771043,9.59,
2025/05/25 08:15:00,7.79,17.6,13.46,98.52,63.96,91.14,2.723478386521941,6931481.968455916,18878278.21,86.5377662084232,9.6,
2025/05/25 08:30:00,7.84,17.6,13.43,98.45,63.9,91.22,2.728849022278694,6950218.918743756,18966635.282222223,86.42759816857321,9.63,
2025/05/25 08:45:00,7.78,17.59,13.45,98.38,63.85,91.3,2.730183338295737,6976724.53374432,19048280.9,86.42504496852504,9.63,
2025/05/25 09:00:00,7.94,17.56,13.45,98.31,63.79,91.37,2.7372121679317236,6988487.279008774,19129524.773333333,86.20738790373173,9.62,
2025/05/25 09:15:00,7.81,17.56,13.39,98.24,63.74,91.45,2.735941337106528,7021399.743363183,19210684.117777772,86.27329755074271,9.6,
2025/05/25 09:30:00,7.81,17.54,13.39,98.17,63.68,91.52,2.739257800168023,7042493.998389155,19291758.933333326,86.21201207925998,9.61,
2025/05/25 09:45:00,7.65,17.54,13.4,98.07,63.64,91.6,2.7370667204039654,7075190.2903171675,19365822.959999993,86.28101990638581,9.55,
2025/05/25 10:00:00,7.54,17.54,13.31,98.1,63.69,91.67,2.7334546581116608,7086403.069037911,19370903.75,86.41474129263004,9.57,
2025/05/25 10:15:00,7.35,17.53,13.28,98.52,63.75,91.75,2.710560312606734,7148010.719525246,19375646.888888888,86.96802722356128,9.57,
2025/05/25 10:30:00,7.36,17.53,13.33,98.75,63.8,91.83,2.7004351323415845,7179123.548886007,19387293.646111112,87.1594154701465,9.55,
2025/05/25 10:45:00,7.53,17.51,13.32,98.98,63.86,91.9,2.6980200981871865,7184734.287185377,19385094.153333336,87.19391317713101,9.63,
2025/05/25 11:00:00,8.07,17.51,13.37,99.54,63.91,91.97,2.691670810505293,6701840.073693205,18039650.84777778,87.15385459249717,9.72,
2025/05/25 11:15:00,8.6,17.52,13.61,100.07,63.96,91.91,2.6796516159751356,6693147.630879419,17935830.213888884,87.09611325187396,9.64,
2025/05/25 11:30:00,8.76,17.53,13.68,99.79,64.02,91.85,2.6964317575206063,6621375.2942946125,17854624.076666664,86.69578179392498,9.65,
2025/05/25 11:45:00,8.99,17.55,13.71,99.51,64.07,91.79,2.7136183436261305,6551889.016582016,17779868.26000001,86.22674494548103,9.62,
2025/05/25 12:00:00,8.96,17.56,13.75,99.24,64.12,91.73,2.7250676223665637,6496821.320180923,17704825.06833333,86.0209671340464,9.63,
2025/05/25 12:15:00,8.89,17.57,13.75,99.32,64.18,91.67,2.7211994846320886,6476255.6354607865,17623725.985555552,86.15920400633932,9.67,
2025/05/25 12:30:00,8.84,17.6,13.74,99.46,64.23,91.61,2.712979367844599,6468364.906932031,17549072.578888886,86.33014861515821,9.65,
2025/05/25 12:45:00,9.03,17.59,13.73,99.6,64.28,91.55,2.7141971145144566,6437970.968254423,17474452.379999995,86.26582291764285,9.71,
2025/05/25 13:00:00,9.24,17.58,13.8,99.7,64.34,91.49,2.71266027974988,6411757.750169454,17393458.958333325,86.14705023035016,9.64,
2025/05/25 13:15:00,9.53,17.6,13.9,99.7,64.39,91.43,2.7211719347396253,6364300.638911129,17318906.684444446,85.86272326693128,9.66,
2025/05/25 13:30:00,9.41,17.59,13.86,99.69,64.45,91.37,2.7172151397904307,6343789.928292828,17237984.206666663,85.97169849638439,9.63,
2025/05/25 13:45:00,9.44,17.61,13.87,99.67,64.5,91.31,2.72207715423352,6296977.566705841,17141397.991666667,85.92485980141595,9.71,
2025/05/25 14:00:00,9.6,17.6,13.9,99.65,64.55,91.25,2.725272328042286,6262990.200717909,17068897.63333334,85.75060104924111,9.66,
2025/05/25 14:15:00,9.56,17.61,13.91,99.62,64.61,91.19,2.723923856278798,6237362.140758159,16990640.369999997,85.76374750750603,9.62,
2025/05/25 14:30:00,9.44,17.63,13.86,99.61,64.66,91.13,2.7223753625594607,6214521.657890394,16918788.72444444,85.87268556337057,9.65,
2025/05/25 14:45:00,9.27,17.63,13.85,99.67,64.71,91.07,2.7163627831207924,6201719.920571591,16846643.782222223,86.09152219338334,9.68,
2025/05/25 15:00:00,9.45,17.66,13.89,99.74,64.77,91.01,2.718454296053361,6168176.665728882,16768428.551111113,85.97593948691973,9.69,
2025/05/25 15:15:00,9.5,17.67,13.93,99.8,64.82,90.95,2.7175164475019438,6143879.367277207,16696617.080000006,85.97908372726295,9.7,
2025/05/25 15:30:00,9.64,17.7,14.06,99.86,64.88,90.89,2.716549319560781,6117280.324733626,16618429.135000004,85.8939597071262,9.65,
2025/05/25 15:45:00,9.87,17.74,14.1,99.92,64.93,90.83,2.7191252156998478,6085085.661414782,16546643.788888883,85.7204980100853,9.63,
2025/05/25 16:00:00,9.91,17.76,14.14,99.99,64.98,90.77,2.717868011656772,6061492.677882432,16474871.214999992,85.74206047706227,9.65,
2025/05/25 16:15:00,9.84,17.77,14.06,100.31,65.04,90.73,2.707366988187263,6060863.942651344,16409498.917777775,86.08861942002991,9.79,
2025/05/25 16:30:00,10.1,17.75,14.19,100.39,65.09,90.69,2.7047785102143997,6044853.629532028,16350525.155555548,85.9028048633393,9.65,
2025/05/25 16:45:00,10.21,17.74,14.19,100.19,65.14,90.66,2.7192887240759087,5993261.675275547,16297948.186666662,85.62132898632476,9.71,
2025/05/25 17:00:00,10.18,17.76,14.24,99.98,65.2,90.62,2.726749063789408,5952791.911391558,16232313.826666668,85.4684517166092,9.68,
2025/05/25 17:15:00,9.98,17.76,14.16,99.78,65.25,90.59,2.7300254832986135,5926401.1933487505,16179757.525555555,85.49093059455437,9.67,
2025/05/25 17:30:00,9.81,17.76,14.08,99.86,65.26,90.56,2.7255026273364886,5933336.731535983,16171842.927777775,85.72723307375236,9.76,
2025/05/25 17:45:00,10.02,17.78,14.22,100.13,65.27,90.52,2.7165502095184557,5949106.197696604,16161578.124999998,85.75570691463632,9.7,
2025/05/25 18:00:00,10.2,17.78,14.23,100.28,65.28,90.49,2.7136754537631296,5954063.662167331,16157929.333333328,85.70922759437796,9.68,
2025/05/25 18:15:00,10.45,17.8,14.36,100.21,65.29,90.45,2.716811084929884,5943454.178903972,16147792.83333333,85.40307702516883,9.53,
2025/05/25 18:30:00,10.45,17.8,14.38,100.15,65.3,90.42,2.7235976548656073,5927248.488284562,16143996.000000002,85.3510042205517,9.62,
2025/05/25 18:45:00,10.8,17.81,14.52,99.92,65.31,90.38,2.737102774119505,5886891.649974274,16113608.793333331,84.8077778517614,9.48,
2025/05/25 19:00:00,10.76,17.82,14.51,99.34,65.32,90.35,2.762007300689478,5812611.09697982,16055058.25611111,84.343144114646,9.46,
2025/05/25 19:15:00,10.39,17.83,14.31,99.55,65.31,90.32,2.750679637807611,5819863.7359670745,16009124.70055555,84.88876279882878,9.65,
2025/05/25 19:30:00,10.54,17.87,14.43,99.64,65.29,90.28,2.7502175383240126,5804260.597075134,15963534.253333328,84.81979505738386,9.64,
2025/05/25 19:45:00,10.51,17.91,14.48,99.57,65.27,90.25,2.750016944321104,5790442.858264903,15924371.136666669,84.78839874832674,9.58,
2025/05/25 20:00:00,10.56,17.88,14.4,99.5,65.24,90.21,2.755884875161235,5797894.798324205,15978881.471666664,84.67847946885036,9.61,
2025/05/25 20:15:00,10.5,17.83,14.41,99.43,65.22,90.18,2.755290382373665,5837629.979591251,16084929.81333334,84.6765025623775,9.56,
2025/05/25 20:30:00,10.41,17.82,14.36,99.36,65.19,90.15,2.756914281712391,5818425.826113937,16041457.813333338,84.70392194202677,9.58,
2025/05/25 20:45:00,10.31,17.83,14.32,99.29,65.17,90.11,2.7590721946617007,5813942.076475847,16041635.23111111,84.74111599013781,9.62,
2025/05/25 21:00:00,10.26,17.83,14.33,99.22,65.15,90.08,2.75792635698095,5818747.9445340345,16048229.064999994,84.72927296472368,9.55,
2025/05/25 21:15:00,10.15,17.83,14.23,99.5,65.12,90.04,2.7451817956475755,5848166.667609233,16054812.448888889,85.08074380781997,9.62,
2025/05/25 21:30:00,10.07,17.84,14.23,99.5,65.1,90.01,2.7417577193555376,5857868.3992585875,16061385.382777782,85.15922784689008,9.59,
2025/05/25 21:45:00,10.14,17.88,14.3,99.5,65.08,89.98,2.7423650654828426,5859067.723285679,16068236.983333338,85.09057749650928,9.56,
2025/05/25 22:00:00,10.14,17.83,14.24,99.5,65.05,89.94,2.74236532168643,5861456.792479562,16074788.90111111,85.09057749650889,9.56,
2025/05/25 22:15:00,10.05,17.83,14.22,99.5,65.03,89.91,2.7399442773098177,5869024.753158334,16081330.368888885,85.1788623542342,9.56,
2025/05/25 22:30:00,10.1,17.85,14.26,99.48,65.01,89.87,2.742196453336325,5864225.8669642825,16081392.604444446,85.11242146799574,9.56,
2025/05/25 22:45:00,10.1,17.83,14.27,99.39,64.98,89.84,2.7467055910207305,5859325.607435028,16094381.954444444,85.0341264770656,9.57,
2025/05/25 23:00:00,10.25,17.85,14.3,99.31,64.96,89.81,2.7535545749352877,5847114.418439033,16100892.072222227,84.81740045562054,9.55,
2025/05/25 23:15:00,10.14,17.88,14.28,99.23,64.93,89.77,2.7546293057927675,5847195.224839191,16107391.739999993,84.85566897330499,9.56,
2025/05/25 23:30:00,10.17,17.9,14.28,99.14,64.91,89.74,2.7603788595869188,5837471.829897668,16114169.261666663,84.74789008305352,9.58,
2025/05/25 23:45:00,10.22,17.87,14.27,99.06,64.89,89.7,2.765803047119202,5826016.010193321,16114152.89,84.62919434406737,9.59,
2025/05/26 00:00:00,9.87,17.88,14.14,98.77,65.27,89.94,2.773174882867473,5902932.788747661,16370395.249999998,84.71961170808561,9.69,
2025/05/26 00:15:00,9.56,17.85,14.06,98.65,65.26,89.87,2.7709669392054455,6121474.228513258,16962944.270555552,84.91870310188307,9.72,
2025/05/26 00:30:00,9.19,17.84,13.99,98.54,65.26,89.78,2.765446516237764,6116825.576498797,16916283.97555555,85.1850888348095,9.72,
2025/05/26 00:45:00,8.7,17.86,13.88,98.52,65.26,89.69,2.7533286317575754,6390501.005393596,17595678.99833333,85.64729764098318,9.74,
2025/05/26 01:00:00,8.59,17.86,13.85,98.55,65.25,89.6,2.7482863047945774,6385274.637369711,17549085.583333325,85.78117418768372,9.72,
2025/05/26 01:15:00,8.52,17.87,13.79,98.59,65.25,89.51,2.7442774283411393,6376924.153792607,17500560.195555557,85.88462846212524,9.71,
2025/05/26 01:30:00,8.58,17.86,13.81,98.67,65.25,89.42,2.7417779949254935,6364994.110623119,17451913.58777778,85.8957985721011,9.69,
2025/05/26 01:45:00,8.9,17.85,13.95,98.66,65.2,89.33,2.7506833486976494,6339787.167777019,17439281.859999996,85.57382874001578,9.68,
2025/05/26 02:00:00,8.95,17.86,13.99,98.6,65.15,89.24,2.7568218435622125,6321067.060006532,17426596.256666657,85.47245007499389,9.74,
2025/05/26 02:15:00,9.02,17.86,13.98,98.54,65.1,89.15,2.761394924266282,6305985.608687231,17413856.777777787,85.3515289092686,9.74,
2025/05/26 02:30:00,8.97,17.85,13.95,98.48,65.05,89.06,2.762959283998118,6297886.785681101,17401342.206111114,85.34807340604064,9.75,
2025/05/26 02:45:00,8.93,17.84,13.94,98.42,65.0,88.96,2.7644484907510725,6286618.781746814,17379571.024444442,85.33481692359777,9.75,
2025/05/26 03:00:00,8.88,17.85,13.97,98.36,64.95,88.87,2.765991300757267,6275734.39968021,17359166.586666666,85.33132659488314,9.76,
2025/05/26 03:15:00,8.84,17.86,13.96,98.3,64.9,88.78,2.767804763497236,6264241.105055354,17338733.353333328,85.31803208801009,9.77,
2025/05/26 03:30:00,8.81,17.86,13.93,98.25,64.86,88.69,2.769124204531159,6251245.247045255,17311006.948888887,85.3036836696217,9.77,
2025/05/26 03:45:00,8.89,17.87,13.98,97.75,64.81,88.6,2.7880158991517288,6386502.898302061,17806230.823333327,84.78813758549488,9.62,
2025/05/26 04:00:00,8.81,17.89,13.94,96.71,64.76,88.43,2.8310981240242072,6474356.928078987,18330120.325,83.95426175114272,9.62,
2025/05/26 04:15:00,8.5,17.83,13.79,96.23,64.71,88.24,2.8417372328097383,6417162.360798255,18236457.207222223,83.83507511824877,9.59,
2025/05/26 04:30:00,8.15,17.81,13.67,96.38,64.66,88.05,2.8232322702557697,6376165.582967824,18001938.075,84.30900388107378,9.54,
2025/05/26 04:45:00,8.24,17.78,13.67,96.5,64.61,87.93,2.8219995776432754,6385189.091360032,18019546.67333334,84.32659762888882,9.58,
2025/05/26 05:00:00,8.18,17.76,13.65,96.5,64.56,87.86,2.8202236271777186,6441669.425421039,18167498.00555555,84.38518984876339,9.58,
2025/05/26 05:15:00,8.26,17.73,13.66,96.36,64.51,87.78,2.8286218822099785,6391729.676709722,18080341.406111106,84.18388610644784,9.58,
2025/05/26 05:30:00,8.18,17.73,13.64,96.2,64.46,87.7,2.832810641337897,6386052.77246885,18091032.10444445,84.12116724960345,9.57,
2025/05/26 05:45:00,7.97,17.72,13.59,96.03,64.41,87.62,2.8332078979471134,6388806.3508400135,18101365.528888896,84.17643486555173,9.55,
2025/05/26 06:00:00,7.93,17.71,13.53,95.87,64.36,87.54,2.838555465888879,6379907.725743898,18110266.142222222,84.07444852453699,9.54,
2025/05/26 06:15:00,7.93,17.7,13.53,95.7,64.31,87.46,2.844932333741956,6356328.377904407,18083870.71944444,83.92459691408357,9.51,
2025/05/26 06:30:00,7.82,17.73,13.54,95.54,64.26,87.38,2.8490435777904235,6337800.605921042,18057214.511111103,83.89060671797296,9.53,
2025/05/26 06:45:00,7.54,17.67,13.43,95.4,64.21,87.3,2.843257845144367,6341328.2082107905,18030566.66277778,84.0404056332372,9.42,
2025/05/26 07:00:00,7.45,17.66,13.44,95.4,64.16,87.22,2.8426112447899743,6333398.619867122,18003927.17444445,84.12784742230814,9.49,
2025/05/26 07:15:00,7.39,17.65,13.43,95.4,64.11,87.14,2.8405069671679835,6328715.480463383,17977296.04611111,84.18637094998586,9.48,
2025/05/26 07:30:00,7.39,17.63,13.41,95.4,64.06,87.06,2.839924934834757,6320732.439690102,17950940.333333332,84.1864546901002,9.46,
2025/05/26 07:45:00,7.48,17.62,13.37,95.4,64.01,86.98,2.841750630937332,6324763.624180291,17973933.119999997,84.09885447551632,9.43,
2025/05/26 08:00:00,7.72,17.6,13.41,94.35,63.96,86.79,2.8914339673081693,6376393.816153562,18437490.243333336,82.93603226854478,9.34,
2025/05/26 08:15:00,8.32,17.61,13.61,94.24,63.91,86.51,2.917573371481503,6275826.829446884,18310784.92222223,82.25349427645381,9.42,
2025/05/26 08:30:00,8.59,17.61,13.68,94.14,63.86,86.22,2.9297210216000087,6210192.102052979,18194740.69111111,81.901762934196,9.39,
2025/05/26 08:45:00,8.58,17.62,13.64,94.03,63.81,85.94,2.933646095386078,6164629.834852237,18085442.515555553,81.81406438448248,9.37,
2025/05/26 09:00:00,8.63,17.61,13.68,93.92,63.76,85.65,2.940128739306048,6109740.991815337,17964030.932222225,81.66776035352797,9.37,
2025/05/26 09:15:00,8.88,17.67,13.76,93.82,63.71,85.37,2.9527112260904,5991503.919265224,17691784.513333336,81.33531818538643,9.37,
2025/05/26 09:30:00,8.91,17.62,13.73,93.71,63.66,85.08,2.9586051529999304,5885234.651743225,17412684.520000003,81.20846440393026,9.37,
2025/05/26 09:45:00,8.73,17.62,13.73,93.6,63.43,84.81,2.956681926689746,5812410.553779718,17186039.811111107,81.28640084859735,9.34,
2025/05/26 10:00:00,8.7,17.63,13.72,93.71,63.19,84.82,2.9489145630579614,5988354.180655879,17659746.20666666,81.4135600936787,9.28,
2025/05/26 10:15:00,9.06,17.65,13.83,94.4,62.96,84.82,2.9329508786372944,6049487.561584411,17743463.246666662,81.67369408190325,9.38,
2025/05/26 10:30:00,8.48,17.68,13.68,93.09,62.84,84.82,2.970215650349897,6034053.731195303,17923043.94222221,81.07677833387704,9.31,
2025/05/26 10:45:00,8.61,17.69,13.71,94.04,62.9,84.82,2.935087983295126,6127584.226175142,17985596.248888884,81.79356830478106,9.4,
2025/05/26 11:00:00,8.9,17.72,13.81,94.12,62.96,84.83,2.9412350304784964,6129574.597499501,18029131.064999994,81.5816742791641,9.41,
2025/05/26 11:15:00,9.18,17.74,13.86,93.88,63.02,84.83,2.961103913520177,5952696.184471936,17627160.668333333,81.09583061505032,9.41,
2025/05/26 11:30:00,9.19,17.76,13.91,93.63,63.07,84.83,2.9714262059702037,5939246.825787661,17648651.09333333,80.86444454142867,9.37,
2025/05/26 11:45:00,8.66,17.77,13.76,93.81,63.13,84.83,2.9471822740504185,5992462.793578336,17661466.044444438,81.54076672408539,9.41,
2025/05/26 12:00:00,8.93,17.8,13.87,94.04,63.19,84.84,2.9463851004760997,6001171.174242793,17682359.65833334,81.48144208534933,9.43,
2025/05/26 12:15:00,8.93,17.82,13.88,94.21,63.25,84.84,2.9388229184385204,5937758.298977512,17450606.873333335,81.63209173493527,9.43,
2025/05/26 12:30:00,8.9,17.87,13.95,94.23,63.31,84.84,2.936653312751061,5926737.334465772,17405360.347222224,81.67910468906072,9.42,
2025/05/26 12:45:00,8.86,17.82,13.91,94.26,63.37,84.84,2.9340290933797175,5916696.036065668,17360344.99833334,81.74469480139528,9.42,
2025/05/26 13:00:00,9.11,17.84,13.94,94.28,63.43,84.85,2.940897571349247,5890228.909194764,17323148.919999998,81.51856368053662,9.41,
2025/05/26 13:15:00,9.28,17.91,14.0,94.31,63.48,84.85,2.944076215931977,5871230.64929593,17285937.74722222,81.37934069870303,9.38,
2025/05/26 13:30:00,9.27,17.92,14.03,94.34,63.54,84.85,2.942731939951341,5858512.816743782,17240621.089999996,81.4156242048159,9.39,
2025/05/26 13:45:00,9.11,18.03,14.07,94.36,63.6,84.85,2.9369998454931885,5854515.668666617,17195286.319444437,81.5894292027976,9.4,
2025/05/26 14:00:00,9.13,18.0,14.07,94.39,63.66,84.85,2.936944465838585,5839182.896346459,17149933.435555555,81.59640573108794,9.42,
2025/05/26 14:15:00,9.36,18.01,14.1,94.41,63.72,84.86,2.941482661844834,5817583.911719481,17112902.815555554,81.38983565876255,9.36,
2025/05/26 14:30:00,9.37,18.02,14.14,94.44,63.78,84.86,2.9407875675926527,5803523.983753294,17067514.51777778,81.40658692500176,9.37,
2025/05/26 14:45:00,9.38,18.03,14.12,94.46,63.84,84.86,2.942198290403732,5785310.398630701,17022108.106666666,81.41433575871673,9.43,
2025/05/26 15:00:00,9.54,18.05,14.19,94.49,63.89,84.86,2.946020501705301,5765132.331689695,16984783.145,81.2846802991983,9.43,
2025/05/26 15:15:00,9.49,18.07,14.2,94.51,63.95,84.87,2.9438290879964657,5756740.9409643505,16947443.088888887,81.35115727561005,9.44,
2025/05/26 15:30:00,9.52,18.11,14.22,94.54,64.01,84.87,2.943774808609214,5741406.6467423495,16901985.356666666,81.34837435683748,9.45,
2025/05/26 15:45:00,9.59,18.15,14.26,94.56,64.07,84.87,2.9454658289108817,5722753.524145225,16856751.022222232,81.29768911531326,9.46,
2025/05/26 16:00:00,9.65,18.12,14.24,94.59,64.13,84.87,2.94605310768523,5706170.116383947,16811256.36666667,81.26562744739212,9.46,
2025/05/26 16:15:00,9.74,18.14,14.34,94.61,64.19,84.88,2.9463736957157036,5693420.809114717,16775532.461111108,81.19554650146013,9.41,
2025/05/26 16:30:00,9.77,18.16,14.32,94.63,64.25,84.88,2.946089037857463,5686810.742316648,16754431.008333331,81.1839516711289,9.4,
2025/05/26 16:45:00,9.8,18.17,14.35,94.65,64.31,84.88,2.9461453020782065,5666432.942404756,16694715.992777774,81.17232621440003,9.4,
2025/05/26 17:00:00,9.74,18.18,14.28,94.66,64.36,84.88,2.943412369757317,5654512.510093335,16644128.819999995,81.23979606445108,9.39,
2025/05/26 17:15:00,9.94,18.2,14.4,94.68,64.42,84.89,2.949292879314677,5646243.7627904555,16653010.274999997,81.06207776432188,9.4,
2025/05/26 17:30:00,10.03,18.25,14.47,94.7,64.48,84.89,2.952684059837338,5545939.0450114915,16375983.909999995,80.99172197006132,9.44,
2025/05/26 17:45:00,10.13,18.31,14.5,94.7,64.54,84.89,2.954518578106124,5587461.653426176,16508838.011111105,80.89410801507,9.4,
2025/05/26 18:00:00,10.14,18.27,14.5,94.7,64.6,84.86,2.9566010920335946,5556920.5768093355,16430180.164444447,80.88422145771476,9.45,
2025/05/26 18:15:00,10.27,18.29,14.52,94.7,64.66,84.82,2.9579646614312134,5566034.949336249,16464719.039999995,80.75736848123613,9.37,
2025/05/26 18:30:00,10.13,18.29,14.51,94.7,64.64,84.79,2.955578846791412,5565390.872917835,16449533.100000003,80.89403709988835,9.43,
2025/05/26 18:45:00,9.99,18.31,14.49,94.69,64.57,84.76,2.9528716345742074,5579092.644697516,16474919.981666677,81.02189970967335,9.47,
2025/05/26 19:00:00,9.96,18.28,14.46,94.68,64.5,84.73,2.952690238715387,5588102.790671445,16500512.960555557,81.04235052053846,9.48,
2025/05/26 19:15:00,9.93,18.28,14.47,94.67,64.42,84.7,2.9528364386489474,5599244.0674286345,16534231.046666669,81.06277902320318,9.5,
2025/05/26 19:30:00,9.89,18.29,14.46,94.66,64.35,84.67,2.9516588738625695,5610369.169040907,16560472.622222228,81.09303589585578,9.49,
2025/05/26 19:45:00,9.88,18.29,14.45,94.65,64.27,84.64,2.9511219641836894,5627922.847440843,16609263.440000003,81.09401039705699,9.47,
2025/05/26 20:00:00,9.99,18.28,14.49,94.64,64.2,84.61,2.9537853221228385,5636614.592251603,16649936.001111105,80.97781132784111,9.43,
2025/05/26 20:15:00,9.97,18.28,14.46,94.63,64.12,84.58,2.9532484429861143,5654106.3520379905,16698564.263333328,80.98853727326869,9.42,
2025/05/26 20:30:00,9.96,18.3,14.48,94.62,64.05,84.55,2.9537268777394217,5666982.463209709,16739303.472222222,80.98944452209267,9.43,
2025/05/26 20:45:00,9.96,18.32,14.51,94.62,63.98,84.52,2.9544116047086333,5679467.954371903,16780074.26333333,80.98939723167891,9.45,
2025/05/26 21:00:00,9.83,18.28,14.4,94.61,63.9,84.48,2.9513174830657665,5662088.643767064,16711195.526666671,81.10749525771182,9.47,
2025/05/26 21:15:00,9.98,18.25,14.45,94.6,63.83,84.45,2.9563146321462908,5671355.063863704,16766899.832222225,80.95216170156841,9.46,
2025/05/26 21:30:00,9.91,18.24,14.41,94.6,63.75,84.42,2.953699334992585,5672592.360473134,16755716.35833333,81.02056284391634,9.45,
2025/05/26 21:45:00,9.85,18.21,14.38,94.6,63.68,84.39,2.9517502839568337,5655145.090338413,16693157.433333334,81.07916876267595,9.45,
2025/05/26 22:00:00,9.96,18.2,14.4,94.11,63.6,84.36,2.975707819967226,5559082.054577252,16542791.686666664,80.53844152793428,9.39,
2025/05/26 22:15:00,9.93,18.17,14.41,94.67,63.57,84.39,2.9487205864312926,5599284.897034363,16511311.409999998,81.06306442102198,9.38,
2025/05/26 22:30:00,10.04,18.16,14.34,94.71,63.57,84.46,2.94971543687932,5388119.734584395,15893974.292777771,80.99098730075823,9.36,
2025/05/26 22:45:00,10.32,18.17,14.53,95.04,63.57,84.52,2.9419568700331853,5408328.982881522,15911650.699999994,81.00873744201039,9.32,
2025/05/26 23:00:00,10.32,18.13,14.49,94.85,63.58,84.59,2.949994976450305,5399529.109368963,15929166.873888891,80.84113032539466,9.3,
2025/05/26 23:15:00,10.0,18.06,14.33,94.65,63.58,84.65,2.951537918763997,5402591.174540587,15946522.814444445,80.9770318256933,9.37,
2025/05/26 23:30:00,10.18,18.05,14.39,94.6,63.58,84.72,2.9574545681647426,5400147.14656933,15971273.523333335,80.75714443668915,9.31,
2025/05/26 23:45:00,10.2,18.02,14.37,94.6,63.58,84.79,2.9550410992384712,5412869.503512144,15995837.29333334,80.73785281982667,9.23,
2025/05/27 00:00:00,10.18,18.01,14.36,95.1,63.64,86.16,2.932799075200177,5794964.997944448,16996082.962222215,81.19868365505135,9.27,
2025/05/27 00:15:00,8.21,18.0,13.81,95.71,63.64,86.98,2.8542103513802566,6163023.504195311,17591097.37,83.66009667087971,9.55,
2025/05/27 00:30:00,7.2,17.98,13.66,96.77,63.65,88.48,2.777105817109899,6729275.244290143,18688434.685555555,85.57967048730181,9.48,
2025/05/27 00:45:00,6.15,17.96,13.71,97.41,63.66,89.39,2.7189940652071716,7112446.952146931,19339235.48944445,87.1670943104663,9.41,
2025/05/27 01:00:00,5.69,17.98,13.76,98.03,63.67,89.43,2.6790436917927853,7217104.216412811,19335463.15555556,88.16067767478881,9.34,
2025/05/27 01:15:00,5.71,17.96,13.73,98.6,63.68,89.46,2.6576572659844246,7057040.679533079,18755697.619999997,88.6407013098336,9.38,
2025/05/27 01:30:00,6.37,17.91,13.67,98.53,63.69,89.5,2.679698273167408,6998526.84558771,18754447.91611111,87.93474769069189,9.44,
2025/05/27 01:45:00,7.56,17.89,13.65,98.47,63.7,89.53,2.718679419824567,6894916.688098522,18745587.245,86.71897893721939,9.58,
2025/05/27 02:00:00,7.81,17.87,13.67,98.41,63.71,89.57,2.728014245554292,6870716.2096411325,18743938.583333325,86.42206726225595,9.58,
2025/05/27 02:15:00,7.94,17.85,13.64,98.35,63.72,89.6,2.7334217998913233,6853852.332731066,18734996.40222222,86.24251482350985,9.56,
2025/05/27 02:30:00,7.99,17.84,13.64,98.29,63.73,89.64,2.7370051956425017,6844349.314088866,18733548.961111113,86.14116124781528,9.55,
2025/05/27 02:45:00,8.03,17.83,13.66,98.22,63.74,89.67,2.7428515439610988,6826468.924822679,18724525.50222222,86.0406875677036,9.6,
2025/05/27 03:00:00,8.09,17.85,13.71,98.16,63.75,89.71,2.7470792087816753,6815288.789737586,18722677.942222215,85.92951556165733,9.6,
2025/05/27 03:15:00,8.05,17.77,13.63,98.1,63.76,89.74,2.7485412974205006,6808350.674624009,18713572.97333333,85.91612024947445,9.6,
2025/05/27 03:30:00,8.01,17.74,13.6,98.04,63.77,89.78,2.749998423027243,6803266.24753116,18709511.755,85.90270893552484,9.6,
2025/05/27 03:45:00,7.98,17.72,13.59,97.98,63.78,89.81,2.7517287703106494,6794660.113401272,18697603.51555555,85.87950552381388,9.6,
2025/05/27 04:00:00,7.95,17.75,13.61,97.91,63.79,89.85,2.7538825230188313,6787502.411932854,18692525.279999994,85.84752924591116,9.6,
2025/05/27 04:15:00,7.93,17.68,13.55,97.85,63.79,89.88,2.755884336232548,6780706.546806339,18687385.737777773,85.81452089123707,9.6,
2025/05/27 04:30:00,8.01,17.66,13.53,97.76,63.8,89.92,2.7616350499571993,6764812.66567005,18682488.17111111,85.65749538920345,9.59,
2025/05/27 04:45:00,7.95,17.63,13.51,97.51,63.81,89.95,2.7706258164658952,6738382.269896516,18670084.02111111,85.49697823639472,9.59,
2025/05/27 05:00:00,7.85,17.63,13.5,97.26,63.82,89.99,2.778439149818166,6717629.899661215,18665074.98777777,85.37532577386438,9.59,
2025/05/27 05:15:00,9.3,17.62,13.91,97.0,63.83,88.25,2.8252556947154246,6217107.756766429,17565509.5,83.73019522962245,9.41,
2025/05/27 05:30:00,10.2,17.59,14.18,95.77,63.84,85.84,2.902052043976981,5473527.9136914555,15885068.22222222,81.7694692951677,9.26,
2025/05/27 05:45:00,10.35,17.6,14.2,95.27,63.85,85.57,2.9240225670456867,5383612.218539484,15742412.253333325,81.18285685063566,9.12,
2025/05/27 06:00:00,10.16,17.6,14.13,94.76,63.86,85.57,2.944341286095824,5406753.490204679,15919936.969444437,80.91845676378804,9.18,
2025/05/27 06:15:00,9.89,17.52,13.95,94.38,63.84,85.56,2.9571178551965644,5514906.228151342,16308838.479999995,80.84606476098354,9.28,
2025/05/27 06:30:00,9.67,17.5,13.87,94.31,63.8,85.55,2.9513982310138354,5536053.42991963,16339698.374999998,80.99916537745396,9.23,
2025/05/27 06:45:00,9.54,17.48,13.8,94.24,63.75,85.55,2.9536234956939644,5547515.726723355,16385867.055555554,81.06380282020345,9.32,
2025/05/27 07:00:00,9.29,17.46,13.68,94.17,63.71,85.54,2.9469860522447857,5570505.933992814,16416780.942222225,81.24601404153006,9.27,
2025/05/27 07:15:00,9.09,17.44,13.62,94.11,63.66,85.54,2.9459293468644354,5588201.640721328,16463020.102222227,81.38769926966879,9.35,
2025/05/27 07:30:00,9.1,17.44,13.62,94.11,63.62,85.53,2.945265139892807,5599976.037064369,16493987.980555559,81.37805640252876,9.32,
2025/05/27 07:45:00,9.19,17.42,13.66,94.12,63.58,85.53,2.9453308305535577,5611801.957282918,16529197.513888888,81.29938674305123,9.25,
2025/05/27 08:00:00,8.91,17.46,13.61,94.14,63.53,85.52,2.9368004195428514,5637146.944059569,16555744.461666662,81.59010331280027,9.29,
2025/05/27 08:15:00,9.02,17.41,13.61,94.15,63.49,85.52,2.9378252968182994,5644122.195013504,16582022.612222215,81.49191533507779,9.23,
2025/05/27 08:30:00,9.04,17.38,13.59,94.16,63.44,85.51,2.93801425252371,5652697.79551246,16608286.82944445,81.48126256793157,9.23,
2025/05/27 08:45:00,9.02,17.36,13.53,94.18,63.4,85.51,2.936474686894822,5664602.75080153,16634537.113333337,81.51849327796957,9.23,
2025/05/27 09:00:00,8.95,17.41,13.59,94.19,63.36,85.5,2.9341365891796505,5675581.975022277,16653508.739999996,81.59559933454021,9.24,
2025/05/27 09:15:00,9.06,17.37,13.58,94.21,63.31,85.5,2.935692451828088,5684066.5725271,16687253.531666663,81.50612991498292,9.21,
2025/05/27 09:30:00,9.21,17.36,13.57,94.26,63.27,85.49,2.9389333088100873,5684157.643062001,16705944.053333329,81.40395141913476,9.23,
2025/05/27 09:45:00,9.28,17.36,13.64,94.32,63.22,85.48,2.9373608488624376,5696203.108950254,16732399.273333335,81.38888133197398,9.2,
2025/05/27 10:00:00,9.31,17.36,13.67,94.38,63.18,85.48,2.9352202801173686,5709275.819490508,16758582.561111115,81.4127479936542,9.19,
2025/05/27 10:15:00,9.37,17.38,13.65,94.44,63.15,85.47,2.9355060328317144,5712517.928779062,16769725.28,81.40714162255597,9.22,
2025/05/27 10:30:00,9.53,17.37,13.78,94.5,63.27,85.47,2.9374845060415433,5676742.088844435,16675956.733333329,81.30403945993228,9.21,
2025/05/27 10:45:00,9.59,17.43,13.81,94.55,63.38,85.46,2.9371067207699357,5645475.713797556,16581970.826666659,81.28966400113089,9.21,
2025/05/27 11:00:00,9.62,17.46,13.86,94.61,63.49,85.46,2.9353132726523734,5619478.261093988,16495534.928888883,81.31341296563335,9.21,
2025/05/27 11:15:00,9.62,17.45,13.79,94.67,63.61,85.45,2.9325699748496192,5590159.208987838,16394124.413333334,81.3664493836846,9.21,
2025/05/27 11:30:00,9.79,17.42,13.85,94.73,63.72,85.45,2.9316339125478756,5562569.759539531,16308020.941666668,81.25376964154592,9.12,
2025/05/27 11:45:00,9.75,17.44,13.84,94.78,63.83,85.44,2.930466344013147,5532773.020348575,16214199.099999998,81.33677434381485,9.18,
2025/05/27 12:00:00,9.94,17.48,13.92,94.84,63.95,85.44,2.9344772524898737,5538656.274297809,16253664.22166666,81.20403971772896,9.2,
2025/05/27 12:15:00,10.12,17.5,14.06,94.89,64.06,85.43,2.937442084982015,5478679.810984705,16093923.896111114,81.07229852707883,9.19,
2025/05/27 12:30:00,9.8,17.52,13.89,94.29,63.36,85.43,2.9583423208923554,5576425.540210485,16497583.709444448,80.85433953470546,9.28,
2025/05/27 12:45:00,9.65,17.52,13.92,94.6,63.43,85.39,2.9363415523773164,5627196.775059744,16523978.9,81.2753113347014,9.2,
2025/05/27 13:00:00,9.63,17.52,13.86,94.63,63.5,85.35,2.9380546168788073,5620098.160439508,16512752.697222218,81.32099456104783,9.3,
2025/05/27 13:15:00,9.92,17.61,14.0,94.67,63.58,85.31,2.944374252158345,5601311.333161216,16492963.764444446,81.07316886852671,9.27,
2025/05/27 13:30:00,9.88,17.52,13.96,94.71,63.65,85.26,2.93857472339011,5561219.881254783,16342668.14888889,81.14784215229128,9.2,
2025/05/27 13:45:00,10.0,17.55,14.05,94.75,63.73,85.22,2.939736607816774,5529507.095311731,16255909.926666668,81.06599612719072,9.18,
2025/05/27 14:00:00,10.14,17.58,14.16,94.79,63.8,85.18,2.941501395695255,5499163.713573717,16176425.136666669,80.96457175110667,9.16,
2025/05/27 14:15:00,10.25,17.64,14.13,94.83,63.87,85.14,2.945150818326235,5465438.113280619,16097148.998333335,80.89218547025018,9.21,
2025/05/27 14:30:00,10.16,17.69,14.22,94.87,63.95,85.1,2.9392300835552434,5446802.322335279,16010016.549999993,81.01558022410998,9.18,
2025/05/27 14:45:00,10.34,17.72,14.24,94.91,64.02,85.06,2.940552239298527,5411385.711657441,15913068.648888893,80.87513586490039,9.12,
2025/05/27 15:00:00,10.35,17.78,14.33,94.95,64.1,85.02,2.9394170284475862,5387969.793866331,15838098.49111111,80.90061708966729,9.13,
2025/05/27 15:15:00,10.36,17.78,14.3,94.99,64.17,84.98,2.9387040084512757,5366285.6840175865,15770525.540000001,80.92605684880205,9.15,
2025/05/27 15:30:00,10.37,17.78,14.28,95.04,64.25,84.94,2.937101289292333,5343570.27580885,15695200.662777774,80.96035022605798,9.16,
2025/05/27 15:45:00,10.38,17.81,14.32,95.08,64.32,84.9,2.9359646675534905,5313230.070568163,15600047.026666675,80.98581662467234,9.17,
2025/05/27 16:00:00,10.38,17.84,14.34,95.12,64.39,84.86,2.934514398676309,5266709.6206074245,15455818.91333333,81.02105772031996,9.18,
2025/05/27 16:15:00,10.39,17.88,14.36,95.16,64.47,84.82,2.9329610492561335,5238206.394299287,15364031.802777773,81.04654896436095,9.18,
2025/05/27 16:30:00,10.37,17.86,14.39,95.2,64.54,84.78,2.9308836286288735,5213181.0468332665,15279807.937777773,81.10134089680844,9.19,
2025/05/27 16:45:00,10.36,17.91,14.4,95.24,64.62,84.74,2.929122897690806,5184991.641059361,15188048.113333326,81.14634936891731,9.2,
2025/05/27 17:00:00,10.4,17.92,14.36,95.28,64.69,84.7,2.929751303304218,5161171.185239873,15121508.08666667,81.14238855172178,9.23,
2025/05/27 17:15:00,10.5,17.92,14.46,95.32,64.77,84.66,2.928065736761529,5139003.934184197,15047914.309999997,81.08005230454518,9.16,
2025/05/27 17:30:00,10.39,17.93,14.39,95.36,64.84,84.61,2.9244674108667983,5120018.944541638,14973884.768333329,81.22276367502751,9.2,
2025/05/27 17:45:00,10.4,17.95,14.41,95.4,64.91,84.57,2.9249854430666313,5096404.401519675,14907462.594444439,81.24806790851508,9.25,
2025/05/27 18:00:00,10.42,17.96,14.45,95.44,64.99,84.53,2.9216692802315807,5076791.32429489,14833260.163333336,81.26389654383958,9.2,
2025/05/27 18:15:00,10.49,18.0,14.5,95.49,65.06,84.49,2.925644257749179,5014671.925981533,14671697.706111101,81.23916393603436,9.3,
2025/05/27 18:30:00,10.56,18.02,14.52,95.53,65.14,84.45,2.9271828072566537,4953201.70459551,14499472.417222224,81.20583023084521,9.33,
2025/05/27 18:45:00,10.63,18.02,14.59,95.57,65.21,84.41,2.9233817168531435,4954262.614720468,14483755.733333334,81.17281920693728,9.23,
2025/05/27 19:00:00,10.78,18.04,14.65,95.62,65.28,84.37,2.9226500316216977,4892603.628438084,14299922.352222223,81.07024215738718,9.16,
2025/05/27 19:15:00,11.12,18.04,14.71,95.6,65.33,84.33,2.9419340552011746,4860333.4717355305,14299350.388888888,80.71937317156119,9.34,
2025/05/27 19:30:00,10.5,18.04,14.52,94.41,65.32,84.34,2.9774323949772157,5149370.161307848,15332490.103333341,80.27644722123517,9.33,
2025/05/27 19:45:00,9.93,18.04,14.27,94.11,65.3,84.4,2.9760611605983915,5194438.323717963,15459519.838888895,80.56762921072124,9.43,
2025/05/27 20:00:00,9.95,18.03,14.3,94.17,65.29,84.46,2.974308314484557,5223655.30028588,15537323.339999989,80.60118935518788,9.44,
2025/05/27 20:15:00,10.08,18.02,14.34,94.24,65.28,84.52,2.973337380238698,5251576.632934705,15615281.268888883,80.53633275195772,9.38,
2025/05/27 20:30:00,10.21,18.0,14.39,94.31,65.26,84.58,2.975084483172722,5277474.908431891,15701520.706666661,80.47121934832856,9.4,
2025/05/27 20:45:00,10.24,18.01,14.46,94.38,65.25,84.64,2.970688101014663,5302158.307317943,15751656.09111111,80.50397108489553,9.34,
2025/05/27 21:00:00,10.14,18.0,14.36,94.45,65.24,84.7,2.967035851071935,5310340.433828541,15756552.26444445,80.66335660239541,9.42,
2025/05/27 21:15:00,10.0,18.0,14.3,94.7,65.22,84.76,2.9520539478105188,5341484.160317154,15768917.865555562,81.02100919011195,9.45,
2025/05/27 21:30:00,10.19,18.0,14.35,95.5,65.21,84.82,2.920057412846297,5317760.184905868,15528723.22222222,81.5411301242267,9.41,
2025/05/27 21:45:00,10.62,17.99,14.54,95.55,65.2,84.88,2.9240077444927586,5083831.682586668,14865729.70666666,81.16499780773825,9.23,
2025/05/27 22:00:00,10.63,17.99,14.54,95.5,65.18,84.93,2.9262373476877594,5047952.479362322,14772070.652777776,81.11122081339863,9.22,
2025/05/27 22:15:00,10.67,17.97,14.53,95.44,65.17,84.99,2.934027331418338,5068628.103635038,14872064.728888884,81.01900562229908,9.31,
2025/05/27 22:30:00,10.79,17.97,14.57,95.38,65.16,85.05,2.9377197433997595,5080369.326522519,14925282.515,80.84893010219966,9.24,
2025/05/27 22:45:00,10.82,17.97,14.57,95.33,65.14,85.11,2.94185514615442,5093868.951143767,14986009.438888887,80.77548130330081,9.26,
2025/05/27 23:00:00,10.93,17.95,14.62,95.27,65.13,85.17,2.9425417456058924,5109183.012712487,15034583.593333336,80.61536897832838,9.13,
2025/05/27 23:15:00,10.83,17.94,14.59,95.22,65.12,85.23,2.944818924807359,5116881.2964729555,15068886.647222219,80.66895321238887,9.2,
2025/05/27 23:30:00,10.73,17.93,14.54,95.33,65.1,85.29,2.939429542526008,5140438.360603621,15110547.081666676,80.86351541336747,9.27,
2025/05/27 23:45:00,10.86,17.93,14.58,95.52,65.09,85.35,2.9370797196409457,5006048.896098619,14703745.649999991,80.90347771428777,9.33,
2025/05/28 00:00:00,11.08,17.92,14.62,95.12,64.2,85.05,2.9604489779416596,5144521.951234565,15230713.024999995,80.33601175718432,9.27,
2025/05/28 00:15:00,11.01,17.92,14.59,94.89,64.14,85.1,2.963581343598134,5154209.651382268,15275535.048888884,80.20209707381387,9.14,
2025/05/28 00:30:00,10.85,17.9,14.53,94.72,64.19,85.14,2.970330925116692,5085915.963850377,15107457.016666668,80.20834329924051,9.23,
2025/05/28 00:45:00,10.78,17.89,14.53,94.74,64.25,85.18,2.9679428204860527,5084821.191830804,15092062.541111114,80.29440088350904,9.25,
2025/05/28 01:00:00,10.85,17.88,14.52,94.76,64.32,85.22,2.9696662043395103,5107761.823844842,15168955.266666668,80.24356384050955,9.26,
2025/05/28 01:15:00,10.86,17.87,14.52,94.79,64.38,85.26,2.966096958520226,5118331.956370428,15182077.680000003,80.26042931467568,9.2,
2025/05/28 01:30:00,10.81,17.86,14.49,94.81,64.45,85.31,2.9643787279499882,5113126.499440978,15157847.148888888,80.32692404410619,9.22,
2025/05/28 01:45:00,10.76,17.85,14.5,94.83,64.51,85.35,2.9622413811051476,5108641.584254285,15133635.195555547,80.39344651149962,9.23,
2025/05/28 02:00:00,10.95,17.83,14.55,94.85,64.57,85.39,2.9626939569692308,5099772.706548613,15109683.563333338,80.2255826161629,9.12,
2025/05/28 02:15:00,10.83,17.82,14.48,94.88,64.64,85.43,2.9612970560039322,5091569.880933788,15078255.885000004,80.3691524153338,9.21,
2025/05/28 02:30:00,10.76,17.8,14.46,94.9,64.7,85.47,2.9589428773930404,5087459.073619461,15054104.077222219,80.45520736208844,9.23,
2025/05/28 02:45:00,10.75,17.79,14.44,94.92,64.76,85.52,2.956015002415675,5086867.05636349,15037455.253333325,80.482752906016,9.19,
2025/05/28 03:00:00,10.76,17.77,14.45,94.95,64.83,85.56,2.9549169729627174,5078143.749703523,15006096.893333336,80.4994338259301,9.19,
2025/05/28 03:15:00,10.73,17.77,14.42,94.97,64.89,85.6,2.9542748026121437,5071093.387496629,14982000.58666666,80.54632743227371,9.22,
2025/05/28 03:30:00,10.75,17.75,14.43,94.99,64.95,85.64,2.951863473358603,5067159.224535372,14958163.091666665,80.54455855664798,9.17,
2025/05/28 03:45:00,10.75,17.72,14.4,95.02,65.02,85.69,2.9512971216840453,5059979.8591592265,14934103.708333334,80.57095119781184,9.19,
2025/05/28 04:00:00,10.75,17.69,14.36,95.04,65.08,85.73,2.950776593217044,5052726.171594005,14910062.902777782,80.58855632226721,9.2,
2025/05/28 04:15:00,10.73,17.68,14.36,95.06,65.14,85.77,2.949619546852973,5046645.069070873,14886280.212222219,80.62572553643896,9.21,
2025/05/28 04:30:00,10.66,17.67,14.34,95.09,65.21,85.81,2.9468219803940956,5040844.6319196485,14855065.13333334,80.72059080259973,9.23,
2025/05/28 04:45:00,10.75,17.65,14.37,95.11,65.27,85.85,2.945336841442948,5035241.9049784755,14831084.47333333,80.65043274666465,9.15,
2025/05/28 05:00:00,10.66,17.62,14.32,95.13,65.34,85.9,2.943690560066843,5030000.586013811,14807361.115555555,80.75594743021705,9.2,
2025/05/28 05:15:00,10.65,17.6,14.27,95.16,65.4,85.94,2.9432203504630423,5022671.162301382,14783417.378888879,80.79208475616329,9.23,
2025/05/28 05:30:00,10.72,17.59,14.31,95.18,65.46,85.98,2.942380838787488,5015970.354904717,14759492.220000006,80.74138761633415,9.18,
2025/05/28 05:45:00,9.04,17.57,13.67,95.85,65.53,87.21,2.875094002473595,5698943.626615885,16385536.835555548,82.97301718657067,9.6,
2025/05/28 06:00:00,9.8,17.55,14.01,99.7,68.39,89.85,2.732377657994234,5961834.060322543,16290526.828888882,85.597961487141,9.76,
2025/05/28 06:15:00,10.39,17.53,14.17,98.5,67.95,88.45,2.794369145763723,5930952.068935745,16573874.166666666,83.97449669431516,9.55,
2025/05/28 06:30:00,10.46,17.51,14.21,96.54,67.5,86.12,2.8801428432064102,5239881.910859846,15092195.836666666,82.19138206847006,9.4,
2025/05/28 06:45:00,10.29,17.49,14.1,95.76,67.06,85.68,2.9119972514757393,5195705.464728288,15130463.040000005,81.67220642482286,9.43,
2025/05/28 07:00:00,10.17,17.46,14.05,95.57,66.61,85.69,2.9191511605734473,5319060.481424383,15527738.6,81.6221863574029,9.49,
2025/05/28 07:15:00,9.95,17.44,13.98,95.38,66.17,85.71,2.918725284322696,5454314.089482505,15920247.566666659,81.66999317185825,9.43,
2025/05/28 07:30:00,9.85,17.42,13.91,95.2,65.73,85.72,2.9226874538654823,5578795.712259666,16305686.411666663,81.60908796599918,9.4,
2025/05/28 07:45:00,9.51,17.4,13.75,95.01,65.28,85.74,2.9229424782356186,5707278.621864367,16682647.519999996,81.77341185033929,9.47,
2025/05/28 08:00:00,8.77,17.38,13.53,94.36,65.03,85.75,2.928226042723856,5748765.17318178,16834259.835555553,81.92087986933261,9.47,
2025/05/28 08:15:00,8.51,17.36,13.49,94.8,64.99,85.77,2.898742804037984,5818896.05634639,16868048.40111111,82.56410414990135,9.41,
2025/05/28 08:30:00,8.63,17.35,13.49,95.1,64.95,85.78,2.8889752942299287,5855464.8653638195,16916858.84166666,82.71225036321022,9.4,
2025/05/28 08:45:00,8.35,17.38,13.43,95.1,64.91,85.8,2.8812589996429265,5890925.418507178,16973834.099444445,82.98534092226927,9.43,
2025/05/28 09:00:00,8.29,17.3,13.35,95.1,64.87,85.81,2.880639803509114,5909248.681754313,17022970.58,83.04372834744859,9.47,
2025/05/28 09:15:00,8.19,17.29,13.36,95.1,64.83,85.83,2.8769283933161263,5936706.723194219,17080037.333333332,83.14133860866792,9.45,
2025/05/28 09:30:00,8.2,17.27,13.34,95.05,64.79,85.84,2.87785357445009,5951816.050297156,17129014.16111111,83.08757876293826,9.4,
2025/05/28 09:45:00,8.18,17.25,13.29,95.0,64.75,85.86,2.879411899927205,5968446.04836724,17186171.713333335,83.06288071370159,9.4,
2025/05/28 10:00:00,8.11,17.26,13.27,94.95,64.71,85.87,2.8800388661653877,5984267.302175825,17235477.135555558,83.08685204412087,9.42,
2025/05/28 10:15:00,8.16,17.29,13.35,94.91,64.67,85.89,2.8836324628843575,5996659.3147762995,17292726.183333334,83.00267856945382,9.43,
2025/05/28 10:30:00,8.14,17.24,13.29,94.75,64.63,85.9,2.889349167500951,6001802.415274192,17341869.39833334,82.88070280032433,9.41,
2025/05/28 10:45:00,8.03,17.19,13.2,94.57,64.59,85.92,2.8940180738603463,6012019.386657381,17399456.909999996,82.82854039150001,9.42,
2025/05/28 11:00:00,8.12,17.17,13.24,94.39,64.55,85.93,2.9049611033708045,5997255.0871693045,17422369.580000006,82.58132473272127,9.43,
2025/05/28 11:15:00,7.9,17.16,13.16,94.1,64.51,85.95,2.9093926751036596,5996970.667522876,17448111.413333334,82.53872640890845,9.39,
2025/05/28 11:30:00,7.61,17.15,13.06,93.86,64.47,85.96,2.908527525518322,6009145.451741718,17478322.014999993,82.60843692953127,9.32,
2025/05/28 11:45:00,7.8,17.18,13.11,94.08,64.43,85.98,2.905920929286446,6032705.16591968,17531124.936111107,82.61857371348505,9.35,
2025/05/28 12:00:00,7.99,17.14,13.17,94.31,64.4,85.99,2.9010277859564026,6055388.742746539,17567425.565555546,82.63759581961826,9.32,
2025/05/28 12:15:00,8.12,17.13,13.22,94.54,64.36,86.01,2.8972451474469305,6080836.383997224,17618257.616666667,82.71436874482669,9.39,
2025/05/28 12:30:00,8.1,17.12,13.18,94.76,64.32,86.02,2.887360556933336,6111210.1394190695,17645844.45555556,82.92859243686641,9.4,
2025/05/28 12:45:00,8.17,17.14,13.22,94.86,64.29,86.04,2.8832939507837803,6129375.38428693,17673370.916666668,82.94906992361605,9.34,
2025/05/28 13:00:00,8.15,17.14,13.19,94.75,64.25,86.05,2.8874750870151913,6130012.814097615,17700836.999999996,82.87124738640628,9.34,
2025/05/28 13:15:00,8.02,17.12,13.14,94.65,64.22,86.07,2.8887233074552547,6136852.234386069,17728242.705555547,82.90934017287337,9.37,
2025/05/28 13:30:00,8.06,17.17,13.18,94.6,64.18,86.08,2.893956672911885,6135115.379199401,17755333.749999993,82.82582561254964,9.43,
2025/05/28 13:45:00,8.02,17.16,13.19,94.6,64.14,86.1,2.891504008173994,6153702.419478222,17794034.27999999,82.8649805210765,9.39,
2025/05/28 14:00:00,7.96,17.1,13.15,94.6,64.11,86.11,2.8893246431924395,6172920.110673815,17836152.888888888,82.92350601579868,9.38,
2025/05/28 14:15:00,7.83,17.12,13.1,94.6,64.07,86.13,2.8849692410100776,6202566.421603389,17894786.445555557,83.05024908213498,9.37,
2025/05/28 14:30:00,7.88,17.12,13.12,94.6,64.04,86.14,2.8871291461263158,6212540.568947749,17936984.938888885,83.00143201293236,9.39,
2025/05/28 14:45:00,7.88,17.12,13.13,94.6,64.0,86.14,2.886828523032231,6227816.399402518,17979218.73,83.00147622810425,9.38,
2025/05/28 15:00:00,7.98,17.14,13.18,94.6,63.97,86.14,2.8899496902975432,6232991.869140698,18013620.13,82.9040123025331,9.38,
2025/05/28 15:15:00,8.01,17.18,13.19,94.6,63.93,86.14,2.8905825487122905,6246262.094180863,18055920.568888888,82.87481450169365,9.37,
2025/05/28 15:30:00,7.99,17.18,13.19,94.6,63.89,86.14,2.8896510048837682,6262926.155667187,18098256.305555556,82.89435348705736,9.36,
2025/05/28 15:45:00,7.85,17.2,13.19,94.6,63.86,86.14,2.8861931418524516,6282291.386951325,18132488.879999995,83.03066865564338,9.39,
2025/05/28 16:00:00,8.08,17.22,13.23,94.59,63.82,86.14,2.8944219470043517,6279167.607517263,18175149.959999997,82.79755617539006,9.41,
2025/05/28 16:15:00,8.08,17.25,13.26,94.57,63.79,86.14,2.895589107638244,6288478.320994367,18209440.241666667,82.77980437061204,9.42,
2025/05/28 16:30:00,8.08,17.26,13.28,94.54,63.75,86.14,2.896592567844252,6300960.278833728,18251908.809444442,82.75327621611818,9.41,
2025/05/28 16:45:00,8.18,17.27,13.3,94.51,63.71,86.13,2.9010460143627954,6303215.65215805,18286516.7711111,82.62922856600414,9.41,
2025/05/28 17:00:00,7.96,17.27,13.27,94.49,63.68,86.13,2.8946914450908783,6328929.634003226,18320891.233333327,82.82598474223975,9.4,
2025/05/28 17:15:00,8.01,17.3,13.29,94.46,63.64,86.13,2.897860754025488,6336696.3541017,18363457.33444444,82.75063528774642,9.41,
2025/05/28 17:30:00,7.96,17.33,13.32,94.44,63.61,86.13,2.897152024014998,6350221.154804388,18398150.637777776,82.78164118646252,9.41,
2025/05/28 17:45:00,8.01,17.4,13.34,94.41,63.57,86.13,2.900322947448845,6357979.479425102,18440783.386666663,82.70629032962181,9.42,
2025/05/28 18:00:00,7.86,17.36,13.27,94.38,63.53,86.13,2.8965970489040873,6380889.592861831,18483451.43333333,82.8259079237779,9.41,
2025/05/28 18:15:00,7.92,17.34,13.25,94.36,63.5,86.13,2.898768178805912,6384392.75997114,18507461.46944444,82.74980643009219,9.39,
2025/05/28 18:30:00,7.99,17.36,13.31,94.33,63.46,86.13,2.901681400475501,6388437.75631519,18537805.59888888,82.65509359075931,9.37,
2025/05/28 18:45:00,7.94,17.42,13.33,94.31,63.43,86.12,2.901565215288129,6393514.676152996,18551788.976111114,82.6859965759013,9.39,
2025/05/28 19:00:00,7.8,17.37,13.26,94.28,63.39,86.12,2.8987316219586106,6403946.470899133,18563907.957222223,82.79575075621564,9.4,
2025/05/28 19:15:00,7.72,17.39,13.25,94.25,63.35,86.12,2.8963416092108543,6406089.347057793,18554803.685,82.8472611001342,9.36,
2025/05/28 19:30:00,7.68,17.4,13.28,94.23,63.32,86.12,2.8965243667263034,6397490.0827570055,18531068.6,82.86838848932405,9.38,
2025/05/28 19:45:00,7.64,17.41,13.27,94.2,63.29,86.12,2.897123313061009,6387383.26632417,18505616.231666673,82.88064063513609,9.4,
2025/05/28 20:00:00,7.68,17.42,13.3,94.05,63.31,86.12,2.9045595054301545,6509148.883989446,18906807.290555555,82.70862987635496,9.39,
2025/05/28 20:15:00,7.64,17.44,13.29,93.9,63.33,86.12,2.9089026150490986,6401948.835842789,18623230.86555556,82.61455089757918,9.36,
2025/05/28 20:30:00,7.48,17.43,13.24,93.75,63.35,86.12,2.9073992294280067,6395639.155389814,18595254.59,82.63759114188493,9.26,
2025/05/28 20:45:00,7.5,17.41,13.23,93.85,63.37,86.11,2.9063172320296666,6385593.05665622,18559137.300000004,82.70648664141203,9.35,
2025/05/28 21:00:00,7.76,17.41,13.29,94.08,63.39,86.11,2.904654540688113,6379630.19392957,18531207.00444444,82.65753356351324,9.35,
2025/05/28 21:15:00,7.86,17.4,13.32,94.3,63.41,86.11,2.8994713467656523,6381407.6758144405,18503297.14444445,82.75507620510645,9.39,
2025/05/28 21:30:00,7.92,17.4,13.34,94.39,63.43,86.11,2.8956605664562907,6370807.2410053685,18448283.7,82.77667090524672,9.33,
2025/05/28 21:45:00,7.85,17.43,13.32,94.37,63.45,86.11,2.8946400071368714,6351166.328735147,18384919.079999994,82.82710596253858,9.34,
2025/05/28 22:00:00,7.71,17.37,13.26,94.35,63.48,86.11,2.891417358707504,6333561.377599015,18313544.999444447,82.94572551440079,9.35,
2025/05/28 22:15:00,7.67,17.34,13.19,94.33,63.5,86.11,2.8913223983684073,6304748.410433563,18229627.78388889,82.96690961106982,9.36,
2025/05/28 22:30:00,7.91,17.34,13.27,94.32,63.52,86.11,2.8995928701048395,6338729.940403109,18380322.124999996,82.72418200248617,9.37,
2025/05/28 22:45:00,7.78,17.32,13.28,94.3,63.54,86.1,2.8960681274782982,6317303.165178632,18295926.88,82.833152601497,9.36,
2025/05/28 23:00:00,7.69,17.32,13.19,94.28,63.56,86.09,2.8941041797837843,6337683.300761879,18342490.338333335,82.90308944596251,9.36,
2025/05/28 23:15:00,7.63,17.27,13.14,94.26,63.58,86.08,2.8933708671714355,6311526.496658446,18262158.749999996,82.94374472119972,9.37,
2025/05/28 23:30:00,7.71,17.24,13.16,94.24,63.6,86.07,2.896748699043786,6316653.341172592,18298338.391666662,82.84808486996387,9.37,
2025/05/28 23:45:00,7.68,17.23,13.15,94.22,63.62,86.06,2.8960822406380995,6316868.809942878,18294752.3,82.85966229118895,9.35,
2025/05/29 00:00:00,7.7,17.23,13.14,94.29,63.43,86.09,2.8942790760303643,6379137.508145968,18463588.305555556,82.90216911907235,9.37,
2025/05/29 00:15:00,7.72,17.21,13.11,94.28,63.44,86.09,2.8950464257603072,6375722.753132174,18458596.108333338,82.87386675823362,9.36,
2025/05/29 00:30:00,7.66,17.19,13.12,94.27,63.45,86.08,2.893591140557136,6374385.03911424,18445450.24055555,82.92344225017737,9.36,
2025/05/29 00:45:00,7.5,17.19,13.11,94.26,63.45,86.08,2.8890004469047383,6385606.469576381,18448603.353888884,83.07040064369096,9.36,
2025/05/29 01:00:00,7.43,17.22,13.04,94.25,63.46,86.08,2.8860780460464497,6390344.989303891,18443602.796666667,83.12990078662335,9.32,
2025/05/29 01:15:00,7.32,17.14,13.0,94.24,63.47,86.08,2.8824884397162664,6397112.185661441,18440174.61611111,83.22824441206507,9.3,
2025/05/29 01:30:00,7.2,17.12,12.94,94.23,63.48,86.07,2.878892722541197,6402263.00386109,18431994.24,83.33625570572205,9.29,
2025/05/29 01:45:00,7.25,17.12,12.91,94.22,63.49,86.07,2.880873743444793,6397850.666102186,18431962.425555546,83.27870483014397,9.29,
2025/05/29 02:00:00,7.34,17.11,12.92,94.21,63.5,86.07,2.8841015753921,6390675.51928989,18431923.412222214,83.18220648120226,9.29,
2025/05/29 02:15:00,7.42,17.1,12.95,94.2,63.5,86.06,2.887023504219421,6384189.374311553,18431877.2,83.09543730882594,9.29,
2025/05/29 02:30:00,7.4,17.08,12.98,94.19,63.51,86.06,2.886827873040744,6384601.112506622,18431823.788888894,83.10603817908387,9.29,
2025/05/29 02:45:00,7.39,17.09,12.95,94.18,63.52,86.06,2.8866480437377158,6375913.719242811,18405591.734444447,83.10695654148081,9.28,
2025/05/29 03:00:00,7.43,17.11,12.95,94.17,63.53,86.06,2.8883261412257877,6353714.784830285,18352169.47666667,83.05913391820684,9.28,
2025/05/29 03:15:00,7.4,17.04,12.91,94.16,63.54,86.05,2.887818874644442,6333440.649946581,18290400.45555555,83.07947072990041,9.28,
2025/05/29 03:30:00,7.37,17.04,12.9,94.15,63.55,86.05,2.887312266600115,6315994.950378104,18236817.499999996,83.0998055703642,9.28,
2025/05/29 03:45:00,7.47,17.03,12.93,94.14,63.54,86.05,2.890865261970917,6295302.669998987,18199445.048888884,82.99356113434814,9.28,
2025/05/29 04:00:00,7.33,17.04,12.9,94.13,63.47,86.05,2.886922059665865,6265931.497614994,18089818.97555555,83.12099813037098,9.28,
2025/05/29 04:15:00,7.15,16.98,12.85,94.12,63.4,86.04,2.8814471335122955,6406728.731310508,18461224.51555556,83.2874017235902,9.27,
2025/05/29 04:30:00,7.08,16.98,12.82,94.11,63.33,86.04,2.879989106347213,6432081.525792025,18524896.48166667,83.34659521516834,9.28,
2025/05/29 04:45:00,7.0,16.96,12.75,94.11,63.26,86.04,2.877791109763425,6459778.903900976,18590460.594444446,83.42439203037799,9.29,
2025/05/29 05:00:00,7.11,16.94,12.79,94.16,63.2,86.03,2.8790816420288445,6474275.026769529,18640542.799999997,83.36173070780895,9.29,
2025/05/29 05:15:00,7.45,16.93,12.82,94.28,63.13,86.03,2.8857076539731823,6482344.6536847865,18706737.74444444,83.13698599343375,9.33,
2025/05/29 05:30:00,7.67,16.93,12.92,94.41,63.06,86.03,2.8878738128068084,6500417.111938578,18772987.957777776,83.03783586939501,9.36,
2025/05/29 05:45:00,7.66,16.95,12.92,94.43,62.99,86.03,2.88427227516646,6487560.686479796,18712488.959999997,83.06570909691723,9.28,
2025/05/29 06:00:00,7.6,16.92,12.93,94.16,62.92,86.02,2.894068862798838,6459172.826686608,18693897.016666662,82.88470983663015,9.28,
2025/05/29 06:15:00,7.53,16.86,12.83,93.88,62.85,86.02,2.904835138442908,6483536.752959518,18834213.34666666,82.70413998963156,9.31,
2025/05/29 06:30:00,7.41,16.86,12.79,93.61,62.78,85.63,2.912357987407679,6344683.1951072365,18478581.733333327,82.58104524990247,9.3,
2025/05/29 06:45:00,8.8,16.83,13.15,93.3,62.71,85.01,2.9641957831673866,6104706.006864698,18096203.461111117,80.95286948574609,9.09,
2025/05/29 07:00:00,9.05,16.83,13.24,92.9,62.65,84.38,2.9888338033426796,5934737.594136527,17738615.49166666,80.35375802083281,9.04,
2025/05/29 07:15:00,8.95,16.81,13.15,92.49,62.58,83.75,3.00667227171534,5746594.348738311,17278772.87888889,80.08569546841157,9.11,
2025/05/29 07:30:00,8.86,16.84,13.21,92.31,62.51,83.12,3.010509687704281,5577036.227121614,16790356.715,80.01310137727019,9.07,
2025/05/29 07:45:00,8.65,16.82,13.03,92.2,62.47,83.21,3.0103497431747575,5618360.670638103,16913843.31999999,80.11909158973575,9.13,
2025/05/29 08:00:00,8.87,16.78,13.11,92.56,62.54,83.78,3.000454136588353,5768915.639616931,17310011.179999996,80.22605817317822,9.1,
2025/05/29 08:15:00,8.99,16.78,13.13,92.93,62.6,84.35,2.9865492265689957,5880315.706488177,17562505.124999993,80.43876119046742,9.07,
2025/05/29 08:30:00,10.7,16.78,14.0,96.22,62.67,85.37,2.8727453224819155,4797622.651418101,13782982.216666667,81.67768890255682,8.77,
2025/05/29 08:45:00,11.03,16.79,14.29,96.05,62.74,84.47,2.880462557332165,4558913.467956244,13132454.273888886,81.20610258704667,8.59,
2025/05/29 09:00:00,11.12,16.8,14.32,95.88,62.8,83.57,2.8986498277135313,4331743.2626711875,12556863.51333333,80.96783054799408,8.72,
2025/05/29 09:15:00,11.14,16.82,14.29,95.72,62.87,82.85,2.9058960475615945,4158032.2115426194,12083431.139999999,80.80768485963436,8.7,
2025/05/29 09:30:00,11.16,16.83,14.35,95.55,62.94,82.75,2.9130827901219956,4113977.8079824885,11984989.469444444,80.63872714933652,8.67,
2025/05/29 09:45:00,11.26,16.87,14.31,95.38,63.0,82.66,2.932436537428078,4057286.5627073953,11898348.867777774,80.39041502722993,8.82,
2025/05/29 10:00:00,11.31,16.85,14.34,95.29,63.07,82.57,2.937806497345208,4018370.595803572,11805817.833333325,80.26226227575046,8.81,
2025/05/29 10:15:00,11.21,16.88,14.43,95.27,63.14,82.47,2.9298540520930514,3995525.0911749457,11706935.288888887,80.34313150747974,8.7,
2025/05/29 10:30:00,11.38,16.88,14.39,95.24,63.2,82.38,2.9331376228798285,3966310.4665641403,11634351.44666666,80.15055432844531,8.64,
2025/05/29 10:45:00,11.31,16.91,14.42,95.22,63.27,82.29,2.936413946058965,3936505.3991407156,11559823.440000001,80.20106628251455,8.72,
2025/05/29 11:00:00,11.27,16.93,14.5,95.2,63.34,82.19,2.9300867723793678,3917359.7800558144,11478826.88333333,80.2232269791143,8.61,
2025/05/29 11:15:00,11.54,16.96,14.53,95.2,63.4,82.1,2.9416292075246275,3878465.604239651,11409630.466666665,79.95845325421791,8.67,
2025/05/29 11:30:00,11.45,16.99,14.54,95.2,63.47,82.01,2.9438218238890896,3849876.7567398483,11333965.500000002,80.04614501606981,8.76,
2025/05/29 11:45:00,11.54,17.03,14.58,95.2,63.54,81.91,2.946039614749218,3760591.6618151893,11079453.195555555,79.95804637272371,8.75,
2025/05/29 12:00:00,11.64,17.06,14.64,95.2,63.6,81.82,2.944107781948038,3720330.280434579,10953654.469999993,79.86054884230661,8.66,
2025/05/29 12:15:00,11.5,17.07,14.68,95.2,63.67,81.73,2.94041058225495,3688729.025199138,10846979.476666667,79.99763332610769,8.67,
2025/05/29 12:30:00,11.51,17.09,14.69,95.2,63.74,81.63,2.940715168907223,3700388.1084245476,10882388.604999993,79.98783845047147,8.67,
2025/05/29 12:45:00,10.59,17.15,14.08,92.11,63.8,81.62,3.0752135708841104,4689619.578666089,14422247.730000004,78.14894263497959,8.96,
2025/05/29 13:00:00,9.91,17.16,13.75,92.2,63.87,81.72,3.051884533677505,4759388.202652906,14525700.291666666,78.89182065131129,9.08,
2025/05/29 13:15:00,9.69,17.19,13.69,92.28,63.81,81.82,3.0405419034764796,4821276.106964644,14659875.853333324,79.17759794731626,9.08,
2025/05/29 13:30:00,9.53,17.2,13.64,92.36,63.5,81.92,3.0313275789346514,4947507.746499269,14998101.249999998,79.40485055286237,9.08,
2025/05/29 13:45:00,9.45,17.2,13.58,92.44,63.19,82.01,3.02696278615316,5076242.880174656,15366186.012222227,79.55380435929702,9.14,
2025/05/29 14:00:00,9.56,17.2,13.72,92.52,62.88,82.11,3.022725394464494,5088836.854079818,15382767.143333333,79.51845435871462,9.02,
2025/05/29 14:15:00,9.34,17.21,13.67,92.25,62.58,82.21,3.0267393707081385,5262802.96050982,15929755.90555555,79.49246375741004,8.99,
2025/05/29 14:30:00,9.26,17.21,13.58,92.88,62.88,82.31,2.9999256671748684,5258232.638683474,15774900.722777778,80.13078781152306,9.13,
2025/05/29 14:45:00,9.71,17.23,13.75,93.37,63.18,82.41,2.9888946379852706,5225697.485600455,15619668.991666663,80.12781816744283,9.04,
2025/05/29 15:00:00,9.98,17.24,13.84,93.32,63.48,82.51,3.0005265722206187,5153724.740352044,15464509.597777782,79.81987473033674,9.05,
2025/05/29 15:15:00,10.21,17.25,13.92,93.28,63.78,82.6,3.0100441642886486,5083126.679408707,15301066.721111106,79.55984524165606,9.05,
2025/05/29 15:30:00,10.09,17.28,13.88,93.24,64.08,82.7,3.0087210473893786,5033695.536785331,15145596.962222222,79.6413901159286,9.07,
2025/05/29 15:45:00,9.88,17.31,13.85,93.19,64.11,82.8,3.00445307618524,5058789.481272837,15199497.133333331,79.80189868419689,9.08,
2025/05/29 16:00:00,9.82,17.32,13.82,93.15,64.07,82.9,3.0043224694386157,5094578.238071261,15306354.653333342,79.8249152733107,9.08,
2025/05/29 16:15:00,9.75,17.34,13.83,93.1,64.02,82.97,3.004694232018035,5124067.956926801,15396858.155555556,79.84874131775467,9.09,
2025/05/29 16:30:00,9.71,17.38,13.82,93.06,63.97,82.82,3.0055919150682366,5093178.214391682,15308604.422222218,79.8521699463013,9.1,
2025/05/29 16:45:00,9.77,17.42,13.87,93.02,63.92,82.67,3.0098308978948727,5056708.11716365,15220424.999999996,79.75804073950023,9.11,
2025/05/29 17:00:00,9.83,17.41,13.9,92.97,63.88,82.52,3.013059802585227,5019353.903347582,15124206.044444438,79.65520611493052,9.08,
2025/05/29 17:15:00,9.89,17.42,13.93,92.93,63.83,82.37,3.018432905578331,4981255.2919314355,15036178.960000005,79.5609272461031,9.12,
2025/05/29 17:30:00,9.99,17.43,13.99,92.88,63.78,82.21,3.0215185668047124,4944374.711003231,14940119.773333328,79.41923940594002,9.05,
2025/05/29 17:45:00,10.29,17.44,14.09,92.84,63.74,82.06,3.0350988349283834,4890623.691764213,14844142.328888888,79.09074301915004,9.09,
2025/05/30 00:00:00,10.83,17.59,14.85,95.19,63.37,83.15,2.92799094228472,4657857.735799863,13638820.983333342,80.64409659996367,8.81,
2025/05/30 00:15:00,10.3,17.59,14.14,92.33,63.01,81.33,3.0565926494288216,4906132.527030514,14996659.382222222,78.62760692040776,9.01,
2025/05/30 00:30:00,10.25,17.58,14.11,92.38,63.13,81.54,3.055154036475678,4912617.714105187,15009411.168888893,78.72057821095518,9.08,
2025/05/30 00:45:00,10.2,17.58,14.14,92.46,63.24,81.75,3.0500057233685514,4927626.840085269,15029901.993333329,78.84053337096235,9.09,
2025/05/30 01:00:00,10.16,17.58,14.11,92.53,63.36,81.96,3.0456890417961917,4938468.885802008,15041646.399999995,78.94181703057907,9.1,
2025/05/30 01:15:00,10.11,17.57,14.1,92.61,63.47,82.17,3.0405657561123096,4967316.610684558,15104059.605555555,79.06174210797242,9.11,
2025/05/30 01:30:00,10.06,17.56,14.1,92.69,63.59,82.38,3.0350874503598546,5001095.124645564,15179371.01388888,79.18169567621084,9.11,
2025/05/30 01:45:00,10.02,17.57,14.08,92.77,63.7,82.59,3.0303334369452157,5036469.094951295,15262787.326111112,79.29183265399159,9.12,
2025/05/30 02:00:00,9.99,17.55,14.08,92.85,63.81,82.8,3.0259280481193596,5098919.381035298,15429578.614999995,79.39219733717631,9.13,
2025/05/30 02:15:00,9.95,17.55,14.06,92.93,63.93,82.93,3.0211940964500275,5113907.932297443,15450719.777777782,79.50230183960404,9.14,
2025/05/30 02:30:00,9.98,17.53,14.03,93.01,64.04,82.98,3.0202798265526885,5098356.036260068,15399069.14333333,79.54392549280517,9.19,
2025/05/30 02:45:00,10.07,17.51,14.07,93.09,64.16,83.03,3.015490384242672,5086633.262388671,15339307.683333337,79.52765415328838,9.08,
2025/05/30 03:00:00,10.0,17.49,14.03,93.13,64.27,83.07,3.0120303762980596,5072644.83800368,15279567.355555551,79.6314098008275,9.1,
2025/05/30 03:15:00,9.92,17.49,14.0,93.17,64.38,83.12,3.008606725223466,5061271.454949804,15227974.080000008,79.74487411241383,9.13,
2025/05/30 03:30:00,9.86,17.45,13.95,93.21,64.5,83.16,3.0054725500721804,5057392.543592103,15200449.476666663,79.83886136588707,9.15,
2025/05/30 03:45:00,9.83,17.46,13.95,93.24,64.61,83.21,3.003440147924992,5053458.932671396,15178353.299999995,79.89473425254492,9.16,
2025/05/30 04:00:00,9.8,17.44,13.95,93.28,64.73,83.26,3.0009436767059747,5036835.473216835,15115851.617777778,79.95948496575575,9.17,
2025/05/30 04:15:00,9.87,17.42,13.96,93.32,64.84,83.3,2.998434072154996,5035516.3488732,15099259.572222216,79.92704714253932,9.09,
2025/05/30 04:30:00,9.76,17.42,13.92,93.36,64.96,83.35,2.9936866278996153,4982512.767659012,14916662.31,80.06981149989234,9.11,
2025/05/30 04:45:00,9.69,17.41,13.86,93.4,65.07,83.4,2.989892180900121,4965444.233535709,14846711.403333342,80.17358006885956,9.12,
2025/05/30 05:00:00,9.63,17.38,13.85,93.43,65.18,83.44,2.9861505142445566,4945579.276962768,14768811.762222214,80.25880205352252,9.11,
2025/05/30 05:15:00,9.86,17.38,13.92,93.47,65.3,83.49,2.989553706803534,4946016.310452591,14786962.251111109,80.07012805176983,9.05,
2025/05/30 05:30:00,10.17,17.36,13.99,93.57,65.41,83.54,2.995055976796299,4929706.126279436,14765342.942777785,79.85617874077128,9.05,
2025/05/30 05:45:00,10.76,17.35,14.14,93.89,65.36,83.58,2.99969878907359,4957501.043759849,14871642.781111108,79.5632470360532,9.06,
2025/05/30 06:00:00,10.75,17.34,14.14,93.94,65.28,83.63,2.9943864141481598,5016174.446887871,15021004.166666662,79.61753040057118,9.0,
2025/05/30 06:15:00,10.74,17.33,14.13,93.98,65.19,83.68,2.9943217427219495,5030249.284138914,15062826.111666674,79.66249619565731,9.05,
2025/05/30 06:30:00,10.87,17.31,14.24,94.03,65.11,83.72,2.9961784319784384,5052176.629396701,15137895.079999996,79.57965729686816,9.05,
2025/05/30 06:45:00,10.84,17.3,14.22,94.07,65.02,83.77,2.994150005964739,5086580.030255113,15230657.291666664,79.64429478290728,9.07,
2025/05/30 07:00:00,10.7,17.29,14.19,94.81,64.94,84.64,2.9579125180609864,4818994.370243477,14254778.816666666,80.43473358329355,9.15,
2025/05/30 07:15:00,8.1,17.27,13.33,97.13,64.85,88.19,2.7898515207551036,6027772.4064152585,16817111.85,85.0170767026153,9.55,
2025/05/30 07:30:00,7.75,17.27,13.22,97.23,64.76,89.27,2.7752404103573265,6387161.02031255,17726438.106666654,85.44680938779811,9.54,
2025/05/30 07:45:00,7.56,17.27,13.18,97.33,64.68,89.28,2.7665780878514665,6454641.286006689,17857795.999999993,85.72007974656242,9.57,
2025/05/30 08:00:00,7.47,17.26,13.14,97.42,64.59,89.28,2.7599143849725407,6504494.084539621,17952370.589999992,85.88700509109103,9.56,
2025/05/30 08:15:00,7.35,17.25,13.1,97.52,64.51,89.29,2.75233253265985,6523610.161119668,17955662.34,86.09195573773312,9.56,
2025/05/30 08:30:00,7.34,17.25,13.08,97.62,64.42,89.29,2.7475215614745876,6589458.286293746,18105196.96333333,86.18949190121143,9.55,
2025/05/30 08:45:00,7.34,17.26,13.1,97.72,64.33,89.3,2.7429831627840233,6643388.857764328,18223225.301111106,86.27723401446556,9.54,
2025/05/30 09:00:00,7.42,17.25,13.13,97.82,64.25,89.31,2.740978459178675,6654586.952923141,18240605.97333333,86.28676371816029,9.54,
2025/05/30 09:15:00,7.53,17.27,13.13,97.88,64.16,89.31,2.7411424457580913,6649111.607894413,18226685.644444443,86.2319101559444,9.53,
2025/05/30 09:30:00,7.59,17.29,13.16,97.78,64.08,89.32,2.7470417119944037,6629984.086924711,18213369.093333326,86.08564076774158,9.53,
2025/05/30 09:45:00,7.7,17.31,13.17,97.68,63.99,89.32,2.7536699526637243,6707992.507043399,18472131.877222218,85.89055787793244,9.51,
2025/05/30 10:00:00,7.48,17.33,13.16,97.64,63.9,89.33,2.749584700218552,6763811.814717251,18598206.482777778,86.07038729370215,9.52,
2025/05/30 10:15:00,7.31,17.35,13.19,97.8,63.82,89.33,2.7384537301112806,6779897.638421714,18566965.975555554,86.3767185783916,9.53,
2025/05/30 10:30:00,7.22,17.38,13.18,97.97,63.73,89.34,2.7291622029569513,6792388.667429154,18538051.75444445,86.6136141227897,9.54,
2025/05/30 10:45:00,7.18,17.41,13.19,98.13,63.65,89.35,2.721685763416362,6797379.292671934,18500846.03888888,86.79284121638818,9.55,
2025/05/30 11:00:00,7.75,17.44,13.34,98.11,63.56,89.35,2.7411465770625454,6865602.214210762,18820167.966111105,86.21807238535013,9.64,
2025/05/30 11:15:00,7.89,17.49,13.37,97.96,63.48,89.36,2.7507464300820397,6873054.650370274,18906579.364444442,85.94992476581034,9.62,
2025/05/30 11:30:00,7.65,17.51,13.38,97.85,63.39,89.36,2.747412267859685,6916521.699523011,19003085.81111111,86.08821746602663,9.58,
2025/05/30 11:45:00,7.41,17.54,13.34,97.78,63.3,89.37,2.7433795534137397,6965280.813279636,19108950.813333336,86.26137350624057,9.57,
2025/05/30 12:00:00,7.41,17.59,13.37,97.7,63.22,89.37,2.745105179988233,6994098.413490966,19200078.180555556,86.19138561322367,9.52,
2025/05/30 12:15:00,7.33,17.63,13.38,97.63,63.19,89.38,2.7438276781811446,6931035.928933002,19018101.299999997,86.2083467369067,9.46,
2025/05/30 12:30:00,7.45,17.67,13.41,97.55,63.23,89.39,2.751556222995762,6892170.33859222,18964726.88,86.0208467934991,9.49,
2025/05/30 12:45:00,7.52,17.73,13.49,97.47,63.28,89.39,2.757234761161641,6889127.274657699,18995479.023888886,85.88224660155639,9.5,
2025/05/30 13:00:00,7.57,17.76,13.52,97.4,63.33,89.4,2.7619395849997272,6891075.804765437,19033275.396666672,85.77194588186165,9.51,
2025/05/30 13:15:00,7.57,17.83,13.56,97.32,63.37,89.4,2.765334919929572,6896318.386051236,19071168.722222228,85.70172475790645,9.51,
2025/05/30 13:30:00,7.58,17.83,13.58,97.24,63.42,89.41,2.7693403852829346,6899841.80537089,19108554.061666664,85.62168603734015,9.52,
2025/05/30 13:45:00,6.3,17.9,13.6,96.15,63.46,89.37,2.773548066999817,7335874.799802967,20346974.73722222,85.91145893566467,9.36,
2025/05/30 14:00:00,5.77,17.91,13.64,96.4,63.51,89.28,2.7458612819377732,7390837.943010159,20294782.676666666,86.64882752177935,9.28,
2025/05/30 14:15:00,5.86,17.98,13.73,96.65,63.56,89.19,2.7384284728469557,7436056.7329323655,20363678.597777773,86.78154914931532,9.29,
2025/05/30 14:30:00,5.87,18.03,13.75,96.9,63.6,89.1,2.728770283084953,7420404.882570727,20249139.16666666,86.99200422314567,9.3,
2025/05/30 14:45:00,5.88,18.05,13.77,97.15,63.65,89.01,2.7191143264351187,7392878.1133096935,20102632.488888893,87.20227235608462,9.31,
2025/05/30 15:00:00,5.89,18.1,13.82,97.4,63.7,88.92,2.7094602217902395,7301746.124301043,19784330.597777776,87.41235486217492,9.32,
2025/05/30 15:15:00,8.81,18.13,14.11,97.16,63.74,88.43,2.807656201918295,6422265.340377295,18032067.166666668,84.34954089888396,9.51,
2025/05/30 15:30:00,9.99,18.16,14.45,96.6,63.79,87.75,2.8608680301429037,6106518.776889061,17470543.15111111,82.70423240751775,9.34,
2025/05/30 15:45:00,10.29,18.22,14.57,96.05,63.83,87.08,2.8935228728751863,5849076.865669576,16925037.708333336,81.9275923592921,9.3,
2025/05/30 16:00:00,10.39,18.25,14.59,95.66,63.88,86.4,2.915445654124958,5626053.98580598,16403041.282222226,81.48661634634247,9.32,
2025/05/30 16:15:00,10.67,18.3,14.64,95.57,63.93,85.99,2.927141647779515,5494887.6766528785,16084893.354444435,81.13351564679438,9.29,
2025/05/30 16:30:00,10.84,18.33,14.79,95.47,63.97,85.75,2.934632765548964,5417060.489175249,15897676.959999999,80.87927991026694,9.23,
2025/05/30 16:45:00,11.07,18.36,14.9,95.37,64.02,85.51,2.9465880236413016,5328829.321539788,15702468.40555556,80.56612518627122,9.23,
2025/05/30 17:00:00,11.11,18.41,14.93,95.28,64.07,85.26,2.952553952278949,5249405.354870902,15499746.881666675,80.4476896789139,9.24,
2025/05/30 17:15:00,11.15,18.44,14.95,95.18,64.11,85.02,2.959002799533964,5174166.545089475,15310960.664999995,80.32042478538014,9.25,
2025/05/30 17:30:00,11.18,18.47,14.99,95.08,64.16,84.78,2.9651392551215325,5097255.173213487,15114654.744444447,80.20292221210485,9.26,
2025/05/30 17:45:00,11.29,18.51,15.05,94.99,64.2,84.54,2.9766873124945947,5013052.949075726,14922873.790000001,80.01575300746029,9.35,
2025/05/30 18:00:00,11.33,18.53,15.1,94.89,64.25,84.3,2.9760305138233667,4937974.333473549,14696140.952777777,79.88880865230247,9.19,
2025/05/30 18:15:00,11.35,18.54,15.09,94.79,64.3,84.06,2.985301470163141,4846904.960563504,14470041.617777783,79.78082255649937,9.28,
2025/05/30 18:30:00,12.04,18.56,15.38,94.7,64.34,83.81,3.0055812199551495,4739016.674956681,14244113.546666665,79.02634563313123,9.13,
2025/05/30 18:45:00,12.08,18.58,15.49,94.59,64.39,83.64,3.0122901984364447,4670574.571139158,14069752.277777776,78.89016482823347,9.13,
2025/05/30 19:00:00,12.25,18.61,15.52,94.49,64.44,83.47,3.018536386001446,4603249.823230393,13895697.542222222,78.63571685441099,9.04,
2025/05/30 19:15:00,12.25,18.62,15.56,94.39,64.48,83.3,3.0239787897048864,4539920.619461672,13729244.368888883,78.54745028410508,9.05,
2025/05/30 19:30:00,12.27,18.64,15.57,94.29,64.53,83.13,3.036119986497785,4464639.492210742,13555795.733333327,78.43924012163949,9.19,
2025/05/30 19:45:00,12.36,18.64,15.66,94.56,64.57,82.96,3.020129702448263,4202880.478021289,12693832.359999998,78.58963524272754,9.07,
2025/05/30 20:00:00,12.6,18.66,15.82,95.06,64.62,82.79,3.0000263794832667,4163121.6987170596,12490076.17,78.79517599720467,9.01,
2025/05/30 20:15:00,12.67,18.66,15.83,95.0,64.58,82.62,3.009838658469225,4102670.685988134,12348976.322222225,78.67351545570615,9.1,
2025/05/30 20:30:00,12.64,18.66,15.89,94.94,64.54,82.45,3.0093521832814907,4056692.6122539314,12208622.139999995,78.65021345096032,9.05,
2025/05/30 20:45:00,12.8,18.66,16.0,94.88,64.49,82.28,3.011833883985914,3977903.141709094,11981402.913333338,78.44086147134654,8.94,
2025/05/30 21:00:00,12.64,18.67,15.93,94.83,64.45,82.1,3.013839205004065,3963357.0395083847,11945520.98055555,78.5533860799146,9.03,
2025/05/31 01:45:00,11.93,18.59,15.86,95.11,64.93,82.26,2.9736273446367787,3973832.4447953003,11817280.786666665,79.4958880588029,8.96,
2025/05/31 02:00:00,12.51,18.58,15.85,95.21,65.07,82.28,2.988618731720596,3932469.6704048864,11753237.72944445,79.01545860722028,8.99,
2025/05/31 02:15:00,12.65,18.56,15.86,95.31,65.22,82.3,2.9880807257131847,3904195.405111595,11666638.231111107,78.9661788158626,8.99,
2025/05/31 02:30:00,12.64,18.56,15.82,95.41,65.36,82.32,2.9858927836358626,3880004.9519970585,11585852.764444437,79.06375218724854,9.05,
2025/05/31 02:45:00,12.67,18.55,15.83,95.5,65.51,82.34,2.9874240507830794,3848681.7197566815,11498218.599999998,79.11322621103041,9.15,
2025/05/31 03:00:00,12.68,18.54,15.87,95.51,65.65,82.36,2.9832050732441253,3827031.3438312323,11417398.996666662,79.11238395121592,9.07,
2025/05/31 03:15:00,12.78,18.52,15.99,95.52,65.69,82.38,2.984840745837731,3820734.760553959,11404896.384444444,79.02315972431327,9.05,
2025/05/31 03:30:00,12.74,18.49,16.0,95.53,65.71,82.4,2.9814989248589643,3825404.2609717837,11406059.12111112,79.07124912050894,9.02,
2025/05/31 03:45:00,12.68,18.5,15.91,95.54,65.74,82.42,2.980672923942435,3824569.638875965,11400387.093333336,79.13879690548117,9.05,
2025/05/31 04:00:00,12.63,18.49,15.84,95.55,65.76,82.44,2.984153699405253,3820437.252632319,11401355.459999995,79.19636787522899,9.16,
2025/05/31 04:15:00,12.65,18.46,15.88,95.56,65.79,82.47,2.979242155052907,3827120.791575429,11402517.499999994,79.18576417742977,9.06,
2025/05/31 04:30:00,12.77,18.44,15.94,95.56,65.81,82.49,2.9788189569782557,3828048.2077053534,11403679.539999994,79.06829749329545,8.98,
2025/05/31 04:45:00,12.71,18.43,15.85,95.57,65.83,82.51,2.9806446986849395,3826684.2435628828,11406584.640000004,79.13571528932934,9.06,
2025/05/31 05:00:00,12.68,18.4,15.81,95.58,65.86,82.53,2.9807377644704984,3826998.599878222,11407875.563333333,79.1738496375711,9.09,
2025/05/31 05:15:00,12.64,18.38,15.85,95.59,65.88,82.55,2.9726979871633183,3840079.4858188927,11416004.966666669,79.22217338947307,8.97,
2025/05/31 05:30:00,12.5,18.38,15.8,95.6,65.91,82.57,2.9699260683935473,3844097.5144213447,11417281.259999996,79.36812365910748,9.01,
2025/05/31 05:45:00,12.38,18.36,15.66,95.57,65.93,82.59,2.97123353007988,3845149.006221419,11425405.786666662,79.45922082683478,9.08,
2025/05/31 06:00:00,12.44,18.34,15.65,95.53,65.95,82.61,2.974602362043449,3842874.097500845,11431595.902222222,79.36526917782982,9.07,
2025/05/31 06:15:00,12.35,18.31,15.69,95.5,65.98,82.63,2.965977431215888,3853360.7924816497,11429567.324999992,79.42754114149969,8.93,
2025/05/31 06:30:00,12.34,18.31,15.63,95.47,66.0,82.65,2.9718647764212305,3846381.504236571,11431500.575000001,79.41068840338008,9.02,
2025/05/31 06:45:00,12.32,18.29,15.59,95.43,66.03,82.67,2.971150079813996,3841876.3395300163,11415360.78222222,79.39524187373155,8.98,
2025/05/31 07:00:00,12.28,18.27,15.54,95.4,66.05,82.69,2.9718974653614287,3837791.784288264,11406086.755555553,79.40803604143812,8.99,
2025/05/31 07:15:00,12.27,18.26,15.47,95.37,66.07,82.71,2.972034736716955,3834498.309826237,11396812.728888888,79.39151523753667,8.97,
2025/05/31 07:30:00,12.4,18.22,15.57,95.34,66.1,82.73,2.976561636265367,3823306.739158105,11380888.322222227,79.23776903441356,8.95,
2025/05/31 07:45:00,12.31,18.23,15.5,95.3,66.12,82.75,2.98034662666525,3815346.843636822,11371619.868888885,79.29052453961668,9.04,
2025/05/31 08:00:00,12.24,18.22,15.48,95.27,66.15,82.77,2.980604449762128,3809615.8594828527,11355518.973333325,79.33267546933406,9.06,
2025/05/31 08:15:00,12.29,18.22,15.44,95.24,66.17,82.79,2.9831816770056556,3803222.243132121,11346256.093333336,79.25730667889141,9.05,
2025/05/31 08:30:00,12.37,18.2,15.59,95.2,66.19,82.81,2.9830980428487393,3800211.8380884244,11336993.213333335,79.14397486903488,8.96,
2025/05/31 08:45:00,12.38,18.21,15.54,95.2,66.22,82.83,2.988029023443794,3788563.773533469,11320914.611111108,79.13390584676563,9.05,
2025/05/31 09:00:00,12.42,18.2,15.58,95.2,66.24,82.85,2.9820418238973874,3793127.6542422636,11311850.165,79.09513478379144,8.91,
2025/05/31 09:15:00,12.41,18.21,15.61,95.2,66.26,82.87,2.9827878897538525,3811573.653378629,11369708.331666665,79.10486836801206,8.93,
2025/05/31 09:30:00,12.39,18.22,15.61,95.2,66.29,82.89,2.9826834713515127,3838103.336134904,11448441.766666664,79.12443792484133,8.94,
2025/05/31 09:45:00,12.37,18.25,15.63,95.2,66.31,82.89,2.9830986310005327,3832171.9516363675,11432338.316666666,79.14397486903516,8.96,
2025/05/31 10:00:00,12.67,18.25,15.74,95.71,66.34,82.87,2.967099489315737,3840368.8769166134,11395366.913333334,79.29819482482584,8.96,
2025/05/31 10:15:00,12.58,18.27,15.72,96.0,66.36,82.85,2.9572453689986,3841320.9996396294,11360324.696111107,79.64068451151063,9.1,
2025/05/31 10:30:00,12.67,18.3,15.85,95.99,66.36,82.83,2.9492314178203523,3840660.973787268,11327613.989999998,79.54420763056204,8.89,
2025/05/31 10:45:00,12.61,18.32,15.81,95.98,66.34,82.81,2.953383493166827,3828920.7771832733,11308872.96,79.59398539478043,8.99,
2025/05/31 11:00:00,12.63,18.34,15.85,95.97,66.32,82.79,2.956102936644874,3819057.034235878,11290131.930000009,79.5655112562406,9.02,
2025/05/31 11:15:00,12.59,18.37,15.93,95.97,66.3,82.77,2.946098869262433,3812095.587276589,11231422.785000002,79.6052377804676,8.86,
2025/05/31 11:30:00,12.62,18.4,15.84,95.96,66.28,82.75,2.9599614950591784,3774158.5796095566,11171948.699999997,79.56637329498619,9.09,
2025/05/31 11:45:00,12.69,18.44,15.85,95.95,66.26,82.73,2.965211669904207,3781730.0347112846,11214211.635,79.48883487842596,9.14,
2025/05/31 12:00:00,12.76,18.47,15.97,95.95,66.23,82.71,2.963260149233319,3800781.552579717,11263309.102222214,79.42034312343559,9.06,
2025/05/31 12:15:00,12.8,18.53,16.04,95.94,66.21,82.69,2.959074131310467,3818055.773917287,11298517.706666669,79.37261586654957,8.95,
2025/05/31 12:30:00,12.84,18.54,16.07,95.93,66.19,82.67,2.961362798719973,3817752.221059398,11306363.102222225,79.3245700701913,8.96,
2025/05/31 12:45:00,12.87,18.59,16.12,95.93,66.17,82.66,2.962842228133292,3820875.202513983,11321265.382777775,79.29510979988441,8.97,
2025/05/31 13:00:00,12.91,18.63,16.19,95.92,66.15,82.64,2.965132773507598,3820568.1455281023,11329115.538888883,79.24706398259153,8.98,
2025/05/31 13:15:00,13.13,18.66,16.34,95.91,66.13,82.62,2.968549511815724,3820803.1221360527,11342901.178888895,79.02261493646915,8.91,
2025/05/31 13:30:00,12.95,18.72,16.22,95.9,66.11,82.6,2.9774225048928393,3842419.1444209116,11441123.863888886,79.18986321683597,9.17,
2025/05/31 13:45:00,12.55,18.78,15.98,94.41,66.09,82.58,3.041841246609181,4377006.320185044,13314822.10055555,78.27083726835009,9.24,
2025/05/31 14:00:00,12.49,18.82,15.78,94.46,66.07,82.56,3.042175173901802,4387304.904431161,13347562.995555563,78.37355988788626,9.35,
2025/05/31 14:15:00,12.58,18.86,15.82,94.51,66.05,82.54,3.0461369331870647,4382478.388962325,13350243.536666675,78.329444988737,9.43,
2025/05/31 14:30:00,12.81,18.93,16.0,94.56,66.03,82.52,3.0485265224766103,4379914.611986074,13352924.077777771,78.14827086628878,9.36,
2025/05/31 14:45:00,12.82,18.96,16.08,94.62,66.01,82.5,3.04140373823856,4391050.510627025,13355604.618888885,78.19147550555738,9.26,
2025/05/31 15:00:00,12.84,19.02,16.13,94.67,65.99,82.48,3.0391212120013344,4395231.3396876305,13358285.160000006,78.21595804051745,9.25,
2025/05/31 15:15:00,12.85,19.06,16.17,94.72,65.96,82.46,3.036961118694854,4401908.168275541,13369068.166666668,78.2502171610349,9.25,
2025/05/31 15:30:00,12.86,19.12,16.23,94.77,65.94,82.44,3.0348004041361674,4405926.215687424,13371750.333333332,78.28446793662256,9.25,
2025/05/31 15:45:00,12.91,19.15,16.21,94.82,65.92,82.42,3.0389933894931622,4400732.947986327,13374432.5,78.27939005057252,9.36,
2025/05/31 16:00:00,12.98,19.21,16.25,94.87,65.9,82.4,3.0410765389876717,4398601.55933086,13377114.666666664,78.25478750077055,9.41,
2025/05/31 16:15:00,13.03,19.25,16.34,94.92,65.88,82.38,3.034851541093627,4408504.6565824235,13379796.833333332,78.24988790215966,9.29,
2025/05/31 16:30:00,13.04,19.27,16.39,94.97,65.86,82.37,3.029847642565782,4419345.752473655,13390589.593333337,78.28417144312405,9.23,
2025/05/31 16:45:00,13.03,19.3,16.37,94.77,65.84,82.35,3.0432771520168593,4400664.949599502,13393081.686111102,78.1177780350329,9.31,
2025/05/31 23:30:00,13.28,19.34,16.74,99.36,63.77,86.86,2.8139932719089784,4167469.5318054203,11727790.702222219,81.88457035499081,9.16,
2025/05/31 23:45:00,13.03,19.34,16.56,95.55,64.45,82.24,2.9934023048517635,3937476.251752699,11787028.384999992,78.80423526344683,9.09,
2025/06/01 07:00:00,9.72,19.06,15.66,79.11,63.9,72.19,3.68852000193176,940740.8595568587,3470129.061666666,67.13959151905627,7.97,
2025/06/01 07:15:00,12.71,19.02,16.27,96.35,64.31,82.91,2.9460089230591353,4031537.0583486212,11877518.766666662,79.82000317332134,9.14,
2025/06/01 07:30:00,13.27,18.98,16.5,96.7,64.72,83.18,2.935723118290243,3997231.1645363797,11735390.174444448,79.57719179756707,8.96,
2025/06/01 07:45:00,13.29,18.95,16.57,96.86,65.13,83.46,2.9361529589264737,3955009.89192474,11613159.891666664,79.69721924654587,9.1,
2025/06/01 08:00:00,13.4,18.94,16.63,96.68,65.54,83.73,2.940070545413975,3925599.6908457153,11542202.766111108,79.4320513851932,8.95,
2025/06/01 08:15:00,13.49,18.96,16.78,96.5,65.95,84.01,2.951947055711401,3911682.221217622,11547785.736666666,79.18613969465726,8.95,
2025/06/01 08:30:00,13.57,18.96,16.88,96.32,66.36,84.28,2.9624033634397637,3870455.7779883277,11466590.86222222,78.95001933165781,8.93,
2025/06/01 08:45:00,12.61,19.0,16.23,97.14,66.0,84.63,2.914583038172371,4422970.870785598,12891725.054999996,80.60936056414495,9.35,
2025/06/01 09:00:00,11.02,18.99,15.25,98.03,64.78,88.64,2.840581287902179,5900642.4248028435,16761818.345555553,82.94668206457963,9.71,
2025/06/01 09:15:00,12.14,18.95,15.79,104.36,69.16,92.98,2.592050110706227,6449694.190118266,16718506.346666668,87.31933644709947,10.14,
2025/06/01 09:30:00,10.37,19.01,15.11,98.5,66.15,88.66,2.80477140575352,5596216.007546695,15696603.16888888,83.99414796457177,9.83,
2025/06/01 09:45:00,10.17,18.98,15.03,98.65,66.13,88.71,2.7926491366157915,5633014.057169621,15731519.869999997,84.3210103346395,9.84,
2025/06/01 10:00:00,10.27,18.98,15.11,98.8,66.1,88.76,2.7880334182200235,5657420.07144543,15773574.385555563,84.35372740107628,9.82,
2025/06/01 10:15:00,10.33,19.01,15.11,98.95,66.07,88.82,2.782983952459917,5685167.033489426,15822223.083333332,84.42559074789862,9.82,
2025/06/01 10:30:00,10.31,19.01,15.12,99.1,66.05,88.87,2.7752818321095454,5713426.584574321,15856863.672222225,84.57582035466459,9.81,
2025/06/01 10:45:00,10.41,19.06,15.21,99.21,66.02,88.92,2.773119671155686,5733897.823265272,15901285.461111112,84.57349817452044,9.81,
2025/06/01 11:00:00,10.52,19.07,15.24,99.24,65.99,88.97,2.777143983092012,5742995.596335994,15949631.573333334,84.49178544840639,9.87,
2025/06/01 11:15:00,10.62,19.06,15.25,99.27,65.96,89.02,2.7762796963159477,5762081.518065851,15997659.773333332,84.41970719476785,9.81,
2025/06/01 11:30:00,10.7,19.09,15.27,99.31,65.94,89.08,2.777877172098744,5776135.20437047,16045904.63666667,84.37605391441774,9.84,
2025/06/01 11:45:00,10.8,19.11,15.32,99.34,65.91,89.13,2.7777326363713035,5793687.076900879,16093829.729999999,84.30396964239237,9.8,
2025/06/01 12:00:00,10.98,19.16,15.41,99.37,65.88,89.18,2.7781030003412757,5810241.774432309,16141973.344444452,84.1533160402408,9.72,
2025/06/01 12:15:00,11.02,19.19,15.4,99.4,65.86,89.23,2.779914571235983,5821266.108824347,16183142.048333334,84.14018946400243,9.77,
2025/06/01 12:30:00,11.19,19.25,15.53,99.44,65.83,89.29,2.785692906500496,5849843.7292503575,16296402.980000004,84.00819029525076,9.84,
2025/06/01 12:45:00,11.23,19.34,15.57,99.47,65.8,89.34,2.7858405566756024,5905097.1331587415,16451191.863333339,83.99501149979655,9.85,
2025/06/01 13:00:00,11.32,19.3,15.6,99.5,65.78,89.39,2.7836726422569082,5916925.902457813,16471327.619999997,83.93258295062327,9.77,
2025/06/01 13:15:00,11.41,19.34,15.71,99.53,65.75,89.44,2.7847922475083866,5924212.961913127,16498256.921666663,83.8702720119272,9.77,
2025/06/01 13:30:00,11.43,19.38,15.71,99.57,65.72,89.5,2.7851781502255393,5935587.818974324,16532219.305555558,83.88544266155697,9.81,
2025/06/01 13:45:00,11.58,19.41,15.77,99.6,65.69,89.55,2.7900757183069156,5934773.518221714,16559024.252222223,83.76428752358997,9.86,
2025/06/01 14:00:00,11.67,19.45,15.82,99.63,65.67,89.6,2.7928648648651384,5938479.985403625,16585932.189444438,83.70203648176398,9.9,
2025/06/01 14:15:00,11.7,19.5,15.87,99.66,65.64,89.65,2.7893939627241107,6008421.875320032,16760420.6,83.6984549165267,9.83,
2025/06/01 14:30:00,11.7,19.52,15.93,99.7,65.61,89.71,2.7879455047881696,5972449.853363721,16651431.744444437,83.73319895058943,9.84,
2025/06/01 14:45:00,11.34,19.5,15.68,99.82,65.65,89.53,2.7739751455769577,5975833.798549861,16577340.779999997,84.19103125183952,9.88,
2025/06/01 15:00:00,11.25,19.53,15.73,99.96,65.79,89.32,2.7682325728726593,5928293.794577627,16411418.118333323,84.40110848077728,9.96,
2025/06/01 15:15:00,11.52,19.58,15.83,100.1,65.93,89.12,2.768050587545656,5830076.6138529945,16138467.253333332,84.25726916805068,9.93,
2025/06/01 15:30:00,11.45,19.63,15.83,100.24,66.08,88.91,2.7596274691873623,5715117.307712638,15772094.084999997,84.4474157737735,9.93,
2025/06/01 15:45:00,12.83,19.67,16.44,97.61,66.22,87.76,2.9036021265340612,5083342.355089073,14760598.526666671,80.80389715987899,9.46,
2025/06/01 16:00:00,13.91,19.71,17.15,96.7,66.36,84.62,2.9704794276258215,4289715.793963382,12743183.29777778,78.94817722848799,9.23,
2025/06/01 16:15:00,13.89,19.77,17.19,96.89,66.51,82.69,2.9557766001063133,3808353.282454385,11257225.112222215,79.13400451427104,9.15,
2025/06/01 16:30:00,14.01,19.76,17.35,97.03,66.65,83.29,2.9511649102054585,3920375.1840149653,11570314.311111111,79.13843561559587,9.13,
2025/06/01 16:45:00,13.92,19.76,17.33,96.65,66.66,83.04,2.9700586922996854,3832264.403125736,11382681.310000008,78.89467011190654,9.17,
2025/06/01 17:00:00,13.99,19.78,17.29,96.63,66.55,82.79,2.981337264723173,3782863.309472206,11278605.11555556,78.80833326599118,9.32,
2025/06/01 17:15:00,14.11,19.81,17.41,96.66,66.44,82.54,2.9737967189085865,3760572.0854641083,11183805.96666667,78.71677452313334,9.14,
2025/06/01 17:30:00,14.07,19.84,17.44,96.69,66.34,82.29,2.979224158220453,3719680.4708139803,11082386.975000001,78.78221959976446,9.29,
2025/06/01 17:45:00,14.06,19.87,17.41,96.34,66.23,82.04,2.99834613185354,3650480.2083280534,10946011.34,78.4857979164014,9.32,
2025/06/02 09:45:00,12.75,19.49,16.78,93.27,63.5,81.2,3.0897093234057946,4395977.066009617,13583007.533333335,77.06823769439416,8.9,
2025/06/02 10:00:00,12.46,19.49,16.12,93.17,63.58,81.38,3.105711685803028,4613084.832430393,14327523.588888885,77.2623529201642,9.37,
2025/06/02 10:15:00,12.3,19.5,16.06,93.24,63.67,81.57,3.096153192437391,4675546.043654263,14476809.96666666,77.48092221474043,9.36,
2025/06/02 10:30:00,12.09,19.5,16.01,93.3,63.75,81.76,3.08498348494616,4715824.568442322,14548835.198333336,77.73953237801479,9.34,
2025/06/02 10:45:00,12.21,19.55,16.09,93.37,63.84,81.95,3.083764786144248,4760723.370772157,14681555.655555556,77.68424264990878,9.29,
2025/06/02 11:00:00,12.28,19.57,16.12,93.44,63.92,82.14,3.087148886881191,4804123.809354339,14831658.991111109,77.67758897444409,9.4,
2025/06/02 11:15:00,12.25,19.56,16.1,93.5,64.01,82.33,3.081177396300134,4869469.724314744,15004317.142222214,77.76012625811683,9.35,
2025/06/02 11:30:00,12.41,19.57,16.21,93.54,64.1,82.52,3.0856265034905426,4867012.287024034,15018419.533333331,77.63894515144179,9.37,
2025/06/02 11:45:00,12.37,19.59,16.18,93.57,64.18,82.7,3.084708221519637,4872797.144990687,15031785.779999996,77.70458549595503,9.42,
2025/06/02 12:00:00,12.48,19.64,16.23,93.6,64.27,82.89,3.081836281184915,4881506.56289944,15044632.081111114,77.62364285171698,9.29,
2025/06/02 12:15:00,12.5,19.65,16.21,93.63,64.35,83.08,3.0839421700628016,4884639.646149739,15064570.216666669,77.63051331139843,9.36,
2025/06/02 12:30:00,12.61,19.66,16.27,93.67,64.44,83.1,3.0902061474298064,4909379.140107535,15171633.25333333,77.55813797606045,9.47,
2025/06/02 12:45:00,12.55,19.68,16.29,93.7,64.53,83.07,3.0846446317275693,4883462.337016834,15064379.329999993,77.6434341001018,9.42,
2025/06/02 13:00:00,12.71,19.67,16.28,93.76,64.61,83.05,3.0831809352669497,4859289.306734931,14982697.717777776,77.53995843367395,9.32,
2025/06/02 13:15:00,12.94,19.67,16.41,93.82,64.7,83.02,3.0907759891655595,4815588.567576218,14884558.28444444,77.36771531873177,9.38,
2025/06/02 13:30:00,13.03,19.65,16.4,93.88,64.78,82.99,3.0921967760174973,4784337.113846909,14794763.059999995,77.3325699953389,9.41,
2025/06/02 13:45:00,13.09,19.66,16.54,93.94,64.87,82.96,3.090030423952907,4756200.91617898,14697478.78499999,77.32682164261288,9.38,
2025/06/02 14:00:00,12.95,19.65,16.47,94.0,64.95,82.94,3.082122805764817,4742794.656239889,14618530.079999996,77.5169508390495,9.38,
2025/06/02 14:15:00,12.87,19.67,16.4,93.98,65.04,82.91,3.082815337456774,4710846.187487135,14523301.436111102,77.57760352053373,9.44,
2025/06/02 14:30:00,12.8,19.68,16.38,93.97,65.13,82.88,3.0783859444854205,4686683.550305272,14428042.138888888,77.63736063553911,9.38,
2025/06/02 14:45:00,12.68,19.67,16.34,93.95,65.06,82.86,3.0760209338066784,4704240.114199108,14470957.966666663,77.73718317040192,9.4,
2025/06/02 15:00:00,12.57,19.71,16.37,93.93,64.99,82.83,3.0715309857230593,4722446.363099193,14505755.537777776,77.82725048527305,9.36,
2025/06/02 15:15:00,12.48,19.75,16.26,93.91,64.91,82.8,3.069810362664843,4739021.693141706,14548487.91,77.89767498717488,9.37,
2025/06/02 15:30:00,12.53,19.77,16.26,93.89,64.83,82.77,3.0749647769904076,4745046.336602141,14591440.196666664,77.83099551319518,9.43,
2025/06/02 15:45:00,12.68,19.75,16.37,93.86,64.75,82.75,3.076726403431132,4758929.744361417,14642539.999999998,77.65774336711962,9.31,
2025/06/02 16:00:00,12.71,19.77,16.39,93.82,64.68,82.72,3.085137886483632,4757926.229767845,14679477.731111104,77.59289258549589,9.44,
2025/06/02 16:15:00,12.65,19.78,16.34,93.79,64.6,82.69,3.08250006295442,4778198.076496749,14729405.625,77.62515081120964,9.39,
2025/06/02 16:30:00,12.72,19.8,16.39,93.75,64.52,82.66,3.0852919762645197,4790070.658423753,14779384.607777778,77.52129141907207,9.35,
2025/06/02 16:45:00,12.68,19.8,16.39,93.72,64.44,82.64,3.086209208060099,4807498.598784796,14837567.18888889,77.53390624026554,9.37,
2025/06/02 17:00:00,12.7,19.83,16.43,93.68,64.37,82.61,3.0897193998394323,4815537.188670909,14879284.053333329,77.4789343805575,9.39,
2025/06/02 17:15:00,12.75,19.81,16.48,93.65,64.29,82.58,3.0945874894980197,4824156.241576385,14929415.722222215,77.40342276996051,9.43,
2025/06/02 17:30:00,12.81,19.81,16.44,93.61,64.21,82.56,3.0987095835902485,4838633.3606164735,14994158.11666667,77.30930323065866,9.43,
2025/06/02 17:45:00,12.86,19.78,16.44,93.58,64.13,82.53,3.101983333911724,4855923.64350219,15063642.488888891,77.23381520492667,9.43,
2025/06/02 18:00:00,12.82,19.78,16.43,93.54,64.06,82.5,3.102551961250639,4853029.267534949,15057421.719999997,77.23758932393213,9.43,
2025/06/02 18:15:00,12.76,19.79,16.44,93.51,63.98,82.47,3.1019058109532645,4841110.122029219,15017311.949444447,77.26978118809357,9.43,
2025/06/02 18:30:00,12.5,19.79,16.34,93.5,63.9,82.45,3.089977146802285,4878782.465082476,15075950.847222224,77.51548969282538,9.35,
2025/06/02 18:45:00,12.42,19.81,16.31,93.5,63.83,82.42,3.0883580953559946,4894175.316307755,15115582.704444446,77.59374379232447,9.38,
2025/06/02 19:00:00,12.4,19.81,16.3,93.5,63.75,82.39,3.089219521964587,4899875.876127009,15137408.342222221,77.61327369318363,9.42,
2025/06/02 19:15:00,12.38,19.81,16.3,93.5,63.67,82.36,3.0885112800560903,4908033.283106901,15159132.96333333,77.63284400460452,9.42,
2025/06/02 19:30:00,12.51,19.82,16.32,93.5,63.59,82.34,3.09350882576495,4909711.5540515855,15188857.291666664,77.50562151182105,9.43,
2025/06/02 19:45:00,12.52,19.83,16.35,93.5,63.52,82.31,3.090276966502931,4920388.585336377,15205988.092777777,77.49592866118125,9.34,
2025/06/03 09:30:00,11.99,19.07,16.14,94.46,63.47,81.79,3.0090697906664934,4225242.93178933,12714646.902222225,78.86401719790486,8.99,
2025/06/03 09:45:00,12.51,19.08,16.11,94.12,63.52,81.82,3.0441203682750646,4215027.886501619,12831656.01666666,78.05457527210187,9.01,
2025/06/03 10:00:00,12.67,19.06,15.99,93.78,63.57,81.86,3.0737280878149376,4192530.0545455357,12887292.513333332,77.5970773632995,9.16,
2025/06/03 10:15:00,11.95,19.11,15.67,92.78,63.61,81.94,3.104383366737235,4787029.667360921,14861396.788333334,77.4153018191701,9.31,
2025/06/03 10:30:00,11.89,19.1,15.65,92.93,63.66,82.05,3.0960219571102034,4815188.404804643,14908548.233333334,77.60703187250424,9.34,
2025/06/03 10:45:00,11.85,19.1,15.61,93.07,63.71,82.15,3.0850538567263635,4844963.51057932,14947583.860000003,77.77047555806902,9.27,
2025/06/03 11:00:00,11.83,19.07,15.62,93.21,63.75,82.25,3.0770993525457566,4872803.163093194,14994716.61111111,77.91419251255091,9.26,
2025/06/03 11:15:00,11.94,19.09,15.67,93.36,63.8,82.35,3.0790567435405802,4882375.233560817,15033735.169444442,77.93930778677031,9.4,
2025/06/03 11:30:00,12.05,19.11,15.76,93.5,63.85,82.46,3.0713632334919114,4910011.182302631,15081065.309444437,77.95591164802018,9.28,
2025/06/03 11:45:00,12.04,19.12,15.73,93.61,63.89,82.56,3.0692185291230745,4928791.771273589,15128170.31,78.06292300649667,9.37,
2025/06/03 12:00:00,12.0,19.14,15.75,93.66,63.94,82.66,3.065773544094725,4947048.881466073,15167163.439999998,78.14629256945273,9.38,
2025/06/03 12:15:00,12.06,19.19,15.78,93.71,63.99,82.76,3.0658133703034944,4959701.330687711,15206148.442222225,78.13182483948941,9.39,
2025/06/03 12:30:00,12.12,19.2,15.77,93.75,64.03,82.87,3.066339947019032,4976844.7116099,15261326.3,78.10849644813402,9.4,
2025/06/03 12:45:00,12.36,19.18,15.85,93.8,64.08,82.97,3.0694206996395903,4984609.212502268,15300512.754999999,77.91794215487324,9.33,
2025/06/03 13:00:00,12.41,19.21,15.98,93.84,64.12,83.07,3.0704119715804565,4998319.075699953,15347571.311111102,77.90433041406558,9.36,
2025/06/03 13:15:00,12.38,19.22,15.95,93.89,64.17,83.17,3.069320768248804,5012788.631683365,15386521.944444442,77.97783556957961,9.42,
2025/06/03 13:30:00,12.48,19.24,15.99,93.94,64.22,83.28,3.069136942418432,5028413.62700165,15433561.806666667,77.92416853368361,9.39,
2025/06/03 13:45:00,12.44,19.27,16.03,93.98,64.26,83.38,3.0657763261200643,5049264.997987001,15480591.915555548,77.9986756686938,9.39,
2025/06/03 14:00:00,12.43,19.33,16.0,94.03,64.31,83.48,3.0633776111174407,5066003.479900106,15519739.125,78.0526356536979,9.4,
2025/06/03 14:15:00,12.53,19.36,16.13,94.07,64.36,83.58,3.0632163656789224,5078967.607823321,15558656.202222219,77.99010746222538,9.36,
2025/06/03 14:30:00,12.55,19.36,16.08,94.12,64.4,83.69,3.062270443445653,5098531.5237409985,15613753.594999993,78.01466583551418,9.38,
2025/06/03 14:45:00,12.56,19.37,16.1,94.17,64.45,83.79,3.0601459697386884,5114781.681173224,15652652.791111115,78.0490277151207,9.38,
2025/06/03 15:00:00,12.56,19.4,16.16,94.21,64.5,83.89,3.0564861082570185,5133628.070811836,15691543.859444443,78.08438729446897,9.34,
2025/06/03 15:15:00,12.64,19.42,16.14,94.26,64.54,83.99,3.0605266851770754,5142274.521958519,15738744.419444432,78.05010135257469,9.43,
2025/06/03 15:30:00,12.82,19.44,16.26,94.3,64.59,84.09,3.0596242021158244,5153825.636301113,15769468.0,77.90920075331053,9.31,
2025/06/03 15:45:00,12.93,19.47,16.38,94.35,64.64,84.2,3.061334280699472,5158628.607100379,15793006.97333333,77.84553767713112,9.32,
2025/06/03 16:00:00,12.85,19.48,16.3,94.4,64.68,84.3,3.062498545599254,5164309.80377842,15816392.67999999,77.96792637615309,9.47,
2025/06/03 16:15:00,11.11,19.56,15.67,97.53,64.75,88.39,2.8708232154141236,5934856.93800348,17038485.346666664,82.42173299434928,9.83,
2025/06/03 16:30:00,10.04,19.52,15.45,98.33,64.82,88.56,2.8039180365756846,5913641.205042979,16581867.720000004,84.1692280532682,9.86,
2025/06/03 16:45:00,9.94,19.52,15.44,98.41,64.89,88.73,2.798157951453307,5927727.999906739,16587219.04888889,84.33705230500254,9.88,
2025/06/03 17:00:00,9.93,19.58,15.52,98.49,64.96,88.9,2.793968562931212,5950872.683363764,16627053.520000007,84.4166587034432,9.87,
2025/06/03 17:15:00,10.04,19.6,15.5,98.57,65.04,89.07,2.793571892047588,5969500.1227927655,16676726.549999988,84.37867287780918,9.87,
2025/06/03 17:30:00,10.23,19.64,15.55,98.65,65.11,89.24,2.7954547295474113,5985693.717614079,16733238.059999995,84.26223274825294,9.87,
2025/06/03 17:45:00,10.25,19.69,15.6,98.72,65.18,89.4,2.7928911697954315,6008902.397363654,16782713.468888886,84.30365755177809,9.87,
2025/06/03 18:00:00,10.21,19.68,15.59,98.8,65.26,89.57,2.7878000219295473,6037487.366040036,16831810.471666656,84.41258838456955,9.86,
2025/06/03 18:15:00,10.38,19.7,15.66,98.88,65.33,89.74,2.789785669467059,6053332.218290313,16888011.036111105,84.3156579309562,9.88,
2025/06/03 18:30:00,10.34,19.73,15.65,98.96,65.4,89.91,2.7854158863923946,6082968.7478713915,16944104.778333325,84.42458143546796,9.89,
2025/06/03 18:45:00,10.33,19.73,15.66,99.05,65.48,90.08,2.7814547283911746,6109276.252977256,16993183.899999995,84.51278342197803,9.9,
2025/06/03 19:00:00,10.59,19.73,15.69,99.17,65.55,90.25,2.781529201160161,6129202.3351362385,17049069.33888889,84.36217848030341,9.85,
2025/06/03 19:15:00,10.46,19.76,15.68,99.28,65.62,90.42,2.774032756412122,6165875.068053564,17104847.955555547,84.58545827370594,9.88,
2025/06/03 19:30:00,10.55,19.76,15.7,99.4,65.69,90.58,2.7726451236591783,6270978.994168031,17387718.425,84.60162601524009,9.92,
2025/06/03 19:45:00,10.96,19.79,15.85,99.48,65.77,90.46,2.7828282178827894,6195553.651860935,17241695.001666665,84.26901101670907,9.98,
2025/06/03 20:00:00,11.51,19.76,15.97,100.14,65.83,90.27,2.7671444760055834,6165318.21033247,17060870.175555553,84.30185985180087,9.96,
2025/06/03 20:15:00,11.77,19.76,16.09,100.31,65.87,90.08,2.7621849099557574,6115916.986346797,16893848.289999995,84.19346449222125,9.86,
2025/06/03 20:30:00,11.85,19.77,16.09,100.18,65.92,89.89,2.773469037143864,6028443.431080676,16720252.19333333,84.00237907635639,9.93,
2025/06/03 20:45:00,11.71,19.73,16.0,100.05,65.96,89.7,2.7760659905208764,5962731.8269724995,16553475.998888895,84.02727515889856,9.94,
2025/06/03 21:00:00,11.92,19.73,16.08,99.92,66.0,89.5,2.7837797866854235,5883934.519183955,16380125.361111108,83.70793906559528,9.84,
2025/06/03 21:15:00,11.95,19.75,16.08,99.79,66.04,89.31,2.796996762286257,5796689.649256608,16213865.048333328,83.56610905232593,9.99,
2025/06/03 21:30:00,12.14,19.74,16.19,99.67,66.09,89.12,2.8047322211240697,5718881.804677988,16040489.678888885,83.27505723734349,9.91,
2025/06/03 21:45:00,13.73,19.74,17.01,97.64,66.13,86.1,2.9216470357602677,4758759.836729046,13904085.873333331,79.94590043470687,9.31,
2025/06/03 22:00:00,13.92,19.76,17.3,97.13,66.17,84.1,2.9450078868480185,4237164.782776835,12479158.47444444,79.31419300118587,9.16,
2025/06/03 22:15:00,13.94,19.72,17.32,96.85,66.21,83.94,2.9489202723549623,4182730.885983631,12335224.935,79.05018631817956,8.97,
2025/06/03 22:30:00,13.8,19.7,17.15,96.56,66.27,83.78,2.9725390157638123,4096514.152377284,12177692.346111115,78.93378293819025,9.2,
2025/06/03 22:45:00,13.82,19.7,17.09,96.31,66.38,83.63,2.9895985863237535,4011119.801099706,11992263.249999998,78.69525077688724,9.27,
2025/06/03 23:00:00,13.94,19.7,17.21,96.38,66.5,83.47,2.976043020791845,3962520.4384253244,11793271.331111109,78.63896816817311,9.02,
2025/06/03 23:15:00,13.94,19.69,17.22,96.46,66.61,83.31,2.9713457977219364,3904202.6641810574,11601369.388888892,78.70900958857845,9.01,
2025/06/03 23:30:00,13.94,19.69,17.24,96.53,66.73,83.15,2.9757125579489547,3831634.0412683967,11402470.358888889,78.7700632127582,9.15,
2025/06/03 23:45:00,13.94,19.69,17.26,96.61,66.84,83.14,2.9716192266578716,3807468.868468865,11314975.527777776,78.840053668792,9.15,
2025/06/04 00:00:00,13.93,19.72,17.25,96.34,66.01,83.06,2.9856714496945154,4006350.404000245,11962303.680555554,78.61357370411656,9.16,
2025/06/04 00:15:00,13.95,19.72,17.31,96.35,65.97,83.03,2.9790459488136833,4018608.249796667,11972290.977777775,78.60284722066653,9.04,
2025/06/04 00:30:00,13.94,19.66,17.26,96.36,65.93,83.01,2.977643452559876,4026146.0186292054,11989102.937777776,78.62144184797472,9.03,
2025/06/04 00:45:00,13.93,19.65,17.24,96.37,65.89,82.99,2.9762407870465135,4033695.186091694,12005921.399999995,78.64003686115348,9.02,
2025/06/04 01:00:00,13.92,19.65,17.18,96.38,65.85,82.97,2.9838572554113116,4029108.548104833,12022945.146666668,78.65840532856,9.17,
2025/06/04 01:15:00,13.9,19.65,17.17,96.39,65.81,82.95,2.982715824547866,4036294.203956297,12039776.845555555,78.6868035906817,9.17,
2025/06/04 01:30:00,13.95,19.66,17.27,96.39,65.77,82.93,2.974669324555133,4052865.2105755867,12056615.046666672,78.63793554551175,9.0,
2025/06/04 01:45:00,13.75,19.62,17.09,96.24,65.73,82.91,2.9834584450236616,4046649.9404744226,12073659.228888882,78.7028091065423,9.13,
2025/06/04 02:00:00,13.71,19.61,16.97,95.69,65.69,82.89,3.0200440390740275,4003212.495400171,12090510.666666666,78.25968707229882,9.32,
2025/06/04 02:15:00,13.16,19.59,16.66,94.0,65.65,82.86,3.0890333915297123,4512824.794399153,13940946.158333328,77.31124468558912,9.37,
2025/06/04 02:30:00,12.9,19.57,16.29,93.66,65.58,82.84,3.099815597391978,4510150.926196055,13981248.208888892,77.2654017715906,9.44,
2025/06/04 02:45:00,12.94,19.55,16.31,94.03,65.5,82.82,3.0802770586346067,4554406.003456362,14029448.253333326,77.55324104894504,9.38,
2025/06/04 03:00:00,13.19,19.53,16.55,94.4,65.42,82.8,3.0649909526693744,4592894.556545524,14077847.312222218,77.63492341019708,9.26,
2025/06/04 03:15:00,13.06,19.53,16.52,94.67,65.34,82.78,3.046992057234013,4635912.341980982,14126244.977777775,78.0003316523293,9.26,
2025/06/04 03:30:00,12.94,19.51,16.4,94.53,65.26,82.76,3.054017391741373,4641100.3292416,14174641.249999998,77.99445221099319,9.35,
2025/06/04 03:45:00,12.93,19.43,16.28,94.39,65.18,82.74,3.060222198228159,4647439.067072271,14222832.237777766,77.88080264870712,9.34,
2025/06/04 04:00:00,12.91,19.42,16.27,94.27,65.11,82.72,3.0659618543333873,4651879.782433696,14263125.58,77.79451982375107,9.35,
2025/06/04 04:15:00,12.94,19.41,16.34,94.2,65.03,82.69,3.0734744757254413,4653611.845431934,14303417.761111107,77.703306707965,9.42,
2025/06/04 04:30:00,12.85,19.39,16.24,94.13,64.95,82.67,3.070873882302621,4673315.619651972,14351807.995555555,77.72972225492143,9.35,
2025/06/04 04:45:00,12.81,19.37,16.22,94.06,64.87,82.65,3.072118989872762,4687104.494724604,14399990.391111113,77.70710974656208,9.33,
2025/06/04 05:00:00,12.77,19.4,16.27,93.99,64.79,82.63,3.0737919402502354,4700292.957833543,14448377.142222213,77.68446817001818,9.32,
2025/06/04 05:15:00,12.62,19.34,16.15,93.92,64.71,82.61,3.074587057186213,4714817.838241146,14496762.500000004,77.7694389427333,9.38,
2025/06/04 05:30:00,12.69,19.33,16.08,93.85,64.63,82.59,3.081733904177462,4719586.417112773,14545146.46444445,77.63901133482017,9.41,
2025/06/04 05:45:00,12.61,19.31,16.1,93.78,64.55,82.57,3.0778398100227555,4741206.447863827,14593319.803333329,77.65557426033088,9.3,
2025/06/04 06:00:00,12.61,19.31,16.1,93.71,64.47,82.55,3.080897938157844,4752202.647705808,14641700.284444442,77.59369160047574,9.29,
2025/06/04 06:15:00,12.58,19.28,16.09,93.64,64.39,82.52,3.0824826307701443,4762825.183195407,14681981.202777773,77.56117823707102,9.27,
2025/06/04 06:30:00,12.49,19.28,16.03,93.57,64.31,82.5,3.0840879910258323,4776035.326944089,14730359.01333333,77.58729479198139,9.3,
2025/06/04 06:45:00,12.32,19.3,15.96,93.5,64.23,82.48,3.0828282465970718,4793615.556285849,14778523.527777776,77.69166283790577,9.33,
2025/06/04 07:00:00,12.4,19.29,16.0,93.43,64.15,82.46,3.089101142162937,4799536.655553717,14826897.85499999,77.55141025701144,9.33,
2025/06/04 07:15:00,12.44,19.25,15.95,93.36,64.08,82.44,3.094787428501233,4810688.477179233,14888704.379999997,77.45025903457537,9.35,
2025/06/04 07:30:00,12.22,19.25,15.9,93.31,64.0,82.4,3.0854333260781455,4859885.180861242,14995489.911111113,77.62138803588098,9.25,
2025/06/04 07:45:00,11.86,19.24,15.76,93.4,63.92,82.26,3.070449411636195,4879891.798680214,14984070.383333337,78.05314883136033,9.3,
2025/06/04 08:00:00,11.85,19.25,15.73,93.49,63.84,82.11,3.0668922446308904,4879080.553981619,14964215.034999995,78.14259078136305,9.33,
2025/06/04 08:15:00,12.15,19.26,15.87,93.59,63.76,81.97,3.0744322963796598,4843488.934745368,14891601.816666665,77.93759180450954,9.38,
2025/06/04 08:30:00,11.91,19.26,15.8,93.57,63.75,81.97,3.0634840151455287,4857948.75109135,14882855.166666664,78.1548188184016,9.29,
2025/06/04 08:45:00,11.89,19.26,15.75,93.52,63.74,82.0,3.0683754547841846,4855396.390512208,14898779.341111109,78.12996978243403,9.37,
2025/06/04 09:00:00,11.86,19.22,15.72,93.47,63.74,82.04,3.0701405000319615,4864272.389282696,14934603.566666668,78.11501494111572,9.38,
2025/06/04 09:15:00,11.83,19.22,15.76,93.43,63.74,82.07,3.0683337293133928,4854305.168175264,14895237.023333326,78.1090441403163,9.31,
2025/06/04 09:30:00,11.86,19.22,15.76,93.38,63.74,82.11,3.072210651598683,4853343.631766193,14911104.535555553,78.03539199366675,9.32,
2025/06/04 09:45:00,11.97,19.21,15.81,93.34,63.73,82.14,3.0748036213375096,4854383.787021558,14926899.594444446,77.89253569692968,9.24,
2025/06/04 10:00:00,12.06,19.22,15.78,93.29,63.73,82.18,3.082437597511463,4847394.015583523,14942407.975000007,77.76010266687979,9.29,
2025/06/04 10:15:00,12.09,19.23,15.85,93.24,63.73,82.22,3.0883137767565154,4875974.844151855,15059176.391111111,77.68634940458551,9.35,
2025/06/04 10:30:00,11.73,19.26,15.75,92.42,63.63,82.25,3.1099551866418484,4871018.661089161,15149272.343333332,77.31075377997674,9.2,
2025/06/04 10:45:00,10.99,19.26,15.4,92.75,62.99,82.29,3.0724483708602923,5121796.311215503,15737032.361111114,78.326561633086,9.33,
2025/06/04 11:00:00,11.41,19.22,15.58,93.21,63.06,82.32,3.065857362959873,5173434.81127066,15861628.639999991,78.32457798382129,9.35,
2025/06/04 11:15:00,11.63,19.23,15.66,93.6,63.17,82.36,3.055456397586953,5111869.795183469,15619710.094999997,78.45507597337115,9.37,
2025/06/04 11:30:00,11.77,19.24,15.73,93.62,63.27,82.39,3.054593860363737,5095239.313713867,15564509.595555553,78.33610701248203,9.25,
2025/06/04 11:45:00,11.82,19.25,15.76,93.65,63.38,82.43,3.0607660564635553,5066924.328085625,15509296.091666672,78.31348390197292,9.4,
2025/06/04 12:00:00,12.07,19.25,15.8,93.67,63.49,82.46,3.0669412422712696,5036058.21229391,15445927.291666659,78.08668830504956,9.36,
2025/06/04 12:15:00,12.13,19.25,15.83,93.69,63.6,82.5,3.0668494218207254,5018195.819296729,15390686.849999998,78.04572600039756,9.33,
2025/06/04 12:30:00,12.21,19.28,15.88,93.71,63.71,82.53,3.072213480335371,4988797.387298815,15327289.254444445,77.98502576053451,9.42,
2025/06/04 12:45:00,12.39,19.27,15.97,93.73,63.82,82.57,3.073504912768369,4968713.648780763,15272021.87499999,77.8266875719181,9.32,
2025/06/04 13:00:00,12.45,19.29,15.93,93.76,63.92,82.6,3.0777711770481004,4943869.208202454,15216741.491111105,77.794386985478,9.41,
2025/06/04 13:15:00,12.51,19.31,16.04,93.78,64.03,82.64,3.0747861127735234,4930681.301733788,15161448.102777775,77.75345785855613,9.31,
2025/06/04 13:30:00,12.57,19.33,16.04,93.8,64.14,82.67,3.0758812546542473,4908298.231546476,15097993.845000003,77.71240336441429,9.31,
2025/06/04 13:45:00,12.63,19.36,16.19,93.82,64.25,82.71,3.078234744846947,4886497.019216291,15042459.177777773,77.67130450998724,9.34,
2025/06/04 14:00:00,12.66,19.36,16.15,93.84,64.36,82.74,3.0795388458301773,4863817.061482887,14978977.053333329,77.65957941061615,9.37,
2025/06/04 14:15:00,12.71,19.37,16.15,93.86,64.47,82.78,3.0815303257355966,4841196.562008582,14918953.414444447,77.62827529421347,9.4,
2025/06/04 14:30:00,12.76,19.39,16.17,93.89,64.57,82.81,3.083016213685105,4817341.514675382,14852598.933333337,77.6058102922339,9.43,
2025/06/04 14:45:00,12.81,19.4,16.19,93.91,64.68,82.85,3.083778971072659,4794656.1115105655,14786315.976666654,77.57452280540485,9.43,
2025/06/04 15:00:00,12.77,19.47,16.28,93.93,64.79,82.88,3.0772151810506254,4780724.126615012,14711971.88999999,77.63144848656343,9.33,
2025/06/04 15:15:00,12.81,19.44,16.28,93.95,64.9,82.92,3.078460952328452,4757305.2419031,14645837.091111107,77.60992556600775,9.35,
2025/06/04 15:30:00,12.85,19.46,16.28,93.97,65.01,82.95,3.079282732727498,4731946.097697372,14571651.379999997,77.58841073585185,9.36,
2025/06/04 15:45:00,12.89,19.48,16.28,94.0,65.12,82.99,3.079180481201322,4710675.580544709,14505664.738888882,77.57573426133432,9.36,
2025/06/04 16:00:00,12.92,19.51,16.34,94.02,65.22,83.02,3.0796515355002274,4688617.652675626,14439956.299999997,77.56400673249438,9.37,
2025/06/04 16:15:00,12.92,19.52,16.36,94.04,65.33,83.05,3.0790765097010033,4665476.265529526,14366004.668888887,77.58166208712755,9.38,
2025/06/04 16:30:00,12.92,19.55,16.36,94.06,65.44,83.05,3.078079360127819,4635095.856562407,14267828.428333333,77.5993238923876,9.38,
2025/06/04 16:45:00,12.97,19.54,16.46,94.08,65.55,83.04,3.071270355239891,4610800.981845219,14161667.575000007,77.5682068566891,9.21,
2025/06/04 17:00:00,12.96,19.55,16.4,94.1,65.66,83.04,3.073107406209505,4576178.599494555,14063721.23444445,77.59556013364872,9.28,
2025/06/04 17:15:00,12.96,19.58,16.44,94.13,65.77,83.03,3.0724932094589623,4542620.472482793,13957800.498888893,77.62202160818939,9.3,
2025/06/04 17:30:00,12.97,19.59,16.44,94.15,65.87,83.02,3.072279510937081,4511132.702325083,13860084.058333324,77.62986946878041,9.31,
2025/06/04 17:45:00,13.07,19.6,16.46,94.17,65.98,83.02,3.0751758340416333,4475145.103366537,13762480.013333328,77.54954182413894,9.32,
2025/06/04 18:00:00,13.07,19.59,16.49,94.19,65.31,83.01,3.0818150275147462,4635526.439520905,14286491.083333334,77.56711170931334,9.5,
2025/06/04 18:15:00,12.32,19.59,16.1,92.77,64.4,83.01,3.1193485454079646,4837115.72805666,15089276.454999996,77.04460819586342,9.34,
2025/06/04 18:30:00,12.59,19.6,16.23,94.48,64.53,83.01,3.0504096683960498,4909840.4235407105,14977647.813333336,78.29316443981108,9.49,
2025/06/04 18:45:00,13.01,19.63,16.43,94.34,64.65,83.01,3.0672173792603923,4849200.187802954,14874208.139999999,77.75828414532968,9.38,
2025/06/04 19:00:00,12.96,19.65,16.44,94.17,64.78,83.02,3.0744053676434504,4804244.983397729,14770849.279999996,77.65725148908533,9.39,
2025/06/04 19:15:00,13.08,19.59,16.54,94.01,64.9,83.03,3.0886898111696506,4751675.657873266,14677139.485555552,77.39841281217171,9.44,
2025/06/04 19:30:00,13.04,19.6,16.5,93.85,65.03,83.03,3.0936280596092316,4709130.802930307,14568971.999999998,77.29627389975806,9.4,
2025/06/04 19:45:00,12.41,19.6,16.14,93.12,64.36,83.04,3.1090789379497736,4861789.97201409,15116318.848888893,77.26688312553657,9.44,
2025/06/04 20:00:00,12.75,19.61,16.3,94.36,64.4,83.05,3.060206683225394,4930506.275739229,15089010.444444435,78.03060212080544,9.45,
2025/06/04 20:15:00,12.72,19.63,16.31,94.02,64.44,83.07,3.0755786390946263,4899616.736916207,15069800.789999997,77.75983110389822,9.44,
2025/06/04 20:30:00,12.7,19.62,16.29,93.8,64.48,83.08,3.0820993184935643,4887753.804438338,15065186.76666666,77.58507750000051,9.35,
2025/06/04 20:45:00,12.67,19.6,16.27,93.79,64.51,83.1,3.0811292949823685,4895840.949484753,15085363.626666656,77.6056208557575,9.34,
2025/06/04 21:00:00,12.66,19.62,16.27,93.78,64.55,83.11,3.0812778977678463,4896867.3318176875,15089250.09777778,77.60657062389797,9.34,
2025/06/04 21:15:00,12.66,19.62,16.29,93.77,64.59,83.12,3.08177443579759,4897308.493063273,15093045.305555556,77.59772941476442,9.34,
2025/06/04 21:30:00,12.72,19.63,16.28,93.76,64.63,83.14,3.0852082528946565,4882747.546441466,15064934.225000003,77.53012238504968,9.36,
2025/06/04 21:45:00,12.86,19.62,16.39,93.76,64.67,83.15,3.0905398443346064,4846351.757275162,14978506.10666667,77.39303172086984,9.37,
2025/06/04 22:00:00,13.04,19.66,16.45,93.75,64.71,83.17,3.0965384813755317,4832072.689011876,14963367.307777783,77.20793390319952,9.35,
2025/06/04 22:15:00,12.96,19.65,16.46,93.74,64.74,83.18,3.0925049545192644,4840886.1211632565,14971135.837777788,77.2774840879205,9.31,
2025/06/04 22:30:00,12.9,19.61,16.39,93.73,64.78,83.19,3.0942801515785425,4835904.133751985,14964307.691666663,77.32732536481703,9.39,
2025/06/04 22:45:00,12.85,19.61,16.33,93.72,64.82,83.21,3.0946470121612726,4833255.63425762,14957873.278333332,77.3674175830802,9.43,
2025/06/04 23:00:00,12.8,19.6,16.31,93.71,64.86,83.22,3.0913387115414745,4833777.04797644,14943491.639999997,77.40756711908138,9.38,
2025/06/04 23:15:00,12.75,19.6,16.25,93.71,64.9,83.24,3.090396441555798,4833226.033795776,14937221.872222213,77.45650491936283,9.4,
2025/06/04 23:30:00,12.68,19.6,16.25,93.73,64.94,83.25,3.086528626935114,4834604.329400959,14922780.204444446,77.54273024373981,9.39,
2025/06/04 23:45:00,12.63,19.62,16.26,93.83,64.97,83.27,3.081027530394558,4843695.712490556,14924191.883333331,77.6800685014394,9.42,
2025/06/05 00:00:00,12.69,19.59,16.24,94.21,65.25,82.98,3.0655440125651694,4697257.508849652,14400256.75,77.95698708015522,9.45,
2025/06/05 00:15:00,12.81,19.58,16.32,94.43,65.3,82.98,3.0523631039986308,4685268.60242657,14301756.675555559,78.03369568653795,9.3,
2025/06/05 00:30:00,12.93,19.58,16.34,94.65,65.35,82.97,3.0537033119564883,4648425.480647834,14195527.548888892,78.10996592051868,9.49,
2025/06/05 00:45:00,13.06,19.57,16.46,94.87,65.4,82.97,3.0345817109792583,4495164.736263394,13641554.93555555,78.17655780257707,9.21,
2025/06/05 01:00:00,13.22,19.57,16.62,94.99,65.45,82.97,3.0338548156478597,4362076.946556243,13234532.079999998,78.12531491233764,9.21,
2025/06/05 01:15:00,13.21,19.57,16.64,94.95,65.51,82.96,3.041239950874822,4332697.174656138,13177399.491666656,78.09979214759929,9.33,
2025/06/05 01:30:00,13.19,19.58,16.58,94.92,65.56,82.96,3.0420754607517475,4317706.110297409,13135399.199999994,78.09299473686315,9.33,
2025/06/05 01:45:00,13.35,19.57,16.62,94.89,65.61,82.96,3.0412593403478843,4305059.944629493,13093423.29166666,77.90988197556717,9.17,
2025/06/05 02:00:00,13.26,19.54,16.67,94.86,65.66,82.95,3.0392804877188424,4291572.905808014,13043927.563333336,77.97174267785503,9.16,
2025/06/05 02:15:00,13.26,19.53,16.61,94.83,65.71,82.95,3.0447146869759796,4270147.33199012,13002002.860000009,77.94521709224857,9.24,
2025/06/05 02:30:00,13.29,19.54,16.69,94.79,65.77,82.95,3.052436956196536,4243142.630915118,12952563.213333337,77.88049156646846,9.34,
2025/06/05 02:45:00,13.27,19.54,16.67,94.76,65.82,82.94,3.052809170041715,4226507.387845371,12903351.60888889,77.87368727789622,9.33,
2025/06/05 03:00:00,13.25,19.54,16.64,94.73,65.87,82.94,3.0494249579399844,4217478.053579463,12861504.35166666,77.86695947427995,9.24,
2025/06/05 03:15:00,13.2,19.55,16.66,94.7,65.92,82.94,3.0473323328896766,4206649.971746959,12819681.477777774,77.88960677349779,9.2,
2025/06/05 03:30:00,13.32,19.55,16.6,94.67,65.97,82.93,3.0581221362577935,4175617.1237408523,12770156.373333339,77.74541176288608,9.31,
2025/06/05 03:45:00,13.21,19.5,16.63,94.63,65.94,82.93,3.052166701592214,4188833.5036770124,12785643.273333339,77.81810542567936,9.22,
2025/06/05 04:00:00,13.2,19.51,16.64,94.6,65.84,82.91,3.052383352717544,4205921.038747178,12838711.159999995,77.8015023441054,9.2,
2025/06/05 04:15:00,13.18,19.5,16.57,94.57,65.74,82.89,3.0574713125511077,4216259.726951134,12891712.166666672,77.79455736816442,9.29,
2025/06/05 04:30:00,13.24,19.51,16.59,94.54,65.64,82.87,3.0614873907003286,4228017.216875039,12944646.293333335,77.70929603352756,9.3,
2025/06/05 04:45:00,13.14,19.52,16.58,94.5,65.54,82.85,3.0596311389426667,4247927.710407591,12997714.528333323,77.77206259561062,9.29,
2025/06/05 05:00:00,13.07,19.47,16.49,94.47,65.44,82.83,3.056911041585352,4268982.547407607,13050515.823888887,77.81426502813281,9.25,
2025/06/05 05:15:00,13.0,19.46,16.49,94.44,65.35,82.81,3.0555762848984562,4285649.854369555,13095749.810000004,77.85642488446916,9.24,
2025/06/05 05:30:00,12.98,19.46,16.44,94.41,65.25,82.79,3.058695011444052,4298502.665698044,13148421.525555559,77.84950255781344,9.29,
2025/06/05 05:45:00,12.86,19.46,16.36,94.35,65.15,82.77,3.0557966987351186,4319799.081413572,13201026.361111103,77.91420680034214,9.25,
2025/06/05 06:00:00,12.83,19.44,16.28,94.28,65.05,82.75,3.0573671197648555,4334767.071020943,13253564.316666666,77.8818657494384,9.23,
2025/06/05 06:15:00,12.79,19.46,16.31,94.21,64.95,82.73,3.0595062434103983,4349154.81038036,13306861.174444444,77.8592714954606,9.23,
2025/06/05 06:30:00,12.77,19.47,16.27,94.13,64.86,82.71,3.0646216692574186,4371976.163253261,13399043.99166666,77.80817581167354,9.27,
2025/06/05 06:45:00,12.77,19.41,16.19,94.06,64.76,82.69,3.0715932564505657,4394616.327392964,13499067.676111106,77.74626479921857,9.35,
2025/06/05 07:00:00,12.64,19.42,16.22,93.99,64.66,82.68,3.0671317308616333,4437424.056229999,13610765.287777787,77.81184320832556,9.27,
2025/06/05 07:15:00,12.47,19.42,16.05,93.92,64.56,82.66,3.0621363454832404,4479778.50649842,13718266.527777772,77.91654948402416,9.21,
2025/06/05 07:30:00,12.21,19.4,15.94,93.85,64.46,82.64,3.058001977503928,4521129.070350154,13826183.910000002,78.10912078326189,9.24,
2025/06/05 07:45:00,12.2,19.4,15.95,93.78,64.37,82.62,3.0623794866249026,4547547.783228926,13926886.26388889,78.05694618542746,9.27,
2025/06/05 08:00:00,12.23,19.4,15.95,93.71,64.27,82.6,3.068112931026381,4574553.741509184,14035822.753333332,77.96561630009354,9.3,
2025/06/05 08:15:00,12.38,19.39,16.02,93.72,64.17,82.58,3.070278960661006,4607146.303246011,14145818.524444442,77.8277649862817,9.24,
2025/06/05 08:30:00,12.53,19.39,16.09,93.74,64.1,82.56,3.0778869656690273,4624181.7441896405,14233321.48333334,77.69849477350246,9.32,
2025/06/05 08:45:00,12.67,19.4,16.17,93.76,64.11,82.54,3.077885714565804,4632585.120261162,14259194.754444446,77.57925825342012,9.23,
2025/06/05 09:00:00,12.64,19.4,16.18,93.79,64.12,82.52,3.075347086893877,4644769.705987201,14284908.48888888,77.63515503822502,9.23,
2025/06/05 09:15:00,12.63,19.41,16.14,93.81,64.13,82.5,3.0757551650701633,4652464.455079499,14310462.68666667,77.6625601877688,9.27,
2025/06/05 09:30:00,12.63,19.42,16.16,93.83,64.14,82.48,3.0725623247038794,4665563.354090537,14335857.347777778,77.68032507866388,9.22,
2025/06/05 09:45:00,12.86,19.45,16.31,93.85,64.15,82.46,3.0826168197977624,4658522.9479467105,14361092.47222221,77.47266731332168,9.29,
2025/06/05 10:00:00,12.69,19.48,16.25,93.88,64.16,82.44,3.0752115686187254,4674588.447419269,14375980.00666667,77.6656548279015,9.29,
2025/06/05 10:15:00,12.76,19.48,16.21,93.9,64.17,82.42,3.077509438278872,4673762.304718666,14384172.458333332,77.61475662644015,9.31,
2025/06/05 10:30:00,12.78,19.48,16.23,93.92,64.18,82.4,3.0780643664209704,4675477.160364989,14392048.855555555,77.6128199031871,9.33,
2025/06/05 10:45:00,12.81,19.48,16.31,93.94,64.19,82.38,3.0723532832689804,4686762.115829783,14400032.65555555,77.60130105518925,9.2,
2025/06/05 11:00:00,12.8,19.5,16.32,93.96,64.2,82.36,3.070548115528969,4690573.570593732,14403273.08444444,77.6287828196837,9.19,
2025/06/05 11:15:00,12.73,19.47,16.27,93.99,64.22,82.34,3.0697929492392086,4677556.7442119215,14359765.78666667,77.72372264786016,9.26,
2025/06/05 11:30:00,12.66,19.45,16.24,93.89,64.23,82.33,3.0723675667790733,4664580.006379655,14331936.972222216,77.70391311625363,9.26,
2025/06/05 11:45:00,12.47,19.46,16.11,93.6,64.24,82.31,3.0831458644113847,4636765.708939566,14296432.865000008,77.63337147147749,9.33,
2025/06/05 12:00:00,12.61,19.49,16.14,93.67,64.25,82.33,3.085820224466769,4631433.17295934,14292378.61333333,77.5582247106574,9.36,
2025/06/05 12:15:00,12.63,19.53,16.21,93.73,64.26,82.35,3.0814539353159476,4636742.573623861,14288521.169999989,77.59176965940105,9.31,
2025/06/05 12:30:00,12.58,19.54,16.22,93.8,64.27,82.37,3.0774897807846804,4641457.989864553,14284650.722222226,77.70257454031763,9.34,
2025/06/05 12:45:00,12.6,19.57,16.2,93.87,64.28,82.39,3.075962126793472,4642435.404951951,14280556.992777774,77.744840294113,9.37,
2025/06/05 13:00:00,12.62,19.57,16.27,93.93,64.29,82.41,3.0694333792537574,4651037.0090750335,14276660.419999994,77.7784132248384,9.27,
2025/06/05 13:15:00,12.54,19.58,16.27,94.0,64.3,82.43,3.066189946687704,4654614.158170835,14272540.333333341,77.9184995410063,9.34,
2025/06/05 13:30:00,12.43,19.64,16.19,94.07,64.39,82.45,3.05767850389631,4645717.861437685,14205690.986666668,78.08808083158516,9.31,
2025/06/05 13:45:00,12.82,19.65,16.37,94.11,64.5,82.47,3.073784399066279,4594532.859020685,14123214.01333333,77.7413946095221,9.42,
2025/06/05 14:00:00,12.92,19.64,16.45,94.14,64.62,82.49,3.075772188027075,4562161.46857906,14032793.762777768,77.6699345608164,9.42,
2025/06/05 14:15:00,12.89,19.63,16.45,94.16,64.73,82.51,3.067241871381741,4548039.857859453,13950558.416666666,77.71711631155596,9.27,
2025/06/05 14:30:00,12.81,19.65,16.33,94.18,64.84,82.53,3.0678618578305605,4536096.2040343415,13916709.241111109,77.81302605106936,9.37,
2025/06/05 14:45:00,13.02,19.67,16.48,94.11,64.96,82.55,3.080338228664894,4496883.636897111,13852540.319444444,77.54549739215098,9.41,
2025/06/05 15:00:00,12.75,19.68,16.41,93.84,65.07,82.57,3.0792934226576016,4474540.307707416,13779021.666666666,77.57155008638944,9.29,
2025/06/05 15:15:00,12.84,19.69,16.37,93.8,65.19,82.59,3.087424028030449,4436406.832780626,13697657.966666672,77.4479838187124,9.36,
2025/06/05 15:30:00,13.02,19.69,16.48,94.0,65.3,82.61,3.084996341371236,4416079.802360634,13624195.163333332,77.44837828518244,9.39,
2025/06/05 15:45:00,13.19,19.7,16.62,94.21,65.42,82.63,3.0825355801754357,4393222.3329613935,13542890.33166666,77.46719632563855,9.44,
2025/06/05 16:00:00,13.2,19.71,16.65,94.41,65.53,82.65,3.0684868538719616,4389738.413209602,13470477.28888889,77.63386382947532,9.34,
2025/06/05 16:15:00,13.19,19.71,16.73,94.54,65.62,82.67,3.0541174020268236,4392873.27824727,13416983.158333331,77.75845858819565,9.18,
2025/06/05 16:30:00,12.86,19.71,16.42,93.52,65.39,82.69,3.0991751655901103,4393015.987923294,13615320.094444443,77.18086896915607,9.29,
2025/06/05 16:45:00,12.73,19.76,16.35,93.78,65.16,82.71,3.087827563087095,4473412.080938596,13813703.475,77.53795076496517,9.44,
2025/06/05 17:00:00,13.15,19.76,16.55,94.07,65.06,82.73,3.086891337552527,4505885.559085909,13909797.495,77.38282754920826,9.41,
2025/06/05 17:15:00,13.21,19.77,16.62,94.36,65.08,82.75,3.068627144177824,4533236.998224995,13911438.841666665,77.5800247623076,9.28,
2025/06/05 17:30:00,13.29,19.76,16.77,94.65,65.1,82.77,3.056244484990443,4552131.199276904,13913080.188333334,77.75724029696173,9.27,
2025/06/05 17:45:00,13.34,19.76,16.7,94.69,65.13,82.79,3.061449557150803,4542360.025775456,13906846.763333341,77.74337693765469,9.39,
2025/06/05 18:00:00,13.35,19.77,16.74,94.69,65.15,82.81,3.058137118816109,4547814.758793628,13908487.181111107,77.73361734682808,9.31,
2025/06/05 18:15:00,13.29,19.77,16.73,94.68,65.18,82.83,3.057524151393394,4546687.72171871,13902250.969444439,77.7836166066173,9.33,
2025/06/05 18:30:00,13.22,19.78,16.7,94.67,65.2,82.85,3.0583483596397634,4546068.114487851,13904095.394444438,77.84339387261994,9.39,
2025/06/05 18:45:00,13.17,19.78,16.65,94.66,65.23,82.87,3.0597576046392074,4541938.496035337,13897856.279999997,77.8835775445914,9.45,
2025/06/05 19:00:00,13.14,19.77,16.66,94.65,65.25,82.88,3.0592252531154385,4540687.643487964,13891615.307777774,77.90417025583439,9.45,
2025/06/05 19:15:00,13.11,19.76,16.6,94.65,65.28,82.9,3.0547087098045247,4545361.403494554,13885372.477777781,77.93360214093896,9.37,
2025/06/05 19:30:00,13.08,19.77,16.61,94.64,65.3,82.92,3.052846147713384,4548670.841573667,13887009.180000005,77.95421454113277,9.34,
2025/06/05 19:45:00,13.1,19.77,16.58,94.63,65.33,82.93,3.0566911966109633,4538328.771238469,13872881.24444445,77.92576449737905,9.4,
2025/06/05 20:00:00,13.14,19.76,16.58,94.62,65.35,82.94,3.058997166128602,4532864.240269316,13866632.841111112,77.87774474021073,9.41,
2025/06/05 20:15:00,13.13,19.76,16.59,94.62,65.38,82.94,3.055550372919064,4530771.426187362,13844614.226666667,77.88758447916541,9.34,
2025/06/05 20:30:00,13.04,19.71,16.57,94.61,65.4,82.95,3.0534324615841113,4531864.248693688,13838360.249999996,77.96697262000353,9.35,
2025/06/05 20:45:00,13.01,19.69,16.49,94.6,65.43,82.95,3.0546750010292856,4522813.625688501,13816332.346666662,77.98753374180443,9.39,
2025/06/05 21:00:00,13.0,19.68,16.47,94.59,65.45,82.96,3.052627137573256,4523798.129772926,13810072.79666666,77.98855431519559,9.34,
2025/06/05 21:15:00,12.99,19.67,16.41,94.58,65.48,82.96,3.054554671352559,4513798.5203126855,13788238.56666666,77.9895109375736,9.38,
2025/06/05 21:30:00,13.02,19.66,16.47,94.58,65.5,82.97,3.0520031666199214,4515515.336150109,13781973.327222222,77.96017764443125,9.3,
2025/06/05 21:45:00,12.99,19.66,16.45,94.57,65.53,82.97,3.0523904171473557,4507721.170503777,13759926.497777773,77.98074358718732,9.32,
2025/06/05 22:00:00,13.03,19.63,16.49,94.56,65.55,82.98,3.0510402960608185,4510044.262542746,13760941.425000004,77.93280780887645,9.25,
2025/06/05 22:15:00,13.03,19.61,16.48,94.55,65.58,82.98,3.05154191976813,4506771.031883816,13753217.133333335,77.92399318782239,9.25,
2025/06/05 22:30:00,13.03,19.62,16.52,94.54,65.6,82.99,3.0592149032738845,4495653.039366956,13753793.508888891,77.91503803386527,9.41,
2025/06/05 22:45:00,13.02,19.62,16.49,94.54,65.63,82.99,3.059302986382371,4488824.3347429,13733291.537777776,77.92483334759844,9.42,
2025/06/05 23:00:00,13.01,19.62,16.49,94.53,65.65,83.0,3.059885038045825,4486372.68288431,13728402.447222218,77.92581338252278,9.43,
2025/06/05 23:15:00,13.01,19.56,16.43,94.52,65.68,83.0,3.060382995531072,4478937.850404301,13707882.246666659,77.91699745763871,9.43,
2025/06/05 23:30:00,13.0,19.54,16.42,94.51,65.7,83.01,3.06096095764674,4476556.487488402,13703183.578333337,77.91797696921174,9.44,
2025/06/05 23:45:00,12.99,19.54,16.41,94.51,65.72,83.01,3.0610392010929997,4472254.332056211,13690362.241111115,77.92777305240351,9.45,
2025/06/06 00:00:00,13.03,19.52,16.44,94.5,65.67,83.01,3.0594702011999044,4476297.63522676,13695725.413333336,77.87979632536897,9.37,
2025/06/06 00:15:00,13.09,19.5,16.42,94.47,65.7,83.01,3.0630286035515812,4462311.754634089,13668814.573333334,77.7945489802078,9.37,
2025/06/06 00:30:00,13.02,19.48,16.47,94.43,65.72,83.02,3.0599609205508527,4463150.141650485,13657704.133333331,77.82792321042324,9.31,
2025/06/06 00:45:00,12.96,19.47,16.41,94.39,65.73,83.02,3.060804631473183,4458360.262789123,13646798.164999992,77.85141797918445,9.33,
2025/06/06 01:00:00,12.93,19.45,16.38,94.35,65.67,83.03,3.062215688327582,4473294.980785556,13698823.257777777,77.84551836659762,9.34,
2025/06/06 01:15:00,12.9,19.46,16.4,94.31,65.6,83.03,3.064051924793525,4487649.309690246,13751024.723333338,77.83960282632827,9.36,
2025/06/06 01:30:00,12.87,19.46,16.39,94.27,65.54,83.04,3.065871216761763,4501938.449152123,13802998.61111111,77.83368104023208,9.38,
2025/06/06 01:45:00,12.86,19.42,16.32,94.22,65.48,83.04,3.0684408908063965,4512595.666779181,13847264.811111111,77.79934267998057,9.39,
2025/06/06 02:00:00,12.86,19.4,16.3,94.18,65.41,83.05,3.0708532023792023,4528525.805746652,13907073.18,77.76402872929101,9.4,
2025/06/06 02:15:00,12.86,19.37,16.29,94.14,65.35,83.05,3.073261187154385,4539364.032626908,13951293.4,77.72871037153278,9.41,
2025/06/06 02:30:00,12.86,19.37,16.3,94.1,65.29,83.05,3.072282559711367,4555128.088616846,13995286.506666658,77.6934487972854,9.34,
2025/06/06 02:45:00,12.84,19.34,16.23,94.06,65.23,83.06,3.0773711900719998,4564513.119383463,14047342.71722222,77.67764836833018,9.43,
2025/06/06 03:00:00,12.83,19.35,16.27,94.02,65.16,83.06,3.0760881752445512,4583261.633751127,14099166.70555556,77.65216414426696,9.36,
2025/06/06 03:15:00,12.79,19.33,16.24,93.97,65.1,83.07,3.076338956841455,4601353.152345793,14155972.325,77.6471912715364,9.34,
2025/06/06 03:30:00,12.77,19.31,16.16,93.93,65.04,83.06,3.0759221869085445,4617234.0053282725,14202892.476666663,77.63148473078472,9.3,
2025/06/06 03:45:00,12.72,19.31,16.15,93.89,64.98,83.01,3.0766131891068627,4621140.749731957,14218101.40666667,77.64508935000194,9.31,
2025/06/06 04:00:00,12.7,19.29,16.16,93.85,64.91,82.96,3.0739737072595865,4632623.604757795,14241208.330555549,77.6294603336356,9.22,
2025/06/06 04:15:00,12.65,19.28,16.16,93.81,64.85,82.91,3.0751312568983944,4635899.343047831,14256647.27666667,77.64302715035208,9.24,
2025/06/06 04:30:00,12.66,19.27,16.13,93.77,64.79,82.86,3.0813471399375505,4631493.087805364,14271884.769999992,77.59774130983337,9.33,
2025/06/06 04:45:00,12.68,19.27,16.17,93.72,64.72,82.81,3.0811059950053217,4639365.365145508,14295032.565,77.53406490996741,9.25,
2025/06/06 05:00:00,12.68,19.24,16.06,93.68,64.66,82.76,3.084836659645517,4638773.676645031,14310500.538888894,77.49863001395278,9.29,
2025/06/06 05:15:00,12.68,19.21,16.06,93.64,64.6,82.71,3.0881021581057433,4638809.40698669,14325766.595555555,77.46321113539341,9.32,
2025/06/06 05:30:00,12.65,19.2,16.06,93.6,64.54,82.66,3.0847485657402207,4648803.462177615,14341040.77999999,77.45735402995584,9.22,
2025/06/06 05:45:00,12.55,19.2,16.04,93.56,64.47,82.61,3.0871022682197875,4652843.469950035,14364452.263333332,77.5197050154044,9.31,
2025/06/06 06:00:00,12.55,19.19,16.05,93.52,64.41,82.57,3.0886732812917477,4657991.955556932,14387669.608888885,77.48432275675829,9.3,
2025/06/06 06:15:00,12.23,19.19,15.79,93.54,64.36,82.52,3.074832672020439,4532025.471217896,13935801.391111106,77.81525430880903,9.26,
2025/06/06 06:30:00,12.41,19.15,15.9,93.61,64.32,82.47,3.0805446926398368,4520164.143401952,13925177.108333336,77.70094197519549,9.33,
2025/06/06 06:45:00,12.43,19.13,15.93,93.68,64.28,82.42,3.0761159578763566,4523285.111975324,13914766.702222222,77.74335644175858,9.29,
2025/06/06 07:00:00,12.51,19.12,15.94,93.75,64.24,82.37,3.0737122259074443,4523367.1559836855,13904148.805555563,77.72702567041465,9.25,
2025/06/06 07:15:00,12.54,19.1,15.95,93.81,64.2,82.32,3.068215681192997,4528078.318504773,13893744.553333322,77.75086434079114,9.17,
2025/06/06 07:30:00,12.52,19.09,15.96,93.88,64.16,82.27,3.0640360499097694,4530791.064181197,13883133.042777775,77.83232486730797,9.17,
2025/06/06 07:45:00,12.49,19.07,15.96,93.95,64.11,82.22,3.0590660633796705,4537257.73913324,13880399.438888889,77.9235856286681,9.16,
2025/06/06 08:00:00,12.45,19.07,15.91,93.99,64.07,82.17,3.059291028479989,4533460.41319938,13869792.688888894,77.9979332821283,9.24,
2025/06/06 08:15:00,12.42,19.07,15.84,93.96,64.03,82.12,3.0614840973363657,4526822.31281586,13859399.235000001,78.00072522555196,9.28,
2025/06/06 08:30:00,12.39,19.06,15.83,93.92,63.99,82.07,3.063700429923845,4520087.48579949,13848798.871111104,77.99469498910001,9.31,
2025/06/06 08:45:00,12.46,19.02,15.86,93.89,63.95,82.03,3.064157875064139,4520778.431552445,13852997.448888885,77.89978546604212,9.23,
2025/06/06 09:00:00,12.38,19.02,15.89,93.85,63.91,81.98,3.061187919754468,4524579.001648104,13851210.15055556,77.94284609005001,9.18,
2025/06/06 09:15:00,12.42,19.03,15.89,93.82,63.87,81.93,3.0640493069752925,4519768.644527625,13849416.350000007,77.87716490210921,9.18,
2025/06/06 09:30:00,12.47,19.02,15.89,93.9,64.32,83.37,3.0661725685817256,4766247.537913783,14614796.991666675,77.89874721968098,9.28,
2025/06/06 09:45:00,12.51,19.02,15.95,93.92,64.4,83.37,3.0589348664904614,4759402.443299995,14559369.611111108,77.87760949068426,9.11,
2025/06/06 10:00:00,12.52,19.04,15.92,93.93,64.47,83.37,3.06769103536037,4730239.296337729,14511570.150000002,77.87626547818893,9.31,
2025/06/06 10:15:00,12.65,19.04,16.01,93.94,64.55,83.36,3.0690813794274687,4706215.630072227,14444433.080000002,77.75790560523549,9.25,
2025/06/06 10:30:00,12.53,19.04,15.95,93.96,64.62,83.36,3.061292646727015,4701275.842240253,14392637.538888885,77.89319200735869,9.19,
2025/06/06 10:45:00,12.6,19.0,15.9,93.97,64.69,83.36,3.064538134198654,4679391.746668001,14340827.36777778,77.83342638226677,9.22,
2025/06/06 11:00:00,12.54,18.99,15.93,93.98,64.77,83.36,3.060183770923008,4666673.605225493,14281536.15777778,77.90109293846618,9.18,
2025/06/06 11:15:00,12.53,19.0,15.95,93.99,64.84,83.35,3.0593436901137503,4648498.63902705,14222011.448333329,77.91972038525844,9.18,
2025/06/06 11:30:00,12.53,19.01,15.97,94.01,64.92,83.35,3.0587997341781885,4629859.928371495,14162470.018888881,77.93736990913479,9.19,
2025/06/06 11:45:00,12.52,19.02,15.95,94.02,64.99,83.35,3.057962131769594,4614167.906532695,14110597.379999997,77.95599659787625,9.19,
2025/06/06 12:00:00,12.51,18.99,15.92,94.03,65.07,83.34,3.05712351801225,4593502.9259574,14043549.135000007,77.97462303697033,9.19,
2025/06/06 12:15:00,12.51,19.0,15.94,94.05,65.14,83.34,3.0565789201081413,4576925.36798937,13990376.400000002,77.99227092941776,9.2,
2025/06/06 12:30:00,12.5,19.03,15.96,94.06,65.22,83.34,3.0557413924508006,4557299.38902508,13926565.913333336,78.01089661130862,9.2,
2025/06/06 12:45:00,12.5,19.04,15.95,94.07,65.29,83.34,3.05524505989029,4539678.275461276,13870460.327777775,78.01972999676383,9.2,
2025/06/06 13:00:00,12.45,19.04,15.94,94.09,65.37,83.33,3.0534453608625833,4662914.421798929,14238599.197777772,78.08631641112821,9.22,
2025/06/06 13:15:00,12.43,19.06,15.86,94.1,65.44,83.33,3.054901893692942,4677481.051161894,14289873.051666666,78.1146266679699,9.28,
2025/06/06 13:30:00,12.41,19.07,15.85,94.11,65.52,83.33,3.05543320032234,4679443.128224694,14298349.859444445,78.14298175148085,9.32,
2025/06/06 13:45:00,12.4,19.06,15.82,94.12,65.59,83.33,3.056685497206347,4657997.1677364465,14238650.286666663,78.16154264265688,9.37,
2025/06/06 14:00:00,12.32,19.04,15.85,94.14,65.67,83.32,3.048742340495334,4658066.3221770255,14201867.563888883,78.25767273584893,9.27,
2025/06/06 14:15:00,12.32,19.05,15.86,94.15,65.74,83.32,3.049108553030616,4630935.110726201,14120843.95333333,78.26647191577985,9.29,
2025/06/06 14:30:00,12.33,19.05,15.85,94.16,65.81,83.32,3.049808913524924,4590305.647392756,14000168.166111104,78.2654827295875,9.31,
2025/06/06 14:45:00,12.34,19.07,15.88,94.18,65.89,83.32,3.0495886819508216,4572648.982839977,13945311.123333327,78.27334093406947,9.32,
2025/06/06 15:00:00,12.34,19.06,15.85,94.19,65.96,83.31,3.049097484515464,4557284.984076362,13896212.611111116,78.28217206829353,9.32,
2025/06/06 15:15:00,12.35,19.08,15.83,94.2,66.04,83.31,3.0489482900108626,4541428.393937347,13847177.147222219,78.28121211107057,9.32,
2025/06/06 15:30:00,12.36,19.03,15.8,94.21,66.11,83.31,3.048796460569838,4528091.9603044,13805829.400000002,78.28025159700799,9.32,
2025/06/06 15:45:00,12.38,19.01,15.81,94.23,66.19,83.3,3.0484926255905855,4509276.86920743,13747098.890555555,78.27832889934899,9.32,
2025/06/06 16:00:00,12.34,19.01,15.84,94.24,66.26,83.3,3.0444912405642297,4500758.501888913,13703124.013333324,78.32640083139543,9.27,
2025/06/06 16:15:00,12.37,19.0,15.79,94.25,66.34,83.3,3.0463137700213543,4476821.142802281,13638396.248888884,78.30580764430488,9.3,
2025/06/06 16:30:00,12.39,19.02,15.8,94.27,66.41,83.3,3.047711646800425,4456170.594374152,13581713.475,78.30382617063138,9.34,
2025/06/06 16:45:00,12.42,19.06,15.9,94.28,66.49,83.29,3.044791248950328,4436545.286479864,13508951.866666676,78.28339598872425,9.26,
2025/06/06 17:00:00,12.44,19.09,15.92,94.29,66.56,83.29,3.0458514633872174,4423664.993253842,13474421.00277778,78.27260557813293,9.28,
2025/06/06 17:15:00,12.53,19.07,15.94,94.75,66.64,83.29,3.0243438948310364,4399430.722905132,13305979.775000002,78.59022564598095,9.24,
2025/06/06 17:30:00,12.94,19.14,16.25,95.82,67.32,82.92,2.991750923392113,4179596.8441174533,12504901.933333337,79.12923570958316,9.39,
2025/06/06 17:45:00,13.47,19.1,16.68,96.84,68.76,82.52,2.948640081104125,3738918.346197599,11025331.484444436,79.50281124506208,9.21,
2025/06/06 18:00:00,13.42,19.1,16.76,96.57,68.54,82.12,2.956393996905273,3675042.4532196885,10865494.554444442,79.31580208701821,9.13,
2025/06/06 18:15:00,12.77,19.12,16.4,94.86,66.49,81.76,3.0196011720073095,4045213.959921618,12215552.928333342,78.45224822670518,9.09,
2025/06/06 18:30:00,12.4,19.15,15.9,93.41,66.0,81.81,3.088865780922164,4093723.415701993,12645517.830000002,77.53374766220205,9.3,
2025/06/06 18:45:00,12.23,19.13,15.79,93.44,65.51,81.86,3.0822246206071475,4241935.386327795,13075154.949999994,77.72661644904618,9.32,
2025/06/06 19:00:00,12.23,19.14,15.77,93.46,65.02,81.91,3.08283535072902,4380469.776925728,13504837.701666666,77.74426595359036,9.36,
2025/06/06 19:15:00,12.23,19.13,15.78,93.49,64.81,81.96,3.0825352308157066,4447558.317195057,13710337.880555548,77.7707886810157,9.39,
2025/06/06 19:30:00,12.49,19.12,15.89,93.51,64.89,82.01,3.091904960549106,4425608.956799969,13684168.177777782,77.53405318632441,9.42,
2025/06/06 19:45:00,12.5,19.12,15.92,93.54,64.97,82.06,3.0875771365216367,4423273.644144752,13657807.704444448,77.55090350146492,9.34,
2025/06/06 20:00:00,12.5,19.1,15.88,93.56,65.05,82.11,3.0869941990442116,4415638.249787947,13631653.676666668,77.56858951505694,9.35,
2025/06/06 20:15:00,12.5,19.09,15.89,93.58,65.12,82.17,3.0864084478101197,4413116.636977104,13621287.624999998,77.58627491323688,9.36,
2025/06/06 20:30:00,12.44,19.08,15.9,93.61,65.2,82.22,3.0803514645284626,4413307.651460047,13595146.717777774,77.67162509140633,9.3,
2025/06/06 20:45:00,12.41,19.06,15.89,93.63,65.28,82.27,3.078312677714564,4407677.015165923,13568816.201111104,77.71868220974537,9.3,
2025/06/06 21:00:00,12.39,19.05,15.87,93.66,65.36,82.32,3.0765462619565054,4401717.135673341,13542690.968888884,77.7647825031592,9.31,
2025/06/06 21:15:00,12.26,19.04,15.76,93.68,65.44,82.37,3.0685327844814885,4404707.920513839,13516573.400000004,77.90980771698956,9.25,
2025/06/06 21:30:00,12.19,19.02,15.74,93.69,65.52,82.42,3.066460239113835,4399106.851785496,13490267.26666667,77.98711879875128,9.27,
2025/06/06 21:45:00,12.19,19.0,15.7,93.65,65.6,82.47,3.071698202461629,4383108.837848397,13464165.37277778,77.95159463799223,9.35,
2025/06/06 22:00:00,12.24,18.99,15.77,93.62,65.67,82.52,3.069526224498709,4385531.055940999,13462094.066666663,77.87635249086652,9.22,
2025/06/06 22:15:00,12.09,18.98,15.68,93.64,65.75,82.57,3.0658746776378503,4388420.028865093,13454921.651111107,78.04070612937849,9.28,
2025/06/06 22:30:00,11.88,18.97,15.61,93.72,65.83,82.62,3.0534841979921428,4403927.3057181,13447884.272777783,78.31701460023208,9.25,
2025/06/06 22:45:00,12.15,18.97,15.64,93.8,65.91,82.68,3.062550301676489,4391125.16392759,13448611.128333343,78.1234481235571,9.34,
2025/06/06 23:00:00,12.36,18.95,15.82,93.88,65.99,82.73,3.064215383268205,4386330.901445224,13441268.610000007,77.98871869705086,9.3,
2025/06/06 23:15:00,12.51,18.94,15.81,93.95,66.07,82.78,3.0655021832233,4382138.182145827,13434060.200000005,77.90375959606432,9.29,
2025/06/06 23:30:00,12.52,18.94,15.9,94.03,66.14,82.83,3.056096712769714,4395811.755528929,13434647.025555553,77.96489487391487,9.16,
2025/06/06 23:45:00,12.52,18.92,15.9,94.11,66.16,82.88,3.059199063976363,4404766.460294472,13475685.568888886,78.03527769588412,9.32,
2025/06/07 00:00:00,12.51,18.91,15.88,94.07,66.27,82.69,3.061680195648653,4324470.153484343,13240760.512222223,78.00971316825768,9.34,
2025/06/07 00:15:00,12.38,18.89,15.82,94.13,66.33,82.73,3.0517063956563124,4327956.709895093,13208256.600000003,78.1900797120802,9.28,
2025/06/07 00:30:00,12.39,18.88,15.8,94.19,66.39,82.77,3.048652438937873,4321894.517241446,13176553.389999995,78.23329390546466,9.27,
2025/06/07 00:45:00,12.4,18.88,15.78,94.24,66.46,82.81,3.046087050726724,4312441.0806388585,13136663.650000006,78.26766762515021,9.26,
2025/06/07 01:00:00,12.4,18.87,15.8,94.3,66.52,82.85,3.0431221375250677,4306189.487335131,13104856.752777774,78.3206356508708,9.26,
2025/06/07 01:15:00,12.38,18.84,15.8,94.35,66.58,82.89,3.045517428220757,4292431.996660057,13073277.781666668,78.38417827913679,9.39,
2025/06/07 01:30:00,12.34,18.85,15.8,94.4,66.64,82.93,3.042114852016363,4287177.274572229,13042682.620000005,78.46746248721522,9.4,
2025/06/07 01:45:00,12.3,18.85,15.76,94.45,66.7,82.97,3.0332338683541016,4293395.349732919,13023457.987222219,78.55090573677616,9.28,
2025/06/07 02:00:00,12.26,18.82,15.71,94.51,66.76,83.01,3.032362678017669,4288231.006639206,13004052.569444442,78.64289748119783,9.36,
2025/06/07 02:15:00,12.3,18.81,15.64,94.56,66.82,83.01,3.0325218990553813,4271123.04614198,12952841.880000008,78.64780033980982,9.39,
2025/06/07 02:30:00,12.33,18.81,15.7,94.61,66.88,82.95,3.0254911496932597,4248204.385285363,12853477.010000005,78.66269180661304,9.26,
2025/06/07 02:45:00,12.31,18.8,15.72,94.66,66.94,82.89,3.0232492501807995,4218565.430710633,12754347.497222224,78.72633524540339,9.28,
2025/06/07 03:00:00,12.29,18.78,15.67,94.72,67.0,82.82,3.020952761897426,4186270.491922832,12647087.187777769,78.79877516300311,9.31,
2025/06/07 03:15:00,12.34,18.78,15.74,94.77,67.06,82.76,3.013834496487422,4163296.8195884936,12548055.788888888,78.79412277364483,9.17,
2025/06/07 03:30:00,12.35,18.76,15.68,94.82,67.12,82.69,3.016719588152379,4123798.5041258587,12440900.559999993,78.82818501187964,9.28,
2025/06/07 03:45:00,12.35,18.74,15.71,94.87,67.19,82.63,3.009694949954042,4097896.9458675357,12333978.946666665,78.87242199559606,9.18,
2025/06/07 04:00:00,12.35,18.73,15.7,94.93,67.25,82.57,3.0067356668526193,4068985.3015162973,12234917.126666663,78.92527762811781,9.18,
2025/06/07 04:15:00,12.46,18.73,15.78,94.98,67.31,82.5,3.0069113821565208,4033219.5228325925,12128097.691111108,78.86157626979806,9.16,
2025/06/07 04:30:00,12.44,18.7,15.74,95.03,67.37,82.44,3.012038064871137,3993501.3112025866,12029136.88777777,78.92490877587494,9.34,
2025/06/07 04:45:00,12.6,18.69,15.83,95.08,67.43,82.37,3.0093773511739896,3961566.0170321763,11922419.629999997,78.81230631861419,9.22,
2025/06/07 05:00:00,12.53,18.67,15.84,95.27,67.49,82.31,2.9972218175088337,3944649.472797896,11823559.84333334,79.04812074878217,9.21,
2025/06/07 05:15:00,12.74,18.71,15.98,95.5,67.55,82.25,2.9861297972688723,3926265.2981371614,11724920.9,79.04473792246172,9.08,
2025/06/07 05:30:00,12.61,18.7,15.93,95.74,67.51,82.18,2.975099603791353,3931752.8315223176,11697926.460000003,79.38285816280218,9.18,
2025/06/07 05:45:00,12.97,18.67,16.19,96.13,67.21,82.12,2.9645051478492244,3787558.4027958284,11228844.421666674,79.37205926320141,9.13,
2025/06/07 06:00:00,12.48,18.65,16.04,94.5,66.94,82.06,3.021563454117042,3783367.955752689,11432291.640000002,78.41949383232345,8.96,
2025/06/07 06:15:00,12.31,18.66,15.76,94.41,66.8,82.09,3.034654225195207,3808543.2915821047,11558166.302222226,78.50585139698734,9.26,
2025/06/07 06:30:00,12.32,18.66,15.73,94.43,66.66,82.13,3.029961583969616,3858400.7356251525,11691359.68,78.51388547921658,9.17,
2025/06/07 06:45:00,12.26,18.64,15.66,94.44,66.51,82.16,3.029283922799648,3903271.46348241,11824667.891666658,78.58138111085064,9.21,
2025/06/07 07:00:00,12.23,18.61,15.59,94.45,66.37,82.19,3.029567924707329,3945303.7468580594,11953114.763333326,78.61950393546665,9.25,
2025/06/07 07:15:00,12.2,18.61,15.56,94.46,66.22,82.22,3.023575009616429,4005661.737174623,12111968.0,78.6579175998642,9.15,
2025/06/07 07:30:00,12.17,18.59,15.5,94.48,66.08,82.25,3.02520889496235,4053671.0512416363,12263751.115000002,78.70476473768083,9.23,
2025/06/07 07:45:00,12.22,18.59,15.53,94.49,65.94,82.28,3.021831657214852,4108587.268150707,12416019.80666667,78.66485053903526,9.13,
2025/06/07 08:00:00,12.25,18.59,15.62,94.5,65.79,82.31,3.017057598953605,4146046.986759297,12509443.271111108,78.64459944718834,9.02,
2025/06/07 08:15:00,12.24,18.57,15.58,94.52,65.65,82.34,3.020540521286622,4180611.303933071,12628289.14722222,78.6717552065934,9.12,
2025/06/07 08:30:00,12.19,18.57,15.58,94.53,65.5,82.37,3.0211666771765855,4221451.619864637,12754298.266111111,78.72939867565526,9.18,
2025/06/07 08:45:00,12.12,18.57,15.53,94.54,65.36,82.4,3.0201547165045497,4262017.095488294,12872535.720000004,78.8066801737366,9.22,
2025/06/07 09:00:00,12.2,18.57,15.51,94.55,65.21,82.43,3.0205172712158768,4303146.874368834,12998316.10000001,78.73724839634018,9.18,
2025/06/07 09:15:00,12.19,18.58,15.52,94.57,65.07,82.47,3.0192019593129538,4346542.405516746,13123681.266666671,78.7646827883267,9.18,
2025/06/07 09:30:00,12.18,18.57,15.5,94.58,65.02,82.5,3.0183795490667373,4364220.534703983,13173465.995555557,78.78329613534117,9.18,
2025/06/07 09:45:00,12.18,18.59,15.53,94.59,65.0,82.53,3.0223444430287576,4367526.857459601,13200766.852777777,78.79191929970784,9.28,
2025/06/07 10:00:00,12.32,18.57,15.65,94.58,64.98,82.56,3.023011039684976,4375497.736400493,13227804.369999997,78.64618427045008,9.18,
2025/06/07 10:15:00,12.34,18.56,15.65,94.53,64.96,82.59,3.026144144251236,4379880.81900336,13254781.509444451,78.58249668947903,9.18,
2025/06/07 10:30:00,12.3,18.55,15.67,94.48,64.94,82.62,3.023076957458318,4394923.651546473,13286830.382222226,78.57778353354827,9.09,
2025/06/07 10:45:00,12.25,18.56,15.63,94.43,64.92,82.65,3.0276286533285472,4402429.725137402,13329552.885000002,78.58243618211486,9.17,
2025/06/07 11:00:00,12.23,18.56,15.6,94.39,64.9,82.68,3.027560042592522,4416583.551970953,13372097.97,78.56679281142983,9.14,
2025/06/07 11:15:00,12.23,18.55,15.54,94.34,64.88,82.71,3.0336513214924548,4399982.639537473,13348629.592222221,78.52248166718955,9.22,
2025/06/07 11:30:00,12.23,18.59,15.55,94.29,64.86,82.74,3.036995673663545,4455996.980121481,13533463.386666663,78.47830262162394,9.24,
2025/06/07 11:45:00,12.29,18.57,15.58,94.24,64.84,82.77,3.0397063415742402,4448717.570128027,13523425.581111105,78.37549080950706,9.2,
2025/06/07 12:00:00,12.16,18.62,15.65,94.2,64.82,82.81,3.0313587565482703,4459978.665534364,13520427.476111114,78.46777774424774,9.07,
2025/06/07 12:15:00,12.32,18.64,15.6,94.17,64.8,82.84,3.0362664088070854,4456871.6772577185,13532869.362222226,78.284739142045,9.03,
2025/06/07 12:30:00,12.19,18.66,15.57,94.14,64.78,82.87,3.0372007206846074,4473039.381797121,13586130.69,78.38529925562449,9.11,
2025/06/07 12:45:00,12.41,18.72,15.73,94.12,64.76,82.9,3.0492500045163125,4472919.799451364,13639689.726666665,78.15204148202443,9.19,
2025/06/07 13:00:00,12.17,18.72,15.65,94.13,64.74,82.93,3.038852124560449,4505814.57140664,13693125.801666675,78.39594208272634,9.15,
2025/06/07 13:15:00,12.28,18.73,15.69,94.21,64.72,82.96,3.03580795426788,4528030.651027342,13746860.746666662,78.35905821421844,9.09,
2025/06/07 13:30:00,12.34,18.71,15.68,94.29,64.7,82.99,3.0343104138762125,4547932.260942518,13800471.568888882,78.37091018290911,9.1,
2025/06/07 13:45:00,12.4,18.76,15.74,94.36,64.68,83.02,3.038825479783078,4558913.68479446,13854382.422222214,78.37364599241349,9.23,
2025/06/07 14:00:00,12.46,18.73,15.74,94.44,64.66,83.0,3.03955045961593,4558104.351982012,13855234.213333333,78.38537542156567,9.29,
2025/06/07 14:15:00,12.46,18.77,15.83,94.48,64.64,82.71,3.032155783965024,4499528.199790917,13643915.126111107,78.42087887207808,9.17,
2025/06/07 14:30:00,12.56,18.81,15.82,94.38,64.61,82.41,3.044125770810969,4412494.33657382,13432815.488888886,78.23455672589057,9.25,
2025/06/07 14:45:00,12.5,18.79,15.88,94.27,64.59,82.12,3.042532069744562,4345492.700022068,13221935.301666668,78.19646193237054,9.14,
2025/06/07 15:00:00,12.48,18.78,15.87,94.17,64.57,81.83,3.046838137492076,4270213.371508723,13011274.564444447,78.12776236104868,9.14,
2025/06/07 15:15:00,11.98,18.79,15.61,92.9,64.44,81.6,3.0879102554692333,4187210.8582299976,12930311.68,77.49322725154043,9.03,
2025/06/07 15:30:00,11.77,18.79,15.43,92.9,64.14,81.66,3.086150021007794,4282974.025525989,13218461.37333333,77.69814069285637,9.16,
2025/06/07 15:45:00,11.57,18.81,15.37,92.9,63.84,81.73,3.0783300033073635,4390073.028216261,13514651.645000001,77.89369634094163,9.14,
2025/06/07 16:00:00,11.39,18.81,15.33,92.9,63.54,81.79,3.0720572763953773,4493286.253077539,13804194.555555562,78.06960748447243,9.14,
2025/06/07 16:15:00,11.42,18.84,15.36,92.9,63.24,81.86,3.071461171026162,4591114.896580725,14102004.925555551,78.04042519303478,9.1,
2025/06/07 16:30:00,11.27,18.84,15.32,92.97,62.93,81.92,3.064490728599212,4696164.367650611,14391929.145000003,78.24900798890046,9.14,
2025/06/07 16:45:00,11.18,18.85,15.29,93.09,62.63,81.99,3.0559760664194546,4802183.523624608,14675937.271111105,78.44341933604562,9.15,
2025/06/07 17:00:00,11.39,18.85,15.36,93.21,62.7,82.05,3.054890640133053,4802507.872833584,14671726.849999996,78.3448446127474,9.09,
2025/06/07 17:15:00,11.68,18.89,15.48,93.33,62.9,82.11,3.0660108000275623,4751627.170309966,14569143.612222223,78.16722568824997,9.26,
2025/06/07 17:30:00,11.93,18.9,15.56,93.45,63.1,82.18,3.068421863191587,4716841.664818641,14473872.820000002,78.02907884707258,9.25,
2025/06/07 17:45:00,12.19,18.87,15.64,93.56,63.31,82.24,3.071187639799137,4672103.068813795,14349534.191666659,77.87215722205741,9.23,
2025/06/07 18:00:00,12.22,18.87,15.7,93.68,63.51,82.31,3.0610156079878097,4649016.349304845,14231344.111111114,77.94928101938197,9.11,
2025/06/07 18:15:00,12.23,18.88,15.71,93.8,63.71,82.37,3.0553994094545853,4616425.72774953,14105649.653333334,78.0456374501925,9.11,
2025/06/07 18:30:00,12.12,18.89,15.67,93.85,63.92,82.44,3.0491933838231384,4584772.471733097,13980466.08444444,78.1975164621216,9.11,
2025/06/07 18:45:00,12.15,18.89,15.67,93.89,64.12,82.5,3.048683779363926,4539745.247482276,13840849.672222218,78.20349477967895,9.12,
2025/06/07 19:00:00,12.17,18.89,15.66,93.94,64.32,82.57,3.04734074156534,4491405.529305536,13687436.125,78.22809457161578,9.13,
2025/06/07 19:15:00,12.14,18.89,15.63,93.99,64.53,82.63,3.0469756305585682,4504270.53947312,13724991.683333326,78.30148380805956,9.2,
2025/06/07 19:30:00,11.77,18.88,15.49,93.06,63.97,82.66,3.0774516600613637,4570276.4849330485,14065394.16333333,77.84015868899893,9.14,
2025/06/07 19:45:00,12.24,18.88,15.7,94.3,63.73,82.62,3.0364065272901355,4605699.010006067,13985386.757222226,78.47735958294795,9.23,
2025/06/08 00:00:00,12.7,18.75,16.23,97.72,63.17,85.44,2.867857379996791,4518283.84713827,12958450.278888885,81.02817943722549,8.96,
2025/06/08 00:15:00,12.29,18.73,15.79,94.97,63.21,81.98,2.996542842736477,4337673.72267437,12998628.555000002,79.01961452181459,9.05,
2025/06/08 00:30:00,12.39,18.7,15.75,94.93,63.26,82.02,3.002251992903499,4330093.212101731,13000634.142222222,78.88637394147223,9.06,
2025/06/08 00:45:00,12.46,18.72,15.75,94.89,63.3,82.05,3.006509700673693,4324625.904319509,13002630.208333332,78.78255020746562,9.06,
2025/06/08 01:00:00,12.43,18.71,15.75,94.84,63.35,82.08,3.0080196372599413,4320735.444810876,12997459.780555552,78.7678986640152,9.06,
2025/06/08 01:15:00,12.39,18.72,15.71,94.8,63.4,82.12,3.0135257435644194,4313498.157288298,12999432.160000002,78.7715999139944,9.16,
2025/06/08 01:30:00,12.41,18.67,15.68,94.76,63.44,82.15,3.0161610878262186,4310378.452351177,13001395.01833334,78.71675644298605,9.16,
2025/06/08 01:45:00,12.42,18.65,15.66,94.72,63.49,82.19,3.0189396504635444,4307058.005043639,13003348.355555551,78.6716840754947,9.17,
2025/06/08 02:00:00,12.42,18.63,15.69,94.68,63.54,82.22,3.016135969250285,4309324.150394957,12998116.853333332,78.63666545875738,9.07,
2025/06/08 02:15:00,12.41,18.63,15.66,94.63,63.58,82.26,3.0187811350548404,4308495.601725562,13007009.571111115,78.6023555271079,9.08,
2025/06/08 02:30:00,12.39,18.62,15.67,94.59,63.63,82.29,3.0201096409325205,4304929.1548422845,13001966.633333337,78.5866777413983,9.08,
2025/06/08 02:45:00,12.38,18.61,15.65,94.55,63.68,82.33,3.02176757430358,4303128.307522846,13003660.694444444,78.5611981847058,9.08,
2025/06/08 03:00:00,12.37,18.61,15.67,94.51,63.72,82.36,3.023423494657221,4301398.75957202,13005561.897777777,78.53571309123828,9.08,
2025/06/08 03:15:00,12.36,18.57,15.61,94.47,63.77,82.39,3.0250807693677157,4297360.842740691,13000471.586666662,78.51022245598865,9.08,
2025/06/08 03:30:00,12.34,18.55,15.61,94.42,63.81,82.43,3.0273788949812634,4293382.949953355,12998309.59777778,78.4856700691769,9.09,
2025/06/08 03:45:00,12.28,18.55,15.66,94.38,63.86,82.46,3.0235090826963926,4289329.1136801755,12969446.233333329,78.50936637155476,9.01,
2025/06/08 04:00:00,12.29,18.52,15.61,94.34,63.91,82.5,3.0292124919594636,4273964.536820684,12947363.873888891,78.4640636584991,9.08,
2025/06/08 04:15:00,12.27,18.56,15.6,94.3,63.95,82.53,3.0305346696847213,4264893.443307315,12925513.504444445,78.44834035516787,9.08,
2025/06/08 04:30:00,12.41,18.52,15.65,94.51,64.0,82.57,3.0192974677522892,4273458.688254002,12903463.539999994,78.49685651716672,8.97,
2025/06/08 04:45:00,12.43,18.47,15.63,94.72,64.05,82.6,3.009462020246011,4277868.290629587,12874704.791666664,78.66241977789349,8.97,
2025/06/08 05:00:00,12.38,18.45,15.67,94.92,64.09,82.63,2.997360233733014,4287866.134693811,12852910.619999994,78.88766327331757,8.96,
2025/06/08 05:15:00,12.29,18.43,15.65,95.13,64.14,82.67,2.9840460048868276,4299629.228586843,12830917.317777779,79.16076957427006,8.96,
2025/06/08 05:30:00,12.29,18.42,15.59,95.33,64.18,82.7,2.9782335830905495,4300718.181334203,12809155.308888886,79.33651716147202,9.04,
2025/06/08 05:45:00,12.52,18.41,15.69,95.5,64.23,82.74,2.975013044165436,4108574.637695711,12223669.791666662,79.26065797557304,9.0,
2025/06/08 06:00:00,12.48,18.41,15.73,95.53,64.28,82.77,2.9696184998242465,4110287.086971012,12206597.742777774,79.32639530258395,8.95,
2025/06/08 06:15:00,12.43,18.38,15.71,95.55,64.32,82.81,2.9659897661177532,4113940.1971639,12202518.643333338,79.39306045131644,8.93,
2025/06/08 06:30:00,12.41,18.38,15.66,95.57,64.37,82.84,2.9670302327261697,4118532.9788359823,12220415.893888887,79.43008813311374,8.98,
2025/06/08 06:45:00,12.45,18.37,15.64,95.6,64.42,82.88,2.971962036596428,4108823.5351619236,12211870.464444442,79.41696079578615,9.08,
2025/06/08 07:00:00,12.39,18.36,15.7,95.55,64.46,82.91,2.968958449971946,4110025.6941937553,12203112.9,79.43202868758623,9.01,
2025/06/08 07:15:00,12.29,18.33,15.62,95.5,64.51,82.94,2.9698292747270165,4103649.7558046775,12187744.66555555,79.48601818883051,9.04,
2025/06/08 07:30:00,12.27,18.33,15.55,95.45,64.56,82.98,2.9706536810431867,4099570.0457764445,12178992.906666668,79.46171686535261,9.02,
2025/06/08 07:45:00,12.41,18.33,15.56,95.39,64.6,83.01,2.972799707077156,4093666.664341532,12170243.470000006,79.2720388033637,8.92,
2025/06/08 08:00:00,12.37,18.31,15.58,95.34,64.62,83.05,2.979764964708232,4087812.7191781825,12181324.882222217,79.26693232858167,9.03,
2025/06/08 08:15:00,12.29,18.3,15.62,95.29,64.6,83.07,2.977656434892861,4098861.979918059,12205618.345555555,79.30147650117274,8.99,
2025/06/08 08:30:00,12.29,18.32,15.59,95.27,64.59,83.09,2.9816964528864753,4099239.8433664376,12223295.333333332,79.28370350513839,9.05,
2025/06/08 08:45:00,12.29,18.34,15.61,95.24,64.57,83.11,2.982677192666718,4106030.4706289135,12247571.380000005,79.25733483857229,9.04,
2025/06/08 09:00:00,12.28,18.31,15.56,95.22,64.55,83.13,2.982339774285239,4104361.5672799395,12241203.846666666,79.24959346938343,9.02,
2025/06/08 09:15:00,12.33,18.27,15.53,95.19,64.53,83.15,2.9843979357566983,4101232.705546851,12240316.293333337,79.17425208245446,9.0,
2025/06/08 09:30:00,12.32,18.25,15.57,95.16,64.52,83.17,2.981408814298624,4112971.5194579717,12263069.194444446,79.15791025930565,8.92,
2025/06/08 09:45:00,12.31,18.24,15.57,95.14,64.5,83.19,2.9831370902264522,4120495.126862595,12292625.858333332,79.15003864409874,8.94,
2025/06/08 10:00:00,12.29,18.22,15.47,95.11,64.48,83.21,2.987089725726917,4124947.379665629,12322196.455555547,79.14303657595443,9.0,
2025/06/08 10:15:00,12.33,18.22,15.59,95.09,64.46,83.23,2.980920176445507,4145081.6489989804,12356793.618888894,79.08678833370617,8.84,
2025/06/08 10:30:00,12.26,18.22,15.5,95.06,64.45,83.25,2.9875890574190587,4150336.3097599214,12400118.622222219,79.12847643932592,8.98,
2025/06/08 10:45:00,12.3,18.24,15.58,95.03,64.43,83.27,2.9845890984066696,4171258.4047677787,12450127.213333325,79.06324809121146,8.87,
2025/06/08 11:00:00,12.26,18.21,15.6,95.01,64.41,83.29,2.9880032019199314,4181789.7844347917,12495851.768888896,79.08458123216649,8.94,
2025/06/08 11:15:00,12.14,18.19,15.47,94.98,64.39,83.31,2.990222145592102,4200771.728275858,12561868.831111113,79.17544083451848,9.03,
2025/06/08 11:30:00,12.15,18.23,15.42,94.95,64.38,83.33,2.9905335457098268,4204058.277886624,12572986.005555557,79.13931152104166,9.0,
2025/06/08 11:45:00,12.15,18.24,15.43,94.92,64.36,83.35,2.993013332603588,4190803.9224775974,12543740.054999998,79.11282018201447,9.02,
2025/06/08 12:00:00,12.1,18.22,15.43,94.9,64.34,83.37,2.9903962193248472,4216826.680333784,12610597.413333332,79.14430909310695,8.98,
2025/06/08 12:15:00,12.09,18.19,15.34,94.87,64.32,83.39,2.9964766093492043,4231010.79516384,12678731.877777781,79.12736256736682,9.08,
2025/06/08 12:30:00,12.13,18.2,15.4,94.84,64.31,83.41,2.995325999720081,4249730.196192796,12729947.327777771,79.06198559200766,9.0,
2025/06/08 12:45:00,12.19,18.24,15.4,94.81,64.29,83.43,2.999243563274049,4251365.952579735,12751495.459999997,78.97674034123327,9.01,
2025/06/08 13:00:00,12.25,18.23,15.42,94.79,64.27,83.45,3.0031650796290736,4252979.634217475,12773022.227777783,78.90027607580214,9.03,
2025/06/08 13:15:00,12.26,18.23,15.5,94.76,64.25,83.48,2.9967829865780047,4271354.110368739,12800961.231666667,78.8645849441666,8.87,
2025/06/08 13:30:00,12.24,18.23,15.53,94.73,64.24,83.5,3.002301145925806,4268438.727873081,12815788.040000003,78.85741102852616,8.96,
2025/06/08 13:45:00,12.23,18.29,15.59,94.7,64.22,83.52,3.002449097322751,4275376.243210428,12837250.249999996,78.84082971231011,8.94,
2025/06/08 14:00:00,12.14,18.29,15.5,94.68,64.2,83.54,3.0020622292405363,4280233.604355535,12850157.857777778,78.9112521180384,8.97,
2025/06/08 14:15:00,12.27,18.24,15.5,94.65,64.18,83.56,3.00259218846997,4252953.950006776,12770524.21333333,78.75781931596093,8.87,
2025/06/08 14:30:00,12.2,18.27,15.51,94.62,64.17,83.58,3.004949174921531,4298270.715093802,12916726.331666663,78.79971455399486,8.93,
2025/06/08 14:45:00,12.77,18.29,15.62,96.88,68.18,85.06,2.928770685026723,3811216.6970147127,11162730.871111106,80.22499731714036,9.28,
2025/06/08 15:00:00,12.48,18.3,15.77,95.49,66.35,82.43,2.973190789841412,3571876.12165716,10620435.320000006,79.29114352566707,8.98,
2025/06/08 15:15:00,12.3,18.31,15.63,95.25,65.32,82.33,2.9799547612681905,3767771.891750778,11228356.755000003,79.25648236275613,8.99,
2025/06/08 15:30:00,12.36,18.35,15.63,95.1,64.59,82.22,2.9887935814885176,3904789.2224500235,11671192.224999996,79.0656978954972,8.98,
2025/06/08 15:45:00,12.37,18.35,15.65,94.95,64.52,82.11,2.996056897445144,3897593.831617591,11678002.954444446,78.92385317381036,8.97,
2025/06/08 16:00:00,12.34,18.39,15.67,94.8,64.45,82.01,3.002046239643738,3890247.561599162,11679290.626666669,78.8211356661935,8.96,
2025/06/08 16:15:00,12.42,18.41,15.63,94.65,64.37,81.9,3.0181062738565054,3869547.3369964566,11679284.588888887,78.61019201122106,9.08,
2025/06/08 16:30:00,12.27,18.43,15.65,94.49,64.3,81.79,3.018200063241163,4173926.568782853,12598370.565000005,78.61618909765825,9.02,
2025/06/08 16:45:00,11.78,18.44,15.18,93.06,64.23,81.96,3.0830691166546513,4643107.405281763,14315646.23499999,77.83004345714383,9.27,
2025/06/08 17:00:00,11.52,18.46,15.15,93.01,64.15,82.15,3.074030158367023,4741072.493239578,14574824.0,78.03998492869168,9.21,
2025/06/08 17:15:00,11.2,18.53,15.03,93.32,64.08,82.34,3.0491234703261956,4862761.325712885,14827753.01333334,78.62761666700253,9.24,
2025/06/08 17:30:00,11.48,18.5,15.2,93.68,64.01,82.53,3.040533168077343,4956956.590554029,15072427.919999994,78.67291197080796,9.22,
2025/06/08 17:45:00,11.42,18.53,15.16,93.16,63.93,82.63,3.0640530304940246,4948576.469870739,15163335.488888884,78.27074305630732,9.23,
2025/06/08 18:00:00,11.2,18.55,15.09,93.6,63.95,82.66,3.0356723430718686,5009542.512722874,15207941.19777777,78.87576236159121,9.24,
2025/06/08 18:15:00,11.17,18.61,15.14,93.6,63.98,82.68,3.031441455883812,5018222.928334189,15213057.750000007,78.9053253510307,9.16,
2025/06/08 18:30:00,11.02,18.65,15.1,93.59,64.0,82.7,3.0315781116106333,5016067.51125586,15207195.3,79.04272316683618,9.28,
2025/06/08 18:45:00,11.22,18.61,15.16,93.59,64.03,82.72,3.0340218109224923,5007481.655226374,15193420.806666665,78.84755892449797,9.17,
2025/06/08 19:00:00,11.32,18.61,15.14,93.58,64.05,82.74,3.0407215317854663,4994522.137846843,15187561.491666663,78.74074141340986,9.24,
2025/06/08 19:15:00,11.22,18.62,15.2,93.58,64.08,82.76,3.039637117788907,4991772.720080086,15173796.171111114,78.83834231174856,9.3,
2025/06/08 19:30:00,11.19,18.62,15.16,93.57,64.11,82.78,3.035183583829877,4994495.46064399,15159820.108888889,78.85907607749323,9.2,
2025/06/08 19:45:00,11.13,18.6,15.1,93.57,64.13,82.8,3.0370404960860307,4989588.065904352,15154183.843333334,78.91744910804772,9.3,
2025/06/08 20:00:00,11.28,18.62,15.17,93.57,64.16,82.82,3.039042997798237,4989686.155228632,15164483.36333333,78.77104125993137,9.22,
2025/06/08 20:15:00,11.17,18.61,15.11,93.56,64.19,82.85,3.0361789503264727,5002031.395499395,15187666.339999996,78.86967900822346,9.23,
2025/06/08 20:30:00,11.17,18.55,15.11,93.56,64.21,82.87,3.03617684687959,5002174.110880585,15188099.666666675,78.86967900822289,9.23,
2025/06/08 20:45:00,11.17,18.53,15.09,93.55,64.24,82.89,3.036656730876436,4998917.2242969135,15180609.919444446,78.8608193705846,9.23,
2025/06/08 21:00:00,11.16,18.51,15.07,93.55,64.27,82.91,3.036316447632115,4996939.364616968,15172903.044444442,78.87059355507276,9.23,
2025/06/08 21:15:00,11.09,18.51,15.06,93.55,64.29,82.93,3.0339365266917273,5001002.620629951,15173335.906666666,78.93900988890667,9.23,
2025/06/08 21:30:00,11.01,18.5,15.03,93.54,64.32,82.95,3.032086469104941,5001513.476854363,15165628.335000008,79.00830319477954,9.24,
2025/06/08 21:45:00,10.95,18.51,15.01,93.54,64.34,82.97,3.0268993627730985,5010301.0304431245,15166277.279999996,79.06718807646352,9.16,
2025/06/08 22:00:00,10.97,18.54,15.03,93.53,64.37,82.99,3.028454498278388,5005183.39272119,15158568.895555547,79.0387480125747,9.17,
2025/06/08 22:15:00,10.91,18.49,14.98,93.53,64.4,83.01,3.0272229814651754,5004673.287782751,15150860.046666667,79.09731452059523,9.19,
2025/06/08 22:30:00,10.88,18.52,14.98,93.52,64.42,83.04,3.026687608735066,5008392.830813935,15159433.691111114,79.11776596918139,9.19,
2025/06/08 22:45:00,10.87,18.49,14.95,93.52,64.45,83.06,3.0259555074971822,5007128.415064287,15151940.460555553,79.12757014367304,9.18,
2025/06/08 23:00:00,10.87,18.47,14.93,93.52,64.48,83.08,3.025955508575145,5004580.594283892,15144230.56666666,79.12757014367315,9.18,
2025/06/08 23:15:00,10.87,18.46,14.94,93.51,64.5,83.1,3.0272179707873113,5002634.942025791,15144662.499999994,79.11864134509511,9.2,
2025/06/08 23:30:00,11.07,18.44,15.01,93.51,64.53,83.12,3.0319813244723077,4989948.974402752,15130044.691666668,78.92336169990051,9.15,
2025/06/08 23:45:00,11.14,18.45,15.01,93.5,64.56,83.14,3.0384247808086178,4958370.642257872,15066246.396666665,78.84580926799656,9.24,
2025/06/09 00:00:00,11.2,18.45,15.09,93.36,63.52,82.95,3.044424970354023,5155789.603462561,15697067.38111111,78.6632889360843,9.17,
2025/06/09 00:15:00,11.16,18.43,15.03,92.75,63.5,82.96,3.072503188795344,5177669.887436425,15909070.014444439,78.1609972000771,9.17,
2025/06/09 00:30:00,11.07,18.45,14.99,93.2,63.56,82.97,3.04689111914348,5205343.582593918,15860756.413333328,78.64849905369863,9.15,
2025/06/09 00:45:00,11.0,18.42,14.92,93.2,63.61,82.99,3.0472342637409082,5193909.337426407,15827691.219999995,78.71666475921575,9.22,
2025/06/09 01:00:00,10.94,18.38,14.88,93.2,63.67,83.0,3.0455536200307836,5180641.50477008,15778551.720555553,78.77524966441268,9.23,
2025/06/09 01:15:00,10.98,18.34,14.89,93.2,63.72,83.01,3.0446048082324975,5168807.5138805825,15737613.613333335,78.73636443271751,9.17,
2025/06/09 01:30:00,10.96,18.34,14.88,93.2,63.78,83.02,3.0439209194909,5153853.463113022,15688555.739999995,78.75590373756856,9.17,
2025/06/09 01:45:00,10.94,18.33,14.88,93.2,63.84,83.02,3.0428432303982746,5136892.456202453,15631390.988888882,78.7754767064942,9.16,
2025/06/09 02:00:00,11.05,18.29,14.91,93.2,63.89,83.01,3.043353585249183,5117260.911168522,15574277.791111114,78.66829271000411,9.08,
2025/06/09 02:15:00,11.03,18.29,14.83,93.2,63.95,83.01,3.044315965888241,5095669.333079046,15513453.914444445,78.68768690405997,9.12,
2025/06/09 02:30:00,11.01,18.26,14.84,93.2,64.0,83.0,3.044438168910787,5070292.049162235,15436821.277777778,78.70715703540337,9.14,
2025/06/09 02:45:00,11.0,18.25,14.82,93.2,64.06,83.0,3.0487481131541183,5037975.171147413,15360144.286666665,78.71654679399029,9.26,
2025/06/09 03:00:00,11.0,18.24,14.84,93.2,64.12,82.99,3.0494924935631684,5009075.758263519,15275768.19999999,78.71649115413538,9.28,
2025/06/09 03:15:00,11.08,18.22,14.86,93.2,64.17,82.99,3.0495943274478563,4986533.978344525,15207539.685555551,78.6385347908092,9.21,
2025/06/09 03:30:00,11.2,18.2,14.89,93.2,64.23,82.99,3.051338974705094,4966149.259991967,15154046.599999992,78.52146870068752,9.15,
2025/06/09 03:45:00,11.29,18.16,14.85,93.2,64.28,82.98,3.054428248257732,4945614.418191992,15106665.13888889,78.4335140825689,9.15,
2025/06/09 04:00:00,11.35,18.14,14.86,93.2,64.34,82.98,3.0619951457211703,4917843.632578504,15059060.28,78.37448045543024,9.29,
2025/06/09 04:15:00,11.09,18.11,14.76,93.18,64.4,82.97,3.0477299371746343,4961151.799384578,15120882.479999995,78.61128286672445,9.13,
2025/06/09 04:30:00,10.82,18.1,14.67,93.07,64.45,82.97,3.043787282561799,4953642.819243822,15078448.977777774,78.7774294954528,9.13,
2025/06/09 04:45:00,10.49,18.09,14.56,92.96,64.34,82.96,3.038526115663689,4988450.897824071,15158136.497777767,79.00190914422127,9.15,
2025/06/09 05:00:00,10.27,18.07,14.5,92.85,64.21,82.96,3.036578080142266,5026002.080610784,15262442.708333332,79.11885743635695,9.16,
2025/06/09 05:15:00,10.07,18.07,14.39,92.74,64.08,82.95,3.0352672856725347,5061225.101114774,15362751.56166667,79.21615709801358,9.17,
2025/06/09 05:30:00,10.1,18.02,14.39,92.63,63.94,82.95,3.0403818397577522,5090993.477517916,15479158.640000004,79.08916193199329,9.14,
2025/06/09 05:45:00,9.88,17.97,14.21,92.63,63.81,82.94,3.0342505044826957,5134368.37525161,15579535.766666662,79.30357935485341,9.18,
2025/06/09 06:00:00,9.9,17.95,14.27,92.68,63.68,82.94,3.0326012147186634,5172656.768384023,15687197.239999998,79.32856638923167,9.18,
2025/06/09 06:15:00,9.72,17.93,14.17,92.76,63.55,82.93,3.022384629249285,5221665.4871919565,15782461.530000007,79.5753346330446,9.17,
2025/06/09 06:30:00,9.94,17.92,14.28,92.79,63.42,82.93,3.0263123328354484,5248964.765163953,15885611.041666668,79.3877097578557,9.11,
2025/06/09 06:45:00,10.2,17.92,14.34,92.78,63.38,82.93,3.0348784760857335,5243978.709814185,15915456.241666667,79.12523149122227,9.09,
2025/06/09 07:00:00,10.19,17.89,14.31,92.77,63.34,82.92,3.034248766719827,5252291.615853785,15937378.135555554,79.12618815409803,9.07,
2025/06/09 07:15:00,10.17,17.88,14.31,92.76,63.3,82.92,3.0332722601034994,5263814.1775808185,15967202.900000004,79.13690490909967,9.05,
2025/06/09 07:30:00,10.15,17.9,14.34,92.75,63.26,82.91,3.0330653134710612,5271394.538014562,15989107.841666667,79.14752787906812,9.05,
2025/06/09 07:45:00,10.11,17.86,14.26,92.74,63.22,82.91,3.0329443749598513,5281433.520630793,16018912.170555552,79.17757034178727,9.07,
2025/06/09 08:00:00,10.08,17.88,14.27,92.73,63.18,82.9,3.033149078047303,5288293.607633023,16040800.160000004,79.19785441216736,9.09,
2025/06/09 08:15:00,10.05,17.89,14.32,92.72,63.14,82.9,3.033339130232786,5297778.436608631,16070584.053333335,79.21813779033666,9.11,
2025/06/09 08:30:00,10.02,17.86,14.23,92.71,63.1,82.89,3.0331545569836202,5305314.628208964,16092455.090555554,79.23846471514427,9.12,
2025/06/09 08:45:00,10.01,17.84,14.24,92.7,63.06,82.89,3.0318027110120127,5317495.355467945,16122218.548333328,79.23950703149141,9.08,
2025/06/09 09:00:00,10.08,17.86,14.26,92.69,63.02,82.88,3.035775599043214,5317734.571427582,16144072.633333327,79.16218398362922,9.11,
2025/06/09 09:15:00,10.05,17.86,14.28,92.68,62.98,82.88,3.0352201201788374,5328505.599393912,16173815.655555554,79.18255524410485,9.11,
2025/06/09 09:30:00,10.18,17.88,14.32,92.67,62.94,82.88,3.0382540489319965,5333044.865558754,16203779.056666661,79.04705452882098,9.06,
2025/06/09 09:45:00,10.24,17.9,14.34,92.66,62.9,82.88,3.0466440428805566,5328112.618163946,16233500.249999998,78.97894620634612,9.22,
2025/06/09 10:00:00,10.27,17.94,14.44,92.65,62.86,82.88,3.047091202394086,5337153.272946229,16263442.751111107,78.94089421670598,9.19,
2025/06/09 10:15:00,10.24,17.93,14.35,92.64,62.82,82.89,3.0450887247532084,5353088.039194724,16301264.320000002,78.96142959313455,9.15,
2025/06/09 10:30:00,10.29,17.97,14.43,92.63,62.78,82.89,3.0458054895586084,5361572.270290369,16330951.144444441,78.90391518023037,9.11,
2025/06/09 10:45:00,10.37,17.98,14.42,92.62,62.74,82.89,3.0505200770305794,5363091.030135477,16360860.786111107,78.81678876404169,9.15,
2025/06/09 11:00:00,10.37,18.01,14.48,92.6,62.7,82.89,3.049605927346745,5374424.0657288525,16390525.781666664,78.7992053052431,9.1,
2025/06/09 11:15:00,9.8,18.02,14.26,91.9,62.71,82.9,3.0665423255401247,5343911.768421068,16387947.070000002,78.73091057334013,9.21,
2025/06/09 11:30:00,9.87,18.05,14.33,92.6,62.76,82.9,3.0353053315219203,5384613.323197914,16344556.580000002,79.28663184161434,9.18,
2025/06/09 11:45:00,9.84,18.08,14.32,92.62,62.81,82.9,3.033689178565504,5369418.856225637,16289749.929444447,79.3336462981433,9.19,
2025/06/09 12:00:00,9.88,18.11,14.35,92.64,62.85,82.9,3.0344754136610304,5348900.787649588,16231708.075000003,79.31239487206415,9.2,
2025/06/09 12:15:00,9.92,18.16,14.4,92.66,62.9,82.91,3.035603676403348,5377115.112320138,16323394.284999996,79.29110007453745,9.22,
2025/06/09 12:30:00,9.74,18.2,14.35,92.68,62.94,82.91,3.030150467339244,5325296.589861255,16137031.42333333,79.48423474778953,9.27,
2025/06/09 12:45:00,9.87,18.23,14.48,92.71,62.99,82.91,3.0315567808835917,5334975.595182107,16173880.213333327,79.38435293864808,9.22,
2025/06/09 13:00:00,9.96,18.26,14.46,92.74,63.04,82.92,3.0339343709352176,5332721.923867714,16179720.137777777,79.32318238475372,9.24,
2025/06/09 13:15:00,10.1,18.25,14.5,92.78,63.08,82.92,3.034778885840479,5329768.876510553,16175269.831111113,79.22242210630239,9.18,
2025/06/09 13:30:00,10.24,18.28,14.55,92.82,63.13,82.92,3.0376981917869155,5320530.394598854,16162768.960555557,79.12138512945798,9.18,
2025/06/09 13:45:00,10.52,18.32,14.76,92.86,63.17,82.92,3.0427767337582563,5172637.645434039,15739798.708333332,78.88392962313604,9.11,
2025/06/09 14:00:00,10.68,18.37,14.82,92.9,63.22,82.93,3.0505189107779205,5116875.555576449,15609741.840000004,78.76285454970656,9.22,
2025/06/09 14:15:00,10.74,18.39,14.84,92.93,63.27,82.93,3.0489086674332406,5114002.790432987,15592742.476666668,78.7311281622399,9.16,
2025/06/09 14:30:00,10.86,18.44,14.88,92.97,63.31,82.93,3.0495609125679017,5109902.095370461,15583570.860000003,78.64961004249331,9.12,
2025/06/09 14:45:00,10.93,18.4,14.92,93.01,63.36,82.93,3.054664935329637,5095796.927007641,15566580.321111117,78.61635154061702,9.24,
2025/06/09 15:00:00,10.86,18.46,14.96,93.05,63.4,82.94,3.0480655022174274,5219433.358122518,15909811.035555553,78.7204273980084,9.18,
2025/06/09 15:15:00,10.74,18.48,14.93,93.08,63.45,82.94,3.0443989291725546,5206924.7972556725,15852580.217222217,78.86409242092249,9.23,
2025/06/09 15:30:00,10.8,18.53,14.94,93.12,63.5,82.94,3.0434296146210773,5189809.418450255,15795434.159999996,78.84110112696256,9.2,
2025/06/09 15:45:00,10.85,18.56,14.99,93.16,63.54,82.94,3.0436161612769173,5173335.747658562,15746264.355555555,78.82773307277839,9.21,
2025/06/09 16:00:00,10.91,18.6,15.03,93.2,63.59,82.95,3.043763802411175,5157027.578544698,15697388.08,78.80461837201759,9.21,
2025/06/09 16:15:00,10.96,18.61,15.05,93.24,63.63,82.95,3.0439488268696318,5140679.566275226,15648579.613333333,78.79122930898902,9.22,
2025/06/09 16:30:00,11.01,18.65,15.07,93.27,63.68,82.95,3.041078748398633,5137733.875359108,15624862.177222222,78.76925225341328,9.14,
2025/06/09 16:45:00,11.04,18.66,15.1,93.31,63.73,82.96,3.0405792174083954,5131141.352609733,15602253.021666665,78.77537997500988,9.15,
2025/06/09 17:00:00,11.06,18.72,15.13,93.35,63.77,82.96,3.040140230339758,5125753.159407945,15583613.70499999,78.7912399100619,9.17,
2025/06/09 17:15:00,11.11,18.74,15.2,93.39,63.82,82.96,3.04606927489112,5106966.685039635,15556788.903333329,78.77739714771845,9.33,
2025/06/09 17:30:00,11.18,18.77,15.25,93.43,63.86,82.96,3.04730851395235,5098732.015071004,15538027.205555549,78.74440601510082,9.35,
2025/06/09 17:45:00,11.38,18.83,15.35,93.46,63.91,82.95,3.048561005265027,5085120.321394601,15502923.333333336,78.57577541401054,9.24,
2025/06/09 18:00:00,11.53,18.86,15.43,93.5,63.96,82.94,3.0476579059030673,5075005.783976854,15467512.695555553,78.46484475538077,9.14,
2025/06/09 18:15:00,11.49,18.88,15.39,93.54,64.0,82.93,3.047254424513535,5066782.104330352,15440393.320000004,78.53918571290178,9.21,
2025/06/09 18:30:00,11.43,18.85,15.36,93.58,64.05,82.92,3.045668160416194,5057813.307487193,15405038.183333335,78.63312435913093,9.27,
2025/06/09 18:45:00,11.34,18.86,15.34,93.61,64.1,82.91,3.0415350098570264,5050236.089162216,15361078.865,78.74765922064259,9.28,
2025/06/09 19:00:00,11.27,18.86,15.3,93.65,64.14,82.89,3.0368351003682967,5043210.926870494,15315998.958333334,78.85154092583393,9.27,
2025/06/09 19:15:00,11.52,18.88,15.41,93.69,64.15,82.88,3.0454014195691794,5024940.139693475,15303576.462777767,78.64241636118349,9.32,
2025/06/09 19:30:00,11.71,18.88,15.47,93.73,64.17,82.87,3.047178920265833,5015243.972301722,15282972.894444447,78.49215807141874,9.25,
2025/06/09 19:45:00,11.77,18.86,15.46,93.77,64.18,82.86,3.0520699073085997,5003129.692401232,15270531.588888884,78.46863383600639,9.37,
2025/06/09 20:00:00,11.78,18.86,15.53,93.8,64.19,82.85,3.046980835221698,5007396.372248777,15258081.923333326,78.48558136729119,9.27,
2025/06/09 20:15:00,11.65,18.87,15.45,93.84,64.21,82.84,3.0410117445932454,5010445.401086906,15237444.915000008,78.64811143350491,9.28,
2025/06/09 20:30:00,11.52,18.87,15.43,93.88,64.22,82.83,3.036243545176117,5014209.226615709,15224976.439444441,78.8105632361583,9.32,
2025/06/09 20:45:00,11.7,18.88,15.52,93.81,64.23,82.82,3.042535656321292,4999733.503735431,15212499.603888879,78.57275241131883,9.24,
2025/06/09 21:00:00,11.83,18.9,15.55,93.61,64.24,82.81,3.055900024764349,4973286.872909151,15198505.080000004,78.26863684247927,9.22,
2025/06/09 21:15:00,12.04,18.9,15.59,93.41,64.26,82.8,3.075836814988611,4868958.686386776,14976764.439999994,77.8859729069629,9.29,
2025/06/09 21:30:00,11.75,18.88,15.53,93.2,64.27,82.79,3.074786133043734,4869566.846889651,14973510.542222228,77.98354883150915,9.26,
2025/06/09 21:45:00,11.58,18.87,15.39,93.2,64.28,82.78,3.0696353464704327,4876747.006713088,14970443.583333334,78.14969998749784,9.28,
2025/06/09 22:00:00,11.74,18.85,15.48,93.2,64.3,82.77,3.071613612738298,4870094.766883123,14959677.993333332,77.99350091088827,9.19,
2025/06/09 22:15:00,11.71,18.85,15.5,93.2,64.31,82.76,3.074951137972461,4867550.917384544,14968114.975000001,78.02256847746892,9.3,
2025/06/09 22:30:00,11.57,18.83,15.38,93.2,64.32,82.75,3.0696708610625913,4878731.000516376,14976712.538333336,78.15945242133955,9.29,
2025/06/09 22:45:00,11.57,18.86,15.43,93.22,64.34,82.74,3.0694658563007104,4879117.690714345,14976902.844444437,78.17714273023665,9.31,
2025/06/09 23:00:00,11.64,18.84,15.49,93.23,64.35,82.73,3.0690896533097125,4882403.263357412,14985166.007777784,78.11771554567291,9.25,
2025/06/09 23:15:00,11.78,18.82,15.46,93.25,64.36,82.72,3.0765094046968655,4873296.453349997,14993375.76,77.99837748815602,9.34,
2025/06/09 23:30:00,11.64,18.81,15.42,93.27,64.37,82.71,3.0675396351747435,4879309.500803603,14968099.299999991,78.15315273087906,9.26,
2025/06/09 23:45:00,11.69,18.81,15.39,93.28,64.39,82.7,3.0711330258529466,4858015.349419922,14920229.011111112,78.11300246089331,9.32,
2025/06/10 00:00:00,11.65,18.84,15.47,93.3,64.65,83.1,3.067213861825003,4891425.209373458,15003676.32499999,78.16992242358899,9.28,
2025/06/10 00:15:00,11.34,18.81,15.25,93.31,64.68,83.1,3.0536423487452895,4885367.387238522,14918753.006666657,78.48197912703611,9.22,
2025/06/10 00:30:00,11.52,18.78,15.35,93.32,64.7,83.11,3.057329544940678,4879755.297127767,14919631.735555552,78.31503190815054,9.17,
2025/06/10 00:45:00,11.42,18.75,15.28,93.33,64.73,83.11,3.0534098269319445,4882952.522751309,14910258.317777775,78.42165597184687,9.17,
2025/06/10 01:00:00,11.38,18.76,15.28,93.35,64.75,83.12,3.051068651723572,4888934.852471114,14917076.826666672,78.47848610108093,9.17,
2025/06/10 01:15:00,11.34,18.73,15.27,93.36,64.78,83.12,3.049213829141719,4888807.236937264,14907622.131111113,78.52645058207727,9.17,
2025/06/10 01:30:00,11.3,18.73,15.26,93.37,64.81,83.12,3.047362180503881,4888660.079484945,14898118.66888889,78.57441372426167,9.17,
2025/06/10 01:45:00,11.19,18.71,15.21,93.38,64.83,83.12,3.0439271514156427,4893716.508931573,14896711.170000006,78.69073024411273,9.19,
2025/06/10 02:00:00,11.19,18.69,15.2,93.4,64.86,83.12,3.043758661770167,4890835.336574219,14887118.302222228,78.70839926725642,9.21,
2025/06/10 02:15:00,11.25,18.69,15.21,93.41,64.88,83.11,3.0457251966851255,4884511.215950602,14877476.667777779,78.65859206871983,9.22,
2025/06/10 02:30:00,11.3,18.71,15.23,93.42,64.91,83.11,3.0457558141713426,4881211.249784046,14867574.944444444,78.61867031688423,9.19,
2025/06/10 02:45:00,11.38,18.66,15.24,93.43,64.93,83.11,3.0507932206263404,4863295.179144919,14837516.099999992,78.549139785617,9.26,
2025/06/10 03:00:00,11.59,18.64,15.25,93.44,64.94,83.1,3.058336253407125,4828173.827958936,14766791.893333329,78.35264997946584,9.28,
2025/06/10 03:15:00,11.61,18.62,15.3,93.46,64.91,83.1,3.0531763305586432,4826472.722946074,14736695.196666664,78.35112322991496,9.16,
2025/06/10 03:30:00,11.52,18.61,15.23,93.47,64.87,83.1,3.0540726061905663,4842877.890183428,14791115.081111101,78.4476923545647,9.27,
2025/06/10 03:45:00,11.45,18.6,15.19,93.48,64.83,83.09,3.052345179594558,4845884.871740592,14791921.821111113,78.52491861644295,9.3,
2025/06/10 04:00:00,11.47,18.6,15.26,93.49,64.79,83.09,3.049392304727423,4835000.270711368,14744430.983333329,78.5144218236691,9.22,
2025/06/10 04:15:00,11.4,18.57,15.2,93.5,64.76,83.09,3.0469130909983506,4879558.330016894,14868207.401666664,78.59169067996177,9.23,
2025/06/10 04:30:00,11.47,18.57,15.2,93.5,64.72,83.08,3.0460325993706454,4930947.332412699,15020449.619999997,78.52348148632299,9.15,
2025/06/10 04:45:00,11.57,18.54,15.21,93.5,64.68,83.08,3.0494395502006704,4935395.657044459,15050823.822222214,78.42570080131895,9.15,
2025/06/10 05:00:00,11.72,18.53,15.29,93.5,64.64,83.08,3.0549847518804607,4922493.409571724,15038794.246666662,78.27898182444378,9.16,
2025/06/10 05:15:00,11.79,18.53,15.32,93.5,64.61,83.07,3.0623334749338986,4864771.7558540255,14898207.609999994,78.21022518485043,9.28,
2025/06/10 05:30:00,11.68,18.53,15.3,93.49,64.57,83.07,3.0553606922607353,4892838.634637368,14950037.055555556,78.30916080190013,9.19,
2025/06/10 05:45:00,11.51,18.5,15.16,93.47,64.53,83.07,3.052136330153119,4918338.072128989,15012068.719999991,78.4575685750413,9.23,
2025/06/10 06:00:00,11.35,18.45,15.1,93.45,64.49,83.06,3.047216065755313,4944016.38654335,15066115.423333336,78.59629480520513,9.22,
2025/06/10 06:15:00,11.18,18.45,15.02,93.43,64.45,83.06,3.042366689891922,4960935.156102033,15093598.110555554,78.74473494133292,9.22,
2025/06/10 06:30:00,11.0,18.43,14.94,93.41,64.45,83.06,3.037956206280624,4965367.4463009,15085170.88222222,78.90284959754791,9.24,
2025/06/10 06:45:00,10.89,18.41,14.94,93.38,64.44,83.05,3.034867990022493,4967642.5664705355,15076743.653888889,78.98378673417112,9.22,
2025/06/10 07:00:00,10.87,18.4,14.9,93.36,64.43,83.05,3.034756790488789,4967788.70125401,15076629.516666658,78.98562228678247,9.21,
2025/06/10 07:15:00,10.83,18.39,14.87,93.34,64.43,83.05,3.0343487711233035,4965679.206650171,15068197.759999992,79.00696232764334,9.21,
2025/06/10 07:30:00,10.77,18.42,14.89,93.32,64.42,83.04,3.0321037970939413,4974989.308503054,15085277.472222226,79.0479352677563,9.18,
2025/06/10 07:45:00,10.77,18.39,14.83,93.3,64.41,83.04,3.0330574947735376,4999631.96688146,15164763.075000007,79.03019430615426,9.18,
2025/06/10 08:00:00,10.79,18.39,14.85,93.27,64.41,83.04,3.033994645608085,5021756.175650532,15236579.655000007,78.98414964129748,9.15,
2025/06/10 08:15:00,10.82,18.35,14.84,93.25,64.4,83.03,3.0379128264401625,5013497.190158776,15231171.779999996,78.93692882992303,9.2,
2025/06/10 08:30:00,10.93,18.35,14.87,93.23,64.39,83.03,3.0426270858030295,5006635.7441193955,15233936.617777778,78.81172907448666,9.2,
2025/06/10 08:45:00,11.1,18.35,14.94,93.21,64.39,83.03,3.0478345652127663,4996372.645815121,15228742.27111111,78.62802346396634,9.16,
2025/06/10 09:00:00,10.85,18.36,14.82,92.93,64.38,83.02,3.0560819972614395,4981125.256571358,15223331.493333334,78.6234101840765,9.25,
2025/06/10 09:15:00,11.0,18.36,14.92,93.25,64.37,83.02,3.046733990350042,4997520.417137307,15226734.47777777,78.76087538615144,9.27,
2025/06/10 09:30:00,11.2,18.37,14.99,93.58,64.37,82.96,3.0346362956384008,5006846.758911185,15194584.007777767,78.85818986076474,9.19,
2025/06/10 09:45:00,11.19,18.4,15.01,93.7,64.36,82.9,3.0281207720690815,5009599.36270187,15170292.170000004,78.97427673448794,9.18,
2025/06/10 10:00:00,11.19,18.39,15.03,93.81,64.35,82.83,3.0220061199120676,5030966.623882067,15204237.253333336,79.0717243238131,9.16,
2025/06/10 10:15:00,11.38,18.42,15.06,93.93,64.35,82.77,3.0217299170665783,4902838.966393573,14815664.453333333,78.99217947352918,9.14,
2025/06/10 10:30:00,11.33,18.45,15.1,93.01,64.34,82.7,3.0670145277440146,4843275.231051149,14855021.94,78.22569458787488,9.2,
2025/06/10 10:45:00,11.43,18.46,15.1,93.15,64.33,82.64,3.062896415456796,4871493.010763764,14921504.607777778,78.2522412277068,9.18,
2025/06/10 11:00:00,11.46,18.49,15.1,93.29,64.33,82.57,3.0575377016236884,4830554.078885576,14770213.919999994,78.34703544848608,9.19,
2025/06/10 11:15:00,11.49,18.5,15.13,93.43,64.32,82.5,3.0521782737358976,4834182.883355632,14755402.090000005,78.44176249379605,9.2,
2025/06/10 11:30:00,11.62,18.54,15.22,93.57,64.31,82.44,3.0538547204880797,4804658.778335487,14673350.315555552,78.4384227017618,9.3,
2025/06/10 11:45:00,11.77,18.58,15.34,93.71,64.31,82.37,3.0510146023320344,4777019.276242796,14575386.209999999,78.4157255489669,9.27,
2025/06/10 12:00:00,11.83,18.6,15.41,93.52,64.3,82.31,3.059880081656124,4783404.867309552,14637291.313333338,78.18897555372557,9.21,
2025/06/10 12:15:00,11.27,18.64,15.17,92.47,63.78,82.25,3.0879996673502177,4861895.803301545,15014150.127777778,77.80484388862253,9.12,
2025/06/10 12:30:00,11.56,18.66,15.31,94.05,63.7,82.28,3.027803675036171,5006253.770595695,15158580.738888886,78.92187375293497,9.28,
2025/06/10 12:45:00,11.56,18.73,15.31,93.86,64.06,82.32,3.035767713863164,4883872.241903706,14826904.937777769,78.75390241904353,9.25,
2025/06/10 13:00:00,11.6,18.74,15.32,93.66,64.42,82.35,3.0451834071756076,4779413.321621655,14554785.07999999,78.53788187784184,9.21,
2025/06/10 13:15:00,11.66,18.74,15.38,93.43,64.77,82.38,3.064708137524238,4683884.627327299,14355342.301666666,78.27516944289906,9.37,
2025/06/10 13:30:00,11.52,18.79,15.36,93.33,64.88,82.41,3.0620150742055716,4646703.682058159,14228861.423333334,78.32356044949232,9.3,
2025/06/10 13:45:00,11.5,18.82,15.37,93.38,65.0,82.44,3.060048228687995,4624430.248321797,14151557.199999997,78.38736342584286,9.33,
2025/06/10 14:00:00,11.48,18.85,15.39,93.44,65.11,82.47,3.056838085498431,4606667.4844413,14082408.85333333,78.46006451955863,9.34,
2025/06/10 14:15:00,11.5,18.88,15.44,93.5,65.22,82.5,3.0550162152685982,4586793.093781304,14013299.519999998,78.49365154893059,9.35,
2025/06/10 14:30:00,11.53,18.92,15.47,93.56,65.34,82.53,3.0531633210660556,4621238.315749622,14109969.334999999,78.5174676786053,9.35,
2025/06/10 14:45:00,11.69,18.96,15.53,93.62,65.45,82.57,3.0542420239203247,4553544.290670937,13908195.742222216,78.41422101882728,9.31,
2025/06/10 15:00:00,11.71,19.03,15.59,93.67,65.56,82.6,3.052900289976737,4544627.51746258,13874860.70666666,78.4389049596061,9.32,
2025/06/10 15:15:00,11.77,19.02,15.65,93.73,65.67,82.63,3.049228997821154,4551788.524360674,13880022.542222217,78.43346917404226,9.25,
2025/06/10 15:30:00,11.84,19.05,15.64,93.79,65.79,82.66,3.0507432007311204,4523334.269139456,13800098.619999992,78.41797846827993,9.3,
2025/06/10 15:45:00,11.9,19.1,15.67,93.85,65.9,82.69,3.0502845789344533,4468242.474179149,13629968.09166666,78.41233645745322,9.31,
2025/06/10 16:00:00,12.02,19.12,15.76,93.91,66.01,82.72,3.0459697625602873,4424267.146911447,13476744.966666661,78.34825464378365,9.18,
2025/06/10 16:15:00,12.12,19.15,15.82,93.97,66.12,82.75,3.0540020146593205,4404084.392053161,13450649.80722222,78.30309029238117,9.36,
2025/06/10 16:30:00,12.26,19.14,15.82,94.02,66.24,82.78,3.0575870345709406,4467377.515016657,13659974.337777782,78.21022184122033,9.39,
2025/06/10 16:45:00,12.36,19.17,15.92,94.08,66.35,82.82,3.0543531568409406,4374416.231891831,13361589.450000001,78.16546262643841,9.3,
2025/06/10 17:00:00,12.38,19.19,15.92,94.14,66.46,82.85,3.0507891086124386,4377903.960680745,13356634.408333333,78.19892852623099,9.27,
2025/06/10 17:15:00,12.44,19.21,15.95,94.2,66.58,82.88,3.0557676263396103,4355068.815796773,13308652.07222222,78.19299139573906,9.41,
2025/06/10 17:30:00,12.57,19.23,16.05,94.26,66.69,82.91,3.0572874534153907,4339789.232497331,13268570.052222222,78.11866703249581,9.41,
2025/06/10 17:45:00,12.74,19.25,16.13,94.46,66.8,82.94,3.0484854086524553,4324457.402533892,13183637.096666668,78.12873420085084,9.3,
2025/06/10 18:00:00,13.11,19.29,16.39,95.11,66.76,82.97,3.0303389607493387,4339831.150788791,13151788.979999993,78.33862536609679,9.34,
2025/06/10 18:15:00,13.19,19.26,16.51,95.46,66.61,83.0,3.0106806397474815,4401873.604619908,13253298.189999998,78.56798351339876,9.24,
2025/06/10 18:30:00,13.17,19.27,16.55,94.89,66.46,82.09,3.0362446387654463,4207895.379344434,12776853.77833334,78.08635177343838,9.19,
2025/06/10 23:00:00,10.13,19.15,15.27,93.73,64.42,82.36,2.9776778854972625,2755849.521347896,8206318.119999999,80.0381055203095,8.85,
2025/06/10 23:15:00,12.8,19.16,16.38,95.39,64.5,82.29,2.9975766640561328,4244550.993725484,12723992.105000002,78.88905116621568,9.16,
2025/06/10 23:30:00,13.04,19.17,16.39,94.73,64.58,82.3,3.042828212071911,4355912.923411704,13254960.66888889,78.07280849842047,9.25,
2025/06/10 23:45:00,12.79,19.11,16.11,94.1,64.67,82.31,3.0676827196437135,4518978.830714805,13863446.520000001,77.76206956657765,9.29,
2025/06/11 00:00:00,12.58,19.09,16.04,93.61,64.75,82.77,3.0826790939312203,4621494.538946038,14247249.707777772,77.534690473915,9.24,
2025/06/11 00:15:00,12.13,19.08,15.73,93.16,64.86,82.91,3.090091552211753,4608607.806973813,14241627.491666663,77.57648342039715,9.26,
2025/06/11 00:30:00,12.07,19.07,15.68,93.31,64.97,83.05,3.0833921693048563,4624462.223516842,14259629.706666665,77.76797096967562,9.33,
2025/06/11 00:45:00,12.04,19.06,15.67,93.46,65.08,83.19,3.0749844863071205,4642271.54938726,14275510.339444444,77.93018367904662,9.33,
2025/06/11 01:00:00,12.01,19.04,15.64,93.61,65.19,83.33,3.0665975311081866,4660139.199137544,14291365.195555557,78.09233318699835,9.33,
2025/06/11 01:15:00,11.98,19.03,15.66,93.75,65.29,83.47,3.058717257936537,4703563.670309388,14387472.219999993,78.24557256867816,9.33,
2025/06/11 01:30:00,12.03,19.02,15.73,93.9,65.4,83.61,3.0485289373847926,4726720.213814124,14410156.73166666,78.32953306420492,9.22,
2025/06/11 01:45:00,12.08,19.01,15.68,94.05,65.51,83.74,3.0454256238639057,4717970.734758792,14368832.322777769,78.41307289722867,9.28,
2025/06/11 02:00:00,12.12,19.04,15.72,94.2,65.62,83.88,3.037720157509685,4718808.478306647,14335021.115555547,78.50651820034687,9.24,
2025/06/11 02:15:00,12.15,18.98,15.7,94.35,65.73,84.02,3.0360526795694827,4723139.559978081,14340309.047777768,78.60941398645323,9.35,
2025/06/11 02:30:00,12.23,18.95,15.69,94.49,65.83,84.16,3.032750658072951,4762060.220512284,14442756.899999999,78.65461633083989,9.37,
2025/06/11 02:45:00,12.6,18.96,15.91,95.68,68.28,84.3,2.986268835229856,4210261.325949781,12573531.959999999,79.33972719600823,9.36,
2025/06/11 03:00:00,15.81,18.93,17.61,99.0,75.2,83.71,2.9215952974251893,2277026.150094249,6653211.137222215,79.08173106639151,9.45,
2025/06/11 03:15:00,17.45,18.88,18.65,97.63,75.21,82.99,3.0099738356223544,2054243.09416334,6186915.765555557,76.27548684633204,8.93,
2025/06/11 03:30:00,12.56,18.87,16.42,95.62,67.2,82.41,2.9728893344232046,4060001.1232315376,12070598.539999995,79.3267586695863,9.05,
2025/06/11 03:45:00,12.56,18.84,16.01,94.95,66.8,82.12,3.0186129919461284,4019078.7228437434,12132634.848888895,78.73691922753562,9.31,
2025/06/11 04:00:00,12.47,18.81,15.78,94.66,66.4,82.14,3.0281441616705864,4108552.857400581,12441859.637777774,78.56963015033332,9.27,
2025/06/11 04:15:00,12.38,18.8,15.74,94.37,66.0,82.17,3.0358558466179257,4211928.891915092,12787390.513333336,78.4021365086154,9.19,
2025/06/11 04:30:00,12.35,18.79,15.78,94.16,65.6,82.2,3.046578344242319,4304663.109555414,13115102.977777785,78.24605695804988,9.22,
2025/06/11 04:45:00,12.26,18.75,15.66,93.96,65.2,82.22,3.0534047106325777,4393941.156962908,13417090.096666662,78.1574653088499,9.22,
2025/06/11 05:00:00,12.14,18.73,15.59,93.77,64.8,82.25,3.061623884449088,4520190.490840337,13839744.294444446,78.10678097686103,9.29,
2025/06/11 05:15:00,11.79,18.71,15.39,93.54,64.4,82.27,3.059986800770917,4588078.767711004,14040055.932222215,78.24566961156907,9.27,
2025/06/11 05:30:00,11.35,18.69,15.19,93.1,64.01,82.3,3.064140954908198,4689972.021597629,14371314.662222216,78.28595611861951,9.22,
2025/06/11 05:45:00,11.71,18.67,15.35,93.14,63.94,82.33,3.072683995619541,4703673.599226921,14453519.355,77.96968627001414,9.17,
2025/06/11 06:00:00,11.57,18.66,15.29,93.17,63.95,82.35,3.0679836894826082,4714559.0951123135,14464797.111111104,78.13304739185793,9.21,
2025/06/11 06:15:00,11.32,18.63,15.19,93.07,63.97,82.38,3.063370067363793,4725346.524240421,14476078.582777772,78.28874212040188,9.19,
2025/06/11 06:30:00,10.79,18.62,14.96,92.72,63.99,82.41,3.0618115649707947,4730261.7727839,14483727.86666666,78.49560192559645,9.19,
2025/06/11 06:45:00,10.69,18.63,14.94,92.8,64.0,82.43,3.0556269046311684,4737789.202000833,14477467.387777783,78.66423513928692,9.22,
2025/06/11 07:00:00,10.63,18.62,14.94,92.88,64.02,82.46,3.048638284800355,4754808.344663011,14496242.322222222,78.79400566333749,9.19,
2025/06/11 07:15:00,10.77,18.58,14.91,92.97,64.04,82.49,3.050301365450793,4760059.5280967355,14520170.499999993,78.73715339085088,9.22,
2025/06/11 07:30:00,10.86,18.55,14.98,93.05,64.05,82.51,3.0488325713248012,4764155.675657123,14525682.758888895,78.72036031214454,9.2,
2025/06/11 07:45:00,11.04,18.53,15.04,93.13,64.07,82.54,3.0492337024122524,4764628.178463498,14529047.89111112,78.61570236602986,9.15,
2025/06/11 08:00:00,11.11,18.52,15.02,93.22,64.09,82.56,3.0508278336883743,4762420.111709065,14529905.719999997,78.62687585628238,9.24,
2025/06/11 08:15:00,11.38,18.52,15.08,93.3,64.16,82.59,3.0554997685292196,4763395.008403475,14555146.766111115,78.43401610126944,9.22,
2025/06/11 08:30:00,11.58,18.5,15.17,93.38,64.28,82.62,3.0593154280148096,4747509.190924884,14524742.02666667,78.3093578368203,9.24,
2025/06/11 08:45:00,11.76,18.49,15.26,93.47,64.39,82.64,3.062357538247225,4727261.859746741,14477197.777777776,78.2130149977268,9.27,
2025/06/11 09:00:00,11.84,18.48,15.31,93.55,64.51,82.67,3.056641169299566,4723297.106600472,14438064.617777774,78.20588881928157,9.16,
2025/06/11 09:15:00,11.9,18.49,15.31,93.63,64.63,82.7,3.0556257061484837,4713604.413597318,14403647.19444445,78.21796469722236,9.18,
2025/06/11 09:30:00,11.95,18.5,15.36,93.72,64.75,82.72,3.0493991934198235,4689904.331323256,14302028.491666665,78.24891513976642,9.1,
2025/06/11 09:45:00,11.88,18.5,15.37,93.8,64.87,82.75,3.0453047623876586,4650329.789145464,14162303.979999995,78.38804074016969,9.15,
2025/06/11 10:00:00,11.88,18.51,15.29,93.82,64.99,82.78,3.0477577475497992,4622051.522606677,14087505.666666672,78.40553227076958,9.23,
2025/06/11 10:15:00,11.87,18.56,15.35,93.85,65.1,82.8,3.0459506380101935,4602610.766985147,14019935.966666667,78.44185208407816,9.23,
2025/06/11 10:30:00,12.0,18.58,15.41,93.87,65.22,82.83,3.0485461411263337,4576580.502958176,13952533.118333332,78.33238494579211,9.21,
2025/06/11 10:45:00,11.91,18.55,15.34,93.9,65.34,82.85,3.044444140048633,4557928.226788371,13876961.969444437,78.44695757556573,9.22,
2025/06/11 11:00:00,11.9,18.57,15.37,93.92,65.46,82.88,3.0448095299470235,4534753.147637203,13808062.68111111,78.47433993401248,9.26,
2025/06/11 11:15:00,11.97,18.59,15.37,93.94,65.58,82.91,3.0470518674021636,4497109.8025145475,13703522.274444442,78.42348934564293,9.28,
2025/06/11 11:30:00,11.91,18.63,15.37,93.97,65.7,82.93,3.043956421643631,4470911.8038763,13609843.946111115,78.50870421570593,9.29,
2025/06/11 11:45:00,12.06,18.66,15.45,93.99,65.81,82.95,3.0438241420513754,4456247.978245423,13564625.518888889,78.37980728028049,9.19,
2025/06/11 12:00:00,12.07,18.69,15.53,94.02,65.93,82.96,3.043558642874735,4436477.772022791,13503277.168333324,78.39648981169125,9.21,
2025/06/11 12:15:00,12.08,18.71,15.51,94.04,66.05,82.96,3.04335057056549,4411713.497409182,13426976.841666665,78.40435582119203,9.22,
2025/06/11 12:30:00,12.09,18.79,15.59,94.06,66.17,82.97,3.041835385288235,4431753.427810653,13481252.399999995,78.41228661221677,9.2,
2025/06/11 12:45:00,12.21,18.77,15.56,94.09,66.29,82.98,3.0461689655043287,4314855.103469268,13144350.437777776,78.32124670702794,9.24,
2025/06/11 13:00:00,12.24,18.81,15.6,94.32,66.41,82.98,3.0388882609266004,4214136.877429545,12806847.136111114,78.49487583774568,9.31,
2025/06/11 13:15:00,12.18,18.83,15.74,93.65,65.71,82.98,3.065107537802967,4450551.179773179,13642041.208888896,77.96165751492043,9.2,
2025/06/11 13:30:00,12.0,18.87,15.54,93.6,64.35,82.95,3.064313073852276,4803788.559710063,14720935.900000004,78.09337501821557,9.27,
2025/06/11 13:45:00,11.97,18.92,15.56,93.6,64.32,82.92,3.066875014946086,4808931.33685907,14749011.566666674,78.12256314456508,9.36,
2025/06/11 14:00:00,12.01,18.96,15.62,93.6,64.3,82.88,3.0682679589855484,4783508.979579547,14677708.662222218,78.0834341124024,9.36,
2025/06/11 14:15:00,12.06,19.03,15.66,93.6,64.27,82.85,3.0684244169951738,4784532.341450221,14681591.88222222,78.03458375587383,9.32,
2025/06/11 14:30:00,12.07,19.08,15.74,93.6,64.24,82.82,3.0683683492531233,4751222.521846643,14579118.021111107,78.02481759798462,9.31,
2025/06/11 14:45:00,12.08,19.07,15.74,93.6,64.22,82.79,3.069118449693675,4760500.556582634,14611160.740000002,78.01501706167379,9.32,
2025/06/11 15:00:00,12.18,19.16,15.8,93.6,64.19,82.75,3.073005025496355,4753744.0819442775,14608895.644444445,77.91716163699027,9.33,
2025/06/11 15:15:00,12.32,19.14,15.88,93.6,64.16,82.72,3.0737160059174036,4755652.928302344,14618162.240000002,77.78034416768759,9.23,
2025/06/11 15:30:00,12.36,19.17,15.88,93.6,64.14,82.69,3.076383047513223,4742460.679046136,14590255.166666662,77.74114019359173,9.26,
2025/06/11 15:45:00,12.39,19.25,15.91,93.6,64.11,82.65,3.0782721524124055,4730564.657289933,14562584.960000005,77.71174468561354,9.28,
2025/06/11 16:00:00,12.46,19.25,15.95,93.6,64.08,82.62,3.08113310713181,4719672.056373261,14542564.850000003,77.64321803509287,9.29,
2025/06/11 16:15:00,12.46,19.31,16.03,93.6,64.06,82.59,3.0777084308112608,4729714.326973894,14557312.122222222,77.64336317055543,9.21,
2025/06/11 16:30:00,12.51,19.34,16.07,93.6,64.03,82.56,3.0803158731338685,4734580.116509688,14584636.66611111,77.59438290030714,9.23,
2025/06/11 16:45:00,12.55,19.4,16.09,93.6,64.0,82.52,3.0825753461219927,4737417.82620941,14604075.639999999,77.55519235274961,9.25,
2025/06/11 17:00:00,12.6,19.41,16.1,93.6,63.98,82.49,3.0851799348098745,4722990.743684237,14571903.921666663,77.50621448994778,9.27,
2025/06/12 03:00:00,9.23,19.3,15.17,89.6,66.2,78.4,3.1363980152194904,1712552.7538549677,5371437.011111112,77.227646005051,8.67,
2025/06/12 03:15:00,12.56,19.26,16.33,94.64,65.6,80.86,3.0312356896069605,4140572.9943076577,12551647.570000006,78.46386389264046,9.25,
2025/06/12 03:30:00,12.79,19.22,16.16,94.71,65.6,81.52,3.0372892342370834,4254455.783453798,12922600.973333333,78.30015075081761,9.29,
2025/06/12 03:45:00,12.81,19.21,16.16,94.72,65.6,82.18,3.0383671055754515,4424382.824483125,13443513.50222223,78.28934062699966,9.31,
2025/06/12 04:00:00,12.82,19.19,16.13,94.73,65.59,82.83,3.0391033230409112,4594318.863545713,13963245.877777772,78.28833170833906,9.33,
2025/06/12 04:15:00,12.82,19.17,16.14,94.74,65.59,83.04,3.039493657189505,4647483.121874883,14126645.561111113,78.29712413398971,9.35,
2025/06/12 04:30:00,12.82,19.16,16.12,94.76,65.59,82.99,3.0385012673046776,4647050.35916704,14120715.766666658,78.31474506656338,9.35,
2025/06/12 04:45:00,12.73,19.18,16.16,94.77,65.58,82.94,3.030465522428187,4638883.824305577,14058623.724444441,78.41186678330361,9.25,
2025/06/12 05:00:00,12.72,19.16,16.14,94.78,65.58,82.88,3.0296348728380083,4612913.774139766,13976086.605555553,78.43047635564702,9.25,
2025/06/12 05:15:00,12.71,19.13,16.12,94.79,65.58,82.83,3.0288041225999685,4651627.329329827,14089517.291666664,78.44908568333736,9.25,
2025/06/12 05:30:00,12.81,19.13,16.15,94.8,65.57,82.77,3.035732272246875,4619333.3272556495,14023714.222222222,78.35979196057548,9.34,
2025/06/12 05:45:00,12.78,19.12,16.19,94.74,65.57,82.72,3.040748061042993,4590117.745284744,13958056.291666668,78.33627715362442,9.41,
2025/06/12 06:00:00,12.73,19.1,16.09,94.69,65.57,82.67,3.038934679603332,4576989.848116474,13909817.350000007,78.34125300858081,9.35,
2025/06/12 06:15:00,12.68,19.07,16.07,94.64,65.56,82.61,3.038844523420347,4561852.3822933175,13863404.255555551,78.3461922966676,9.33,
2025/06/12 06:30:00,12.62,19.05,16.06,94.59,65.56,82.56,3.0384141753960567,4547234.200780021,13817024.833333332,78.36091824508645,9.31,
2025/06/12 06:45:00,12.56,19.06,15.98,94.54,65.56,82.51,3.0406055855136294,4528786.047802819,13770875.891666666,78.3755590418308,9.35,
2025/06/12 07:00:00,12.45,19.01,15.87,94.48,65.55,82.45,3.0415251003319,4512194.625942072,13724563.233333336,78.43033746100348,9.39,
2025/06/12 07:15:00,12.43,18.98,15.88,94.43,65.55,82.4,3.039905265800117,4499373.4132750835,13678284.247222228,78.40590523759721,9.31,
2025/06/12 07:30:00,12.38,19.02,15.83,94.38,65.54,82.35,3.041960217251414,4483804.972940925,13640153.242222212,78.41071042043711,9.34,
2025/06/12 07:45:00,12.36,18.96,15.8,94.33,65.54,82.29,3.043737028814074,4463337.828848829,13585827.291666664,78.38616574919128,9.34,
2025/06/12 08:00:00,12.34,18.95,15.77,94.28,65.54,82.24,3.044669246505729,4446806.235901069,13539649.32222221,78.36163860381637,9.32,
2025/06/12 08:15:00,12.41,18.94,15.85,94.22,65.53,82.19,3.051270192005763,4424713.533595408,13501609.232222216,78.24008637854686,9.35,
2025/06/12 08:30:00,12.44,18.93,15.84,94.29,65.53,82.13,3.050517577694656,4408096.9083078,13447587.14444444,78.27246730362072,9.39,
2025/06/12 08:45:00,12.45,18.95,15.88,94.47,65.53,82.08,3.040752171573521,4407100.5629842775,13401509.611111108,78.4215458652465,9.36,
2025/06/12 09:00:00,12.57,18.94,16.02,94.64,65.52,82.02,3.037291564024669,4396953.158434562,13355465.749999998,78.45390665418478,9.38,
2025/06/12 09:15:00,12.29,18.93,15.71,93.78,65.35,82.07,3.065896588311684,4412189.036533607,13527908.631111108,77.96884676969515,9.28,
2025/06/12 09:30:00,12.26,18.96,15.82,93.97,64.97,82.32,3.0524753356400556,4596650.841718234,14031790.330555549,78.16632450352374,9.21,
2025/06/12 09:45:00,12.64,18.97,15.97,94.49,65.31,82.57,3.0440428871528087,4594286.828115366,13985857.58777777,78.25314424180213,9.31,
2025/06/12 10:00:00,12.67,19.02,16.01,94.61,65.65,82.82,3.040431177640654,4600741.896742663,13988887.391111098,78.32953298538526,9.34,
2025/06/12 10:15:00,12.79,19.05,16.14,94.5,65.99,83.07,3.042194164099919,4598802.338440767,13991120.904444441,78.11522692877011,9.17,
2025/06/12 10:30:00,12.5,19.09,16.04,94.31,66.2,83.2,3.0446754205490345,4530690.635311283,13795114.666666664,78.23158354632864,9.23,
2025/06/12 10:45:00,12.75,19.06,16.03,94.84,65.78,83.16,3.032179650475127,4642335.3081955835,14077040.107777772,78.45381480658722,9.35,
2025/06/12 11:00:00,12.37,19.09,15.91,93.55,65.42,83.12,3.078356343292914,4611299.784760036,14195858.233333334,77.68714372982066,9.24,
2025/06/12 11:15:00,12.5,19.07,16.05,93.84,65.27,83.08,3.0688855539309334,4719558.852912011,14484464.359444447,77.81639032810125,9.25,
2025/06/12 11:30:00,12.67,19.11,16.06,93.93,65.62,83.04,3.0749966103326956,4636899.958919015,14259114.87,77.72933879639784,9.36,
2025/06/12 11:45:00,12.67,19.16,16.04,94.06,65.96,83.0,3.0668475882299773,4471169.571637586,13713016.680000005,77.84423113711496,9.32,
2025/06/12 12:00:00,12.61,19.17,16.05,94.19,66.31,82.95,3.055709645866139,4396354.12409187,13434586.879999999,78.01787313244587,9.26,
2025/06/12 12:15:00,12.98,19.23,16.24,95.18,66.54,82.91,3.025238115600925,4382712.986707273,13259364.414999992,78.52762690547549,9.4,
2025/06/12 12:30:00,12.99,19.28,16.35,95.03,66.49,82.87,3.0303251793087456,4403755.055899421,13345442.110000007,78.38587952163319,9.34,
2025/06/12 12:45:00,12.98,19.39,16.34,94.83,66.45,82.83,3.0456486614364082,4381917.447644506,13346393.059999997,78.2195471086704,9.47,
2025/06/12 13:00:00,13.1,19.38,16.44,94.63,66.41,82.78,3.0584125938112785,4367047.443847207,13356872.320000002,77.92575180370895,9.44,
2025/06/12 13:15:00,13.05,19.38,16.44,94.43,66.36,82.74,3.062325639191383,4370279.368328691,13383860.489999995,77.79849814144218,9.34,
2025/06/12 13:30:00,12.91,19.42,16.3,94.4,66.32,82.7,3.0599115592444495,4379830.535735732,13402499.110000009,77.90920131715907,9.36,
2025/06/12 13:45:00,13.19,19.49,16.51,94.69,66.27,82.66,3.0589391093690157,4382893.070271929,13407636.446111111,77.89040488011238,9.45,
2025/06/12 14:00:00,13.17,19.51,16.57,94.98,66.23,82.62,3.0402230011290827,4406055.775448104,13396027.773333332,78.16538945677651,9.37,
2025/06/12 14:15:00,13.12,19.53,16.56,94.95,66.19,82.57,3.0404903857200556,4399166.843982962,13376252.889999995,78.1879988564769,9.38,
2025/06/12 14:30:00,13.17,19.59,16.6,94.89,66.14,82.53,3.042905925905328,4394544.546768235,13372810.427777778,78.08619338942891,9.33,
2025/06/12 14:45:00,13.24,19.64,16.63,94.83,66.1,82.49,3.0553813182740424,4390552.659018653,13415438.996666666,77.96469849729478,9.49,
2025/06/12 15:00:00,13.27,19.74,16.72,94.77,66.06,82.45,3.0527727088407857,4394617.018524305,13416390.52722222,77.88248722457176,9.34,
2025/06/12 15:15:00,13.32,19.74,16.72,94.71,66.01,82.41,3.0597575771598593,4379667.1297953725,13401344.733333327,77.78060056067221,9.39,
2025/06/12 15:30:00,13.37,19.77,16.81,94.65,65.97,82.36,3.059430416386651,4367259.72078236,13361962.979444444,77.67879936594164,9.28,
2025/06/12 15:45:00,13.32,19.79,16.74,94.59,65.93,82.32,3.0648984905042886,4352705.965537503,13341219.61333332,77.6748909813789,9.37,
2025/06/12 16:00:00,13.45,19.83,16.8,94.53,65.88,82.28,3.0763768061756385,4347959.893717803,13376589.844444448,77.49456417573133,9.46,
2025/06/12 16:15:00,13.57,19.88,16.89,94.58,65.84,82.24,3.0744555281501595,4338411.541629631,13338886.244444437,77.42097936549402,9.38,
2025/06/12 16:30:00,13.52,19.91,16.9,94.76,65.79,82.2,3.063169019725797,4344800.980554144,13309483.659999996,77.62854567198939,9.37,
2025/06/12 16:45:00,13.64,19.97,17.03,94.95,65.75,82.15,3.0635240575677134,4329400.698432514,13263859.888888894,77.67811120741185,9.5,
2025/06/12 17:00:00,13.72,20.02,17.14,95.13,65.71,82.11,3.0535527997740535,4331250.373958169,13226346.711111115,77.75793792307203,9.42,
2025/06/12 23:00:00,14.28,20.29,17.67,100.74,64.37,88.69,2.784273805413694,4227411.9042367255,11770820.551111108,82.09459484185916,9.38,
2025/06/12 23:15:00,13.47,20.3,17.28,94.59,64.74,81.79,3.0714027532954833,4508658.732644222,13848556.547222232,77.52782980403114,9.4,
2025/06/12 23:30:00,13.66,20.32,17.12,94.56,65.12,82.25,3.0877123165416362,4524705.8416733695,13971613.424999995,77.31518939057989,9.59,
2025/06/12 23:45:00,13.64,20.21,17.01,94.53,65.5,82.71,3.088517984998062,4510038.1173530575,13929955.661111103,77.30836533372705,9.59,
2025/06/13 00:00:00,13.61,20.16,17.01,94.75,65.14,81.86,3.07681654047824,4415452.51208645,13586149.964444444,77.53156948779151,9.6,
2025/06/13 00:15:00,13.72,20.19,17.12,94.79,65.34,81.95,3.0698842829750337,4364454.153068767,13398987.097222222,77.45881541232089,9.4,
2025/06/13 00:30:00,13.53,20.2,17.06,94.84,65.54,82.03,3.0661478012554095,4352382.392196366,13345648.323333329,77.68918640183361,9.52,
2025/06/13 00:45:00,13.48,20.17,17.04,94.88,65.75,82.11,3.062842908472619,4358637.120243248,13350422.579999998,77.77342922246415,9.53,
2025/06/13 01:00:00,13.64,20.22,17.02,94.93,65.95,82.2,3.0671392493084046,4321055.863085088,13253865.624999998,77.66055319229478,9.56,
2025/06/13 01:15:00,13.69,20.09,16.98,94.97,66.15,82.28,3.068549062937667,4277771.437766023,13127148.692777773,77.64674953923816,9.6,
2025/06/13 01:30:00,13.53,20.08,17.01,95.01,66.36,82.36,3.0558584386666463,4259517.058918509,13017077.333333332,77.83877302541126,9.48,
2025/06/13 01:45:00,13.54,20.1,16.97,95.06,66.56,82.45,3.0558766571902853,4238542.837734658,12953046.003333334,77.87297437494479,9.53,
2025/06/13 02:00:00,13.56,20.07,16.95,95.1,66.76,82.53,3.0554171964571606,4215495.418734717,12880677.547222216,77.88855539777802,9.55,
2025/06/13 02:15:00,13.59,20.04,16.95,95.15,66.97,82.61,3.0495137342764824,4187407.9474774273,12770137.331111113,77.90305176089365,9.45,
2025/06/13 02:30:00,13.67,20.03,17.02,95.19,67.17,82.7,3.0502056718512964,4145185.6088929884,12644257.676111111,77.85974542015022,9.45,
2025/06/13 02:45:00,13.84,19.99,17.11,95.47,67.37,82.78,3.0431684578044846,4121248.3389150314,12542261.496111108,77.93898534576627,9.48,
2025/06/13 03:00:00,13.98,20.0,17.29,95.8,67.57,82.86,3.028268050823155,4107858.085190625,12440332.196111115,78.0911690613868,9.42,
2025/06/13 03:15:00,14.11,19.99,17.41,96.13,67.78,82.95,3.0112123269593747,4097290.5926597095,12338469.776111111,78.25277860500803,9.33,
2025/06/13 03:30:00,13.86,20.01,17.3,95.51,67.89,83.02,3.0356264188335236,4017519.2053230293,12196314.013888884,77.95445420601216,9.35,
2025/06/13 03:45:00,13.65,19.98,17.1,95.06,67.65,83.04,3.059636139204839,4094270.8122181697,12527591.67,77.76508853897073,9.53,
2025/06/13 04:00:00,13.63,19.9,16.95,94.82,67.4,83.06,3.0679735956256806,4176295.3889165935,12813378.269999998,77.5734951930807,9.46,
2025/06/13 04:15:00,13.64,19.89,16.99,94.87,67.15,83.08,3.0612248583245565,4255971.658092615,13029119.564999994,77.60769908398917,9.36,
2025/06/13 04:30:00,13.74,19.85,16.99,94.92,66.92,83.09,3.0675906828692687,4306777.84008221,13212084.783333333,77.55362546952786,9.48,
2025/06/13 04:45:00,13.54,19.82,17.0,94.97,66.68,83.11,3.060378202207092,4381974.731381055,13411170.05555555,77.79379669034611,9.53,
2025/06/13 05:00:00,13.5,19.82,16.91,95.02,66.45,83.13,3.04981036197445,4459629.080293355,13601678.199999994,77.87698849328007,9.38,
2025/06/13 05:15:00,13.47,19.81,16.84,95.07,66.21,83.15,3.0512332286246657,4530387.816111891,13823922.762222232,77.95040077467056,9.49,
2025/06/13 05:30:00,13.55,19.85,16.95,95.02,65.98,83.17,3.0519651018232397,4599670.744735383,14038713.919999994,77.8279478584487,9.39,
2025/06/13 05:45:00,13.36,19.77,16.77,94.83,65.74,83.19,3.055088623759839,4661025.983967096,14240514.566666666,77.8470568758304,9.39,
2025/06/13 06:00:00,13.29,19.73,16.71,94.64,65.51,83.21,3.0653136459503227,4706937.368767949,14428914.133333322,77.74833359360431,9.46,
2025/06/13 06:15:00,13.22,19.7,16.66,94.45,65.27,83.23,3.0728287883552583,4759309.156342987,14625224.117777783,77.649485024283,9.47,
2025/06/13 06:30:00,13.15,19.66,16.61,94.26,65.04,83.25,3.078209440137,4811902.965962608,14812735.318333328,77.55050968053118,9.43,
2025/06/13 06:45:00,13.05,19.65,16.49,94.07,64.8,83.26,3.0850548470086823,4861867.700662186,14999805.296666676,77.4807787209992,9.45,
2025/06/13 07:00:00,12.95,19.63,16.44,93.88,64.57,83.28,3.088123259224088,4917540.610386011,15186651.296666672,77.41094253423249,9.38,
2025/06/13 07:15:00,12.88,19.6,16.42,93.69,64.33,83.3,3.0959812324527816,4967813.240751039,15380949.772222219,77.31153597297009,9.4,
2025/06/13 07:30:00,12.14,19.61,16.06,92.44,63.8,83.32,3.125711066330712,5057735.331313914,15809666.595555553,76.9277036382192,9.25,
2025/06/13 07:45:00,11.2,19.59,15.7,92.6,63.0,83.34,3.085661823789875,5332887.10966824,16456089.429999998,77.98827045136976,9.29,
2025/06/13 08:00:00,11.11,19.59,15.75,92.73,62.19,83.36,3.076936986621577,5560168.262503546,17108920.08833333,78.19165339896331,9.31,
2025/06/13 08:15:00,10.77,19.59,15.58,92.8,61.42,83.38,3.0646921935119105,5667830.523345221,17370767.479999993,78.58562613693975,9.4,
2025/06/13 08:30:00,10.91,19.57,15.63,92.47,60.89,83.4,3.082643302869486,5768401.230762763,17782566.10166667,78.15574440877785,9.32,
2025/06/13 08:45:00,10.58,19.57,15.56,92.12,60.36,83.42,3.086861100536239,5929635.644156912,18304612.92,78.16623682728543,9.3,
2025/06/13 09:00:00,9.67,19.56,15.33,91.35,59.82,83.43,3.090838094134142,6025656.595045565,18624958.366666667,78.36579441092455,9.32,
2025/06/13 09:15:00,8.82,19.54,15.13,90.8,59.29,83.45,3.0795930223772445,6178621.650898362,19028253.591111112,78.70139055916451,9.11,
2025/06/13 09:30:00,9.12,19.58,15.16,92.42,59.15,83.48,3.020769260661797,6333073.6252883,19131352.130000003,79.8569197478705,9.27,
2025/06/13 09:45:00,9.94,19.59,15.4,92.78,59.81,83.56,3.0380817649228486,6136965.7508147275,18645223.819444444,79.37758814209832,9.45,
2025/06/13 10:00:00,10.53,19.57,15.53,92.87,60.47,83.63,3.0523072714874395,5949915.057143654,18161599.79333333,78.88215524274696,9.38,
2025/06/13 10:15:00,10.88,19.61,15.67,92.95,61.13,83.71,3.0565484887393177,5796029.0913189445,17716476.23777777,78.61184568755829,9.26,
2025/06/13 10:30:00,10.81,19.6,15.57,93.04,61.57,83.78,3.0512825301019375,5714025.338950362,17435712.488333333,78.76000942608204,9.3,
2025/06/13 10:45:00,10.8,19.65,15.61,93.12,61.9,83.86,3.0482059813264564,5658588.7556730155,17249142.02,78.84071485388638,9.33,
2025/06/13 11:00:00,11.1,19.65,15.74,93.19,62.23,83.93,3.0563632407868537,5579711.9495143695,17054239.766666677,78.60972833251813,9.36,
2025/06/13 11:15:00,11.04,19.66,15.69,93.13,62.56,84.0,3.058530213656605,5512047.9943131395,16859363.057777777,78.61501891570512,9.4,
2025/06/13 11:30:00,11.63,19.64,15.89,94.21,63.02,84.08,3.0256681966664383,5503860.614770045,16653471.119999995,78.99465886647693,9.36,
2025/06/13 11:45:00,13.05,19.66,16.62,95.46,66.11,83.0,3.014113175114872,4429193.031801969,13350693.931666669,78.70516703577171,9.41,
2025/06/13 12:00:00,13.15,19.69,16.52,94.86,66.6,82.4,3.0486614960543927,4094840.411491396,12484334.011111122,78.07933850416848,9.44,
2025/06/13 12:15:00,13.73,19.72,16.98,95.84,66.88,82.81,3.0120998645024395,4176962.2103296253,12582059.160000004,78.37167219364757,9.3,
2025/06/13 12:30:00,13.75,19.77,17.03,96.11,67.06,83.2,3.000069465857173,4248810.217022728,12747362.136666667,78.58875540512594,9.32,
2025/06/13 12:45:00,13.77,19.82,17.06,96.37,67.23,83.19,2.9944898488975458,4214949.429496191,12622247.073333327,78.79689315251862,9.46,
2025/06/13 13:00:00,14.03,19.81,17.32,96.45,67.41,83.18,2.9886205294614085,4178626.53944481,12489011.198888896,78.61156669691619,9.26,
2025/06/13 13:15:00,13.94,19.81,17.26,96.35,67.58,83.17,2.9945041740281835,4128380.594906681,12363114.243333338,78.61241109708163,9.33,
2025/06/13 13:30:00,13.81,19.81,17.1,96.25,67.5,83.15,3.0013494218650627,4137856.6337858327,12419780.877777783,78.65251986604756,9.45,
2025/06/13 13:45:00,13.92,19.87,17.25,96.15,67.38,83.14,3.0040341317469696,4156143.3020051764,12485849.493333336,78.4568854766111,9.33,
2025/06/13 14:00:00,14.03,19.92,17.24,96.07,67.27,83.13,3.0200508944428583,4153263.1660396378,12543712.768888887,78.27883962254347,9.5,
2025/06/13 14:15:00,13.84,19.95,17.29,96.01,67.15,83.11,3.009058575064489,4187574.093928436,12601306.666666662,78.41274335683798,9.34,
2025/06/13 14:30:00,13.87,19.98,17.18,95.95,67.04,83.1,3.016544972677145,4200335.471215384,12671124.974444432,78.33069479985022,9.41,
2025/06/13 14:45:00,14.14,20.01,17.34,95.89,66.92,83.09,3.0254953107201352,4216644.877806351,12758101.253333334,78.01298422919483,9.35,
2025/06/13 15:00:00,14.05,20.05,17.37,95.83,66.8,83.08,3.023066899413065,4248803.392693574,12845080.086666666,78.04875001819461,9.3,
2025/06/13 15:15:00,14.01,20.11,17.36,95.77,66.69,83.06,3.0293289435834803,4263528.119263582,12916281.04555556,78.03539467046316,9.39,
2025/06/13 15:30:00,14.03,20.14,17.33,95.71,66.57,83.05,3.034029760280849,4285468.278012954,13002882.053333336,77.96313011041983,9.41,
2025/06/13 15:45:00,14.21,20.17,17.47,95.65,66.46,83.04,3.0360280843697067,4308371.968905108,13081012.987777788,77.7337699332268,9.27,
2025/06/13 16:00:00,14.05,20.2,17.41,95.59,66.34,83.02,3.0383678319044947,4330707.838695384,13158940.959999992,77.83818727798958,9.36,
2025/06/13 16:15:00,13.96,20.23,17.31,95.52,66.23,83.01,3.0428044526799405,4350072.099255476,13237052.155555554,77.86510027730989,9.44,
2025/06/13 16:30:00,14.06,20.29,17.37,95.46,66.11,83.0,3.052038976617538,4365082.449565264,13323042.186666666,77.7143074514658,9.5,
2025/06/13 16:45:00,14.1,20.34,17.45,95.39,65.99,82.98,3.0497887494142897,4393841.02362059,13400937.067222228,77.61351751773216,9.35,
2025/06/13 17:00:00,14.05,20.36,17.43,95.33,65.88,82.97,3.0555188633298322,4411156.520532095,13479018.770555558,77.60991156016492,9.44,
2025/06/13 17:15:00,14.1,20.37,17.43,95.26,65.76,82.96,3.0626642187081945,4428865.245675908,13564778.088888878,77.49936592741338,9.48,
2025/06/13 17:30:00,14.14,20.39,17.44,95.2,65.65,82.95,3.065696640278438,4449946.5304889465,13642839.588888885,77.40736950262702,9.45,
2025/06/13 17:45:00,14.19,20.44,17.52,95.13,65.53,82.93,3.0742296067205532,4462914.232598053,13720689.766666668,77.29683148906429,9.52,
2025/06/13 18:00:00,13.96,20.45,17.42,95.04,65.42,82.92,3.0677058462447855,4497852.175393287,13798731.527777778,77.44334932026882,9.45,
2025/06/13 18:15:00,14.08,20.45,17.39,94.92,65.3,82.91,3.0842269860231935,4501548.436543243,13884444.053333335,77.22019034478471,9.59,
2025/06/13 18:30:00,14.05,20.49,17.53,94.8,65.19,82.89,3.0783660554917502,4532895.428580536,13954581.66666667,77.14390948041178,9.35,
2025/06/13 18:45:00,13.74,20.48,17.15,94.03,65.24,82.86,3.114038959630374,4460407.901147688,13890487.172222227,76.76935414227508,9.51,
2025/06/13 19:00:00,14.18,20.51,17.53,95.38,65.3,82.68,3.0611243204996534,4475424.580279969,13700479.23444445,77.5262917124781,9.52,
2025/06/13 19:15:00,14.26,20.54,17.6,95.32,65.35,82.5,3.070103273695564,4403797.8998574,13520765.59166667,77.39515534770571,9.59,
2025/06/13 19:30:00,14.29,20.52,17.66,95.26,65.41,82.32,3.0672672188816876,4347011.824577538,13334106.182222217,77.31285551289167,9.44,
2025/06/13 19:45:00,14.27,20.57,17.65,95.2,65.47,82.15,3.0720221680750277,4282072.8068533745,13155261.166666672,77.27980654085341,9.49,
2025/06/13 20:00:00,14.25,20.57,17.59,95.14,65.53,81.97,3.073480998162715,4219206.243127184,12968267.47333333,77.24669443112043,9.47,
2025/06/14 00:00:00,14.51,20.63,17.94,100.1,64.82,87.64,2.8243790141246494,3911851.4095337903,11049063.666666668,81.31490562802576,9.4,
2025/06/14 00:15:00,13.88,20.56,17.62,94.94,65.09,81.86,3.068200928037793,4337004.082933333,13307440.336666662,77.43387111170489,9.41,
2025/06/14 00:30:00,14.17,20.56,17.56,95.08,65.36,82.09,3.0733385132994138,4319430.347691493,13275699.274444448,77.27246145137606,9.46,
2025/06/14 00:45:00,14.32,20.48,17.63,95.23,65.64,82.31,3.0721983897254113,4305588.907057551,13228281.238333333,77.25708801785231,9.49,
2025/06/14 01:00:00,14.36,20.49,17.64,95.38,65.91,82.54,3.066809008394469,4302806.281029702,13196539.711666673,77.34958996061103,9.51,
2025/06/14 01:15:00,14.4,20.48,17.63,95.52,66.18,82.77,3.0586062734791133,4302457.942547616,13160175.104999991,77.43317557842121,9.46,
2025/06/14 01:30:00,13.94,20.44,17.41,94.44,66.36,82.82,3.0958190741560188,4213243.025568094,13044055.28555555,76.93479875110484,9.41,
2025/06/14 01:45:00,14.17,20.43,17.45,94.67,66.41,82.83,3.091108257503684,4204411.023501807,12996913.477777777,76.91175620081471,9.39,
2025/06/14 02:00:00,14.14,20.38,17.44,94.91,66.46,82.84,3.086394143695047,4193363.253943844,12943000.070000006,77.15251450250877,9.58,
2025/06/14 02:15:00,14.05,20.4,17.44,95.15,66.5,82.85,3.0683867563080636,4203012.212122922,12897083.466666661,77.45179538986083,9.52,
2025/06/14 02:30:00,14.05,20.38,17.48,95.32,66.55,82.86,3.0601895960164502,4197954.630966357,12847161.378333334,77.60118973921153,9.53,
2025/06/14 02:45:00,14.21,20.34,17.44,95.39,66.6,82.86,3.0534873008203274,4194952.238963529,12809853.833333338,77.50553960556121,9.35,
2025/06/14 03:00:00,14.18,20.35,17.62,95.46,66.65,82.87,3.0508475745735355,4188858.1986732977,12780224.599999998,77.59645921909163,9.39,
2025/06/14 03:15:00,14.13,20.38,17.51,95.53,66.69,82.88,3.0522336292288754,4182301.564017416,12765985.894444441,77.70708235301902,9.53,
2025/06/14 03:30:00,14.03,20.31,17.42,95.59,66.74,82.89,3.0377071030242133,4195070.13276219,12744008.963888893,77.85782028343291,9.36,
2025/06/14 03:45:00,14.27,20.3,17.5,95.66,66.79,82.9,3.04846480401189,4173034.2475899975,12721984.659999998,77.68368874549581,9.49,
2025/06/14 04:00:00,14.19,20.32,17.59,95.73,66.84,82.91,3.0348441427238924,4184486.8759557223,12699912.982777772,77.82357653883741,9.34,
2025/06/14 04:15:00,14.2,20.25,17.52,95.79,66.89,82.92,3.033608485921027,4178900.4850624125,12677793.932222221,77.86638500405904,9.37,
2025/06/14 04:30:00,14.21,20.22,17.54,95.86,66.93,82.93,3.034303400123639,4173242.771465588,12663542.222222222,77.91798189410426,9.45,
2025/06/14 04:45:00,13.82,20.21,17.3,94.64,66.96,82.94,3.0762620156871106,4114024.0075409026,12656433.435555559,77.22869725875836,9.3,
2025/06/14 05:00:00,14.01,20.24,17.34,95.31,66.96,82.95,3.0597806689490006,4138712.565272225,12664167.945000004,77.63166835423623,9.54,
2025/06/14 05:15:00,14.09,20.19,17.43,95.9,66.95,82.96,3.022332261773838,4195104.872411567,12679636.267222213,78.07084849676468,9.33,
2025/06/14 05:30:00,14.17,20.21,17.47,95.89,66.95,82.96,3.0333700055426562,4179775.8766536014,12679450.373333326,77.98359195178195,9.49,
2025/06/14 05:45:00,14.01,20.16,17.48,95.88,66.95,82.97,3.021733219092856,4198366.472714356,12686998.059999997,78.13186215293653,9.35,
2025/06/14 06:00:00,14.07,20.09,17.35,95.86,66.94,82.98,3.0296526313215217,4192562.232279841,12702650.766666671,78.05544438875961,9.45,
2025/06/14 06:15:00,14.12,20.05,17.31,95.85,66.94,82.99,3.032305184037756,4192304.8930547317,12712992.78333333,77.99759038920672,9.46,
2025/06/14 06:30:00,13.9,20.04,17.31,95.84,66.94,83.0,3.0191622037459007,4214105.195379579,12723710.767777778,78.20478156935488,9.33,
2025/06/14 06:45:00,13.85,20.01,17.18,95.83,66.93,83.01,3.02529864240655,4211665.595047246,12742169.879999995,78.24512646605436,9.48,
2025/06/14 07:00:00,13.8,20.03,17.1,95.82,66.93,83.02,3.023210853620782,4218067.474741705,12752709.633888878,78.28542197444803,9.46,
2025/06/14 07:15:00,13.81,20.04,17.11,95.81,66.93,83.03,3.025914836166782,4217781.980703101,12763252.638888884,78.26685871944585,9.5,
2025/06/14 07:30:00,13.83,20.02,17.21,95.8,66.92,83.04,3.016386794789866,4236539.542908706,12779669.124444444,78.23843237965649,9.28,
2025/06/14 07:45:00,13.8,19.99,17.16,95.79,66.92,83.05,3.0148972895487636,4240890.944516478,12786473.235555552,78.25912105124202,9.26,
2025/06/14 08:00:00,13.78,19.96,17.08,95.77,66.92,83.05,3.0187928991886217,4235049.24245434,12785349.512222217,78.26117577609247,9.33,
2025/06/14 08:15:00,13.82,19.94,17.09,95.76,66.91,83.06,3.0240428068134975,4232564.281969111,12800077.277777782,78.21313611417452,9.4,
2025/06/14 08:30:00,13.79,19.98,17.19,95.75,66.91,83.07,3.016093630473628,4245970.399522639,12806877.208888885,78.23385168007022,9.25,
2025/06/14 08:45:00,13.86,20.0,17.2,95.74,66.91,83.08,3.018371856117778,4245018.385213213,12813675.746666668,78.15637074282019,9.24,
2025/06/14 09:00:00,13.77,19.99,17.19,95.73,66.9,83.09,3.0224549327289525,4244153.545724387,12828396.545555554,78.2358891500002,9.37,
2025/06/14 09:15:00,13.76,20.01,17.11,95.72,66.9,83.1,3.024565773906776,4243445.083954775,12835191.59999999,78.23693157272798,9.41,
2025/06/14 09:30:00,13.87,20.05,17.2,95.71,66.9,83.09,3.0227912124954015,4242938.8016519565,12826140.738888884,78.12020345332024,9.29,
2025/06/14 09:45:00,13.9,20.11,17.28,95.69,66.89,83.08,3.0331072348340924,4223175.673846232,12809974.124444442,78.07321333477452,9.46,
2025/06/14 10:00:00,13.88,20.07,17.28,95.67,66.89,83.08,3.0329794692647765,4199365.575391615,12737224.359444443,78.07528838754484,9.45,
2025/06/14 10:15:00,13.84,20.1,17.27,95.65,66.89,83.07,3.031238748075086,4205134.469578034,12747392.325555548,78.09698549888813,9.42,
2025/06/14 10:30:00,14.08,20.07,17.32,95.62,66.88,83.06,3.037830410747572,4201445.127948092,12763924.690000003,77.83506526452588,9.36,
2025/06/14 10:45:00,14.01,20.17,17.48,95.6,66.88,83.05,3.0350299596683956,4205501.918939948,12764484.81,77.88623195726693,9.33,
2025/06/14 11:00:00,13.9,20.16,17.28,95.61,66.88,83.04,3.0394853082732247,4199532.126671692,12765034.480000008,78.00303704440873,9.51,
2025/06/14 11:15:00,13.94,20.2,17.32,95.63,66.87,83.04,3.0379592711191656,4207022.774964461,12781382.459999999,77.98130330453563,9.47,
2025/06/14 11:30:00,13.98,20.26,17.33,95.64,66.87,83.03,3.035935344180473,4210008.691637483,12781921.679999996,77.95079051414594,9.41,
2025/06/14 11:45:00,13.97,20.28,17.44,95.66,66.87,83.02,3.0336094890807743,4213404.668735832,12782450.449999994,77.9781532353044,9.39,
2025/06/14 12:00:00,14.15,20.32,17.46,95.67,66.86,83.01,3.0355917205559653,4213434.2458325,12790888.825000001,77.81021622329175,9.32,
2025/06/14 12:15:00,13.98,20.34,17.42,95.68,66.86,83.01,3.034381712714551,4217899.543697216,12799327.200000005,77.98589447252,9.42,
2025/06/14 12:30:00,14.25,20.39,17.51,95.7,66.86,83.0,3.0408915763051807,4209033.535404623,12799835.069999998,77.73835600148078,9.39,
2025/06/14 12:45:00,14.3,20.45,17.58,95.71,66.81,82.99,3.048343741052654,4211921.413887659,12840011.139999993,77.69812538446304,9.52,
2025/06/14 13:00:00,14.28,20.47,17.67,95.72,66.71,82.98,3.0423450193565325,4246490.471843448,12919933.785000006,77.7264549456402,9.42,
2025/06/14 13:15:00,14.36,20.55,17.74,95.74,66.62,82.98,3.044978480532462,4269095.291830729,12999950.479999997,77.66545228476572,9.44,
2025/06/14 13:30:00,14.44,20.62,17.81,95.75,66.52,82.97,3.04763823440039,4291654.120589155,13080061.225000001,77.59566751698821,9.45,
2025/06/14 13:45:00,14.55,20.69,17.93,95.77,66.43,82.96,3.044735662458432,4319532.523340028,13152501.321666654,77.50511518401431,9.34,
2025/06/14 14:00:00,14.57,20.76,17.97,95.78,66.33,82.95,3.0499619561209426,4338457.660934646,13232795.98666667,77.49428896915111,9.44,
2025/06/14 14:15:00,14.54,20.78,18.0,95.79,66.24,82.94,3.050407456186553,4361563.602921371,13305217.505555557,77.53255761243324,9.48,
2025/06/14 14:30:00,15.31,20.8,18.52,98.82,68.48,83.89,2.907413273804093,4214997.503180663,12255441.158888886,79.41790425555729,9.3,
2025/06/14 14:45:00,14.75,20.84,18.14,96.03,67.44,82.24,3.0425356386147557,3860084.4024255406,11745052.244444443,77.53654238640553,9.43,
2025/06/14 15:00:00,14.61,20.9,18.06,95.49,66.65,82.28,3.0715988769202407,4029371.6561619835,12377231.148333328,77.2007415153479,9.55,
2025/06/14 15:15:00,14.28,21.02,17.92,95.11,65.85,82.32,3.076058963708225,4234311.787665819,13025589.554999998,77.19088338375283,9.47,
2025/06/14 15:30:00,14.48,21.04,17.87,95.16,65.41,82.36,3.0885929951191398,4337295.1272739675,13396743.250000004,77.0387485869244,9.65,
2025/06/14 15:45:00,14.66,21.09,18.12,95.21,65.45,82.41,3.0905363518140185,4334371.931313145,13396179.182222215,76.90590015979112,9.61,
2025/06/14 16:00:00,14.81,21.1,18.22,95.26,65.49,82.45,3.0846162241828674,4340003.533859213,13387908.35555556,76.80229913212327,9.43,
2025/06/14 16:15:00,14.79,21.17,18.22,95.3,65.52,82.49,3.0857459718706233,4338231.954821975,13387329.425555557,76.85714392046899,9.51,
2025/06/14 16:30:00,14.82,21.22,18.26,95.35,65.56,82.53,3.084186203073916,4337743.6552353455,13379053.72222222,76.8715798412573,9.51,
2025/06/14 16:45:00,14.85,21.26,18.32,95.4,65.6,82.58,3.0831036422166362,4339072.851271946,13378459.930000003,76.88601867312158,9.52,
2025/06/14 17:00:00,14.87,21.3,18.37,95.44,65.64,82.62,3.0817138362164034,4338342.251804882,13370179.350000003,76.90148091337988,9.52,
2025/06/14 17:15:00,14.88,21.37,18.37,95.49,65.67,82.66,3.0851131640210574,4333369.353064116,13369570.695555551,76.93573760611633,9.64,
2025/06/14 17:30:00,14.99,21.39,18.46,95.54,65.71,82.7,3.0816127995108764,4335598.448780796,13361285.238888893,76.87137703707101,9.54,
2025/06/14 17:45:00,15.21,21.41,18.58,95.59,65.75,82.75,3.089974877240903,4343457.315787741,13421852.277777776,76.69922054657965,9.61,
2025/06/14 18:00:00,15.15,21.47,18.6,95.63,65.79,82.79,3.0858065194571505,4331482.195912081,13366780.777777776,76.79324637299098,9.61,
2025/06/14 18:15:00,15.09,21.5,18.6,95.68,65.82,82.83,3.0806506185728,4323784.925391334,13320724.725000003,76.89601542636021,9.6,
2025/06/14 18:30:00,15.07,21.51,18.53,95.73,65.86,82.87,3.079255833035212,4330751.9960603835,13336130.115000004,76.95958091502496,9.64,
2025/06/14 18:45:00,15.07,21.55,18.58,95.77,65.9,82.92,3.0795017808974587,4338084.791765925,13359779.974444438,76.9947587512246,9.69,
2025/06/14 19:00:00,15.17,21.55,18.57,95.81,65.93,82.96,3.0790197513436324,4346515.5323075615,13383646.148888879,76.93146488650008,9.65,
2025/06/14 19:15:00,15.24,21.59,18.71,95.86,65.97,83.0,3.0719699867163204,4361504.186288357,13399069.652222224,76.90621890750806,9.51,
2025/06/14 19:30:00,15.36,21.65,18.86,95.9,66.01,83.04,3.073443346622545,4364231.318261197,13413899.94388889,76.82330267244659,9.5,
2025/06/14 19:45:00,15.25,21.64,18.73,95.95,66.05,83.09,3.072066450031504,4369919.705840275,13425337.933333337,76.97539032474293,9.6,
2025/06/14 20:00:00,15.36,21.62,18.75,95.99,66.08,83.13,3.068712738987868,4375840.958762667,13428861.324999997,76.90212231620883,9.5,
2025/06/14 20:15:00,15.42,21.61,18.83,96.03,66.12,83.17,3.0706820883129837,4371673.543952428,13424703.966666665,76.87823295640005,9.54,
2025/06/14 20:30:00,15.36,21.66,18.76,96.08,66.16,83.21,3.072906462587548,4367100.757178739,13420348.638888886,76.98129241511852,9.68,
2025/06/14 20:45:00,15.3,21.66,18.79,96.08,66.2,83.26,3.0654923215988568,4378807.4986716965,13423861.928888889,77.04001995704574,9.57,
2025/06/14 21:00:00,15.29,21.66,18.77,96.04,66.23,83.3,3.0711564157528928,4371874.868148798,13427370.109999994,77.01500147333863,9.65,
2025/06/14 21:15:00,15.32,21.69,18.76,96.0,66.27,83.34,3.0794341026625123,4358709.187219353,13423009.67333334,76.95078818318177,9.76,
2025/06/14 21:30:00,15.42,21.7,18.94,95.97,66.31,83.38,3.0702442376276915,4370388.002606691,13418847.438333329,76.82558538328074,9.47,
2025/06/14 21:45:00,15.4,21.68,18.82,95.93,66.35,83.43,3.0802027347448564,4303964.045794497,13257741.76222223,76.81053554705338,9.64,
2025/06/14 22:00:00,14.96,21.67,18.67,95.06,66.4,83.47,3.106544517140612,4352445.054701989,13521714.103333328,76.47947386160857,9.56,
2025/06/14 22:15:00,15.28,21.65,18.74,96.18,66.47,83.34,3.0600837135762546,4353698.724174033,13323328.052222224,77.14722844845213,9.58,
2025/06/14 22:30:00,15.34,21.65,18.8,96.14,66.54,83.1,3.0651993044631114,4253699.586506744,13039083.639999991,77.05328233561747,9.6,
2025/06/14 22:45:00,15.31,21.65,18.79,96.1,66.61,82.86,3.069189839627775,4166431.369337798,12788202.013888888,77.04789619965038,9.66,
2025/06/14 23:00:00,15.43,21.61,18.8,96.06,66.68,82.62,3.075872818938777,4079689.229162393,12549239.657777773,76.89495115218722,9.67,
2025/06/14 23:15:00,15.42,21.67,18.84,96.02,66.76,82.38,3.0722203403704564,4004077.76443273,12302025.633333325,76.86951527333277,9.56,
2025/06/14 23:30:00,15.41,21.66,18.86,95.97,66.83,82.13,3.072991611983734,3922622.2462413264,12054796.049999997,76.83551010386392,9.53,
2025/06/14 23:45:00,15.4,21.67,18.87,95.93,66.9,81.89,3.0752606284282242,3841836.523758375,11815247.913333327,76.8103279891678,9.54,
2025/06/15 08:15:00,14.88,21.29,18.55,95.61,66.54,81.88,3.0687499565479484,3951252.1602970604,12126031.377777768,77.04070141070332,9.43,
2025/06/15 08:30:00,14.99,21.24,18.37,95.71,66.48,81.9,3.0761164549821745,3959096.163843318,12179243.706666667,77.02058183897988,9.61,
2025/06/15 08:45:00,15.14,21.22,18.43,95.81,66.41,81.92,3.068136262247288,3989328.3826303985,12240423.928333335,76.96060186930042,9.45,
2025/06/15 09:00:00,15.08,21.16,18.48,95.91,66.35,81.95,3.07211220118559,4008749.51509751,12315979.866666673,77.10758951975457,9.68,
2025/06/15 09:15:00,15.02,21.15,18.43,96.01,66.28,81.97,3.0625247350275164,4046347.117070446,12392681.124999998,77.2540278079811,9.63,
2025/06/15 09:30:00,14.89,21.13,18.35,96.09,66.22,81.99,3.051093330333352,4084082.219137423,12461545.115555553,77.45171256121988,9.57,
2025/06/15 09:45:00,14.9,21.14,18.32,96.03,66.15,82.02,3.05453877307747,4107276.994857059,12546462.279999994,77.38934122513072,9.57,
2025/06/15 10:00:00,14.92,21.14,18.34,95.97,66.09,82.04,3.058805959086384,4123310.733419775,12613042.01666667,77.31715231527262,9.58,
2025/06/15 10:15:00,14.9,21.15,18.29,95.9,66.02,82.06,3.065993242183132,4138014.4262061594,12687751.388888894,77.27565698912977,9.67,
2025/06/15 10:30:00,14.9,21.17,18.29,95.84,65.96,82.09,3.061952484392559,4167888.0784587758,12762500.471111119,77.22280136721585,9.52,
2025/06/15 10:45:00,15.02,21.18,18.34,95.78,65.89,82.11,3.0715957481981366,4179085.1628942564,12837100.93111111,77.0523956627491,9.57,
2025/06/15 11:00:00,15.02,21.18,18.37,95.71,65.82,82.13,3.067769409459545,4208686.031405464,12911928.388333334,76.9908364825889,9.42,
2025/06/15 11:15:00,14.84,21.19,18.31,95.65,65.76,82.15,3.068797266540349,4229034.186184982,12978686.471666666,77.11514922310093,9.5,
2025/06/15 11:30:00,14.64,21.2,18.25,95.39,65.74,82.18,3.0734988480201584,4236630.952267545,13021906.626666674,77.08340651408984,9.46,
2025/06/15 11:45:00,15.06,21.21,18.31,96.18,66.01,82.2,3.054116109350551,4199790.21523755,12827268.64222222,77.36352402209633,9.61,
2025/06/15 12:00:00,15.17,21.21,18.43,95.99,66.27,82.22,3.0724603710894334,4113964.078209365,12640636.40277778,77.08930268858883,9.71,
2025/06/15 12:15:00,15.06,21.22,18.49,95.8,66.54,82.25,3.069466657806897,4057138.8038616455,12453898.269999994,77.03054144478529,9.52,
2025/06/15 12:30:00,15.43,21.2,18.64,97.19,68.04,83.3,3.010677562373546,4003336.04107737,12053401.787777768,77.88207042719301,9.55,
2025/06/15 12:45:00,14.94,21.23,18.42,95.71,67.92,83.56,3.076259856929981,4020879.5743063483,12369895.82888889,77.06978344586287,9.65,
2025/06/15 13:00:00,14.95,21.23,18.35,95.75,67.8,83.48,3.0740737519205252,4034745.720016581,12403717.137777783,77.09500594412025,9.64,
2025/06/15 13:15:00,14.91,21.24,18.37,95.78,67.68,83.41,3.069265927326122,4054725.2842166703,12445644.163333323,77.16052008730512,9.6,
2025/06/15 13:30:00,14.81,21.24,18.29,95.81,67.56,83.34,3.063350683027514,4076191.958650113,12487403.06,77.28501822790952,9.58,
2025/06/15 13:45:00,14.86,21.25,18.25,95.84,67.44,83.27,3.066799682152865,4085231.0416029226,12529175.889999999,77.26232929302587,9.65,
2025/06/15 14:00:00,14.92,21.27,18.27,95.87,67.32,83.2,3.0677725044239694,4097616.145995916,12571147.037777785,77.22969768534081,9.66,
2025/06/15 14:15:00,14.94,21.31,18.35,95.91,67.2,83.13,3.0601687388648955,4121454.957125898,12612948.314999992,77.24485439083071,9.53,
2025/06/15 14:30:00,14.87,21.34,18.34,95.94,67.08,83.06,3.060576473862489,4134630.974339428,12654949.071111113,77.34007105739977,9.62,
2025/06/15 14:45:00,15.01,21.36,18.44,95.97,66.96,82.98,3.0564065259700217,4151360.9419510067,12688858.160000008,77.22855255486859,9.47,
2025/06/15 15:00:00,15.04,21.37,18.4,96.0,66.84,82.91,3.060844098717819,4159014.814106469,12730700.424444437,77.2254988507573,9.57,
2025/06/15 15:15:00,15.04,21.39,18.49,96.03,66.72,82.84,3.0542837223996235,4181708.6466577984,12772743.793333337,77.25162110788838,9.47,
2025/06/15 15:30:00,15.03,21.39,18.44,96.06,66.6,82.77,3.0544108158303818,4195245.695285048,12814614.505,77.28777316903299,9.51,
2025/06/15 15:45:00,15.11,21.43,18.58,96.1,66.57,82.7,3.0623583357566786,4174794.388466504,12785349.512222229,77.24446305524357,9.66,
2025/06/15 16:00:00,15.32,21.48,18.69,96.18,66.58,82.63,3.0634097623068244,4153388.311762617,12724174.283333328,77.1079935465039,9.62,
2025/06/15 16:15:00,15.33,21.54,18.72,96.27,66.59,82.55,3.0605177203776153,4134730.099625718,12655047.53333333,77.17698417872127,9.65,
2025/06/15 16:30:00,15.4,21.56,18.87,96.36,66.6,82.48,3.0452733434554053,4135377.6766939256,12594010.708888898,77.18645065989264,9.4,
2025/06/15 16:45:00,15.38,21.57,18.8,96.45,66.62,82.41,3.0467640380504655,4097298.4288452826,12484132.790555548,77.28500034356955,9.53,
2025/06/15 17:00:00,15.53,21.55,18.9,96.54,66.63,82.34,3.041693334463007,4046506.8389129844,12308881.878333338,77.2160101617574,9.43,
2025/06/15 17:15:00,15.4,21.54,18.85,96.51,66.64,82.27,3.042188145507549,4082276.312122425,12419697.858333329,77.31771994242487,9.49,
2025/06/15 17:30:00,15.24,21.53,18.73,96.26,66.65,82.2,3.055045812422693,4037204.1048935167,12334463.013888884,77.25657294820219,9.59,
2025/06/15 17:45:00,15.37,21.54,18.73,96.0,66.66,82.13,3.066972934939546,3984064.6390017113,12219633.53722222,76.9010045590735,9.47,
2025/06/16 02:00:00,13.7,21.43,18.92,73.12,65.35,69.88,4.336719390827832,422497.7156985755,1832420.7366666673,57.667526018342,7.99,
2025/06/16 02:15:00,15.16,21.46,18.79,95.36,67.2,82.05,3.0909206633616337,3780804.828728147,11686794.074999996,76.54629281014539,9.42,
2025/06/16 02:30:00,15.1,21.45,18.61,95.99,66.58,82.07,3.06339496603112,3990413.3179410053,12224819.872222215,77.15777895324968,9.57,
2025/06/16 02:45:00,15.06,21.44,18.46,95.95,66.34,82.1,3.066060420490901,4067847.2240125886,12472857.124444436,77.16212701720292,9.61,
2025/06/16 03:00:00,15.06,21.44,18.53,95.91,66.38,82.12,3.0647306745404843,4068199.90603909,12468542.435555562,77.12695845729581,9.54,
2025/06/16 03:15:00,15.03,21.42,18.52,95.87,66.42,82.15,3.0657935249659523,4061226.4565334087,12451488.732222226,77.12139120685956,9.54,
2025/06/16 03:30:00,15.0,21.41,18.55,95.83,66.46,82.17,3.077131089137586,4038209.9897775706,12426719.09722223,77.11630246128368,9.76,
2025/06/16 03:45:00,14.97,21.39,18.46,95.79,66.5,82.2,3.073160042784014,4037893.6596542513,12409694.305555556,77.11044170431856,9.65,
2025/06/16 04:00:00,14.97,21.38,18.4,95.75,66.54,82.22,3.0793306218821495,4021774.5038393727,12384964.728888882,77.07559871821158,9.74,
2025/06/16 04:15:00,15.07,21.37,18.4,95.71,66.57,82.25,3.0821528498160626,4015137.6388373403,12375861.617777782,76.94213946220884,9.68,
2025/06/16 04:30:00,14.93,21.37,18.44,95.67,66.61,82.27,3.0784510300195773,4011941.9633503854,12351166.409999996,77.0445560309285,9.66,
2025/06/16 04:45:00,15.01,21.35,18.38,95.63,66.65,82.3,3.0721370643526558,3969596.784100254,12195727.652777769,76.93052765077049,9.43,
2025/06/16 05:00:00,15.04,21.34,18.43,95.64,66.69,82.32,3.0781204112764153,4032217.362223177,12412257.109999994,76.90996103849088,9.54,
2025/06/16 05:15:00,14.93,21.33,18.41,95.79,66.71,82.35,3.067036322144743,4041091.473561872,12394774.724444443,77.14955032299235,9.55,
2025/06/16 05:30:00,15.06,21.32,18.54,95.75,66.54,82.37,3.074524626173564,4111655.4490748406,12642031.477777774,76.986799571125,9.57,
2025/06/16 05:45:00,14.97,21.31,18.39,95.71,66.37,82.39,3.0759013805165765,4111079.357065075,12645889.849999996,77.04024976263295,9.62,
2025/06/16 06:00:00,14.94,21.29,18.37,95.67,66.2,82.42,3.081070024675623,4139650.9251184845,12755176.414444443,77.03485051220451,9.71,
2025/06/16 06:15:00,15.0,21.28,18.34,95.63,66.03,82.44,3.085226829857908,4176201.672674397,12885154.791666664,76.94083529716988,9.71,
2025/06/16 06:30:00,14.89,21.26,18.32,95.59,65.86,82.47,3.0816570274145367,4248831.084226074,13094074.558888886,77.01370833229895,9.67,
2025/06/16 06:45:00,14.99,21.25,18.31,95.55,65.69,82.49,3.0839580432637748,4311303.581808895,13296524.266666664,76.88025134427376,9.6,
2025/06/16 07:00:00,14.87,21.24,18.38,95.51,65.53,82.52,3.077099496819343,4387532.883218997,13501546.183888882,76.96287758706421,9.5,
2025/06/16 07:15:00,14.29,21.23,17.95,94.08,65.35,82.58,3.13080643090812,4485026.012637901,14042372.465,76.27420840484515,9.5,
2025/06/16 07:30:00,14.04,21.23,17.69,94.08,65.17,82.66,3.1272553737678317,4545292.260206297,14214874.098333327,76.51949047720612,9.63,
2025/06/16 07:45:00,14.36,21.26,18.01,95.03,65.05,82.73,3.083409302313423,4647010.77997741,14329264.791111117,77.04205082230767,9.48,
2025/06/16 08:00:00,14.56,21.25,18.1,94.46,64.95,82.8,3.1248310878348255,4616624.637620159,14426838.06666666,76.34435999407532,9.59,
2025/06/16 08:15:00,14.27,21.23,17.79,94.29,64.96,82.88,3.1218854919953642,4647517.831681153,14509630.862222223,76.47903873115688,9.56,
2025/06/16 08:30:00,14.39,21.25,17.93,94.19,65.09,83.08,3.135565651995499,4649038.357557777,14578006.605555551,76.27332826865454,9.66,
2025/06/16 08:45:00,14.36,21.23,17.97,94.79,65.21,83.28,3.0971440872456353,4731435.743908444,14654583.276666675,76.83100192082749,9.51,
2025/06/16 09:00:00,14.44,21.28,18.0,95.02,65.34,83.48,3.0917280890953167,4759994.232596439,14717250.068888888,76.9548656566663,9.59,
2025/06/16 09:15:00,14.54,21.23,18.02,95.25,65.47,83.68,3.089116727139753,4781370.8815313615,14770870.528333338,77.059063461269,9.72,
2025/06/16 09:30:00,14.63,21.23,18.14,95.48,65.59,83.88,3.0742131516626947,4824684.113863587,14832788.636111103,77.17237033860243,9.58,
2025/06/16 09:45:00,14.7,21.26,18.18,95.71,65.72,84.08,3.0614205718452663,4862343.252587564,14886359.4,77.30529465649253,9.51,
2025/06/16 10:00:00,14.75,21.28,18.24,95.95,65.84,84.28,3.0610094960844827,4859282.832036658,14875000.946666664,77.46696897767907,9.73,
2025/06/16 10:15:00,15.35,21.3,18.74,97.16,65.97,84.06,2.9893807428404178,4226208.043536699,12634416.795000002,77.93424833542596,9.19,
2025/06/16 10:30:00,15.3,21.3,18.77,97.08,66.09,83.63,3.0019020804907375,4080077.5679984125,12248656.55444444,77.91371628209335,9.36,
2025/06/16 10:45:00,15.31,21.33,18.78,96.99,66.22,83.19,3.008069301733273,3941097.469952901,11855733.18722222,77.82535650186179,9.38,
2025/06/16 11:00:00,15.32,21.36,18.79,96.91,66.35,82.75,3.013701538570982,3806279.652377867,11471605.933333337,77.74570747387918,9.4,
2025/06/16 11:15:00,15.47,21.37,18.88,96.82,66.47,82.32,3.0147425721783945,3715321.428850818,11201357.902777774,77.5194757462194,9.25,
2025/06/16 11:30:00,15.34,21.4,18.92,96.73,66.6,81.88,3.014178566534784,3564899.1881257836,10745839.964444444,77.56874299148072,9.23,
2025/06/16 11:45:00,15.12,21.42,18.61,95.5,66.72,81.91,3.086715271479088,3986864.09448391,12306939.687777774,76.70853353931062,9.51,
2025/06/16 12:00:00,14.84,21.46,18.48,95.07,66.5,82.37,3.100397285181057,4170742.7106968015,12931583.096666671,76.60604963138329,9.53,
2025/06/16 12:15:00,14.71,21.51,18.38,94.39,64.58,82.17,3.1338642084220734,4580318.249076059,14354765.113333335,76.13552081574616,9.59,
2025/06/16 12:30:00,12.42,21.55,17.29,91.63,61.66,81.82,3.1857798376003355,5163895.123905826,16451610.559999999,75.9329326348721,9.51,
2025/06/16 12:45:00,13.89,21.55,17.94,95.6,65.53,84.07,3.0517182499350324,4951968.308903992,15112599.809999991,78.0045191936408,9.79,
2025/06/16 13:00:00,14.79,21.56,18.37,95.58,66.15,84.35,3.077806810998564,4818481.484807894,14831016.199999988,77.10311155920411,9.65,
2025/06/16 13:15:00,14.93,21.6,18.5,95.57,66.27,84.12,3.0799065827671197,4721177.044188875,14541451.925000006,76.95669666814723,9.58,
2025/06/16 13:30:00,15.11,21.68,18.61,95.56,66.39,83.88,3.0822501957291863,4621056.770500924,14243914.299999995,76.77095908656595,9.49,
2025/06/16 13:45:00,15.16,21.68,18.6,95.55,66.51,83.64,3.08745451224584,4516894.554513281,13946353.33666666,76.71315435039926,9.55,
2025/06/16 14:00:00,15.22,21.73,18.77,95.53,66.63,83.41,3.094883922830542,4413408.318405054,13659648.065555556,76.63683935356173,9.64,
2025/06/16 14:15:00,15.48,21.74,18.79,95.52,66.75,83.17,3.098636301509533,4313553.126834154,13366783.100000001,76.37235702003706,9.52,
2025/06/16 14:30:00,15.34,21.76,18.87,95.51,66.87,82.94,3.0957861486185707,4225490.377077755,13081863.849999994,76.50121353617837,9.55,
2025/06/16 14:45:00,15.28,21.82,18.81,95.5,66.93,82.72,3.0994902148044665,4146971.687901111,12854111.789444437,76.55162236379127,9.66,
2025/06/16 15:00:00,15.27,21.85,18.86,95.5,66.93,82.72,3.0991384770585477,4147441.0560210207,12854111.789444437,76.56144730660081,9.66,
2025/06/16 15:15:00,15.27,21.85,18.86,95.5,66.93,82.72,3.0991384770585557,4147441.05602101,12854111.789444437,76.56144730660098,9.66,
2025/06/16 15:30:00,15.27,21.85,18.86,95.5,66.93,82.72,3.0991384770585846,4147441.0560209714,12854111.789444437,76.56144730660132,9.66,
2025/06/16 15:45:00,15.27,21.85,18.86,95.5,66.93,82.72,3.0991384770585317,4147441.056021042,12854111.789444437,76.56144730660115,9.66,
2025/06/16 16:00:00,15.27,21.85,18.86,95.5,66.93,82.72,3.0991384770585504,4147441.056021017,12854111.789444437,76.56144730660087,9.66,
2025/06/16 16:15:00,15.27,21.85,18.86,95.5,66.93,82.72,3.0991384770585504,4147441.056021017,12854111.789444437,76.56144730660132,9.66,
2025/06/16 16:30:00,15.27,21.85,18.86,95.5,66.93,82.72,3.099138477058548,4147441.05602102,12854111.789444437,76.56144730660115,9.66,
2025/06/16 16:45:00,15.27,21.85,18.86,95.5,66.93,82.72,3.099138477058569,4147441.056020992,12854111.789444437,76.5614473066015,9.66,
2025/06/16 17:00:00,15.27,21.85,18.86,95.5,66.93,82.72,3.0991384770585593,4147441.056021005,12854111.789444437,76.56144730660127,9.66,
2025/06/16 17:15:00,15.27,21.85,18.86,95.5,66.93,82.72,3.0991384770585526,4147441.056021014,12854111.789444437,76.56144730660115,9.66,
2025/06/16 17:30:00,15.27,21.85,18.86,95.5,66.93,82.72,3.0991384770585837,4147441.0560209723,12854111.789444437,76.56144730660161,9.66,
2025/06/16 17:45:00,15.27,21.85,18.86,95.5,66.93,82.72,3.0991384770585366,4147441.0560210356,12854111.789444437,76.56144730660087,9.66,
2025/06/16 18:00:00,15.27,21.85,18.86,95.5,66.93,82.72,3.09913847705854,4147441.056021031,12854111.789444437,76.56144730660127,9.66,
2025/06/16 18:15:00,15.27,21.85,18.86,95.5,66.93,82.72,3.099138477058558,4147441.056021007,12854111.789444437,76.56144730660115,9.66,
2025/06/16 18:30:00,15.27,21.85,18.86,95.5,66.93,82.72,3.099138477058566,4147441.056020996,12854111.789444437,76.56144730660115,9.66,
2025/06/16 18:45:00,15.27,21.85,18.86,95.5,66.93,82.72,3.0991384770585366,4147441.0560210356,12854111.789444437,76.56144730660087,9.66,
2025/06/16 19:00:00,15.27,21.85,18.86,95.5,66.93,82.72,3.0991384770585677,4147441.0560209937,12854111.789444437,76.56144730660166,9.66,
2025/06/16 19:15:00,15.27,21.85,18.86,95.5,66.93,82.72,3.0991384770585735,4147441.0560209863,12854111.789444437,76.56144730660132,9.66,
2025/06/16 19:30:00,15.27,21.85,18.86,95.5,66.93,82.72,3.0991384770585504,4147441.056021017,12854111.789444437,76.56144730660132,9.66,
2025/06/16 19:45:00,15.27,21.85,18.86,95.5,66.93,82.72,3.0991384770585517,4147441.056021015,12854111.789444437,76.56144730660127,9.66,
2025/06/16 20:00:00,15.27,21.85,18.86,95.5,66.93,82.72,3.099138477058564,4147441.0560209984,12854111.789444437,76.56144730660098,9.66,
2025/06/16 20:15:00,15.27,21.85,18.86,95.5,66.93,82.72,3.0991384770585673,4147441.0560209947,12854111.789444437,76.5614473066011,9.66,
2025/06/16 20:30:00,15.27,21.85,18.86,95.5,66.93,82.72,3.09913847705855,4147441.056021018,12854111.789444437,76.56144730660127,9.66,
2025/06/16 20:45:00,15.27,21.85,18.86,95.5,66.93,82.72,3.099138477058543,4147441.0560210273,12854111.789444437,76.56144730660087,9.66,
2025/06/16 21:00:00,15.27,21.85,18.86,95.5,66.93,82.72,3.099138477058538,4147441.056021034,12854111.789444437,76.56144730660098,9.66,
2025/06/16 21:15:00,15.27,21.85,18.86,95.5,66.93,82.72,3.0991384770585744,4147441.056020985,12854111.789444437,76.56144730660115,9.66,
2025/06/16 21:30:00,15.27,21.85,18.86,95.5,66.93,82.72,3.099138477058555,4147441.0560210114,12854111.789444437,76.5614473066011,9.66,
2025/06/16 21:45:00,15.27,21.85,18.86,95.5,66.93,82.72,3.0991384770585473,4147441.056021021,12854111.789444437,76.56144730660127,9.66,
2025/06/16 22:00:00,15.27,21.85,18.86,95.5,66.93,82.72,3.099138477058547,4147441.0560210217,12854111.789444437,76.56144730660115,9.66,
2025/06/16 22:15:00,15.27,21.85,18.86,95.5,66.93,82.72,3.0991384770585255,4147441.0560210506,12854111.789444437,76.5614473066011,9.66,
2025/06/16 22:30:00,15.27,21.85,18.86,95.5,66.93,82.72,3.09913847705856,4147441.056021004,12854111.789444437,76.56144730660098,9.66,
2025/06/16 22:45:00,15.27,21.85,18.86,95.5,66.93,82.72,3.0991384770585606,4147441.0560210035,12854111.789444437,76.5614473066011,9.66,
2025/06/16 23:00:00,15.27,21.85,18.86,95.5,66.93,82.72,3.0991384770585526,4147441.056021014,12854111.789444437,76.5614473066011,9.66,
2025/06/16 23:15:00,15.27,21.85,18.86,95.5,66.93,82.72,3.099138477058527,4147441.0560210487,12854111.789444437,76.56144730660115,9.66,
2025/06/16 23:30:00,15.27,21.85,18.86,95.5,66.93,82.72,3.099138477058561,4147441.056021003,12854111.789444437,76.56144730660166,9.66,
2025/06/16 23:45:00,15.27,21.85,18.86,95.5,66.93,82.72,3.099138477058559,4147441.056021006,12854111.789444437,76.56144730660115,9.66,
2025/06/18 07:30:00,15.87,22.1,19.36,100.86,65.39,88.36,2.8361592985419732,4020511.446020083,11403333.993333332,80.63130269934055,9.63,
2025/06/18 07:45:00,15.81,22.1,19.45,97.01,66.44,83.08,3.0253932976345412,3851787.0980038126,11653780.551111111,77.35094786768445,9.42,
2025/06/18 08:00:00,15.91,22.12,19.41,96.81,66.43,83.08,3.0501524724577482,3930943.0166626507,11990596.474999994,77.07841786027902,9.62,
2025/06/18 08:15:00,15.91,22.07,19.39,96.62,66.41,83.07,3.059176540335284,3924859.656680427,12007470.089999996,76.9124519874351,9.6,
2025/06/18 08:30:00,15.85,22.08,19.41,96.42,66.39,83.07,3.067237115293114,3922336.8590291045,12031374.813333327,76.79668713388443,9.59,
2025/06/18 08:45:00,15.84,22.05,19.29,96.23,66.37,83.06,3.083963880123333,3906548.561177633,12048277.339999994,76.64077076620262,9.73,
2025/06/18 09:00:00,15.37,22.02,18.96,95.13,66.35,83.06,3.119261783007102,4317052.692489152,13466655.840000007,76.13834285283127,9.6,
2025/06/18 09:15:00,15.38,21.98,18.9,95.25,66.33,83.05,3.1170449507106794,4285528.88075768,13358814.626666665,76.23405683421754,9.68,
2025/06/18 09:30:00,15.64,21.98,18.96,95.37,66.31,83.05,3.115164208016813,4291432.349506335,13369157.339999994,76.08366320508752,9.58,
2025/06/18 09:45:00,15.41,22.0,19.01,95.49,66.29,83.04,3.1002630630999097,4357101.652962527,13508810.791666664,76.41492505028364,9.57,
2025/06/18 10:00:00,15.29,22.03,18.94,95.31,66.27,83.04,3.11116461600042,4326872.258937292,13462241.411666673,76.37516177152875,9.69,
2025/06/18 10:15:00,15.22,22.03,18.74,95.09,66.25,83.03,3.1188234198403526,4313397.575017043,13453318.388888888,76.25068070033282,9.66,
2025/06/18 10:30:00,15.47,22.06,18.91,95.06,66.23,83.03,3.135598846252996,4300587.780688195,13485543.866666662,75.97915229173216,9.8,
2025/06/18 10:45:00,15.54,22.03,18.93,95.17,66.27,83.02,3.1292507604335573,4301642.4196957955,13461550.666666666,76.00676953996063,9.73,
2025/06/18 11:00:00,15.52,22.05,19.03,95.28,66.43,83.02,3.118098905845458,4277577.146644628,13338548.941666657,76.12272075216184,9.63,
2025/06/18 11:15:00,15.54,22.1,19.11,95.39,66.59,83.01,3.123012241488669,4207302.224411776,13140094.965555556,76.20023156544133,9.85,
2025/06/18 11:30:00,15.52,22.12,19.08,95.5,66.76,83.01,3.1107324089789743,4160533.03779545,12942920.069444444,76.31595708235356,9.72,
2025/06/18 11:45:00,15.47,22.16,19.03,95.67,66.92,83.0,3.102347542903583,4130427.9209797177,12814612.066666665,76.51428934763774,9.77,
2025/06/18 12:00:00,15.82,22.22,19.3,95.86,67.05,83.0,3.1008899498123097,4088735.290510524,12679342.622222224,76.33648902288161,9.69,
2025/06/18 12:15:00,15.92,22.24,19.36,96.08,67.03,82.99,3.09658921116203,4133661.3804071285,12800889.126666661,76.43100020749132,9.77,
2025/06/18 12:30:00,15.91,22.24,19.39,96.3,67.01,82.99,3.078719513293296,4197937.64599773,12924917.854444437,76.6329132861496,9.65,
2025/06/18 12:45:00,15.91,22.29,19.44,96.5,66.99,82.99,3.0745602002897567,4234013.401488438,13018377.777777776,76.80814437617178,9.78,
2025/06/18 13:00:00,15.9,22.38,19.44,96.53,66.97,82.98,3.070204638285493,4243887.81216909,13030232.14166667,76.84402862421425,9.73,
2025/06/18 13:15:00,15.93,22.38,19.43,96.56,66.94,82.98,3.06865327629038,4255204.282444172,13058373.411111113,76.84066780082361,9.71,
2025/06/18 13:30:00,16.05,22.39,19.43,96.59,66.92,82.97,3.077986338394241,4246157.113796286,13070241.70833333,76.74932399009579,9.85,
2025/06/18 13:45:00,16.18,22.45,19.55,96.62,66.9,82.97,3.0709126249012937,4262452.922828978,13090260.424999995,76.64694459977449,9.65,
2025/06/18 14:00:00,16.15,22.49,19.64,96.65,66.88,82.96,3.0682936027106478,4269898.645586209,13101953.626666665,76.70266230205382,9.65,
2025/06/18 14:15:00,16.19,22.54,19.64,96.67,66.86,82.96,3.068585014232359,4276025.439153783,13121988.366666662,76.68076838822469,9.65,
2025/06/18 14:30:00,16.24,22.55,19.68,96.7,66.84,82.95,3.078237374199155,4266476.9078167565,13133879.77,76.65841795253603,9.84,
2025/06/18 14:45:00,16.25,22.59,19.8,96.73,66.81,82.95,3.068969614392559,4288546.040184944,13162085.713333331,76.6742022858337,9.68,
2025/06/18 15:00:00,16.23,22.62,19.68,96.76,66.79,82.94,3.0727626085247075,4287137.29598054,13173991.049999993,76.72048365471609,9.8,
2025/06/18 15:15:00,16.44,22.65,19.85,96.79,66.77,82.94,3.067941967440724,4301017.11349991,13195938.14,76.53934867832413,9.6,
2025/06/18 15:30:00,16.39,22.71,19.89,96.82,66.75,82.93,3.0641072123427726,4312743.576568818,13215370.960000003,76.61471528489038,9.59,
2025/06/18 15:45:00,16.38,22.78,19.85,96.84,66.73,82.9,3.0770827273113137,4295509.806150515,13218280.588333333,76.64297598721521,9.87,
2025/06/18 16:00:00,16.41,22.81,19.93,96.87,66.71,82.87,3.0689928645048767,4307345.5714602405,13219863.066666676,76.63905261797836,9.72,
2025/06/18 16:15:00,16.58,22.87,19.97,96.88,66.69,82.84,3.0783450958771534,4294770.17337268,13221433.469444446,76.48074002807395,9.8,
2025/06/18 16:30:00,16.6,22.87,20.1,96.57,66.66,82.8,3.0926076305670507,4275395.400138329,13222804.393333334,76.19025762786319,9.74,
2025/06/18 16:45:00,16.52,22.9,19.98,96.34,66.64,82.77,3.110494363806166,4254025.97769727,13232778.686111107,76.068737687991,9.91,
2025/06/18 17:00:00,16.33,22.93,19.85,96.33,66.62,82.74,3.1033943216223134,4235012.964705225,13143529.764444435,76.24684228920204,9.89,
2025/06/18 17:15:00,16.5,23.02,19.92,96.37,66.6,82.71,3.104369626392647,4210390.631128063,13071216.344999997,76.11429503683996,9.83,
2025/06/18 17:30:00,16.43,23.01,19.99,96.41,66.58,82.67,3.0927796230599895,4225569.134104694,13069374.242222223,76.21762373125085,9.69,
2025/06/18 17:45:00,16.45,23.0,19.92,96.45,66.56,82.64,3.095385628456161,4222768.923549819,13071707.146666666,76.23316649000371,9.77,
2025/06/18 18:00:00,16.45,23.02,19.93,96.49,66.54,82.61,3.0947360334947924,4216628.164642708,13049956.864999993,76.26822356711084,9.8,
2025/06/18 18:15:00,16.46,23.03,19.98,96.53,66.51,82.58,3.0868535117109266,4222618.750493669,13035216.211111104,76.29290378048088,9.68,
2025/06/18 18:30:00,16.39,23.06,20.03,96.57,66.49,82.54,3.081265413557195,4219991.491991191,13003525.425000006,76.39666387101441,9.66,
2025/06/18 18:45:00,16.7,23.06,20.11,96.61,66.47,82.51,3.0902503636974927,3988622.920686911,12326441.477777783,76.1265195367619,9.67,
2025/06/18 19:00:00,16.67,23.07,20.14,96.63,66.45,82.48,3.0891965977089835,3975866.9402784174,12282834.324444445,76.17357529758051,9.69,
2025/06/18 19:15:00,16.64,23.07,20.21,96.65,66.43,82.45,3.0789589649863816,3996924.674139972,12306979.629999993,76.22013273649996,9.54,
2025/06/18 19:30:00,16.64,23.09,20.14,96.67,66.41,82.41,3.082814934755602,3997311.990097566,12323568.888888888,76.2378354518966,9.63,
2025/06/18 19:45:00,16.64,23.09,20.17,96.7,66.39,82.38,3.0854412996292506,4001700.165357736,12347614.803333329,76.26427755319098,9.71,
2025/06/18 20:00:00,16.65,23.09,20.23,96.72,66.37,82.35,3.0732469001683005,4025446.9764242107,12371806.553333325,76.27129484267314,9.5,
2025/06/18 20:15:00,16.61,23.11,20.13,96.74,66.35,82.31,3.085871018641851,3953947.3720304705,12201956.433333337,76.32897254079286,9.78,
2025/06/18 20:30:00,16.75,23.13,20.25,96.76,66.32,82.28,3.079491599897425,3958943.09910052,12192134.826666672,76.20798201438896,9.59,
2025/06/18 20:45:00,16.75,23.1,20.23,96.79,66.3,82.25,3.0778632599957323,3954223.1175315473,12171161.444444444,76.23415852925763,9.59,
2025/06/18 21:00:00,16.75,23.09,20.26,96.81,66.28,82.22,3.0853648083830016,3935594.2690794743,12143356.781111106,76.25212967356384,9.75,
2025/06/18 21:15:00,16.75,23.09,20.31,96.83,66.26,82.18,3.0773407500137653,3934355.460843593,12107971.92,76.26914338489848,9.62,
2025/06/18 21:30:00,16.77,23.09,20.33,96.85,66.24,82.15,3.076383023955965,3926621.8990008226,12080415.270000009,76.26687032185735,9.61,
2025/06/18 21:45:00,16.69,23.09,20.24,96.87,66.22,82.12,3.0774557152930253,3916253.7525962144,12052699.083333338,76.36336354740428,9.7,
2025/06/18 22:00:00,16.76,23.1,20.25,96.9,66.2,82.09,3.07980631807944,3904273.865834929,12025008.208888888,76.32072224298575,9.73,
2025/06/19 00:00:00,16.59,23.15,20.25,96.61,66.1,81.66,3.087002563384094,3858699.7944874633,11912403.188888889,76.23482359629926,9.68,
2025/06/19 00:15:00,16.77,23.12,20.31,96.41,66.16,82.96,3.097536570736802,4137042.28105444,12815294.799999999,75.88263562621101,9.56,
2025/06/19 00:30:00,16.57,23.07,20.05,96.34,66.21,82.97,3.110365353235162,4102800.4893764853,12761819.131111115,76.01936513770318,9.87,
2025/06/19 00:45:00,16.7,23.06,20.15,96.5,66.26,82.98,3.090802412428181,4111560.7795395837,12708647.20888889,76.03017494497878,9.57,
2025/06/19 01:00:00,16.67,23.02,20.1,96.65,66.31,83.0,3.0927737259804484,4102069.348124629,12687394.927777775,76.19135690340467,9.78,
2025/06/19 01:15:00,16.83,23.0,20.28,96.81,66.37,83.01,3.0805837520085455,4109399.509361839,12660012.444444442,76.17290154524788,9.61,
2025/06/19 01:30:00,16.68,22.99,20.19,96.97,66.42,83.02,3.075909126285665,4109266.9526034775,12640373.411111107,76.4607203759063,9.78,
2025/06/19 01:45:00,16.66,22.98,20.2,97.12,66.47,83.04,3.0671742272030853,4116783.1019974602,12627533.96055556,76.61119114348415,9.78,
2025/06/19 02:00:00,16.72,22.96,20.27,97.28,66.53,83.05,3.0503043908947785,4129255.6111569866,12596143.902222216,76.6908958186468,9.59,
2025/06/19 02:15:00,16.71,22.95,20.28,97.43,66.58,83.06,3.0435469282586007,4130602.7067853743,12572342.053333335,76.83147594184695,9.62,
2025/06/19 02:30:00,16.73,22.94,20.35,97.59,66.63,83.07,3.0366806733962455,4132088.086095649,12548507.69333333,76.95112485789703,9.64,
2025/06/19 02:45:00,16.68,22.98,20.31,97.67,66.68,83.09,3.0324016200828923,4132574.1669494705,12532277.79833333,77.07008757569474,9.67,
2025/06/19 03:00:00,16.68,22.91,20.27,97.59,66.74,83.1,3.044205514926746,4106187.5119875316,12500741.440000001,77.00099242432975,9.81,
2025/06/19 03:15:00,16.68,22.9,20.28,97.5,66.79,83.11,3.050058624505191,4090459.4383264137,12476809.54666666,76.92273273669218,9.83,
2025/06/19 03:30:00,16.79,22.87,20.29,97.41,66.84,83.13,3.0511330307530016,4083668.558378457,12460494.309999993,76.73549946334904,9.69,
2025/06/19 03:45:00,16.73,22.86,20.29,97.32,66.9,83.14,3.0529006647294024,4070937.712606458,12428848.226666661,76.71613909646676,9.67,
2025/06/19 04:00:00,16.68,22.83,20.18,97.24,66.95,83.15,3.0582426921699577,4055976.051094681,12404818.8,76.69585330924991,9.72,
2025/06/19 04:15:00,16.63,22.84,20.19,97.15,67.0,83.16,3.06140209926395,4043930.540805521,12380756.862222219,76.66665424029577,9.72,
2025/06/19 04:30:00,16.57,22.81,20.18,97.06,67.05,83.18,3.0599397000456565,4040492.943390985,12364327.836666673,76.64700838989165,9.64,
2025/06/19 04:45:00,16.23,22.82,19.89,96.2,66.81,83.19,3.09247678317797,4062056.5669431626,12562429.879999997,76.23056981676292,9.6,
2025/06/19 05:00:00,16.6,22.78,19.99,97.03,66.5,83.19,3.0581609128017986,4192529.872271968,12822078.591666665,76.59108960870847,9.56,
2025/06/19 05:15:00,16.48,22.77,20.0,97.14,66.58,83.18,3.0584710915183666,4178067.678251108,12779149.411111116,76.80572349875617,9.75,
2025/06/19 05:30:00,16.58,22.72,20.04,97.17,66.67,83.17,3.053262757614277,4159976.1647041077,12702166.583333334,76.7329909147583,9.62,
2025/06/19 05:45:00,16.47,22.68,19.96,97.19,66.75,83.16,3.052838171056087,4137801.626390865,12632691.499999996,76.85897521116519,9.7,
2025/06/19 06:00:00,16.43,22.69,19.89,97.15,66.84,83.16,3.057799699729436,4107321.0736398124,12559997.119999995,76.86377396431652,9.78,
2025/06/19 06:15:00,16.46,22.7,19.96,97.1,66.92,83.15,3.051944422151107,4084538.1459355317,12466422.594999999,76.790060659636,9.6,
2025/06/19 06:30:00,16.44,22.65,19.93,97.06,67.0,83.14,3.053972612482574,4054648.2294110684,12383424.863333333,76.7749025853779,9.61,
2025/06/19 06:45:00,16.41,22.64,19.94,97.02,67.09,83.13,3.055118296084942,4031488.322815003,12317315.608888883,76.76955466288902,9.61,
2025/06/19 07:00:00,16.39,22.6,19.89,96.98,67.17,83.12,3.062945935028119,4002129.4202678353,12258944.92777778,76.7547320306205,9.73,
2025/06/19 07:15:00,16.36,22.55,19.84,96.94,67.26,83.11,3.058277830300932,3979859.302339825,12172148.388888884,76.74902394608922,9.62,
2025/06/19 07:30:00,16.34,22.58,19.78,96.9,67.34,83.1,3.063979653630603,3940586.2625167603,12074485.475555548,76.73405694728834,9.7,
2025/06/19 07:45:00,16.32,22.54,19.75,96.85,67.42,83.09,3.068537032008266,3903072.534271134,11977330.548333332,76.71028371200879,9.75,
2025/06/19 08:00:00,16.27,22.57,19.83,96.81,67.41,83.08,3.0589875488052094,3918466.0799618894,11987155.638333332,76.7240183818556,9.56,
2025/06/19 08:15:00,16.24,22.52,19.75,96.77,67.35,83.07,3.0675284360057495,3929486.036375326,12054426.12,76.71902351225079,9.7,
2025/06/19 08:30:00,16.25,22.5,19.68,96.73,67.29,83.06,3.076502863202357,3939891.3624043353,12121698.111111106,76.6747302408607,9.83,
2025/06/19 08:45:00,16.27,22.55,19.7,96.69,67.22,83.05,3.080283438314281,3959516.391829437,12197042.262777774,76.6202081458798,9.85,
2025/06/19 09:00:00,16.38,22.56,19.82,96.65,67.16,83.05,3.0771427600093526,3988105.8410109645,12272607.954444442,76.47639505993504,9.67,
2025/06/19 09:15:00,16.32,22.57,19.82,96.6,67.1,83.04,3.0793230117059647,4104983.643881769,12641224.970000008,76.49187215658918,9.7,
2025/06/19 09:30:00,16.29,22.57,19.66,96.58,67.03,83.03,3.084386114334346,4130004.6792093087,12739153.777777778,76.50427392921918,9.8,
2025/06/19 09:45:00,16.29,22.63,19.74,96.55,66.97,83.02,3.0864701811801196,4145425.024918978,12795363.166666664,76.47810837948046,9.81,
2025/06/19 10:00:00,16.29,22.6,19.69,96.52,66.91,83.01,3.0880667194243037,4161577.9383769818,12851861.672222227,76.45190224797668,9.81,
2025/06/19 10:15:00,16.25,22.61,19.64,96.49,66.84,83.0,3.086319226764473,4184806.115012571,12916268.737777777,76.4649008063551,9.77,
2025/06/19 10:30:00,16.35,22.64,19.75,96.47,66.78,82.99,3.0937818294135293,4185675.6231686934,12950209.524999993,76.34926400863205,9.83,
2025/06/19 10:45:00,16.44,22.65,19.82,96.44,66.72,82.98,3.0909879980845925,4180511.7854869594,12922565.443333337,76.23396433408817,9.68,
2025/06/19 11:00:00,16.43,22.68,19.82,96.41,66.65,82.97,3.0917382662309385,4176474.5203693896,12913212.693333328,76.21756121762752,9.67,
2025/06/19 11:15:00,16.43,22.67,19.86,96.38,66.59,82.96,3.0933471303313973,4181127.377365314,12934338.064999994,76.19134632870572,9.67,
2025/06/19 11:30:00,16.42,22.68,19.83,96.36,66.53,82.95,3.0935601716174057,4199096.987611212,12990812.535555555,76.18367772231944,9.66,
2025/06/19 11:45:00,16.41,22.77,19.91,96.33,66.47,82.94,3.094827500457987,4215658.557904191,13047390.344999999,76.16729790347566,9.66,
2025/06/19 12:00:00,16.34,22.72,19.87,96.3,66.4,82.93,3.0940196408453575,4260529.959263864,13182826.525,76.20994875400433,9.66,
2025/06/19 12:15:00,16.49,22.76,20.0,97.12,68.12,82.94,3.0507643197772625,3837111.9521932756,11706719.78666666,76.77790669295293,9.58,
2025/06/19 12:30:00,16.27,22.74,19.83,96.59,67.99,82.95,3.088435352029343,3831857.9920603596,11835027.208888894,76.53313595684436,9.91,
2025/06/19 12:45:00,16.21,22.76,19.75,96.47,67.85,82.97,3.0889201205672925,3884116.94743923,11998297.080000002,76.48700366321563,9.83,
2025/06/19 13:00:00,16.24,22.8,19.79,96.35,67.72,82.98,3.0899409478989703,3941492.4472199827,12179557.903333336,76.35216056905115,9.7,
2025/06/19 13:15:00,16.23,22.83,19.79,96.23,67.59,82.99,3.0965051165109103,3992030.7547947364,12361927.355555547,76.25711938567481,9.71,
2025/06/19 13:30:00,16.39,22.86,19.78,96.12,67.46,83.0,3.112414475365046,4030688.202366005,12545761.433333337,76.00383539887962,9.8,
2025/06/19 13:45:00,16.35,22.87,19.8,96.0,67.33,83.02,3.1169325362332887,4084150.2807510495,12730621.93333333,75.93816495054855,9.79,
2025/06/19 14:00:00,16.37,22.92,19.83,95.88,67.19,83.03,3.124541752170004,4129518.1630166736,12903459.360000001,75.81350679234538,9.8,
2025/06/19 14:15:00,16.42,22.93,19.91,95.76,67.06,83.04,3.126872083445721,4179343.0202102996,13068901.205555556,75.65886192943869,9.68,
2025/06/19 14:30:00,16.14,22.97,19.71,95.78,66.93,83.06,3.1212191202658226,4233909.565240643,13215548.261666661,75.95210697220146,9.79,
2025/06/19 14:45:00,16.39,22.99,19.88,95.85,66.8,83.07,3.129693779169303,4216651.463890171,13197446.65555555,75.76780681635329,9.86,
2025/06/19 15:00:00,16.54,23.06,20.06,95.9,66.44,83.08,3.1225442611806398,4283059.921748675,13374692.124444444,75.66331768903862,9.66,
2025/06/19 15:15:00,16.58,23.1,20.07,95.96,65.86,83.09,3.1352468357588226,4424229.773311682,13871721.758888893,75.67763157099834,9.96,
2025/06/19 15:30:00,16.61,23.12,19.99,96.1,65.49,83.11,3.1162583777390234,4552408.983488205,14187139.450000001,75.76954689964585,9.7,
2025/06/19 15:45:00,16.69,23.2,20.15,96.19,65.61,83.12,3.120725057651576,4514641.213493852,14089624.810555559,75.77000405188784,9.83,
2025/06/19 16:00:00,16.7,23.23,20.2,96.28,65.74,83.13,3.116233196847234,4489061.911617857,13989632.824444443,75.83883672738851,9.83,
2025/06/19 16:15:00,16.71,23.23,20.19,96.36,65.86,83.15,3.1127723336012854,4467114.927886033,13905773.548333336,75.8989487533145,9.84,
2025/06/19 16:30:00,16.72,23.27,20.22,96.45,65.98,83.16,3.108775083764338,4443376.610025545,13814112.534444436,75.96777776955744,9.85,
2025/06/19 16:45:00,16.73,23.27,20.25,96.54,66.1,83.17,3.104285652127518,4420479.8603722025,13723086.996666674,76.03654082790014,9.85,
2025/06/19 17:00:00,16.75,23.31,20.28,96.62,66.22,83.18,3.1011784124059423,4395824.154298589,13632882.364444448,76.08674961811442,9.86,
2025/06/19 17:15:00,16.76,23.32,20.34,96.71,66.34,83.2,3.088493533429852,4387280.544220449,13550737.93333333,76.15484606552484,9.7,
2025/06/19 17:30:00,16.79,23.35,20.32,96.8,66.46,83.21,3.090884544536894,4354784.66785366,13460772.722222222,76.20430136047,9.82,
2025/06/19 17:45:00,16.82,23.37,20.38,96.88,66.59,83.22,3.0881170752835536,4326895.680914669,13362599.500555553,76.24459781160817,9.83,
2025/06/19 18:00:00,16.85,23.42,20.39,96.97,66.71,83.24,3.0843039802908025,4311548.685516275,13298753.251666667,76.29355106741966,9.83,
2025/06/19 18:15:00,16.89,23.42,20.4,97.06,66.83,83.25,3.089251163795109,4282230.363430554,13229511.9,76.33344014980348,10.0,
2025/06/19 18:30:00,16.92,23.47,20.46,97.14,66.95,83.26,3.0883861217478485,4260926.818240982,13160012.549444448,76.37390027149804,10.05,
2025/06/19 18:45:00,17.02,23.46,20.59,97.23,67.07,83.27,3.072920235213994,3985202.3758367593,12246814.800000003,76.35250194899474,9.77,
2025/06/19 19:00:00,17.21,23.5,20.78,97.26,67.19,83.29,3.062404932175999,3966745.108321797,12148410.63333334,76.1905933461899,9.5,
2025/06/19 19:15:00,16.91,23.43,20.5,97.02,67.32,83.3,3.0773616819958525,3921855.1677430496,12069552.843333337,76.27759630204028,9.71,
2025/06/19 19:30:00,16.97,23.42,20.44,97.25,67.44,83.31,3.0727824287693872,3901386.201059683,11988682.035000002,76.41937534262954,9.82,
2025/06/19 19:45:00,17.14,23.43,20.69,97.6,67.39,83.33,3.0438233126055727,3956653.109602107,12043968.224444441,76.55562552883428,9.54,
2025/06/19 20:00:00,17.07,23.45,20.64,97.6,67.34,83.34,3.049587797126937,3964774.669958824,12091532.444444444,76.62503636975856,9.68,
2025/06/19 20:15:00,17.17,23.46,20.73,97.6,67.28,83.34,3.043016536052704,3983451.702490714,12122330.684444446,76.52598484537783,9.51,
2025/06/19 20:30:00,17.14,23.43,20.73,97.6,67.22,83.34,3.040233637405758,3996451.208482026,12150774.191111112,76.55546852546983,9.48,
2025/06/19 20:45:00,17.1,23.41,20.69,97.6,67.16,83.33,3.03772526059907,3998500.6315813717,12146969.578333335,76.59483337548372,9.46,
2025/06/19 21:00:00,16.99,23.4,20.64,97.6,67.1,83.33,3.0446918903457636,3989859.843744402,12148510.256666668,76.70371312004842,9.64,
2025/06/19 21:15:00,17.12,23.36,20.68,97.5,67.04,83.33,3.0566809112596185,3998919.410469544,12224063.059999993,76.4887567639015,9.68,
2025/06/19 21:30:00,17.08,23.42,20.73,97.36,66.99,83.33,3.06185403029091,3996857.5063336925,12238436.68666667,76.40621737568146,9.66,
2025/06/19 21:45:00,16.97,23.34,20.6,97.21,66.93,83.32,3.067988306535057,3993445.8178334944,12252478.351666655,76.3840223131692,9.69,
2025/06/19 22:00:00,17.0,23.37,20.6,97.07,66.87,83.32,3.077695052963995,3980779.6482656254,12252255.186111102,76.23255151297388,9.71,
2025/06/19 22:15:00,17.0,23.33,20.56,96.93,66.81,83.32,3.0836772418396947,3980834.3630945114,12276240.72277777,76.1103956531951,9.68,
2025/06/19 22:30:00,17.0,23.33,20.54,96.81,66.75,83.32,3.089120993426083,3991064.182722126,12329512.384444438,76.00567080105458,9.66,
2025/06/19 22:45:00,17.0,23.3,20.52,96.88,66.69,83.31,3.0869418198825804,4008745.6073812945,12375400.65666667,76.06682780811332,9.69,
2025/06/19 23:00:00,17.0,23.3,20.54,96.94,66.63,83.31,3.0852962068988097,4028186.791680311,12428792.493333338,76.11925736524097,9.72,
2025/06/19 23:15:00,17.17,23.28,20.65,97.01,66.58,83.31,3.077740924023059,4053010.2766930154,12474790.490555558,76.01231028685915,9.55,
2025/06/19 23:30:00,17.03,23.3,20.64,97.08,66.52,83.3,3.0759761422426437,4070308.408320448,12520840.737777779,76.21158125564759,9.67,
2025/06/19 23:45:00,16.76,23.21,20.23,96.74,66.46,83.3,3.08739985576195,4072683.5489058257,12574605.755555557,76.18106158832829,9.71,
2025/06/20 00:00:00,16.87,23.23,20.43,97.17,66.41,83.28,3.067338265292432,4064403.5062829545,12467530.759444447,76.44768891361542,9.7,
2025/06/20 00:15:00,16.81,23.18,20.46,97.15,66.35,83.25,3.0540269039975527,4091750.470152117,12496962.25555556,76.48871303908396,9.48,
2025/06/20 00:30:00,16.79,23.16,20.36,97.07,66.3,83.22,3.0684272553378866,4099715.8065232267,12580316.1,76.4392097732514,9.67,
2025/06/20 00:45:00,16.84,23.13,20.44,96.99,66.24,83.19,3.063155667875393,4136466.9691772014,12671307.733333332,76.31968076352544,9.47,
2025/06/20 01:00:00,16.76,23.1,20.41,96.92,66.19,83.16,3.0625594170740342,4162162.332661352,12747538.741666665,76.33735491924385,9.44,
2025/06/20 01:15:00,16.82,23.12,20.49,97.44,67.22,82.39,3.048307401385811,3727791.4158300073,11364060.222777778,76.73193943617474,9.65,
2025/06/20 01:30:00,16.77,23.04,20.31,97.21,67.1,82.4,3.061270382660402,3733435.257213543,11429645.700000009,76.58098476395752,9.69,
2025/06/20 01:45:00,16.69,23.02,20.27,96.98,66.98,82.41,3.070451372138334,3743513.890325864,11494869.955555549,76.459235979286,9.68,
2025/06/20 02:00:00,16.7,22.99,20.19,96.75,66.85,82.42,3.088423137306566,3745256.7037032573,11567528.225000005,76.24910959063645,9.78,
2025/06/20 02:15:00,16.72,22.95,20.16,96.7,66.73,82.43,3.09180390832615,3762904.6605743174,11634760.622222224,76.18578527650973,9.78,
2025/06/20 02:30:00,16.73,22.93,20.2,96.7,66.61,82.44,3.0858641342294577,3791832.074641382,11701690.78222222,76.17551907204604,9.66,
2025/06/20 02:45:00,16.65,22.89,20.17,96.7,66.49,82.45,3.082596931485811,3817344.8995010788,11767952.606666671,76.25423870383102,9.65,
2025/06/20 03:00:00,16.57,22.89,20.1,96.7,66.37,82.45,3.0856133825480683,3832610.7644125493,11826560.386666663,76.3333554532494,9.76,
2025/06/20 03:15:00,16.37,22.86,19.97,96.22,66.25,82.46,3.0972764384506375,3870989.1159437355,11990119.142222216,76.11037840308842,9.62,
2025/06/20 03:30:00,16.36,22.83,19.93,96.05,66.12,82.47,3.1081376573780517,3898045.381410364,12116264.691666659,75.97164640560301,9.66,
2025/06/20 03:45:00,16.51,22.82,19.93,96.82,66.06,82.48,3.0776390449746387,3952972.941094948,12166422.717777777,76.49717742091148,9.77,
2025/06/20 04:00:00,16.67,22.8,20.16,97.36,66.04,82.49,3.0233748805860583,4026206.7090841383,12173371.03888888,76.80916946043023,9.24,
2025/06/20 04:15:00,16.62,22.78,20.13,97.3,66.02,82.5,3.044794829570309,4005297.8198488015,12195954.41777778,76.80673934770698,9.57,
2025/06/20 04:30:00,16.59,22.76,20.12,97.23,65.99,82.51,3.048142358337854,4011238.148775338,12227474.40444445,76.77531870629346,9.58,
2025/06/20 04:45:00,16.57,22.82,20.1,97.16,65.97,82.52,3.0534708927599183,4012144.880842654,12251600.899999997,76.73412118081472,9.62,
2025/06/20 17:15:00,17.08,23.41,20.74,97.6,68.35,82.81,3.053784544256995,3620728.286204794,11057506.570000004,76.6154475343153,9.75,
2025/06/20 17:30:00,17.13,23.41,20.61,97.03,68.18,82.74,3.0917160302790365,3619525.5551085304,11191117.715555545,76.07022668690706,9.85,
2025/06/20 17:45:00,17.1,23.45,20.53,97.19,68.01,82.66,3.0804556007108674,3646330.4122627927,11232907.033333326,76.23906988256837,9.82,
2025/06/20 18:00:00,17.06,23.42,20.55,97.34,67.84,82.59,3.072013382799485,3672275.5461335415,11281837.416666664,76.40920809414439,9.84,
2025/06/20 18:15:00,17.11,23.45,20.62,97.5,67.67,82.51,3.0563567905892133,3704531.680961117,11322934.015555557,76.49860842164146,9.68,
2025/06/20 18:30:00,17.08,23.48,20.62,97.65,67.51,82.44,3.0488779211561305,3726989.6976308785,11363694.12444444,76.65879439179774,9.71,
2025/06/20 18:45:00,17.31,23.49,20.77,97.86,67.35,82.36,3.04331829997207,3600900.3078321316,10959249.632222224,76.61466289022161,9.68,
2025/06/20 19:00:00,17.48,23.46,21.02,98.1,67.27,82.29,3.0261266055044405,3404534.232971402,10303137.557777787,76.65509832702044,9.52,
2025/06/21 07:15:00,17.16,22.63,20.45,100.53,66.93,87.32,2.873304888838286,4067680.843011901,11688374.927777767,79.07321817673122,9.37,
2025/06/21 07:30:00,16.51,22.61,20.03,97.47,66.97,83.17,3.0251166614908165,3949797.576875752,11949240.600000001,77.06284378728138,9.45,
2025/06/21 07:45:00,16.37,22.56,19.85,97.24,67.01,83.17,3.043627843618438,4001900.6111676013,12180924.995555554,77.00081025115281,9.64,
2025/06/21 08:00:00,16.28,22.54,19.74,97.01,67.05,83.16,3.0529338150712833,3997091.450737802,12203468.2,76.88888192479132,9.64,
2025/06/21 08:15:00,16.4,22.52,19.8,96.91,67.08,83.15,3.052345195888599,4005534.612487696,12226905.924444446,76.68309961642231,9.46,
2025/06/21 08:30:00,16.25,22.5,19.69,96.93,67.12,83.15,3.053526848902843,3979396.3484245175,12151801.542222222,76.84848731489916,9.59,
2025/06/21 08:45:00,16.25,22.48,19.69,96.94,67.16,83.14,3.0540679339308214,3951699.58505613,12069367.297777781,76.85726459796223,9.61,
2025/06/21 09:00:00,16.25,22.48,19.63,96.96,67.2,83.13,3.057749711082997,3921348.8409423446,11991095.984999994,76.87497993958112,9.7,
2025/06/21 09:15:00,16.24,22.49,19.61,96.98,67.23,83.13,3.055830973366843,3921558.7385788597,11984206.299999993,76.90223631784677,9.69,
2025/06/21 09:30:00,16.24,22.45,19.61,96.99,67.27,83.12,3.0547747682340227,3913226.505689484,11954617.705555562,76.91092767223951,9.68,
2025/06/21 09:45:00,16.15,22.45,19.64,97.01,67.31,83.11,3.042659092258338,3915690.5943373884,11914704.511111109,77.0165511157218,9.53,
2025/06/21 10:00:00,16.15,22.48,19.65,97.03,67.35,83.11,3.0475351560144808,3898868.640669694,11882527.800000004,77.0342753730749,9.64,
2025/06/21 10:15:00,16.17,22.53,19.68,97.04,67.38,83.1,3.0492495747911814,3886069.396149032,11850178.78,77.02340196063155,9.67,
2025/06/21 10:30:00,16.2,22.5,19.64,97.06,67.42,83.09,3.0507525165081746,3871145.280802071,11810485.964444444,77.01141259617332,9.7,
2025/06/21 10:45:00,16.23,22.48,19.63,97.08,67.46,83.09,3.0512108680534276,3860028.6326214066,11778341.64833334,76.9993596494739,9.71,
2025/06/21 11:00:00,16.26,22.53,19.69,97.09,67.5,83.08,3.051682583564228,3846373.705495484,11738492.198888887,76.97855192258446,9.71,
2025/06/21 11:15:00,16.28,22.54,19.67,97.11,67.53,83.07,3.051288851471283,3836345.173356833,11706370.059999995,76.97630512941342,9.71,
2025/06/21 11:30:00,16.3,22.56,19.75,97.13,67.57,83.07,3.044487937468802,3834305.4445317574,11674078.166666666,76.97369706576099,9.59,
2025/06/21 11:45:00,16.33,22.58,19.8,97.14,67.61,83.06,3.045489158113029,3820030.173611599,11634446.541666666,76.95291021226892,9.6,
2025/06/21 12:00:00,16.36,22.62,19.8,97.16,67.65,83.05,3.046501615890049,3805700.528779722,11594648.87777777,76.94086840344251,9.62,
2025/06/21 12:15:00,16.38,22.65,19.83,97.18,67.68,83.05,3.0466357077048585,3797475.3227369343,11570098.80888888,76.93864202131891,9.63,
2025/06/21 12:30:00,16.41,22.67,19.84,97.19,67.72,83.04,3.0481758974704283,3782509.5098604425,11530325.644444449,76.91788406145591,9.65,
2025/06/21 12:45:00,16.44,22.76,19.95,97.21,67.76,83.03,3.048638686118883,3768951.1064918945,11490743.714999998,76.90581158843872,9.66,
2025/06/21 13:00:00,16.47,22.77,19.95,97.23,67.79,83.03,3.0491025004189183,3760336.5740097202,11466222.09333333,76.89373748647412,9.67,
2025/06/21 13:15:00,16.53,22.79,20.05,97.24,67.83,83.02,3.052696279319388,3742888.134868049,11426486.781111106,76.84351163152448,9.71,
2025/06/21 13:30:00,16.57,22.83,20.09,97.26,67.87,83.01,3.053491203054871,3728963.383897198,11386941.194444442,76.82159025097354,9.72,
2025/06/21 13:45:00,16.61,22.92,20.14,97.28,67.91,83.01,3.0548166619252837,3716811.6684052516,11354752.872222226,76.79970292860737,9.74,
2025/06/21 14:00:00,16.65,22.92,20.18,97.29,67.94,83.0,3.0561452770138215,3704722.0441699745,11322750.560000002,76.76906591231611,9.75,
2025/06/21 14:15:00,16.81,22.97,20.31,97.52,67.98,82.99,3.0408427806954084,3710311.6134899333,11283067.033333328,76.81127750806996,9.6,
2025/06/21 14:30:00,17.02,23.0,20.4,97.84,68.02,82.99,3.025020935686287,3719143.472483947,11251086.89833333,76.88251958234132,9.51,
2025/06/21 14:45:00,17.14,23.1,20.68,98.16,68.06,82.98,3.002646973026075,3734560.1022890117,11214201.06888889,77.04200742858244,9.37,
2025/06/21 15:00:00,16.89,23.06,20.51,98.18,68.09,82.97,3.0111403116190467,3720879.7797421617,11204696.21333333,77.30654051994973,9.66,
2025/06/21 15:15:00,16.97,23.09,20.55,98.15,68.5,82.97,3.0170388467448084,3603539.832723909,10872610.888333332,77.20175411082514,9.69,
2025/06/21 15:30:00,17.04,23.12,20.56,98.13,68.91,82.55,3.0215145504190546,3391967.1951244026,10249432.453333333,77.11547366805584,9.71,
2025/06/22 05:00:00,13.39,22.78,18.55,95.33,65.26,83.64,3.0314826872178586,2686745.7024609665,8145090.87333333,78.25746427781426,9.4,
2025/06/22 05:15:00,15.07,22.75,19.23,94.62,64.77,82.63,3.133959266845225,4412635.634601898,13829594.325555554,75.98461401310351,9.57,
2025/06/22 05:30:00,16.2,22.72,19.66,96.76,65.8,84.11,3.0717421597134664,4614384.144217849,14174855.358888889,76.75000354951543,9.8,
2025/06/22 05:45:00,16.58,22.7,19.99,97.23,66.81,84.07,3.0527591980059277,4375874.015460166,13359182.466666657,76.7854340850398,9.67,
2025/06/22 06:00:00,16.62,22.66,20.1,97.7,67.82,84.03,3.022641450628988,4149738.7637470346,12543850.941111116,77.15495590228375,9.56,
2025/06/22 06:15:00,16.7,22.65,20.15,98.17,68.47,83.99,2.9889963267588957,4016916.37746678,12007202.337777773,77.48434929856295,9.38,
2025/06/22 06:30:00,16.84,22.64,20.26,99.38,68.36,83.95,2.936381069618619,3442449.542385594,10108906.775,78.39582101362956,9.52,
2025/06/22 06:45:00,18.11,22.61,21.52,99.61,68.25,83.92,2.938739689022282,2488722.204542079,7314597.558888889,77.34094752476774,9.19,
2025/06/22 07:00:00,17.2,22.61,21.42,99.51,68.13,83.88,2.915156757516457,2521316.7148012766,7350843.499999999,78.15252465505522,9.15,
2025/06/22 07:15:00,17.68,22.57,21.51,99.52,68.02,83.84,2.933405879954119,2516292.1305745784,7382228.101111114,77.68762504089221,9.22,
2025/06/22 07:30:00,17.58,22.55,21.51,99.53,67.91,83.8,2.9299298641116773,2530041.3842160795,7413785.823888888,77.79495522613608,9.22,
2025/06/22 07:45:00,17.18,22.55,21.39,99.54,67.8,83.76,2.9164267452180854,2552607.0873271525,7445333.793333336,78.19825311682985,9.2,
2025/06/22 08:00:00,17.26,22.55,21.25,99.55,67.69,83.73,2.9175188652530237,2564089.9224837576,7481536.308888891,78.12796122252608,9.19,
2025/06/22 08:15:00,17.32,22.53,21.3,99.56,67.58,83.69,2.9186797457594187,2573792.006870444,7512877.019999999,78.07740910646095,9.19,
2025/06/22 08:30:00,17.4,22.54,21.3,99.56,67.47,83.65,2.921695841784979,2581922.993447919,7544394.220000002,77.99848532196413,9.2,
2025/06/22 08:45:00,17.31,22.54,21.31,99.57,67.36,83.61,2.9199385058470213,2595297.9943979234,7578920.555555555,78.09596006530046,9.22,
2025/06/22 09:00:00,17.27,22.54,21.37,99.58,67.25,83.57,2.918214271263207,2611704.6113149347,7622369.33333333,78.14407279832237,9.22,
2025/06/22 09:15:00,17.23,22.54,21.35,99.59,67.13,83.54,2.915119844124167,2632625.6896802643,7675265.143333337,78.19215974195176,9.2,
2025/06/22 09:30:00,17.31,22.55,21.32,99.6,67.02,83.5,2.9161800015054045,2646709.2020496866,7719103.8222222235,78.12186122401135,9.19,
2025/06/22 09:45:00,17.25,22.56,21.3,99.61,66.91,83.46,2.913909215387237,2663062.948007389,7760730.8166666655,78.1897076004986,9.19,
2025/06/22 10:00:00,17.34,22.55,21.28,99.62,66.8,83.42,2.915241186245821,2675886.6957023935,7801660.680000002,78.10953942025273,9.18,
2025/06/22 10:15:00,17.28,22.62,21.34,99.63,66.69,83.38,2.912967570785379,2691851.099900382,7842077.448333332,78.17738716426729,9.18,
2025/06/22 10:30:00,17.3,22.6,21.31,99.64,66.58,83.35,2.912991091581077,2702528.5717332587,7873241.089999998,78.16629816353885,9.18,
2025/06/22 10:45:00,17.31,22.6,21.35,99.65,66.47,83.31,2.9134209504646593,2711185.434486747,7899652.420000002,78.16508721813057,9.19,
2025/06/22 11:00:00,17.34,22.65,21.36,99.66,66.36,83.27,2.9151455457767175,2718630.7742365496,7926010.106666665,78.14415456195357,9.21,
2025/06/22 11:15:00,16.8,22.68,21.11,99.67,66.32,83.23,2.8850759500651084,2744773.3828479103,7919530.758333338,78.68543656221665,9.01,
2025/06/22 11:30:00,17.57,22.7,21.33,99.68,66.44,83.19,2.9227980747383215,2681547.0149693377,7838373.736111111,77.93451811065268,9.24,
2025/06/22 11:45:00,17.64,22.72,21.5,99.69,66.56,83.16,2.923527723158313,2654662.9751489954,7761818.777777774,77.87406123783028,9.23,
2025/06/22 12:00:00,17.46,22.77,21.54,99.7,66.67,83.12,2.9184769674703372,2633071.2988631693,7685378.769444445,78.06035673199122,9.24,
2025/06/22 12:15:00,17.44,22.79,21.58,99.71,66.79,83.08,2.9180388819119623,2605708.9932489134,7604385.579999995,78.08875093869642,9.25,
2025/06/22 12:30:00,17.45,22.85,21.63,99.72,66.9,83.04,2.917776465156259,2579702.1352992407,7527804.496666667,78.08752500737067,9.25,
2025/06/22 12:45:00,17.61,22.89,21.61,99.72,67.02,83.0,2.922415196501606,2547865.021951722,7446685.326666667,77.92962524153184,9.25,
2025/06/22 13:00:00,17.43,22.96,21.64,99.73,67.14,82.97,2.9173655866048147,2526058.186491451,7370168.336666666,78.1159193226423,9.26,
2025/06/22 13:15:00,17.64,23.0,21.71,99.74,67.25,82.92,2.9228757242146814,2493565.1499349787,7289125.103333333,77.91731556635465,9.26,
2025/06/22 13:30:00,17.71,23.06,21.79,99.75,67.37,82.86,2.924341406454654,2461468.3073975337,7198920.70333333,77.8568675784841,9.26,
2025/06/22 13:45:00,17.67,23.1,21.82,99.76,67.48,82.8,2.9240308257424332,2432524.9002950806,7113510.066666662,77.90502247549473,9.28,
2025/06/22 14:00:00,17.78,23.17,21.96,99.77,67.6,82.74,2.926648012469178,2399677.8151888433,7023778.23888889,77.80509096050397,9.28,
2025/06/22 14:15:00,17.86,23.21,22.02,99.78,67.72,82.67,2.928407610535038,2366000.8578297836,6929383.969444445,77.73476377209876,9.28,
2025/06/22 14:30:00,17.87,23.27,22.04,99.79,67.83,82.61,2.927442713131976,2337765.8820898766,6844410.258888889,77.73351212333705,9.27,
2025/06/22 14:45:00,17.97,23.32,22.1,99.8,67.95,82.55,2.9312010611374695,2304249.863606592,6754951.988888887,77.64347364999591,9.29,
2025/06/22 15:00:00,17.6,23.35,22.09,99.8,68.0,82.48,2.9134163166738904,2297194.1879144935,6693379.195555557,78.00852780839742,9.19,
2025/06/22 15:15:00,18.1,23.42,22.2,99.8,67.95,82.42,2.9328454129302886,2278385.0271589546,6682876.248888888,77.51507650676777,9.26,
2025/06/22 15:30:00,18.13,23.47,22.26,99.8,67.89,82.36,2.934432283827284,2275547.697034021,6678171.89111111,77.48547743366248,9.27,
2025/06/22 15:45:00,18.23,23.53,22.35,99.8,67.84,82.3,2.9358942073608407,2272779.0695238225,6673388.809999997,77.38670749606872,9.25,
2025/06/22 16:00:00,18.11,23.57,22.38,99.8,67.79,82.23,2.9287847922686168,2275033.502299332,6663823.344444443,77.50510027813762,9.2,
2025/06/22 16:15:00,18.23,23.61,22.49,99.8,67.74,82.17,2.932232730291566,2270711.316619422,6659040.960000003,77.38662036441089,9.2,
2025/06/22 16:30:00,18.32,23.67,22.56,99.8,67.69,82.11,2.9348348562213826,2265012.435402232,6648231.247777778,77.29775468959684,9.2,
2025/06/22 16:45:00,18.32,23.7,22.54,99.8,67.64,82.05,2.9341120953461357,2260989.044004714,6634753.0699999975,77.2977385529507,9.19,
2025/06/22 17:00:00,18.44,23.72,22.59,99.8,67.59,81.98,2.938320171928604,2251596.5698811663,6616689.083888888,77.17925951059351,9.2,
2025/06/22 17:15:00,18.31,23.76,22.61,99.8,67.53,81.92,2.9352928585911235,2250964.1396284318,6608000.721666668,77.30764553417112,9.21,
2025/06/22 17:30:00,18.42,23.81,22.69,99.8,67.48,81.86,2.939212806743541,2243438.826515828,6594726.318888887,77.1990439271902,9.22,
2025/06/22 17:45:00,18.33,23.85,22.63,99.8,67.43,81.8,2.9366263316226613,2249954.2321419762,6607993.406666661,77.28791438601779,9.22,
2025/06/23 08:00:00,17.85,23.59,21.37,100.42,67.45,87.39,2.9123942840009014,3985090.3442176674,11606839.15111111,78.29778955220777,9.57,
2025/06/23 08:15:00,17.38,23.56,20.86,97.29,67.45,82.03,3.0908366498947513,3590196.0487492275,11097298.079999998,76.05092994089551,9.94,
2025/06/23 08:30:00,17.38,23.56,20.87,97.75,67.45,82.06,3.0668802039271528,3637080.6060621813,11155077.523333332,76.45130842734591,9.96,
2025/06/23 08:45:00,17.3,23.56,20.86,97.78,67.46,82.1,3.059952119795538,3692519.629639448,11299523.693333333,76.55596641955005,9.91,
2025/06/23 09:00:00,17.25,23.49,20.75,97.75,67.46,82.14,3.055656995552033,3672675.264422755,11223012.508888893,76.5787678968108,9.83,
2025/06/23 09:15:00,17.24,23.54,20.72,97.72,67.46,82.18,3.0657953228780412,3669115.017438463,11249320.035555564,76.5633813326714,10.0,
2025/06/23 09:30:00,17.21,23.5,20.75,97.69,67.46,82.22,3.0565008790632806,3688867.534317918,11275604.340000004,76.56591101955357,9.81,
2025/06/23 09:45:00,17.23,23.53,20.77,97.67,67.47,82.26,3.0614599535191647,3688975.6733333943,11294229.026666671,76.52908215243635,9.87,
2025/06/23 10:00:00,17.31,23.55,20.77,97.64,67.47,82.3,3.062029116179578,3696860.574619256,11320469.789444441,76.4238452355122,9.8,
2025/06/23 10:15:00,17.2,23.55,20.78,97.61,67.47,82.34,3.061048175656761,3708413.987201221,11352212.361111114,76.50621665558002,9.82,
2025/06/23 10:30:00,17.29,23.51,20.75,97.63,67.47,82.38,3.0640576974362395,3717504.7747915457,11391232.544999998,76.43503115544601,9.84,
2025/06/23 10:45:00,17.27,23.53,20.77,97.69,67.48,82.42,3.0606586267399374,3731842.200144693,11422479.09,76.50697254062293,9.85,
2025/06/23 11:00:00,17.25,23.51,20.78,97.75,67.48,82.46,3.0577924645615817,3748126.3380116466,11461584.151111102,76.57895292132287,9.87,
2025/06/23 11:15:00,17.3,23.56,20.88,97.77,67.48,82.5,3.0507357963826944,3769568.5204413366,11500560.328888884,76.54646589705324,9.73,
2025/06/23 11:30:00,17.51,23.59,21.0,97.65,67.49,82.54,3.056770083391271,3764146.121897232,11506755.088888897,76.23469028228656,9.6,
2025/06/23 11:45:00,17.26,23.54,20.89,97.6,67.49,82.58,3.05473898762463,3774083.8408000236,11529453.30166667,76.43776552552872,9.66,
2025/06/23 12:00:00,17.26,23.56,20.86,97.6,67.49,82.62,3.0636037614026437,3770561.0518346913,11552109.71444445,76.43840147117315,9.82,
2025/06/23 12:15:00,17.35,23.57,20.78,97.6,67.49,82.66,3.07502034998625,3763921.3515317086,11574724.327222222,76.35051333726656,9.98,
2025/06/23 12:30:00,17.35,23.63,20.82,97.6,67.5,82.69,3.0755281244730805,3765682.249311804,11582047.571111107,76.3505675981572,9.99,
2025/06/23 12:45:00,17.34,23.64,20.83,97.6,67.5,82.73,3.0751861267517837,3773488.31350418,11604765.871111112,76.36042027297205,9.99,
2025/06/23 13:00:00,17.34,23.71,20.92,97.6,67.5,82.77,3.075689350813078,3780184.6020979835,11627265.99833333,76.36047507669397,10.0,
2025/06/23 13:15:00,17.45,23.69,20.97,97.6,67.5,82.81,3.0694607472095834,3839759.163689986,11786604.231111113,76.25114197414352,9.81,
2025/06/23 13:30:00,17.4,23.74,21.0,97.6,67.51,82.85,3.0655855701097616,3838901.9262657687,11769090.0311111,76.30023902181418,9.77,
2025/06/23 13:45:00,17.42,23.75,21.08,97.61,67.51,82.89,3.0629155243138437,3845907.6211527134,11780313.56333333,76.28902646598233,9.72,
2025/06/23 14:00:00,17.46,23.75,21.04,97.71,67.51,82.93,3.067566757041055,3852225.420088197,11817576.173333332,76.33728465846721,9.88,
2025/06/23 14:15:00,17.61,23.74,21.16,97.81,67.51,82.97,3.0475999684662627,3889634.256120991,11854693.64444444,76.27504526075025,9.54,
2025/06/23 14:30:00,17.6,23.74,21.19,97.92,67.52,83.01,3.048963300394694,3897619.297382246,11884352.253888896,76.38093612318883,9.67,
2025/06/23 14:45:00,17.58,23.77,21.22,98.02,67.52,83.05,3.041621705046288,3919310.35360286,11921713.21,76.4874553361975,9.65,
2025/06/23 15:00:00,17.57,23.77,21.2,98.01,67.52,83.07,3.04125637320076,3926968.0127829164,11943566.249999996,76.48859064520121,9.64,
2025/06/23 15:15:00,17.55,23.74,21.24,97.58,67.53,83.08,3.0654636123374837,3898128.3002154483,11950246.702777775,76.13459169476597,9.66,
2025/06/23 15:30:00,17.29,23.73,20.8,97.4,67.52,83.08,3.082287150011856,3881544.301030321,11964616.497777779,76.23541647911341,9.95,
2025/06/23 15:45:00,17.53,23.74,21.1,98.1,67.52,83.14,3.0350024378689855,3959353.4067505253,12017281.711111113,76.60619385750246,9.64,
2025/06/23 16:00:00,17.49,23.74,21.11,98.1,67.52,83.21,3.0366336886453222,3972439.9681470515,12063484.876666663,76.64581115365071,9.69,
2025/06/23 16:15:00,17.47,23.76,21.1,98.1,67.51,83.28,3.0354020854457313,3989310.5184306083,12109796.141666664,76.6654883694712,9.68,
2025/06/23 16:30:00,17.45,23.75,21.09,98.1,67.51,83.35,3.0347508507648695,4002787.721844055,12148099.91999999,76.68520347158533,9.68,
2025/06/23 16:45:00,17.44,23.74,21.09,98.1,67.51,83.42,3.0338422577786206,4016565.634931841,12186267.151666664,76.69502352257359,9.67,
2025/06/23 17:00:00,17.42,23.78,21.11,98.1,67.5,83.48,3.0331931635167497,4030025.496524526,12224483.382222224,76.71473828663774,9.67,
2025/06/23 17:15:00,17.43,23.76,21.18,98.1,67.5,83.55,3.02330068500391,4055739.3879153198,12262378.33333333,76.7043330882766,9.5,
2025/06/23 17:30:00,17.36,23.74,21.01,98.1,67.5,83.62,3.0375142248557325,4049263.385736943,12300323.908888891,76.77432045686022,9.78,
2025/06/23 17:45:00,17.39,23.78,21.04,98.1,67.49,83.69,3.0396144253345785,4061349.9384258785,12345567.3,76.74483838683601,9.8,
2025/06/23 18:00:00,17.42,23.8,21.09,98.1,67.49,83.76,3.041155140195429,4071674.470370706,12383232.583333341,76.71531308059879,9.81,
2025/06/23 18:15:00,17.46,23.79,21.11,98.1,67.49,83.82,3.0309528364157075,4095189.9471094464,12412971.889999999,76.67509564906547,9.61,
2025/06/23 18:30:00,17.42,23.79,21.07,98.1,67.48,83.89,3.0377934022333015,4100719.303784106,12457777.309999995,76.71505291298787,9.75,
2025/06/23 18:45:00,17.47,23.83,21.09,98.1,67.48,83.96,3.0428047157503584,4106210.9801192842,12495036.204444436,76.66602835643502,9.81,
2025/06/23 19:00:00,17.76,23.84,21.28,98.1,67.48,84.03,3.0345084134868685,4129593.3720080834,12531968.013888886,76.37900923641403,9.51,
2025/06/23 19:15:00,19.16,23.85,22.43,99.89,67.48,83.22,2.9602471421926557,2406802.3422286958,7125403.559999997,76.54594995965638,9.28,
2025/06/23 22:30:00,19.62,23.88,22.33,100.34,67.43,84.53,2.9753957414400625,2695548.2043567747,8021022.899999997,76.48076080467354,9.66,
2025/06/23 22:45:00,19.68,23.87,22.34,99.93,67.43,83.57,3.000965238176619,2634806.468816999,7907671.053333326,76.06801661792576,9.66,
2025/06/23 23:00:00,18.85,23.83,21.96,99.24,67.43,82.67,3.0114173770149706,2949869.2568756207,8883942.099999998,76.29169792521301,9.61,
2025/06/23 23:15:00,18.91,23.82,22.0,99.28,67.05,82.31,3.0110154988069437,2952893.1067988183,8891879.920000002,76.26704427707509,9.61,
2025/06/23 23:30:00,18.69,23.83,22.0,99.33,66.58,81.96,2.9973240066206537,2988460.059745042,8958052.80333333,76.52725361368095,9.55,
2025/06/23 23:45:00,18.29,23.83,21.86,99.38,66.11,81.61,2.980208043210693,3072690.1762818363,9157886.527777778,76.96524869560525,9.52,
2025/06/24 00:00:00,17.57,23.85,21.17,97.02,65.74,81.43,3.0987655235305542,3809545.12964797,11805520.356666675,75.62744466363341,9.69,
2025/06/24 00:15:00,17.5,23.81,21.09,97.36,65.83,81.93,3.0880388777474868,3915109.64311885,12090646.516666673,75.99335171960291,9.88,
2025/06/24 00:30:00,17.45,23.81,21.0,97.27,65.91,82.43,3.0880601402240107,4027718.9818100724,12438471.515555562,75.96397617653388,9.82,
2025/06/24 00:45:00,17.44,23.77,20.94,97.18,66.0,82.92,3.093709442288983,4128441.8937363448,12772846.9,75.8955356548691,9.84,
2025/06/24 01:00:00,17.36,23.77,21.01,97.1,66.09,83.15,3.0866331753920973,4182984.9892618335,12912008.853333335,75.90399929745543,9.68,
2025/06/24 01:15:00,17.34,23.75,20.76,97.1,66.17,83.16,3.0992895161588003,4156844.8164432235,12883885.116666662,75.92477933287856,9.93,
2025/06/24 01:30:00,17.36,23.75,20.91,97.1,66.26,83.16,3.0855142268709774,4148760.686106386,12801703.994444434,75.90392835534085,9.66,
2025/06/24 01:45:00,17.34,23.76,20.9,97.1,66.34,83.16,3.08427236427528,4126290.1628078246,12727237.991111103,75.92359602983291,9.65,
2025/06/24 02:00:00,17.32,23.71,20.87,97.1,66.43,83.17,3.083593449186963,4103092.156762178,12652903.889999995,75.94329803272984,9.65,
2025/06/24 02:15:00,17.3,23.69,20.88,97.1,66.51,83.17,3.0906053488087073,4070648.739858809,12581409.866666663,75.96353296148813,9.79,
2025/06/24 02:30:00,17.38,23.68,20.93,97.1,66.6,83.17,3.085622567608176,4053633.633195757,12508633.163888894,75.88419115602164,9.65,
2025/06/24 02:45:00,17.3,23.68,20.86,97.1,66.69,83.18,3.090605907989861,4025952.1491647987,12443263.305000005,75.9635329614883,9.79,
2025/06/24 03:00:00,17.24,23.66,20.83,97.1,66.77,83.18,3.089610309652572,4006109.0370207382,12377941.748333342,76.0227178645526,9.81,
2025/06/24 03:15:00,17.22,23.65,20.87,97.1,66.86,83.18,3.0894478957706406,3982810.2166685844,12305318.080000004,76.04246034612535,9.82,
2025/06/24 03:30:00,17.29,23.62,20.88,97.1,66.94,83.18,3.082571487276376,3970535.022293508,12240095.217777781,75.97285049380812,9.65,
2025/06/24 03:45:00,17.27,23.62,20.87,97.1,67.03,83.19,3.0813306925835247,3950984.421219372,12174920.657777775,75.99251808217348,9.64,
2025/06/24 04:00:00,17.24,23.58,20.85,97.1,67.11,83.19,3.0797497541310834,3931926.369092504,12109981.106666664,76.02203657445979,9.63,
2025/06/24 04:15:00,17.22,23.53,20.8,97.1,67.2,83.19,3.079074351901607,3915841.796630146,12057796.941666663,76.04173728742958,9.63,
2025/06/24 04:30:00,17.19,23.51,20.79,97.1,67.29,83.2,3.077495289362522,3912894.7370374277,12042545.050555551,76.0712555804119,9.62,
2025/06/24 04:45:00,17.16,23.49,20.75,97.1,67.37,83.2,3.0764852579050768,3909136.0565149332,12027023.665555555,76.10080557124874,9.62,
2025/06/24 05:00:00,17.12,23.49,20.77,97.1,67.46,83.2,3.0745709261942804,3903832.9599015536,12003238.304444449,76.14017315982414,9.61,
2025/06/24 05:15:00,17.07,23.47,20.72,97.1,67.54,83.21,3.072891209977661,3866040.514425437,11880535.217222212,76.18942043153174,9.61,
2025/06/24 05:30:00,17.05,23.45,20.67,97.11,67.63,83.21,3.07335958561396,3838955.7376374817,11799094.07111111,76.21792836944492,9.64,
2025/06/24 05:45:00,17.22,23.43,20.72,97.38,67.71,83.21,3.059688469485878,3832011.0231463285,11725370.249999998,76.28539479066754,9.56,
2025/06/24 06:00:00,17.18,23.45,20.75,97.59,67.8,83.21,3.0565619776256163,3809442.5567890336,11644404.694999997,76.5081476150387,9.73,
2025/06/24 06:15:00,17.22,23.4,20.77,97.8,67.79,83.22,3.039015889715229,3832102.529902756,11646438.84555555,76.65092109246538,9.6,
2025/06/24 06:30:00,17.29,23.35,20.84,98.0,67.68,83.22,3.030925932445325,3865368.245155629,11716294.07666666,76.75579631296537,9.61,
2025/06/24 06:45:00,17.19,23.33,20.81,98.19,67.56,83.22,3.016727202677346,3909152.7525481097,11793493.799999997,77.0193663215349,9.6,
2025/06/24 07:00:00,17.09,23.32,20.72,97.98,67.44,83.23,3.0255518304519264,3925690.103633621,11878012.587222226,76.93552373935503,9.61,
2025/06/24 07:15:00,17.0,23.29,20.63,97.77,67.33,83.23,3.0402713946440443,3929470.060922566,11947282.966666672,76.84202617031548,9.72,
2025/06/24 07:30:00,16.95,23.29,20.53,97.56,67.21,83.23,3.0650158379894927,3922799.4190851273,12024058.420000007,76.70991486731383,10.01,
2025/06/24 07:45:00,16.92,23.26,20.5,97.36,67.1,83.24,3.0707603852745247,3940334.8387695765,12100445.829999998,76.56493168341468,9.93,
2025/06/24 08:00:00,16.84,23.26,20.38,97.15,66.98,83.24,3.0695581609112645,3966704.6459231675,12176629.813333327,76.45994853240032,9.74,
2025/06/24 08:15:00,16.82,23.25,20.37,96.94,66.86,83.24,3.0780970789391353,3980382.891087127,12252610.369999997,76.29642710159692,9.7,
2025/06/24 08:30:00,16.76,23.28,20.29,96.74,66.75,83.25,3.0879266106851984,4039655.798071032,12474757.166666666,76.18109669680602,9.72,
2025/06/24 08:45:00,16.83,23.27,20.31,96.63,66.63,83.25,3.104910980481421,4062310.5383971534,12613726.840000002,76.01686620657573,9.89,
2025/06/24 09:00:00,16.83,23.23,20.41,96.7,66.51,83.24,3.0865674910289416,4118588.578231252,12712945.758333325,76.07691979683868,9.61,
2025/06/24 09:15:00,16.58,23.22,20.14,96.23,66.4,83.23,3.1097193239077794,4117402.8736100416,12804567.874999996,75.91283743368392,9.73,
2025/06/24 09:30:00,16.94,23.22,20.35,97.0,66.32,83.22,3.0778385627552556,4152479.8612666605,12781296.30555556,76.23051325797934,9.68,
2025/06/24 09:45:00,16.82,23.24,20.33,96.7,66.34,83.21,3.087870277164776,4097200.436960515,12652245.075555548,76.08685543037683,9.64,
2025/06/24 10:00:00,17.0,23.24,20.49,96.7,66.35,83.2,3.081433342108594,4124689.0246985727,12710613.086111119,75.90907188140085,9.42,
2025/06/24 10:15:00,16.89,23.27,20.43,96.7,66.37,83.19,3.0858297086963917,4104714.143593518,12667085.933333328,76.01770666715156,9.56,
2025/06/24 10:30:00,16.9,23.3,20.5,96.7,66.39,83.18,3.098546724237655,4077804.1447862308,12635915.208888892,76.0086283533324,9.79,
2025/06/24 10:45:00,16.96,23.36,20.61,96.7,66.41,83.17,3.092101753870377,4076230.1656990033,12604775.137777781,75.94898790824081,9.63,
2025/06/24 11:00:00,17.14,23.37,20.59,97.21,66.43,83.16,3.0753673705194164,4088362.6664476236,12573859.97388888,76.21669131731504,9.72,
2025/06/24 11:15:00,17.09,23.38,20.61,97.41,66.44,83.16,3.0627993239850255,4099896.9892039597,12557802.155555554,76.44011529620346,9.72,
2025/06/24 11:30:00,17.05,23.4,20.63,97.2,66.46,83.15,3.072867364019868,4076356.0632908926,12526743.478333341,76.29662630350659,9.72,
2025/06/24 11:45:00,17.01,23.42,20.68,96.99,66.48,83.14,3.0829195364324633,4053060.160381753,12495908.895555554,76.15300397947532,9.72,
2025/06/24 12:00:00,16.96,23.46,20.69,96.81,66.51,83.13,3.085554934549596,4048382.7632979667,12492151.539999992,76.04493049182642,9.62,
2025/06/24 12:15:00,17.01,23.45,20.48,96.89,66.61,83.12,3.093106986013808,4014509.4675247543,12417906.612222224,76.06616185076182,9.81,
2025/06/24 12:30:00,17.1,23.53,20.66,96.97,66.71,83.11,3.078743628303707,4004196.4753686097,12328505.933333337,76.04644315919623,9.57,
2025/06/24 12:45:00,17.22,23.54,20.75,97.05,66.81,83.1,3.084060370921826,3968329.7532433,12239194.659999993,75.99830020524061,9.67,
2025/06/24 13:00:00,17.23,23.56,20.79,97.12,66.9,83.09,3.0794466216304275,3947740.7733333604,12157482.046111107,76.04938021157871,9.65,
2025/06/24 13:15:00,17.23,23.61,20.82,97.2,67.0,83.08,3.075629268846697,3923662.3002586956,12068345.52,76.11911035423391,9.66,
2025/06/24 13:30:00,17.23,23.66,20.85,97.28,67.1,83.07,3.071252281423522,3900263.6524456567,11979298.399444442,76.1887886384064,9.66,
2025/06/24 13:45:00,17.39,23.67,20.98,97.36,67.2,83.06,3.0646466373465913,3879636.7206026614,11890340.684444442,76.10040029218787,9.53,
2025/06/24 14:00:00,17.29,23.71,20.93,97.44,67.29,83.05,3.0616339210365,3856883.569376876,11808965.373333326,76.26880936159651,9.61,
2025/06/24 14:15:00,17.35,23.74,20.93,97.52,67.39,83.04,3.064951470911789,3823744.8848609347,11720182.405555557,76.27966439624564,9.71,
2025/06/24 14:30:00,17.44,23.81,21.09,97.6,67.49,83.04,3.051231702192668,3814319.4809557498,11638973.713888898,76.25989228759431,9.5,
2025/06/24 14:45:00,17.41,23.92,21.13,97.45,67.59,83.03,3.065075744507785,3833634.159848245,11750974.839999996,76.15927310130914,9.61,
2025/06/24 15:00:00,17.39,23.91,21.03,97.29,67.68,83.02,3.0816693668656097,3741601.9574456518,11530951.018888878,76.04024767939949,9.76,
2025/06/24 15:15:00,17.67,23.92,21.17,97.61,67.77,82.98,3.0654723957325425,3737034.7799149,11456366.350000005,76.04227300024094,9.62,
2025/06/24 15:30:00,17.8,23.94,21.34,98.1,67.77,82.9,3.043787505025022,3755223.3934777407,11430717.521666674,76.33999773317807,9.64,
2025/06/24 15:45:00,17.69,24.02,21.31,97.86,67.76,82.82,3.0627034212600788,3714085.0671971925,11375734.149999991,76.2406184854824,9.8,
2025/06/24 16:00:00,17.7,24.03,21.36,97.77,67.76,82.74,3.067988360954745,3689745.6245196825,11320697.251111103,76.15253747523768,9.8,
2025/06/24 16:15:00,17.71,24.06,21.38,97.72,67.76,82.66,3.0705188926145324,3668763.148324561,11265602.761111105,76.0991689349926,9.79,
2025/06/24 16:30:00,17.71,24.11,21.4,97.68,67.76,82.58,3.0658654246603576,3652866.4915541746,11199781.926666664,76.06389835926834,9.67,
2025/06/24 16:45:00,17.72,24.14,21.39,97.63,67.76,82.5,3.0763768289423625,3617286.8662382676,11128713.102222217,76.01110013360673,9.8,
2025/06/24 17:00:00,17.86,24.2,21.45,97.59,67.76,82.42,3.0946328919386024,3573019.117614529,11057759.459999997,75.83940345481194,10.01,
2025/06/24 17:15:00,17.8,24.2,21.51,97.55,67.76,82.34,3.08460735957731,3561664.8915443313,10986920.999999996,75.86276290951584,9.82,
2025/06/24 17:30:00,17.82,24.21,21.49,97.5,67.76,82.26,3.097152789831451,3524405.121683334,10916197.722222222,75.80042782642454,9.99,
2025/06/24 17:45:00,17.99,24.26,21.59,97.46,67.76,82.18,3.0938290445631567,3505367.2383315964,10845589.626666667,75.59701268403678,9.78,
2025/06/24 18:00:00,17.89,24.25,21.5,97.41,67.76,82.1,3.1040128573511865,3471162.1549279615,10775096.713333324,75.65307679577835,9.98,
2025/06/24 21:00:00,20.19,24.34,22.76,101.07,67.57,85.34,2.961884872332939,2770482.1502092322,8206547.323333338,76.5463730232409,9.83,
2025/06/24 21:15:00,20.14,24.33,22.75,100.93,67.31,84.58,2.969241066875383,2678496.184207026,7953780.052777776,76.47551191803818,9.84,
2025/06/24 21:30:00,20.04,24.31,22.72,100.96,67.06,83.81,2.959664237234225,2599158.8404794643,7693287.097222222,76.5997865928176,9.77,
2025/06/24 21:45:00,19.56,24.32,22.46,101.0,66.8,83.05,2.9355091236647084,2551352.3252345207,7490052.013888888,77.10819257980506,9.66,
2025/06/25 12:15:00,17.62,23.88,21.17,99.03,65.41,85.1,2.9753453620799037,4189287.5759941963,12465199.712777777,77.3233530159049,9.46,
2025/06/25 12:30:00,17.13,23.98,20.75,96.17,66.28,81.93,3.1498240868771745,4034089.709084076,12707252.250000004,75.3207838757969,10.09,
2025/06/25 12:45:00,17.51,23.97,20.9,96.95,66.85,82.62,3.1149307576751193,4145996.582708722,12915101.70500001,75.62675673795592,9.96,
2025/06/25 13:00:00,17.17,24.0,20.75,96.01,66.8,82.75,3.1530199556740786,4141965.754134288,13060293.308333335,75.14073022847477,9.94,
2025/06/25 13:15:00,17.52,24.05,20.95,96.17,66.75,82.71,3.147291122097234,4151391.5805756277,13066257.819999991,74.93520620441147,9.75,
2025/06/25 13:30:00,17.49,24.1,21.03,96.34,66.7,82.66,3.150470587492141,4146493.94482404,13064034.059999991,75.11453389420366,10.02,
2025/06/25 13:45:00,17.62,24.15,21.23,96.5,66.65,82.62,3.132038363830033,4172849.939318817,13070179.82111111,75.12488558136505,9.74,
2025/06/25 14:00:00,17.58,24.2,21.2,96.67,66.6,82.57,3.12658362447978,4179424.4686217327,13067954.667777777,75.31305275323386,9.84,
2025/06/25 14:15:00,17.57,24.26,21.25,96.7,66.56,82.53,3.1317206012596444,4171858.6324612806,13065729.514444444,75.3497657104096,9.98,
2025/06/25 14:30:00,17.55,24.29,21.16,96.7,66.51,82.48,3.136331641879496,4165023.0425332896,13063504.361111108,75.3700864829063,10.09,
2025/06/25 14:45:00,17.66,24.4,21.25,96.7,66.46,82.44,3.1407723538833374,4161089.508693089,13069643.387777781,75.26180810787204,10.1,
2025/06/25 15:00:00,17.69,24.39,21.21,96.7,66.41,82.39,3.1365138459279844,4166031.470451569,13067416.841111112,75.23162490602249,9.99,
2025/06/25 15:15:00,17.8,24.41,21.35,96.7,66.36,82.35,3.146781946928277,4154319.600390252,13073366.25833333,75.12403359989175,10.12,
2025/06/25 15:30:00,17.86,24.46,21.37,96.7,66.31,82.3,3.1395518528662922,4154191.3140440555,13042917.744999997,75.06384370299726,9.93,
2025/06/25 15:45:00,17.83,24.52,21.42,96.7,66.26,82.26,3.1384811699609183,4147317.018489062,13016891.555555554,75.09339775861899,9.93,
2025/06/25 16:00:00,18.04,24.57,21.58,96.7,66.22,82.22,3.1545348910298703,4115307.7036297014,12982522.666666666,74.88747940765754,10.1,
2025/06/25 16:15:00,18.02,24.61,21.63,96.7,66.17,82.17,3.1542908549406508,4104788.9455631766,12948339.555555554,74.90724593460003,10.11,
2025/06/25 16:30:00,18.03,24.68,21.68,96.7,66.12,82.13,3.155137584405973,4095589.8347849427,12922785.47388888,74.89745692787554,10.12,
2025/06/25 16:45:00,18.03,24.72,21.62,96.7,66.07,82.08,3.152220499195203,4097617.605186682,12917208.657222226,74.89708759952637,10.06,
2025/06/25 17:00:00,18.04,24.72,21.62,96.7,66.02,82.04,3.1540541186689395,4100505.915291111,12933833.330000006,74.88741752910224,10.09,
2025/06/25 23:30:00,19.39,25.08,22.56,101.59,65.81,87.12,2.9083791047158596,4257229.01646642,12382278.498333333,77.784194929669,9.83,
2025/06/25 23:45:00,18.49,25.12,22.13,97.06,66.08,82.21,3.1503426167614323,4048390.952977184,12754447.12055555,74.75767202953678,10.09,
2025/06/26 00:00:00,18.23,25.05,21.94,96.93,65.82,82.2,3.1441531981630693,4117363.5204327977,12946233.300000006,74.90020943918763,10.01,
2025/06/26 00:15:00,18.33,25.0,21.89,96.96,65.87,82.45,3.1465842806584434,4161663.3723056884,13095643.916666664,74.8278497918373,10.02,
2025/06/26 00:30:00,18.34,25.01,21.92,96.99,65.91,82.71,3.1607729719666784,4195113.554179331,13260436.93333333,74.84631246660913,10.34,
2025/06/26 00:45:00,18.34,24.97,21.92,97.03,65.96,82.97,3.1585680954048456,4247701.361256286,13417304.670000004,74.88115573059005,10.34,
2025/06/26 01:00:00,18.35,25.01,21.93,97.06,66.0,83.22,3.157284969608383,4299042.249545724,13573952.956666665,74.89742974484935,10.34,
2025/06/26 01:15:00,18.33,25.0,21.89,97.09,66.05,83.48,3.146892768300128,4362884.581849329,13730179.411666673,74.9420316609869,10.17,
2025/06/26 01:30:00,18.25,24.99,21.88,97.13,66.1,83.74,3.140813999227923,4421061.344301753,13886386.360000001,75.05557784129519,10.15,
2025/06/26 01:45:00,18.26,24.99,21.93,97.16,66.14,84.0,3.1297977898025913,4488970.721359767,14050240.734444443,75.07068396622405,9.96,
2025/06/26 02:00:00,18.28,24.96,21.85,97.19,66.19,84.25,3.1385720783085334,4498157.627378425,14118457.173333334,75.0782500407756,10.15,
2025/06/26 02:15:00,19.78,24.99,23.09,101.47,66.23,85.17,2.9238024640427547,3287203.5005616774,9611800.623333331,77.29527158329094,9.79,
2025/06/26 02:30:00,19.42,24.92,23.0,100.84,66.28,84.97,2.9454511553987746,3387943.663494579,9979715.514999999,77.10929146845133,9.73,
2025/06/26 02:45:00,19.54,24.89,22.79,100.78,66.32,84.76,2.9565555009234457,3492586.735290597,10326685.820000008,76.93936763206156,9.79,
2025/06/26 03:00:00,19.5,24.89,22.73,100.71,66.37,84.56,2.9593840532740465,3446302.11232379,10199565.517777776,76.91865747155151,9.79,
2025/06/26 03:15:00,19.47,24.91,22.8,100.65,66.42,84.36,2.9619227120305456,3400237.6201244146,10071882.77333333,76.89665784630282,9.79,
2025/06/26 03:30:00,19.43,24.9,22.76,100.58,66.46,84.15,2.96473487108659,3353902.430858714,9944057.096111117,76.87591907776783,9.79,
2025/06/26 03:45:00,19.39,24.83,22.72,100.52,66.51,83.95,2.966961261922568,3308114.570021029,9815674.78222222,76.86377757274589,9.79,
2025/06/26 04:00:00,19.39,24.82,22.71,100.45,66.55,83.75,2.970971501896514,3262218.7556567704,9692579.355555557,76.80348234111749,9.79,
2025/06/26 04:15:00,19.4,24.82,22.71,100.39,66.6,83.55,2.974713722049689,3214793.667807624,9563704.15,76.74190955228036,9.79,
2025/06/26 04:30:00,19.4,24.78,22.66,100.32,66.65,83.48,2.978726045693783,3191670.933682815,9507721.41,76.6815923782481,9.79,
2025/06/26 04:45:00,19.41,24.75,22.68,100.26,66.69,83.46,2.982466708407236,3180215.3533929973,9485508.889999997,76.62000131921602,9.79,
2025/06/26 05:00:00,19.41,24.75,22.69,100.2,66.74,83.43,2.985905216606137,3173858.4562422726,9477466.570000006,76.56828271411231,9.79,
2025/06/26 05:15:00,19.38,24.75,22.66,100.13,66.78,83.4,2.988994796633026,3171420.899013158,9479978.750000004,76.5375740669869,9.79,
2025/06/26 05:30:00,19.35,24.71,22.68,100.07,66.83,83.38,2.990842055066335,3170112.437341885,9481942.769444443,76.51542166378269,9.78,
2025/06/26 05:45:00,19.32,24.69,22.62,100.0,66.87,83.35,2.9939239915383205,3169499.522134672,9489867.004444437,76.48468550689523,9.78,
2025/06/26 06:00:00,19.3,24.69,22.61,99.94,66.92,83.32,2.996736414804551,3187625.5870907456,9553102.044444438,76.45268336048095,9.78,
2025/06/26 06:15:00,19.27,24.65,22.59,99.87,66.97,83.3,2.9998027296428242,3204713.1924637323,9614146.880555553,76.42191987746968,9.78,
2025/06/26 06:30:00,19.24,24.63,22.56,99.81,67.01,83.27,3.0022952960737213,3216120.388405906,9656383.109999994,76.39977265127352,9.78,
2025/06/26 06:45:00,19.19,24.63,22.52,99.74,67.06,83.24,3.0047300803436667,3287798.663296113,9879590.697777774,76.38873563689936,9.78,
2025/06/26 07:00:00,19.23,24.58,22.38,99.71,67.1,83.21,3.0083502391514045,3407049.6944888355,10250239.889999999,76.32337891304202,9.79,
2025/06/26 07:15:00,19.2,24.54,22.37,99.72,67.15,83.19,3.005542962992555,3431597.4641765086,10314466.751111105,76.36154026671737,9.77,
2025/06/26 07:30:00,19.16,24.53,22.34,99.74,67.44,83.16,3.001201666830152,3392755.2353232745,10182980.206666665,76.4181644160549,9.74,
2025/06/26 07:45:00,19.12,24.56,22.37,99.75,67.82,83.13,3.0006845411296204,3317928.4693143424,9956679.883333337,76.46640555947016,9.76,
2025/06/26 08:00:00,19.09,24.49,22.3,99.77,68.2,83.11,2.9992562544719203,3245709.6248789453,9735323.80333333,76.51335276137516,9.77,
2025/06/26 08:15:00,19.05,24.48,22.28,99.78,68.57,83.08,2.998725523950951,3177340.8640311705,9528566.257222228,76.56159519554832,9.79,
2025/06/26 08:30:00,19.02,24.49,22.31,99.8,68.95,83.05,2.9972905465334523,3106678.9530444415,9312203.999999996,76.60854214628732,9.8,
2025/06/26 08:45:00,18.98,24.49,22.3,100.01,69.33,83.03,2.974985454274902,3062300.2138996157,9110861.527777778,76.8285964879803,9.66,
2025/06/26 09:00:00,19.07,24.46,22.47,100.27,69.71,83.15,2.9785086733206523,3026386.633458862,9014732.906666674,76.9651606647131,9.9,
2025/06/26 09:15:00,19.54,24.48,22.71,100.54,70.4,83.27,2.9820389165315175,2938774.8240079014,8764213.314999994,76.7338400677335,9.97,
2025/06/26 09:30:00,19.65,24.45,22.76,99.89,68.41,82.92,3.015077044283167,3356164.5078512505,10119921.307222227,76.06414470432136,9.85,
2025/06/26 09:45:00,20.55,24.42,22.92,101.58,73.22,84.29,2.972586733306846,2580337.7051426386,7670968.8000000045,76.63167768155758,10.28,
2025/06/26 10:00:00,20.77,24.46,23.13,101.36,71.92,84.37,2.986501436382969,2902630.3437914243,8669596.925000003,76.22440762858228,10.19,
2025/06/26 10:15:00,18.96,24.4,22.2,96.39,64.34,79.73,3.168896068226066,3386177.958908532,10731170.835,73.707465707318,9.46,
2025/06/26 10:30:00,18.32,24.44,21.88,98.25,66.91,81.28,3.06263721922161,3275903.593608228,10033458.123333339,75.95810060390738,9.81,
2025/06/26 10:45:00,18.22,24.41,21.88,98.41,67.0,82.15,3.048046665881243,3474924.766326273,10592320.29166667,76.19534210995309,9.77,
2025/06/26 11:00:00,18.21,24.39,21.85,98.57,66.98,83.02,3.050316005423084,3681209.9989489797,11229474.788888881,76.3449780866687,9.97,
2025/06/26 11:15:00,18.23,24.42,21.89,98.74,66.96,82.79,3.030574276544377,3645583.5842683213,11048819.368888896,76.4715753161474,9.78,
2025/06/26 11:30:00,18.2,24.45,21.87,98.9,66.95,82.52,3.0311732130776603,3591860.3638584344,10888138.194999995,76.64071022487029,9.96,
2025/06/26 11:45:00,18.4,24.47,21.95,98.86,66.93,82.26,3.0299672536998266,3526619.031667676,10686129.941666665,76.40783004522578,9.79,
2025/06/26 12:00:00,18.3,24.46,21.95,98.49,66.92,81.99,3.0473906439720704,3431767.747312944,10458521.39444444,76.18589049257288,9.79,
2025/06/26 18:15:00,18.97,24.99,22.56,99.12,64.91,84.66,3.021419037782662,4127777.091901458,12472455.263888888,76.06939691469816,9.6,
2025/06/26 18:30:00,18.21,25.0,21.81,96.96,66.73,82.67,3.1473093108038914,4120591.3647342403,12969373.779999997,74.9467306495678,10.12,
2025/06/26 18:45:00,18.38,25.04,21.94,97.48,66.74,82.75,3.118845718163634,4177348.8417086485,13029116.778333338,75.23113350890242,10.01,
2025/06/26 19:00:00,18.48,25.01,22.1,97.51,66.75,82.83,3.121203421378404,4193328.2166413926,13088884.159999996,75.15868625856224,10.02,
2025/06/26 19:15:00,18.46,24.99,22.04,97.39,66.76,82.91,3.137384605384506,4190759.1128700865,13148675.924999991,75.07535220085956,10.22,
2025/06/26 19:30:00,18.53,24.99,22.18,97.27,66.76,82.99,3.128214578431029,4224757.97690654,13216635.409999989,74.89977694915174,9.87,
2025/06/26 19:45:00,18.41,25.02,22.11,97.15,66.77,83.07,3.1454566807547235,4220629.400648068,13276477.68333333,74.91528751459796,10.15,
2025/06/26 20:00:00,18.28,25.02,21.96,97.03,66.77,83.14,3.139854003697671,4247297.910561668,13336534.413888892,74.93798968757343,10.0,
2025/06/26 20:15:00,18.26,24.98,21.87,96.93,66.75,83.2,3.1541763478081912,4249584.439810487,13404574.944444446,74.87178297896666,10.19,
2025/06/26 20:30:00,18.3,25.0,21.95,96.84,66.73,83.27,3.154731967328893,4272990.955774602,13480793.761111105,74.75315474885646,10.07,
2025/06/26 20:45:00,18.26,25.0,21.9,96.75,66.71,83.34,3.16027079389775,4289631.316897295,13557043.927777784,74.71437214750044,10.11,
2025/06/26 21:00:00,18.16,25.01,21.85,96.66,66.69,83.4,3.1668367037176908,4302252.568202327,13625171.541666673,74.73515769036047,10.22,
2025/06/26 21:15:00,18.25,24.99,21.85,96.62,66.67,83.47,3.1676131679303783,4325286.525386683,13701482.666666664,74.61092944876674,10.12,
2025/06/26 21:30:00,18.36,25.01,22.01,96.66,66.64,83.54,3.1575910044346753,4365765.898601437,13785982.527777782,74.53609384016069,9.89,
2025/06/26 21:45:00,18.27,25.0,21.91,96.71,66.62,83.61,3.157847128264775,4389602.851060383,13862358.09444444,74.66903646953101,10.01,
2025/06/26 22:00:00,18.28,25.0,21.92,96.75,66.6,83.67,3.156998808489137,4410514.769613035,13924658.091666672,74.69417305509361,10.03,
2025/06/26 22:15:00,18.42,24.96,22.04,96.79,66.58,83.74,3.160853296981265,4426900.269613113,13993491.89333333,74.5911910547298,10.05,
2025/06/26 22:30:00,18.25,24.94,21.96,96.84,66.56,83.81,3.151912160019996,4461286.06973605,14062277.624999998,74.80230678288626,10.05,
2025/06/26 22:45:00,18.25,24.99,21.91,96.88,66.53,83.87,3.148676931554026,4487707.088139167,14131015.286666669,74.83704751148912,10.03,
2025/06/26 23:00:00,18.24,24.95,21.88,96.93,66.51,83.94,3.1455356711362503,4518270.629311774,14213062.068333326,74.89047149786138,10.03,
2025/06/26 23:15:00,18.27,24.95,21.83,96.98,66.49,84.01,3.1512946930349934,4531819.199704662,14281772.56000001,74.90542241868518,10.18,
2025/06/26 23:30:00,18.19,24.93,21.87,97.03,66.47,84.08,3.138699108842068,4556569.040454479,14302384.139999999,75.02692584714185,10.04,
2025/06/26 23:45:00,18.12,24.92,21.75,97.08,66.45,84.14,3.133434878690837,4568055.5580001585,14314364.716666663,75.13946289734986,10.04,
2025/06/27 00:00:00,19.41,24.89,22.82,101.39,65.74,85.51,2.9094075658767835,3601153.6013907073,10477885.825000005,77.59177753375135,9.67,
2025/06/27 00:15:00,19.25,24.87,22.9,100.59,65.67,83.43,2.9307245892535136,3211413.757202503,9412401.386666669,77.06071678435364,9.39,
2025/06/27 00:30:00,19.66,24.89,22.83,100.39,65.61,83.6,2.962386678261251,3218170.3514292436,9534087.34055555,76.48361885292277,9.5,
2025/06/27 00:45:00,19.59,24.87,22.75,100.2,65.56,83.78,2.965498619007976,3255757.0317145204,9655556.39888889,76.38880085821145,9.42,
2025/06/27 01:00:00,19.46,24.87,22.68,100.43,65.52,83.93,2.9570296443554707,3299065.45663218,9756031.755555559,76.71590216193985,9.54,
2025/06/27 05:30:00,20.19,24.67,23.03,100.93,65.04,84.72,2.9470598759370716,2876937.5069942987,8479196.879999997,76.42440159984329,9.51,
2025/06/27 05:45:00,19.9,24.64,22.82,101.21,65.31,84.61,2.928178325817516,2842359.5833116435,8323539.949999999,76.95222343765741,9.59,
2025/06/27 06:00:00,20.29,24.6,22.98,101.67,65.48,84.54,2.9204407115531494,2817079.015566805,8227780.562222224,76.96202536433324,9.7,
2025/06/27 06:15:00,20.38,24.61,23.03,101.58,65.65,84.47,2.929051688227184,2776108.170369889,8132044.628888885,76.79580594668522,9.71,
2025/06/27 06:30:00,20.46,24.55,22.98,101.48,65.83,84.4,2.937994214457102,2733459.432808214,8031567.298333336,76.63088036137336,9.72,
2025/06/27 06:45:00,20.55,24.55,23.03,101.38,66.0,84.33,2.947974160263166,2695558.425853233,7947134.433333333,76.45609909605913,9.74,
2025/06/27 07:00:00,20.16,24.51,22.89,101.24,66.17,84.26,2.941194420731968,2849933.223699318,8382895.950000002,76.72135426721351,9.69,
2025/06/27 07:15:00,20.04,24.52,22.8,100.99,66.34,84.19,2.950164460374881,2804428.196998475,8274167.183333329,76.6250050246422,9.66,
2025/06/27 07:30:00,19.95,24.54,22.82,100.74,66.5,84.12,2.95995542287294,2759964.0082519855,8170008.31777778,76.49881909581619,9.63,
2025/06/27 07:45:00,19.5,24.48,22.7,100.09,66.47,83.46,2.979967177303873,3168206.069496499,9441869.689999996,76.38347103584067,9.57,
2025/06/27 08:00:00,19.06,24.48,22.27,96.27,66.43,79.64,3.1832716032230977,3355788.8604873046,10683110.472222218,73.50435801296476,9.52,
2025/06/27 08:15:00,17.98,24.46,21.58,96.43,66.4,80.77,3.159842120111293,3690056.6636303766,11660595.576666659,74.71015970729924,9.95,
2025/06/27 08:30:00,17.85,24.45,21.43,96.6,66.36,82.06,3.1487530695284436,4043247.50163191,12731808.588888891,74.98689577576553,10.01,
2025/06/27 08:45:00,17.7,24.4,21.33,96.68,66.33,82.85,3.1364645213461895,4268405.958640147,13388342.14666666,75.20416812960421,9.96,
2025/06/27 09:00:00,17.9,24.39,21.38,96.63,66.3,82.95,3.143818543618554,4299367.45578377,13517090.675000004,74.96327868007583,9.91,
2025/06/27 09:15:00,17.76,24.39,21.36,96.57,66.26,83.04,3.139535307129412,4350081.311383761,13657894.555555556,75.04859903933469,9.86,
2025/06/27 09:30:00,17.72,24.39,21.36,96.52,66.23,83.13,3.1398263578408647,4392033.009720366,13790888.222222215,75.04427358102836,9.84,
2025/06/27 09:45:00,17.66,24.32,21.26,96.47,66.19,83.23,3.1475646025887434,4390879.83740042,13821242.45333334,75.06042218725858,9.98,
2025/06/27 10:00:00,17.74,24.33,21.29,96.42,66.16,83.32,3.145549630673118,4417918.868485305,13897454.999999998,74.9372425185024,9.83,
2025/06/27 10:15:00,17.51,24.3,21.19,96.37,66.12,83.41,3.1476301940663793,4451447.7747832425,14012174.287222216,75.12082561888387,9.98,
2025/06/27 10:30:00,17.59,24.26,21.15,96.31,66.09,83.51,3.1508529770241736,4489252.219860686,14145643.893333336,74.98934110060802,9.92,
2025/06/27 10:45:00,17.61,24.26,21.13,96.26,66.06,83.6,3.167064385329815,4497553.565381004,14244717.32444444,74.927521214457,10.19,
2025/06/27 11:00:00,17.52,24.24,21.18,96.21,66.02,83.7,3.1605524000532084,4530772.82131613,14320437.560000004,74.97165551796455,10.06,
2025/06/27 11:15:00,17.16,24.24,20.77,96.14,66.52,83.79,3.1507427408507946,4442245.960071227,13996968.492222229,75.26480776341239,10.05,
2025/06/27 11:30:00,17.58,24.21,21.17,96.4,66.54,83.83,3.148514720407114,4447896.952567591,14004947.067222217,75.07809270547567,9.98,
2025/06/27 11:45:00,17.63,24.19,21.11,96.83,66.47,83.85,3.1179400956139194,4503572.941024509,14042532.117777772,75.40321052209339,9.81,
2025/06/27 12:00:00,17.74,24.18,21.21,97.75,66.4,83.11,3.073769516720795,4390285.438819191,13495371.04666666,76.09600566419466,9.86,
2025/06/28 09:00:00,17.82,24.1,21.27,101.99,66.56,89.57,2.8390575904955946,3990000.6244909745,11328345.838333327,79.67923518909163,9.79,
2025/06/28 09:15:00,17.88,24.09,21.53,97.86,66.54,83.3,3.060332765940976,4199285.632157624,12851919.959999992,76.05269241375646,9.65,
2025/06/28 09:30:00,17.79,24.12,21.4,97.33,66.52,83.26,3.0942049503055595,4095794.432665067,12673895.850000007,75.68101170250421,9.78,
2025/06/28 09:45:00,17.71,24.1,21.33,96.94,66.5,83.22,3.1199453824250285,4049000.1889566043,12633321.751111109,75.42076295296303,9.91,
2025/06/28 10:00:00,17.58,24.11,21.16,96.97,66.48,83.18,3.11780353291497,4047881.1155529562,12621118.705555556,75.57539615553667,9.99,
2025/06/28 10:15:00,17.68,24.13,21.26,97.23,66.46,83.14,3.099777533506623,4067540.4254804356,12609102.36666667,75.70266740943777,9.85,
2025/06/28 10:30:00,17.7,24.14,21.28,97.27,66.44,83.1,3.0982653563761766,4065582.0680878167,12596885.155555552,75.71778849617657,9.85,
2025/06/28 10:45:00,17.73,24.18,21.45,97.31,66.42,83.05,3.0852889046564442,4076260.0727240746,12577098.08055555,75.72217880857444,9.64,
2025/06/28 11:00:00,17.89,24.22,21.5,97.35,66.4,83.01,3.097080147063345,4056851.5580952796,12565058.054999998,75.59990830412276,9.79,
2025/06/28 11:15:00,17.82,24.24,21.44,97.39,66.38,82.97,3.0930289867075174,4058214.5272318535,12552817.970000003,75.7037545053621,9.8,
2025/06/28 11:30:00,17.8,24.26,21.44,97.43,66.36,82.93,3.090135015085906,4058053.811059683,12540570.918333339,75.75827357232062,9.8,
2025/06/28 11:45:00,17.9,24.24,21.54,97.47,66.34,82.89,3.0918860267406947,4051783.229008723,12528316.899999997,75.69456050606001,9.81,
2025/06/28 12:00:00,17.86,24.28,21.59,97.51,66.32,82.85,3.0916072216556096,4044954.1003957167,12506075.468333334,75.7690701874168,9.87,
2025/06/28 12:15:00,17.82,24.35,21.53,97.55,66.3,82.81,3.084740492979975,4044403.3428425146,12476566.642222226,75.84300408324589,9.81,
2025/06/28 12:30:00,17.84,24.36,21.55,97.59,66.28,82.77,3.086515807798989,4087238.0903451284,12615966.73944444,75.85836694887664,9.87,
2025/06/28 12:45:00,17.95,24.38,21.55,97.49,66.08,82.75,3.0919334375401903,4105459.5175375384,12694450.419444444,75.66262937761637,9.8,
2025/06/28 13:00:00,17.91,24.41,21.52,97.38,66.37,82.76,3.1010632575622474,4012102.6579408613,12442403.850555554,75.60673077942047,9.88,
2025/06/28 13:15:00,17.96,24.45,21.51,97.36,66.36,82.77,3.1123098234114663,3978365.226407841,12382514.668333331,75.54092204288807,10.04,
2025/06/28 13:30:00,17.96,24.49,21.55,97.34,66.34,82.78,3.1154294183402955,3978889.9530218393,12396561.906666666,75.52375789630182,10.08,
2025/06/28 13:45:00,18.28,24.59,21.83,97.32,66.32,82.79,3.101573427661951,3990814.6076154485,12378450.315000009,75.18863412883687,9.61,
2025/06/28 14:00:00,18.02,24.6,21.8,97.3,66.31,82.8,3.098025806523876,4006234.2035722006,12412054.147777772,75.42779867780068,9.68,
2025/06/28 14:15:00,18.12,24.64,21.76,97.27,66.3,82.81,3.1149911143281637,3988143.7995941285,12423657.595555557,75.30406379458822,9.89,
2025/06/28 14:30:00,18.16,24.7,21.82,97.24,66.3,82.82,3.1158645060454506,3987409.3230947033,12424852.611111106,75.23832283923335,9.85,
2025/06/28 14:45:00,18.19,24.72,21.78,97.21,66.3,82.83,3.1271614588064187,3973387.4086349625,12426039.963333335,75.18349513485941,10.01,
2025/06/28 15:00:00,18.32,24.74,21.95,97.18,66.29,82.83,3.1179726171758992,3985465.8116142093,12427219.652222214,75.02782220211094,9.73,
2025/06/28 15:15:00,18.21,24.8,21.94,97.15,66.29,82.84,3.1231829050406694,3979196.8222269947,12428391.677777776,75.11073529191495,9.86,
2025/06/28 15:30:00,18.21,24.8,21.84,97.12,66.29,82.85,3.1344139496729406,3965316.045022892,12429556.03999999,75.08559863397787,10.04,
2025/06/28 15:45:00,18.21,24.83,21.91,97.21,66.28,82.86,3.1252423645843592,3979783.1457175915,12438407.189999998,75.16349773379673,9.96,
2025/06/28 16:00:00,18.4,24.87,21.98,97.42,66.28,82.87,3.1185745353415855,3992611.0860079853,12451880.723333335,75.158771850016,9.93,
2025/06/28 16:15:00,18.38,24.92,22.07,97.47,66.28,82.88,3.1117584099517495,4007606.5328820283,12471336.533333328,75.22166258584895,9.87,
2025/06/28 16:30:00,18.33,24.99,22.12,97.51,66.28,82.89,3.104970533736719,4022640.1007302525,12490806.741111109,75.3054995452715,9.82,
2025/06/28 16:45:00,18.4,25.0,22.07,97.56,66.27,82.9,3.117718686593902,4014796.3320074277,12517625.505000006,75.28128716038484,10.06,
2025/06/28 17:00:00,18.43,25.06,22.17,97.6,66.27,82.91,3.108441978124938,4030875.573774812,12530369.28,75.28561155113715,9.91,
2025/06/28 17:15:00,18.5,25.06,22.17,97.65,66.27,82.92,3.1102794029081036,4031412.322732034,12539446.150000004,75.26026913094819,9.95,
2025/06/28 17:30:00,18.62,25.09,22.34,97.69,66.26,82.93,3.1116350196055738,4033055.379884325,12550056.731666667,75.1766354655523,9.94,
2025/06/28 17:45:00,18.63,25.14,22.35,97.74,66.26,82.93,3.1091736507717815,4031956.1478853878,12536701.283333335,75.21021957054472,9.94,
2025/06/28 18:00:00,18.65,25.18,22.39,97.78,66.26,82.94,3.1081753492838162,4040717.6420882093,12559909.339999996,75.22530295427319,9.95,
2025/06/28 18:15:00,18.67,25.2,22.42,97.83,66.25,82.95,3.106054890654848,4059248.305505544,12608902.655555556,75.24901018472322,9.95,
2025/06/28 18:30:00,18.68,25.22,22.38,97.87,66.25,82.96,3.1112681032657186,4062609.5827124333,12640511.583333328,75.27468379555319,10.08,
2025/06/28 18:45:00,18.83,25.27,22.46,97.92,66.25,82.97,3.100737354623588,4080974.0134332906,12654676.906666666,75.1687923253401,9.85,
2025/06/28 19:00:00,18.76,25.27,22.48,97.96,66.24,82.98,3.1012722135573156,4087342.82902086,12676617.030000005,75.27306848338047,9.94,
2025/06/28 19:15:00,18.75,25.27,22.5,97.97,66.24,82.99,3.093414006460261,4102310.553861266,12690802.208333332,75.29096981190605,9.82,
2025/06/28 19:30:00,18.68,25.26,22.45,97.77,66.24,83.0,3.111994394318361,4077876.9598603807,12690983.922222225,75.18726027684403,9.99,
2025/06/28 19:45:00,18.64,25.26,22.45,97.56,66.23,83.01,3.121300068497747,4065576.753494019,12690541.538888888,75.04409051348698,9.97,
2025/06/28 20:00:00,18.6,25.25,22.44,97.35,66.23,83.02,3.130604785892578,4050926.3414887814,12682508.391666658,74.90079435385186,9.95,
2025/06/28 20:15:00,18.49,25.27,22.14,96.91,66.27,83.02,3.1530384413417067,4017845.8933025035,12669019.763888886,74.62635403823931,9.98,
2025/06/28 20:30:00,18.64,25.28,22.37,97.7,66.32,83.03,3.108959396443325,4078299.714826608,12679897.98166667,75.16532539411735,9.89,
2025/06/28 20:45:00,18.74,25.29,22.4,97.7,66.37,83.04,3.108944888630416,4068492.5107029784,12649351.586666668,75.06638254034648,9.83,
2025/06/28 21:00:00,18.71,25.28,22.5,97.7,66.41,83.05,3.1164201211515543,4047328.963263434,12613835.519999998,75.09679323920912,9.98,
2025/06/28 21:15:00,18.79,25.31,22.56,97.7,66.46,83.05,3.114704690994562,4033306.22403297,12563219.9,75.01743289997447,9.9,
2025/06/28 21:30:00,18.62,25.26,22.43,97.7,66.51,83.06,3.1121882243648913,4022827.952427244,12520438.180555552,75.18543931559668,9.96,
2025/06/28 21:45:00,18.62,25.27,22.42,97.7,66.56,83.07,3.114929680671432,4005512.762792136,12477525.139444437,75.18573435831877,10.01,
2025/06/28 22:00:00,18.61,25.27,22.45,97.7,66.6,83.07,3.1140356600879673,3992900.51070201,12434673.404999997,75.19553627210577,10.0,
2025/06/28 22:15:00,18.74,25.29,22.5,97.72,66.65,83.08,3.111847347087149,3982017.605945264,12392073.74777777,75.0841275686076,9.9,
2025/06/28 22:30:00,18.68,25.28,22.43,97.79,66.7,83.08,3.1069675462508766,3972099.486124223,12341809.479999997,75.20423167588666,9.92,
2025/06/28 22:45:00,18.66,25.29,22.46,97.86,66.74,83.09,3.103465735216475,3965260.1514800484,12306675.883333338,75.28487325311951,9.94,
2025/06/28 23:00:00,18.83,25.28,22.54,97.92,66.79,83.1,3.1053630695445094,3949171.867892784,12264258.288333325,75.1692286483992,9.93,
2025/06/28 23:15:00,18.8,25.26,22.53,97.99,66.84,83.1,3.099234161526648,3940830.5607872913,12214200.349999994,75.25948370193363,9.91,
2025/06/28 23:30:00,18.77,25.24,22.52,98.05,66.89,83.11,3.094246299115966,3937229.217564634,12183399.787777776,75.34110507804085,9.9,
2025/06/28 23:45:00,18.69,25.28,22.47,98.12,66.93,83.11,3.0915693071723793,3932871.860731731,12159366.181111105,75.48117673481693,9.97,
2025/06/29 00:00:00,18.67,25.25,22.43,97.68,66.05,83.0,3.114493437912373,4125536.3209981686,12849616.083333336,75.11869027051524,9.95,
2025/06/29 00:15:00,18.63,25.27,22.45,97.35,66.04,83.0,3.130560944739615,4128482.6980730426,12925135.911111107,74.87110139365876,9.93,
2025/06/29 00:30:00,18.74,25.23,22.51,97.96,66.89,83.0,3.0894486309384477,3939547.0013230057,12171668.849999998,75.29181527320692,9.75,
2025/06/29 00:45:00,18.61,25.24,22.36,97.59,66.84,83.0,3.1218250714262443,3910017.2941116593,12207006.337777775,75.1001128071734,10.03,
2025/06/29 01:00:00,18.54,25.22,22.31,97.59,66.79,83.0,3.1256325242095464,3916616.5632451773,12242516.947222216,75.16991641985598,10.15,
2025/06/29 01:15:00,18.56,25.19,22.22,97.58,66.74,83.01,3.1222291940591043,3934616.397712204,12285375.764444454,75.14091166989868,10.06,
2025/06/29 01:30:00,18.59,25.2,22.22,97.57,66.69,83.01,3.124898841067565,3942548.4229751127,12320667.040000003,75.10276261753827,10.08,
2025/06/29 01:45:00,18.59,25.19,22.27,97.56,66.64,83.02,3.116795206886554,3966595.911151982,12363681.329999993,75.09311561736743,9.92,
2025/06/29 02:00:00,18.56,25.17,22.29,97.56,66.59,83.02,3.1243939465210024,3968230.3026509965,12398941.487777771,75.12365116221588,10.08,
2025/06/29 02:15:00,18.67,25.18,22.41,97.55,66.53,83.02,3.1178782569800543,3990300.488950326,12441923.034444442,75.00531240053552,9.88,
2025/06/29 02:30:00,18.56,25.18,22.34,97.54,66.48,83.03,3.1233987371291225,3992701.0409745835,12471436.388888886,75.1060108143235,10.04,
2025/06/29 02:45:00,18.56,25.22,22.34,97.53,66.43,83.03,3.1234279107924667,3998743.5245693745,12490418.233333327,75.0972546624838,10.03,
2025/06/29 03:00:00,18.56,25.13,22.24,97.53,66.38,83.03,3.119094828946831,4016236.9307041075,12527653.325000003,75.09678384394368,9.95,
2025/06/29 03:15:00,18.56,25.11,22.27,97.52,66.33,83.04,3.120202039531248,4030954.717928649,12578036.606666671,75.08814581677638,9.96,
2025/06/29 03:30:00,18.56,25.09,22.23,97.51,66.28,83.04,3.1207642203243084,4043972.8582256567,12620927.122222224,75.07945068448811,9.96,
2025/06/29 03:45:00,18.57,25.07,22.23,97.5,66.23,83.04,3.131197435259463,4044202.9078036547,12663848.987777779,75.06201610943054,10.14,
2025/06/29 04:00:00,18.49,25.06,22.26,97.5,66.18,83.05,3.117779723873563,4077799.270524518,12714338.859444438,75.13966636459601,9.94,
2025/06/29 04:15:00,18.63,25.06,22.26,97.49,66.12,83.05,3.1081348130004147,4106709.823592611,12764866.351111105,74.99165346025006,9.68,
2025/06/29 04:30:00,18.42,25.03,22.23,97.48,66.07,83.05,3.1153605976707404,4110992.9578959113,12807888.536666669,75.19118432215505,9.92,
2025/06/29 04:45:00,18.43,25.05,22.21,97.47,66.02,83.06,3.1168207443343054,4125303.451665744,12858488.133333337,75.17268215060619,9.93,
2025/06/29 05:00:00,18.44,25.05,22.22,97.47,65.97,83.06,3.116618728698582,4139394.661920511,12901576.15388889,75.16276770851022,9.92,
2025/06/29 05:15:00,18.47,25.0,22.08,97.46,65.92,83.07,3.1298726594185773,4136214.9173542466,12946473.069444437,75.12582738237208,10.14,
2025/06/29 05:30:00,18.43,24.93,22.1,97.45,65.87,83.07,3.1162852786735176,4165330.2531622658,12981022.511111101,75.15512564403093,9.9,
2025/06/29 05:45:00,18.39,24.91,22.04,97.45,65.82,83.07,3.1219143135952874,4168818.3616884043,13015353.083333334,75.19530150407785,10.03,
2025/06/29 06:00:00,18.36,24.9,22.03,97.44,65.76,83.08,3.1208893129355766,4186079.180679523,13064951.337777771,75.21612010545199,10.02,
2025/06/29 06:15:00,18.32,24.81,21.96,97.43,65.71,83.08,3.120038882620604,4198272.384292036,13099440.750000002,75.24685619428675,10.02,
2025/06/29 06:30:00,18.28,24.77,21.9,97.42,65.66,83.08,3.1186649407907443,4211111.246872221,13133709.31888889,75.27753128940716,10.01,
2025/06/29 06:45:00,18.24,24.74,21.89,97.42,65.61,83.09,3.1167339241184853,4227190.516596327,13175698.580000002,75.3169051272035,10.0,
2025/06/29 07:00:00,18.21,24.73,21.86,97.41,65.56,83.09,3.1157117146187283,4239563.946440559,13209926.277777778,75.33772111544496,9.99,
2025/06/29 07:15:00,18.17,24.73,21.78,97.4,65.51,83.09,3.120035805158604,4244722.509204316,13244338.359999998,75.36905311763913,10.09,
2025/06/29 07:30:00,18.11,24.66,21.64,97.26,65.46,83.1,3.123624188527813,4243043.486828022,13254311.84,75.30610784219341,10.05,
2025/06/29 07:45:00,18.08,24.63,21.76,97.1,65.4,83.1,3.1147323496444286,4274304.363124767,13313986.216666657,75.1947776303512,9.74,
2025/06/29 08:00:00,18.0,24.64,21.71,96.94,65.35,83.1,3.129654226029251,4327184.839788867,13543266.763888888,75.13497864894896,9.9,
2025/06/29 08:15:00,18.18,24.61,21.76,97.3,66.04,83.11,3.1075662046036867,4157247.829502078,12919577.439999994,75.27036887805872,9.75,
2025/06/29 08:30:00,18.06,24.59,21.76,97.3,66.1,83.12,3.102294453323289,4060642.7261638567,12597950.591111116,75.38857244764904,9.73,
2025/06/29 08:45:00,17.96,24.57,21.6,97.62,66.16,83.13,3.0964547074202327,4138507.4669433073,12815320.692777779,75.76692595348797,10.01,
2025/06/29 09:00:00,18.01,24.57,21.7,97.8,66.22,83.14,3.082352683230879,4142127.2865034584,12768131.860000001,75.87350426387415,9.9,
2025/06/29 09:15:00,18.23,24.6,21.82,97.81,66.28,83.15,3.077167887947816,4133720.400038453,12720802.881111113,75.66429818991459,9.69,
2025/06/29 09:30:00,18.15,24.63,21.89,97.87,66.33,83.16,3.065673420585754,4136319.902454422,12681261.01,75.7949718486191,9.6,
2025/06/29 09:45:00,18.12,24.61,21.8,97.93,66.39,83.17,3.072083517280496,4112323.503458501,12634039.549999999,75.87740576492445,9.78,
2025/06/29 10:00:00,18.41,24.69,22.09,98.0,66.45,83.18,3.0681806311978637,4102230.190706552,12587069.238333335,75.6515231695507,9.62,
2025/06/29 10:15:00,18.16,24.62,21.93,98.06,66.51,83.19,3.0679104926493777,4087307.696278452,12540154.659999993,75.95099575121552,9.81,
2025/06/29 10:30:00,18.16,24.64,21.94,98.12,66.57,83.2,3.0645716141992017,4076409.2909114957,12493102.72222223,76.0030850070178,9.81,
2025/06/29 10:45:00,18.18,24.63,21.99,98.19,66.63,83.21,3.0480846673614286,4083101.352070163,12446300.19111111,76.04320065448906,9.59,
2025/06/29 11:00:00,18.16,24.63,21.94,98.25,66.69,83.22,3.0555879137894637,4057717.4098117743,12399361.461666666,76.11577038829725,9.78,
2025/06/29 11:15:00,18.19,24.65,21.97,98.31,66.75,83.23,3.0538224776808915,4044774.2018911727,12352670.977777781,76.13828605247977,9.79,
2025/06/29 11:30:00,18.3,24.69,22.09,98.38,66.8,83.24,3.041303960307242,4077982.6701933867,12403052.053333329,76.08966668068491,9.59,
2025/06/29 11:45:00,18.26,24.72,22.03,98.44,66.86,83.25,3.048288246378596,4086860.8447328163,12458579.87,76.18194785620305,9.78,
2025/06/29 12:00:00,18.31,24.75,22.06,98.47,66.92,83.26,3.051787434968089,4076497.2548268563,12441253.305555556,76.15893078804868,9.84,
2025/06/29 12:15:00,18.29,24.78,22.08,97.88,66.98,83.27,3.077634122955303,4022208.9583588843,12379540.24999999,75.66611005029333,9.73,
2025/06/29 12:30:00,18.39,24.84,22.15,97.81,67.04,83.28,3.0861095095985487,3991212.153192622,12317972.333333328,75.50676968663878,9.75,
2025/06/29 12:45:00,18.36,24.81,22.05,97.73,67.1,83.29,3.0981957090601595,3955822.1198766036,12256549.555555562,75.46757734612034,9.9,
2025/06/29 13:00:00,18.32,24.84,22.07,97.65,67.11,83.3,3.099614181016506,3973479.26571816,12316892.383888885,75.43733109290838,9.87,
2025/06/29 13:15:00,18.31,24.89,22.02,97.58,66.99,83.31,3.1092181084447454,3974980.150410954,12359702.666666672,75.38693307450268,9.98,
2025/06/29 13:30:00,18.44,24.93,22.12,97.5,66.88,83.32,3.1098873548280976,3985235.530613443,12394271.266666664,75.1883914510372,9.83,
2025/06/29 13:45:00,18.47,24.98,22.17,97.42,66.76,83.33,3.1154217643368267,3991395.735711713,12435522.641666662,75.08923437916738,9.83,
2025/06/29 14:00:00,18.49,25.01,22.22,97.35,66.64,83.34,3.119483640072364,3941577.588003915,12296326.900000002,75.00857279097086,9.82,
2025/06/29 14:15:00,18.46,25.05,22.11,97.27,66.53,83.35,3.13703364130029,4040207.409036381,12674897.888888882,74.9699953539612,10.08,
2025/06/29 14:30:00,18.52,25.1,22.15,97.26,66.41,83.36,3.140249401257637,4065259.357129923,12766562.966666669,74.90220519033498,10.09,
2025/06/29 14:45:00,18.68,25.12,22.34,98.35,66.29,83.37,3.076039319038943,4179879.415635042,12858131.439999998,75.69033576080108,9.93,
2025/06/29 15:00:00,18.64,25.15,22.28,97.72,66.25,83.38,3.117733568455032,4134014.517355579,12889407.59333333,75.18376271110274,10.07,
2025/06/29 15:15:00,18.69,25.17,22.42,98.1,66.28,83.27,3.0904273555341297,4134407.72694221,12777752.362222219,75.46358888911863,9.93,
2025/06/29 15:30:00,18.73,25.24,22.47,98.2,66.31,83.13,3.087302891484516,4095222.5546483546,12643845.365555549,75.51101353822561,9.95,
2025/06/29 15:45:00,18.87,25.27,22.63,98.2,66.34,83.0,3.087994587008476,4053343.3713230984,12517380.858888887,75.37249170090871,9.88,
2025/06/29 16:00:00,18.89,25.35,22.63,98.2,66.37,82.86,3.093885747285455,4002368.9355425825,12383525.531666663,75.35327218656185,9.97,
2025/06/29 16:15:00,18.92,25.41,22.65,98.2,66.4,82.72,3.100515861501673,3950683.739768577,12249796.53333333,75.32429934903384,10.07,
2025/06/29 16:30:00,18.94,25.42,22.65,98.2,66.43,82.58,3.1028491103175386,3904657.637884021,12116193.863888882,75.30476588569542,10.1,
2025/06/29 16:45:00,18.95,25.47,22.75,98.2,66.46,82.44,3.095934305816671,3870324.4474081546,11982903.068888891,75.29407087636456,9.97,
2025/06/29 17:00:00,18.95,25.46,22.71,98.2,66.49,82.3,3.098205840237007,3824449.3939527473,11849551.083333334,75.29431531251639,10.01,
2025/06/29 17:15:00,18.98,25.5,22.77,98.2,66.52,82.16,3.1003580583834975,3778824.060155141,11716325.426666666,75.26484006334734,10.03,
2025/06/29 17:30:00,19.0,25.55,22.81,98.2,66.55,82.02,3.1016059733491854,3734393.495945844,11583226.098888887,75.24516965434168,10.04,
2025/06/29 17:45:00,19.03,25.57,22.82,98.2,66.58,81.89,3.1020783910866045,3693374.313606995,11457736.925555557,75.21550384400186,10.03,
2025/06/30 00:30:00,19.28,25.66,22.95,98.04,65.9,82.54,3.1146247240082894,4015230.3416405404,12506604.586666668,74.82944265173339,9.94,
2025/06/30 00:45:00,19.1,25.59,22.72,98.43,66.11,82.58,3.0970519047755936,4003688.179110077,12400251.104999997,75.34653039136535,10.13,
2025/06/30 01:00:00,19.18,25.58,22.81,98.46,66.32,82.62,3.094758451095445,3955018.821521458,12240462.36111112,75.29316786110985,10.07,
2025/06/30 01:15:00,19.12,25.55,22.79,98.41,66.53,82.66,3.0949733626747524,3914949.882402894,12117295.99055555,75.3089801858037,10.06,
2025/06/30 01:30:00,19.05,25.48,22.73,98.36,66.73,82.7,3.0948429232525227,3877776.3743093004,12001735.362222223,75.33464989680125,10.05,
2025/06/30 01:45:00,18.99,25.47,22.72,98.31,66.94,82.74,3.095052121824212,3837720.0376185356,11878563.766666662,75.35043964997807,10.04,
2025/06/30 02:00:00,18.93,25.42,22.67,98.26,67.15,82.77,3.0895580038396213,3802214.0087850895,11747772.495555548,75.36561287646651,9.93,
2025/06/30 02:15:00,18.87,25.43,22.59,98.22,67.17,82.81,3.0976738220916245,3798520.3780423296,11767172.804444443,75.39098104484151,10.07,
2025/06/30 02:30:00,18.86,25.4,22.57,98.17,67.05,82.85,3.1001396418688523,3835806.1337166927,11892139.477777775,75.35747076266979,10.07,
2025/06/30 02:45:00,18.84,25.37,22.56,98.12,66.94,82.89,3.1028035432324073,3870387.982023186,12009669.466666669,75.33388441420655,10.08,
2025/06/30 03:00:00,18.85,25.35,22.62,98.07,66.83,82.93,3.0946784745024183,3918548.8681505723,12127286.538888894,75.27942813751858,9.88,
2025/06/30 03:15:00,18.81,25.34,22.6,98.02,66.71,82.97,3.0973054703735037,3955597.7482936503,12252337.276666671,75.2756043397464,9.9,
2025/06/30 03:30:00,18.77,25.3,22.51,97.97,66.6,83.01,3.1071697217217484,3980950.6774667157,12370129.676666675,75.27255081718634,10.05,
2025/06/30 03:45:00,18.81,25.34,22.59,97.92,66.48,83.05,3.0994637294617977,4031309.1360837976,12495550.228333328,75.18847072191488,9.84,
2025/06/30 04:00:00,18.76,25.28,22.47,97.87,66.37,83.09,3.108032538312021,4058152.887432349,12613519.697777778,75.19509389074902,9.97,
2025/06/30 04:15:00,18.78,25.3,22.52,97.83,66.26,83.13,3.1120898549740317,4090792.346176358,12731576.250555547,75.1407450597861,9.99,
2025/06/30 04:30:00,18.79,25.32,22.62,97.78,66.14,83.17,3.1055315099028813,4144609.145284813,12871902.21777778,75.08651446813687,9.82,
2025/06/30 04:45:00,18.72,25.26,22.53,97.73,66.03,83.21,3.106551585105477,4196502.765488602,13037341.741111105,75.11217533563169,9.83,
2025/06/30 05:00:00,18.72,25.24,22.45,97.68,65.92,83.25,3.118445394733573,4233841.446573799,13203690.414444441,75.06961067960717,9.99,
2025/06/30 05:15:00,18.9,25.22,22.62,97.63,65.8,83.28,3.1099772912636254,4181407.101671663,13004804.38888889,74.8470776562676,9.69,
2025/06/30 05:30:00,18.48,25.21,22.27,97.28,65.84,83.32,3.1313941499319204,4232681.897787653,13254853.846666658,74.95831808831913,9.97,
2025/06/30 05:45:00,18.73,25.22,22.47,98.6,66.21,83.33,3.0648200565699084,4235291.884546518,12981075.45777778,75.8578290583127,9.95,
2025/06/30 06:00:00,18.71,25.18,22.42,98.6,66.58,83.34,3.0606626790287206,4151674.4136672895,12707525.111111114,75.8772236751773,9.89,
2025/06/30 06:15:00,18.68,25.15,22.51,98.6,66.95,83.34,3.050008621809547,4073944.7411220614,12426227.831111109,75.90602143980243,9.73,
2025/06/30 06:30:00,18.66,25.13,22.46,98.6,67.32,83.35,3.049358032553969,3985131.567417484,12152732.172777778,75.92575782329968,9.73,
2025/06/30 06:45:00,18.64,25.1,22.46,98.6,67.69,83.35,3.0629571468319474,3874375.112083123,11867680.439999998,75.94675477187376,9.97,
2025/06/30 07:00:00,18.62,25.1,22.46,98.6,67.86,83.35,3.0634237417104853,3811713.054172682,11677517.726111107,75.96660902632448,9.99,
2025/06/30 07:15:00,18.6,25.05,22.43,98.6,67.84,83.36,3.0546569182852767,3809939.7418505303,11638684.248888887,75.98555254041631,9.85,
2025/06/30 07:30:00,18.59,25.04,22.3,98.6,67.82,83.36,3.0646672035356555,3818704.74174946,11703663.510000004,75.99645631882007,10.03,
2025/06/30 07:45:00,18.6,25.05,22.34,98.6,67.8,83.36,3.06555592875509,3841131.1780215534,11775817.508888891,75.98665278013337,10.04,
2025/06/30 08:00:00,18.73,25.01,22.37,98.6,67.78,83.37,3.060137551156876,3829971.0985207744,11720865.138888892,75.85737859812441,9.87,
2025/06/30 08:15:00,18.61,24.99,22.37,98.6,67.76,83.37,3.05734189464808,3841828.07879111,11746413.995555555,75.97589950686712,9.89,
2025/06/30 08:30:00,18.5,25.01,22.35,98.3,67.74,83.37,3.0658245278121155,3839483.220954502,11771808.30833334,75.82391618590492,9.81,
2025/06/30 08:45:00,18.48,24.98,22.16,97.95,67.72,83.38,3.095554729733663,3813263.5959216366,11804767.259999996,75.54091716228972,10.0,
2025/06/30 09:00:00,18.54,24.99,22.26,97.8,67.7,83.38,3.1004520939930007,3815501.454764639,11830403.199999994,75.35088943133397,9.9,
2025/06/30 09:15:00,18.53,24.99,22.35,97.65,67.68,83.38,3.1062590457165355,3816563.731646681,11855883.783333324,75.23019911186978,9.86,
2025/06/30 09:30:00,18.31,24.97,22.18,97.5,67.66,83.39,3.1093190419519416,3823452.30670252,11888948.976666668,75.3169258510224,9.9,
2025/06/30 09:45:00,18.54,24.99,22.14,97.6,67.64,83.38,3.112807174894371,3824946.0507713063,11906924.369999995,75.17719553191651,9.92,
2025/06/30 10:00:00,18.59,25.03,22.33,97.69,67.62,83.35,3.1077854751925638,3832090.6858030655,11909952.896111103,75.20594769538562,9.89,
2025/06/30 10:15:00,18.37,24.97,22.2,97.79,67.6,83.32,3.096856245153623,3846535.5028839516,11912785.426666666,75.51001565211055,9.93,
2025/06/30 10:30:00,18.54,24.97,22.27,97.88,67.58,83.29,3.0884200652970155,3831019.780700354,11832425.507222228,75.41972572325292,9.77,
2025/06/30 10:45:00,18.44,24.98,22.22,97.98,67.56,83.26,3.088640208315918,3826542.1654803134,11819424.894444449,75.60601421146379,9.93,
2025/06/30 11:00:00,18.62,25.03,22.35,98.07,67.54,83.23,3.084542384170344,3827407.9247966614,11806431.248333331,75.50612033029847,9.84,
2025/06/30 11:15:00,18.58,25.02,22.27,98.15,67.52,83.2,3.0861353050899645,3821170.589364502,11793262.506666671,75.61572195070703,9.97,
2025/06/30 11:30:00,18.58,25.06,22.31,98.2,67.5,83.17,3.0838954109299896,3819737.578448686,11780282.91,75.65916697473914,9.98,
2025/06/30 11:45:00,18.62,25.07,22.41,98.2,67.46,83.14,3.0760432001701843,3830150.5717886584,11782338.773333337,75.6188312356253,9.82,
2025/06/30 12:00:00,18.66,25.11,22.45,98.2,67.43,83.11,3.0779754240359756,3829697.815728237,11788346.826666659,75.5794196193041,9.83,
2025/06/30 12:15:00,18.68,25.14,22.51,98.2,67.39,83.08,3.087848584488409,3821889.769397891,11802058.96833333,75.5605774562161,9.99,
2025/06/30 12:30:00,18.68,25.16,22.52,98.2,67.35,83.05,3.0861633505395716,3828482.194472446,11815961.300000003,75.56039942656423,9.96,
2025/06/30 12:45:00,18.69,25.2,22.51,98.2,67.32,83.02,3.0904136368997905,3825225.7183507336,11822159.311111113,75.55095781865555,10.03,
2025/06/30 13:00:00,18.73,25.26,22.52,98.2,67.28,82.99,3.092336350480822,3827350.252558113,11836073.71833333,75.51155959025301,10.04,
2025/06/30 13:15:00,18.76,25.29,22.52,98.2,67.24,82.96,3.0944644154270695,3829219.0876108175,11849996.25333333,75.4820910134827,10.06,
2025/06/30 13:30:00,18.93,25.31,22.64,98.2,67.21,82.93,3.0906154393609717,3835988.7132523935,11856202.16000001,75.31334435748192,9.89,
2025/06/30 13:45:00,18.93,25.35,22.72,98.2,67.17,82.9,3.0997474015751414,3829178.8795318655,11870136.77055556,75.3143025420274,10.05,
2025/06/30 14:00:00,18.93,25.36,22.71,98.2,67.13,82.87,3.098075805479028,3835746.9033170864,11884079.508888893,75.3141115757706,10.02,
2025/06/30 14:15:00,18.94,25.45,22.72,98.2,67.1,82.84,3.1023009804906083,3832531.351419448,11890293.311111117,75.30469870942056,10.09,
2025/06/30 14:30:00,19.07,25.47,22.83,98.2,67.06,82.81,3.0959549806679103,3843706.757369089,11900590.625,75.175253012442,9.9,
2025/06/30 14:45:00,19.08,25.47,22.83,98.2,67.02,82.78,3.0986388513908425,3842992.773259124,11908695.528888892,75.1656148151253,9.94,
2025/06/30 15:00:00,19.1,25.52,22.9,98.2,66.98,82.75,3.110018066962479,3831535.0903629665,11916801.12944444,75.14709860172863,10.13,
2025/06/30 15:15:00,19.12,25.54,22.9,98.2,66.95,82.72,3.104036377944984,3839038.8929144386,11917167.343888884,75.12656774955076,10.01,
2025/06/30 15:30:00,19.14,25.56,22.93,98.2,66.91,82.69,3.1058582737432756,3836977.293613731,11917761.716666667,75.10695843534732,10.03,
2025/06/30 15:45:00,19.16,25.6,22.95,98.2,66.87,82.66,3.105981969869634,3836955.5474730553,11918163.925555548,75.08715824564828,10.02,
2025/06/30 16:00:00,19.17,25.66,22.98,98.2,66.84,82.63,3.1119093043830235,3827351.3715371303,11911013.687222216,75.07795455107937,10.12,
2025/06/30 16:15:00,19.22,25.71,22.97,98.2,66.8,82.59,3.1179832512441252,3817606.38039295,11903863.448888894,75.02918840904394,10.2,
2025/06/30 16:30:00,19.26,25.75,23.03,98.2,66.76,82.56,3.1199179770232512,3811891.3345585866,11893423.666666664,74.98979007200107,10.21,
2025/06/30 16:45:00,19.56,25.77,23.17,98.2,66.73,82.53,3.115686830291833,3790858.2499660878,11811785.944444442,74.69193624136909,9.95,
2025/06/30 21:30:00,19.73,26.03,23.39,98.27,67.1,82.52,3.1144718878527886,3721481.6398944156,11591086.356666667,74.58450649853235,9.9,
2025/06/30 21:45:00,19.46,26.06,23.18,97.85,67.19,82.56,3.1397932349610462,3707022.7370944386,11639877.755000003,74.48779235069767,10.08,
2025/06/30 22:00:00,19.61,26.07,23.14,98.28,67.27,82.6,3.1175420437699377,3714920.7904272387,11581995.553333333,74.7124469411706,10.03,
2025/06/30 22:15:00,19.43,25.99,23.16,98.23,67.25,82.63,3.1258027438636597,3720893.7356740907,11631378.769999996,74.8482640753611,10.24,
2025/06/30 22:30:00,19.51,25.99,23.29,98.05,67.24,82.67,3.125521345831305,3736985.503397922,11680658.299444448,74.61149558817264,10.0,
2025/06/30 22:45:00,19.32,25.95,23.16,97.87,67.22,82.71,3.1292025872734768,3750845.5135914288,11737769.52333333,74.64278696409355,10.0,
2025/06/30 23:00:00,19.27,25.94,23.07,97.9,67.21,82.74,3.133520448482627,3759037.333921683,11779620.61222222,74.71909735098824,10.14,
2025/06/30 23:15:00,19.32,25.94,23.13,98.06,67.19,82.78,3.1076750722508253,3792127.8935275637,11785307.270000001,74.80665231820109,9.82,
2025/06/30 23:30:00,19.29,25.92,23.05,98.2,67.18,82.81,3.1188299006476843,3784538.941529259,11803930.563333329,74.95988951765409,10.17,
2025/06/30 23:45:00,19.27,25.89,23.01,98.2,67.16,82.85,3.1186705932282126,3808841.309250817,11879120.40333333,74.9796995716877,10.18,
2025/07/01 00:00:00,19.31,25.87,23.12,98.18,66.81,82.8,3.109413839652634,3879960.661095578,12065037.746666662,74.92146808443965,9.97,
2025/07/01 00:15:00,19.29,25.85,23.02,98.17,66.75,82.83,3.1093013575287354,3903206.9925887827,12136866.866666665,74.93253311609149,9.97,
2025/07/01 00:30:00,19.27,25.83,23.0,98.16,66.69,82.86,3.109183878594539,3926469.6635501077,12208739.876666665,74.94359741628504,9.97,
2025/07/01 00:45:00,19.24,25.83,22.99,98.14,66.64,82.89,3.1098711780740276,3946298.226481898,12273104.09722222,74.95591629755559,9.98,
2025/07/01 01:00:00,19.22,25.81,22.98,98.13,66.58,82.92,3.1103269327188485,3968853.3440690096,12345062.44888889,74.96704009439875,9.99,
2025/07/01 01:15:00,19.19,25.79,22.98,98.12,66.52,82.95,3.110432756475546,3991864.295522524,12417064.690555561,74.98803173459424,10.0,
2025/07/01 01:30:00,19.17,25.75,22.96,98.11,66.47,82.97,3.1202501363348913,3997545.237793633,12473990.833333334,75.00030700876972,10.18,
2025/07/01 01:45:00,19.14,25.68,22.89,98.1,66.41,83.0,3.118154414834753,4023348.897285997,12546075.978333335,75.02101719550892,10.15,
2025/07/01 02:00:00,19.28,25.67,22.97,98.09,66.35,83.03,3.1045834214232153,4064162.2897230657,12618205.013333337,74.87215658929514,9.82,
2025/07/01 02:15:00,19.0,25.66,22.84,98.08,66.3,83.06,3.1083901624414656,4079977.1056851605,12682810.628888892,75.14105764683313,10.04,
2025/07/01 02:30:00,19.0,25.63,22.83,98.07,66.24,83.09,3.108954123156982,4102462.1243767645,12755025.00555556,75.1323799080123,10.04,
2025/07/01 02:45:00,19.0,25.61,22.81,98.06,66.18,83.12,3.1089621830163314,4125628.952174303,12827086.579999998,75.12363822049878,10.03,
2025/07/01 03:00:00,19.0,25.59,22.8,98.05,66.13,83.14,3.1089680412958005,4143938.9182413546,12884041.170000002,75.11489687366344,10.02,
2025/07/01 03:15:00,19.01,25.59,22.84,98.04,66.07,83.17,3.0994629205022606,4179982.993931152,12956380.250000006,75.09531491368976,9.84,
2025/07/01 03:30:00,18.94,25.55,22.74,98.03,66.01,83.2,3.107465840639101,4192449.600368914,13028563.624999998,75.15667418741918,10.01,
2025/07/01 03:45:00,18.95,25.52,22.74,98.01,65.95,83.23,3.108939671491684,4213689.8850434,13100788.8,75.12944930080532,10.01,
2025/07/01 04:00:00,18.95,25.51,22.71,98.0,65.9,83.26,3.110064254272805,4232964.632117059,13165471.977777775,75.1208317358808,10.02,
2025/07/01 04:15:00,18.8,25.48,22.69,97.64,65.84,83.29,3.1184471740940967,4226773.031109393,13181654.383333337,74.95543209026762,9.9,
2025/07/01 04:30:00,18.8,25.46,22.42,97.88,65.89,83.31,3.1149049061149703,4217570.3225218095,13137956.895555558,75.16500519935461,10.08,
2025/07/01 04:45:00,18.86,25.42,22.59,98.11,65.94,83.34,3.0956616944951776,4242099.93225153,13132772.766666671,75.3045523193124,9.93,
2025/07/01 05:00:00,18.75,25.4,22.58,98.02,66.0,83.37,3.0893992858957335,4246568.7310667895,13120012.620000001,75.33427475104725,9.8,
2025/07/01 05:15:00,18.71,25.35,22.55,97.92,66.05,83.4,3.0978059573153165,4233352.274102473,13114777.286111116,75.28727484780265,9.87,
2025/07/01 05:30:00,18.68,25.36,22.54,97.83,66.1,83.42,3.0995362216388402,4226853.665727422,13101954.55555556,75.23849989077303,9.83,
2025/07/01 05:45:00,18.64,25.33,22.51,97.73,66.15,83.45,3.100880726145061,4234068.832846794,13130012.805555554,75.19083763665007,9.78,
2025/07/01 06:00:00,18.8,25.3,22.58,98.44,67.43,83.46,3.056051992577256,3924152.703213456,11993035.969444435,75.64846239466762,9.62,
2025/07/01 06:15:00,18.69,25.28,22.49,98.16,67.39,83.47,3.0800597211368914,3923230.7035052767,12084402.29333333,75.51501650751175,9.81,
2025/07/01 06:30:00,18.63,25.26,22.37,97.9,67.36,83.47,3.1001896801633757,3918850.002568553,12149783.415,75.34920256419616,9.94,
2025/07/01 06:45:00,18.71,25.22,22.45,97.97,67.32,83.48,3.0890798950832044,3949941.471412179,12202315.448888896,75.33018577665243,9.77,
2025/07/01 07:00:00,18.59,25.23,22.39,98.05,67.28,83.48,3.089269580009896,3962768.2449282585,12242676.600000003,75.51878053311842,9.92,
2025/07/01 07:15:00,18.61,25.3,22.43,98.12,67.25,83.49,3.087721320288924,3972104.387358861,12265362.85333333,75.55997793788949,9.95,
2025/07/01 07:30:00,18.7,25.24,22.48,98.19,67.21,83.49,3.0769015571641827,3993425.867176289,12288011.95111111,75.53103279078401,9.78,
2025/07/01 07:45:00,18.7,25.22,22.45,98.26,67.18,83.49,3.075939170787112,3995942.501847964,12291907.362777768,75.59200586644651,9.83,
2025/07/01 08:00:00,18.69,25.22,22.47,98.33,67.14,83.5,3.0820246693496713,3987703.447014817,12290838.095555555,75.66359934793195,10.01,
2025/07/01 08:15:00,18.67,25.19,22.45,98.4,67.11,83.5,3.071739402146365,4005914.832500923,12305764.062777776,75.74344585252443,9.91,
2025/07/01 08:30:00,18.64,25.17,22.44,98.47,67.07,83.51,3.0673827030530334,4024837.8459067536,12346358.713333342,75.8337903578835,9.92,
2025/07/01 08:45:00,18.87,25.16,22.57,98.26,67.03,83.51,3.079215364439742,4020108.2490475685,12379460.133333335,75.42406834404778,9.79,
2025/07/01 09:00:00,18.61,25.16,22.52,97.81,67.0,83.52,3.097682016414228,4006773.0199274663,12412384.599999996,75.29012214724152,9.82,
2025/07/01 09:15:00,18.5,25.17,22.25,98.15,67.02,83.52,3.086726133906803,4016272.5761472993,12397740.666666668,75.69499551608948,10.03,
2025/07/01 09:30:00,18.74,25.15,22.42,98.39,67.03,83.53,3.077526664262391,4026148.912438449,12391226.833333332,75.66599571458319,9.96,
2025/07/01 09:45:00,18.64,25.13,22.44,98.37,67.04,83.53,3.072416055403589,4028218.177432702,12377015.646111107,75.7470314923426,9.91,
2025/07/01 10:00:00,18.63,25.12,22.4,98.34,67.06,83.54,3.074341965534534,4021077.236904151,12362812.58666667,75.73093735008052,9.92,
2025/07/01 10:15:00,18.62,25.14,22.43,98.31,67.07,83.54,3.0762609585174827,4019548.3197390605,12365828.805000009,75.71484085604806,9.93,
2025/07/01 10:30:00,18.7,25.15,22.5,98.29,67.08,83.54,3.066962943058658,4034080.5354289636,12373036.866666673,75.6174545748293,9.71,
2025/07/01 10:45:00,18.78,25.17,22.53,98.26,67.09,83.55,3.064997215259459,4041405.9195683426,12387561.902222216,75.51208227920054,9.61,
2025/07/01 11:00:00,18.69,25.17,22.48,98.24,67.11,83.55,3.0814039261183988,4019775.3782014726,12387208.459999997,75.5849500690361,9.91,
2025/07/01 11:15:00,18.69,25.18,22.47,98.21,67.12,83.56,3.0836673969994894,4021530.4685213426,12401715.846666664,75.55898040245307,9.92,
2025/07/01 11:30:00,18.78,25.24,22.59,98.18,67.13,83.56,3.0758523243825637,4034005.3237855486,12408670.786111113,75.44310211819712,9.71,
2025/07/01 11:45:00,18.75,25.23,22.54,98.16,67.15,83.57,3.0890875959063786,4019030.7192976438,12415798.731111102,75.45646248884856,9.93,
2025/07/01 12:00:00,19.02,25.29,22.73,98.13,67.16,83.57,3.079034451550148,4034390.339934755,12422718.256666662,75.1624058686463,9.59,
2025/07/01 12:15:00,18.75,25.28,22.65,98.11,67.17,83.58,3.0794412462288974,4036771.2667360045,12431673.55833333,75.41200933400023,9.72,
2025/07/01 12:30:00,18.92,25.31,22.66,98.76,67.14,83.53,3.04104602984816,4076128.8443135573,12396349.771666665,75.80723181700644,9.61,
2025/07/01 12:45:00,18.83,25.35,22.63,98.33,67.09,83.39,3.077524381893202,3999241.3652103576,12308407.099999996,75.52455105007327,9.85,
2025/07/01 13:00:00,18.86,25.38,22.6,98.19,67.04,83.25,3.097912331658506,3944547.9165763757,12220495.662222216,75.37469246782099,10.05,
2025/07/01 13:15:00,18.88,25.41,22.69,98.17,66.99,83.11,3.0876708414515157,3929290.178645071,12132992.935555559,75.33638591231698,9.84,
2025/07/01 13:30:00,18.88,25.43,22.67,98.15,66.94,82.96,3.0980646333907633,3885452.188578194,12038009.169999994,75.31994239581735,10.0,
2025/07/01 13:45:00,18.92,25.46,22.7,98.13,66.9,82.82,3.1011278502615336,3851125.731154485,11943456.408888878,75.26318588211139,10.01,
2025/07/01 14:00:00,18.96,25.55,22.77,98.11,66.85,82.68,3.1036345873556965,3825137.437987428,11872444.595000008,75.20636641960274,10.01,
2025/07/01 14:15:00,18.99,25.55,22.78,98.09,66.8,82.53,3.105234784058042,3804895.463733315,11815709.222777782,75.15935039597777,10.0,
2025/07/01 14:30:00,19.03,25.58,22.81,98.08,66.75,82.39,3.1071796489159658,3786660.012082176,11766446.41333333,75.11120596681397,10.0,
2025/07/01 14:45:00,19.07,25.66,22.86,98.06,66.7,82.25,3.1050980019905094,3765419.1126597114,11692597.888888886,75.05390654017032,9.92,
2025/07/01 15:00:00,19.11,25.69,22.89,98.04,66.65,82.11,3.1081913203485776,3736145.9331277083,11613255.68333333,74.99713919941549,9.93,
2025/07/01 15:15:00,19.15,25.71,22.9,98.02,66.61,81.96,3.111288492903147,3702147.072719703,11519040.805555552,74.94037136929083,9.94,
2025/07/01 15:30:00,19.18,25.77,23.0,98.0,66.56,81.82,3.123588011908066,3646205.36440307,11389841.882222215,74.8945616675698,10.12,
2025/07/01 21:00:00,20.29,26.3,23.86,99.24,66.03,82.86,3.0774718179967473,3996365.484690221,12299420.099999998,74.87094944865865,9.91,
2025/07/01 21:15:00,19.95,26.29,23.49,98.37,66.15,82.87,3.1356033502248457,3992625.7342841774,12519945.288888888,74.45622529715057,10.23,
2025/07/01 21:30:00,19.73,26.34,23.42,98.11,66.27,82.9,3.1355290905922906,3996114.8772728937,12530562.721111119,74.44705582411008,10.1,
2025/07/01 21:45:00,19.87,26.3,23.55,98.3,66.39,82.93,3.12060240536736,4000996.153054269,12486178.320000002,74.47258770753223,9.95,
2025/07/01 22:00:00,19.77,26.29,23.56,98.51,66.5,82.96,3.1031787878494823,4011513.845152869,12449102.18444444,74.75309880813562,9.92,
2025/07/01 22:15:00,19.72,26.3,23.58,98.72,66.62,82.98,3.0881121280696076,4051313.560091178,12511569.033333333,74.98419924579363,9.9,
2025/07/01 22:30:00,19.73,26.31,23.6,98.79,66.74,83.01,3.083153473166686,4028031.1514504678,12419692.749444451,75.03479771889506,9.88,
2025/07/01 22:45:00,19.71,26.31,23.61,98.78,66.86,83.04,3.0830630713590015,3998371.5018675597,12327883.577777782,75.04589316570369,9.88,
2025/07/01 23:00:00,19.69,26.29,23.6,98.76,66.98,83.06,3.0835498988753054,3965584.3381913453,12228726.546666663,75.04833219928338,9.88,
2025/07/01 23:15:00,19.67,26.29,23.59,98.75,67.1,83.09,3.082835051702198,3936957.1638483712,12137631.45833334,75.05936837381172,9.87,
2025/07/01 23:30:00,19.65,26.3,23.6,98.73,67.22,83.12,3.082696232372881,3906710.119624545,12043837.483333338,75.06174790212398,9.86,
2025/07/01 23:45:00,19.63,26.28,23.58,98.72,67.34,83.14,3.0819791113568704,3873936.1113735894,11940021.377777776,75.07278376425631,9.85,
2025/07/02 00:00:00,19.6,26.27,23.52,98.34,67.63,82.34,3.1137400956711123,3561502.8845212897,11090178.727222227,74.77432851007197,10.03,
2025/07/02 06:00:00,19.63,25.98,23.27,97.71,66.86,82.48,3.1510247850657005,3896440.3252859553,12278448.111111112,74.19813763703479,10.03,
2025/07/02 06:15:00,19.55,25.92,23.17,97.86,66.87,82.5,3.1484490242053242,3937863.8100076434,12398827.466666661,74.40843672544743,10.19,
2025/07/02 06:30:00,19.39,25.94,23.06,98.0,66.88,82.52,3.1320740181575952,3988708.390563606,12493563.915555557,74.68747998654389,10.14,
2025/07/02 06:45:00,19.24,25.9,22.97,97.97,66.88,82.54,3.132232770967784,4018396.710710071,12587181.750000006,74.80996792611127,10.21,
2025/07/02 07:00:00,19.2,25.84,22.86,97.93,66.89,82.56,3.1407272899794174,4034825.4863355206,12672910.531111112,74.8158938557596,10.36,
2025/07/02 07:15:00,19.15,25.82,22.83,97.9,66.89,82.58,3.131947562925067,4072241.264811963,12754669.47333333,74.83785455786679,10.19,
2025/07/02 07:30:00,19.11,25.78,22.76,97.87,66.9,82.59,3.1327482404325466,4076726.630891018,12771976.415,74.85134402808298,10.2,
2025/07/02 07:45:00,19.27,25.76,22.94,97.84,66.91,82.61,3.123966370398766,4093813.4864788675,12789595.92777778,74.66554138950134,9.91,
2025/07/02 08:00:00,19.14,25.75,22.82,97.81,66.91,82.63,3.1268952623511463,4098231.979306553,12815379.793333331,74.76835675372216,10.01,
2025/07/02 08:15:00,19.08,25.73,22.84,97.78,66.92,82.65,3.136749311818496,4090980.1435845196,12833029.495000001,74.80278220636198,10.2,
2025/07/02 08:30:00,19.01,25.75,22.79,97.75,66.92,82.67,3.132807461943299,4104317.8822869454,12858672.749999998,74.84535005633266,10.14,
2025/07/02 08:45:00,18.98,25.72,22.67,97.71,66.93,82.69,3.143175420370698,4096409.090461036,12876352.524444437,74.84153359774292,10.32,
2025/07/02 09:00:00,18.99,25.74,22.72,97.68,66.94,82.7,3.1471623838844223,4081681.968395128,12846341.982222226,74.80592773573063,10.36,
2025/07/02 09:15:00,18.99,25.69,22.67,97.65,66.94,82.72,3.14835643643184,4073963.903962444,12826915.896666668,74.77977814402375,10.35,
2025/07/02 09:30:00,18.99,25.68,22.64,97.62,66.95,82.74,3.1490642621374594,4070449.21964844,12818727.276666658,74.75354640217724,10.33,
2025/07/02 09:45:00,18.98,25.72,22.7,97.6,66.95,82.76,3.1507904418186206,4068127.302304418,12818442.34,74.74618902573384,10.35,
2025/07/02 10:00:00,18.98,25.73,22.69,97.61,66.96,82.78,3.1526229946487736,4063150.025035148,12810201.934444448,74.75529328711885,10.4,
2025/07/02 10:15:00,19.02,25.76,22.77,97.61,66.97,82.8,3.1457238238662995,4075100.031166852,12819769.838333333,74.71449352714744,10.23,
2025/07/02 10:30:00,19.15,25.76,22.89,97.61,66.97,82.81,3.1419310010769608,4080481.4761426058,12821247.120000003,74.58513873896382,10.07,
2025/07/02 10:45:00,19.12,25.77,22.87,97.62,66.98,82.83,3.1408433188233222,4083887.862323694,12827500.98055555,74.62348860476288,10.08,
2025/07/02 11:00:00,19.09,25.77,22.87,97.62,66.98,82.85,3.139777715555065,4159266.8460151413,13059833.856666656,74.65308262882277,10.08,
2025/07/02 11:15:00,19.06,25.79,22.82,97.62,66.99,82.87,3.14454150050433,4105631.4771433845,12910967.568888897,74.6834353477131,10.19,
2025/07/02 11:30:00,19.04,25.8,22.77,97.63,67.0,82.89,3.1503154379659093,4080603.7079326063,12855814.210555553,74.7129201538485,10.33,
2025/07/02 11:45:00,19.11,25.88,22.86,97.63,67.0,82.91,3.1538331455453683,4084930.206421938,12883818.120555554,74.64403619078867,10.35,
2025/07/02 12:00:00,19.21,25.88,22.91,97.64,67.01,82.92,3.1498347105745275,4105301.855355818,12931663.909999996,74.5529917982092,10.21,
2025/07/02 12:15:00,19.2,25.9,22.92,97.64,67.01,82.94,3.1494755986710685,4115160.1808872903,12961237.409999993,74.56285683053623,10.21,
2025/07/02 12:30:00,19.18,25.92,22.95,97.64,67.02,82.96,3.1497887294891873,4118743.5491945175,12973815.726666665,74.58273541248701,10.23,
2025/07/02 12:45:00,19.28,25.96,22.94,97.65,67.03,82.98,3.1603657327750776,4108884.4547522883,12986214.419444446,74.49396629704378,10.38,
2025/07/02 13:00:00,19.35,26.03,23.03,97.65,67.03,83.0,3.1548326677921175,4122661.7446390786,13006948.380555557,74.42363672102826,10.22,
2025/07/02 13:15:00,19.37,26.06,23.03,97.65,67.04,83.02,3.1621770496421115,4116778.196865975,13018618.35999999,74.4049280229724,10.35,
2025/07/02 13:30:00,19.41,26.1,23.03,97.66,67.05,83.03,3.1635697591557284,4115554.8238810003,13020473.815555558,74.37423478405734,10.36,
2025/07/02 13:45:00,19.44,26.19,23.11,97.66,67.04,83.05,3.1651620870171007,4121853.3156479253,13046962.59166666,74.34471996416642,10.37,
2025/07/02 14:00:00,19.47,26.21,23.14,97.67,66.99,83.0,3.1656927824900682,4121748.8178046765,13048821.53055556,74.323807870786,10.37,
2025/07/02 14:15:00,19.53,26.26,23.22,97.67,66.93,82.85,3.1607234293709623,4105605.629259776,12977316.244444434,74.26348634022085,10.23,
2025/07/02 14:30:00,19.48,26.28,23.23,97.67,66.87,82.71,3.168025363991189,4076139.5518579884,12913942.79999999,74.31428205341133,10.41,
2025/07/02 14:45:00,19.59,26.34,23.29,97.68,66.82,82.56,3.171991390592223,4045975.4000499607,12834425.731111119,74.21452059262768,10.42,
2025/07/02 15:00:00,19.72,26.41,23.36,97.68,66.76,82.42,3.167568719166272,4031606.1831746586,12771011.879999995,74.08475831155212,10.24,
2025/07/02 15:15:00,19.63,26.45,23.37,97.69,66.7,82.27,3.171911628583265,4003519.2117786016,12699423.109999992,74.18356338608953,10.4,
2025/07/02 15:30:00,19.7,26.49,23.43,97.69,66.65,82.13,3.175967688305588,3975858.392383349,12627813.43999999,74.11475101220479,10.43,
2025/07/02 15:45:00,19.79,26.52,23.51,97.69,66.59,81.98,3.1695364373421384,3961380.8851953447,12556361.565,74.02436139569286,10.24,
2025/07/02 16:00:00,19.75,26.56,23.49,97.7,66.54,81.84,3.175756123459993,3919429.739531839,12447757.849999998,74.07383298743525,10.4,
2025/07/02 22:15:00,21.01,27.01,24.58,100.11,66.68,83.42,3.0582762755812,3979163.6858191304,12170088.809999995,74.9107481304167,10.04,
2025/07/02 22:30:00,20.63,26.98,24.37,98.97,67.8,83.05,3.118597772968334,3784136.1608635234,11801855.541666664,74.30314326202353,10.13,
2025/07/02 22:45:00,20.58,26.97,24.26,98.8,67.7,83.06,3.1373848907981863,3688912.2765333145,11574163.626666665,74.20696530990448,10.31,
2025/07/02 23:00:00,20.55,27.0,24.3,98.8,67.6,83.08,3.138572414777239,3715694.472912925,11662609.640000002,74.23694903872742,10.35,
2025/07/02 23:15:00,20.49,26.96,24.27,98.8,67.51,83.09,3.132512921672161,3746296.305697035,11735959.583333332,74.29562336259694,10.28,
2025/07/02 23:30:00,20.55,26.96,24.37,98.8,67.41,83.11,3.1221649117915913,3788823.9743930134,11829997.972222224,74.23472166524802,10.07,
2025/07/02 23:45:00,20.35,26.94,24.29,98.8,67.32,83.12,3.12417406891747,3822252.7637606543,11942039.388888897,74.43343296468507,10.22,
2025/07/03 00:00:00,20.23,26.92,24.13,98.8,67.26,82.15,3.1171150538944956,3585708.754432119,11177648.36222222,74.55157740299951,10.17,
2025/07/03 00:15:00,20.24,26.88,24.1,98.53,67.17,82.02,3.1319891593713605,3553641.192741135,11130551.024999995,74.30783722521507,10.15,
2025/07/05 15:45:00,19.61,25.71,23.23,98.99,67.22,83.04,3.055349288829098,3824260.140782683,11685114.29555556,75.32535766417881,9.69,
2025/07/05 16:00:00,19.29,25.73,22.89,97.98,67.17,82.49,3.1296824979066855,3842448.2826395347,12026261.279999994,74.76880298078598,10.14,
2025/07/05 16:15:00,19.26,25.77,22.92,97.96,67.13,82.42,3.1297606448317876,3838629.175848593,12014605.930555562,74.78104681360655,10.14,
2025/07/05 16:30:00,19.26,25.81,22.95,97.94,67.08,82.35,3.130896134112191,3836068.9359728475,12010946.804999998,74.76368707306806,10.14,
2025/07/05 16:45:00,19.25,25.84,22.99,97.91,67.03,82.28,3.132244722444049,3833181.7395397034,12007079.027777778,74.74751244939205,10.14,
2025/07/05 17:00:00,19.46,25.84,23.16,97.89,66.98,82.21,3.1270935099567474,3838293.8970257174,12003356.969999991,74.52139444072819,9.9,
2025/07/05 17:15:00,19.26,25.85,23.03,97.87,66.93,82.14,3.133782725855384,3828856.502110363,11999426.724999994,74.70278002696737,10.12,
2025/07/05 17:30:00,19.25,25.86,23.02,97.84,66.88,82.07,3.1351342402070665,3820599.6070532687,11978709.948333332,74.68659953583347,10.12,
2025/07/05 17:45:00,19.25,25.84,23.02,97.82,66.83,82.01,3.1362690673349767,3813666.7517474443,11961306.170000004,74.66923328989179,10.12,
2025/07/06 00:15:00,19.82,25.82,23.39,100.05,67.2,84.23,3.017101291760481,4030735.0260590776,12161827.852777777,76.0347057144769,9.94,
2025/07/06 00:30:00,19.33,25.8,23.02,98.33,67.2,82.54,3.1061584984748714,3896841.4391778465,12104835.758888891,75.03230536767562,10.05,
2025/07/06 00:45:00,19.28,25.79,22.97,98.24,67.2,82.55,3.107851148635419,3894106.7128050574,12102924.10555555,75.00342368524971,10.02,
2025/07/06 01:00:00,19.15,25.73,22.78,98.15,67.2,82.57,3.1240728570187946,3875799.6026333366,12108877.934999991,75.05573891342132,10.31,
2025/07/06 01:15:00,19.21,25.72,22.86,98.06,67.19,82.58,3.121790045611691,3883503.2682887586,12124098.36,74.91709754696168,10.13,
2025/07/06 01:30:00,19.02,25.7,22.78,97.98,67.19,82.59,3.1169467731723697,3894995.0738387043,12141095.633333337,75.03479635109436,10.08,
2025/07/06 01:45:00,18.97,25.7,22.71,97.9,67.19,82.6,3.1281580688044626,3886418.9195109094,12157925.822777776,75.0158026531656,10.24,
2025/07/06 02:00:00,18.95,25.71,22.76,97.82,67.19,82.61,3.1213470534458385,3900350.19374613,12174946.666666668,74.96467417326629,10.04,
2025/07/06 02:15:00,18.95,25.66,22.73,97.74,67.19,82.63,3.1269576349056156,3901323.666271669,12199880.831111109,74.89531448078252,10.06,
2025/07/06 02:30:00,18.95,25.66,22.74,97.66,67.19,82.64,3.133627745500477,3898459.046730322,12216931.283333333,74.82607156150083,10.1,
2025/07/06 02:45:00,18.94,25.64,22.64,97.6,67.19,82.65,3.14641055060178,3886963.5641727075,12230582.931111116,74.78516399277225,10.29,
2025/07/06 03:00:00,18.99,25.6,22.72,97.6,67.19,82.66,3.1389644227432916,3900470.8144196896,12244062.38611111,74.734543617846,10.11,
2025/07/06 03:15:00,18.96,25.59,22.68,97.6,67.19,82.67,3.137366971260808,3906814.79930803,12257728.780000001,74.76406748669947,10.1,
2025/07/06 03:30:00,18.93,25.58,22.65,97.6,67.19,82.69,3.1357693577023444,3915635.977714987,12279144.777777774,74.79359152519334,10.09,
2025/07/06 03:45:00,18.88,25.6,22.65,97.6,67.18,82.7,3.14175758584714,3914994.316059198,12300575.173333326,74.84395975471267,10.24,
2025/07/06 04:00:00,19.0,25.55,22.66,97.6,67.18,82.71,3.1371748702694586,3922316.2503395416,12305615.672777766,74.72441508060598,10.07,
2025/07/06 04:15:00,18.96,25.54,22.64,97.6,67.18,82.72,3.13575773223668,3923912.134005878,12305058.919999992,74.76387014443728,10.07,
2025/07/06 04:30:00,18.92,25.5,22.63,97.6,67.18,82.73,3.134339390662096,3925504.7315543676,12304491.252777774,74.8033241352481,10.07,
2025/07/06 04:45:00,18.88,25.47,22.59,97.6,67.18,82.75,3.132924252999582,3929617.87742093,12311820.069999993,74.84277705092649,10.07,
2025/07/06 05:00:00,18.84,25.45,22.58,97.6,67.18,82.76,3.1309724586810304,3932281.435463981,12312491.424444443,74.88216465977209,10.06,
2025/07/06 05:15:00,18.81,25.45,22.54,97.6,67.18,82.77,3.129915224161465,3945159.066154537,12348632.865555545,74.91175292987487,10.06,
2025/07/06 05:30:00,18.77,25.42,22.52,97.6,67.18,82.78,3.128502985696555,3958502.711989482,12384810.533333328,74.95120301116224,10.06,
2025/07/06 05:45:00,18.74,25.41,22.39,97.6,67.18,82.79,3.142567522657565,4050936.6573599363,12730960.977777775,74.98295879482295,10.36,
2025/07/06 06:00:00,18.69,25.43,22.4,97.6,67.18,82.81,3.131426756300126,4068241.0286741033,12740012.999999996,75.03083279451448,10.17,
2025/07/06 06:15:00,18.7,25.36,22.32,97.6,67.17,82.82,3.131783040308657,4070663.1298827683,12749046.444444437,75.02097128586523,10.17,
2025/07/06 06:30:00,18.69,25.33,22.29,97.6,67.17,82.83,3.1314272585088463,4071346.418622186,12749737.769999996,75.03083279451431,10.17,
2025/07/06 06:45:00,18.62,25.3,22.3,97.6,67.17,82.84,3.1200024176727768,4086530.1755065722,12750601.520555556,75.09876234906511,10.0,
2025/07/06 07:00:00,18.58,25.27,22.31,97.6,67.17,82.85,3.118600936166161,4088638.0731499335,12751455.982222216,75.13820808586608,10.0,
2025/07/06 07:15:00,18.54,25.26,22.26,97.6,67.17,82.87,3.1172045089333267,4093350.832791942,12760428.816666666,75.17765273331585,10.0,
2025/07/06 07:30:00,18.51,25.22,22.19,97.6,67.17,82.88,3.1245276236903017,4084024.344244222,12761260.056111105,75.20825932414083,10.16,
2025/07/06 07:45:00,18.51,25.21,22.16,97.6,67.17,82.89,3.1250344166169373,4083567.8748146533,12761899.479999999,75.20832824014813,10.17,
2025/07/06 08:00:00,18.55,25.17,22.23,97.6,67.17,82.9,3.116465351579585,4095050.312807301,12762712.025555559,75.16767384050168,9.98,
2025/07/06 08:15:00,18.49,25.13,22.17,97.6,67.16,82.91,3.11382994745848,4101379.7991074175,12771624.249999998,75.22678174371579,9.97,
2025/07/06 08:30:00,18.43,25.12,22.1,97.6,67.15,82.91,3.119147573134062,4094644.1652089995,12772413.573333325,75.28680479564196,10.11,
2025/07/06 08:45:00,18.48,25.07,22.07,97.6,67.14,82.9,3.114027453165765,4099377.932620994,12766191.87555556,75.23670030597698,9.98,
2025/07/06 09:00:00,18.37,25.07,22.1,97.6,67.13,82.89,3.10637135439421,4111659.6617242806,12772962.54666667,75.34477383941623,9.91,
2025/07/06 09:15:00,18.34,25.04,22.12,97.6,67.12,82.89,3.10588380626438,4117151.2244085483,12788025.292777775,75.37440791623479,9.92,
2025/07/06 09:30:00,18.34,25.04,22.03,97.6,67.11,82.88,3.1164899189419524,4105318.5159122255,12794800.259999998,75.37560647113534,10.12,
2025/07/06 09:45:00,18.43,25.05,22.11,97.6,67.1,82.87,3.1117405476052684,4113757.2170928647,12801575.227222228,75.28594523890666,9.97,
2025/07/06 10:00:00,18.43,25.04,22.13,97.63,67.1,82.87,3.118500936015389,4107067.656176689,12808533.301666675,75.31301694766506,10.13,
2025/07/06 10:15:00,18.43,25.04,22.12,97.65,67.09,82.86,3.117390986706709,4110703.962897091,12815308.268888883,75.33040231169645,10.13,
2025/07/06 10:30:00,18.43,25.02,22.11,97.68,67.08,82.85,3.1162359858707873,4114459.6985884104,12822266.343333328,75.35654534116526,10.14,
2025/07/06 10:45:00,18.43,25.04,22.13,97.71,67.07,82.85,3.1145712438430615,4121445.998742526,12837176.403333332,75.38261894736274,10.14,
2025/07/06 11:00:00,18.43,25.04,22.14,97.73,67.06,82.84,3.113971104411915,4124475.4290925064,12844138.89,75.4000676736203,10.15,
2025/07/06 11:15:00,18.43,25.04,22.21,97.76,67.05,82.83,3.0983628596231445,4147437.143352216,12850918.153333334,75.42456494035503,9.89,
2025/07/06 11:30:00,18.42,25.04,22.11,97.78,67.04,82.83,3.1056495072732093,4142518.9487564964,12865845.513888882,75.45272526335573,10.05,
2025/07/06 11:45:00,18.39,25.0,22.09,97.81,67.03,82.82,3.102938319850489,4148382.4795941133,12872812.41277777,75.5083737322265,10.05,
2025/07/06 12:00:00,18.37,24.99,22.08,97.84,67.02,82.81,3.100577966388023,4153728.4477655655,12879595.972222226,75.55415916580284,10.05,
2025/07/06 12:15:00,18.57,24.97,22.2,97.86,67.01,82.81,3.0881727600361857,4175303.3246096727,12894724.088888884,75.37258291079462,9.73,
2025/07/06 12:30:00,18.44,24.95,22.11,97.89,67.0,82.8,3.0931158360455795,4170830.0223971033,12901511.94444444,75.5277998933093,9.92,
2025/07/06 12:45:00,18.7,24.95,22.23,97.76,66.99,82.79,3.1012234732001294,4162104.606117593,12908299.800000006,75.15772107462213,9.78,
2025/07/06 13:00:00,18.39,24.94,22.2,97.5,66.98,82.79,3.1120899981443366,4119938.716722043,12822297.345,75.23804965691458,9.9,
2025/07/06 13:15:00,18.25,24.93,21.92,97.25,66.97,82.78,3.128622057993487,4099007.695456228,12824867.348333335,75.1593524943869,10.04,
2025/07/06 13:30:00,18.29,24.93,21.94,97.13,66.97,82.77,3.1382457876957686,4084727.5829605823,12819507.311111107,75.01563954532557,10.07,
2025/07/06 13:45:00,18.24,24.93,22.03,97.19,66.97,82.77,3.1219997763114393,4106860.079092781,12822259.144444441,75.1159896451393,9.86,
2025/07/06 14:00:00,18.04,24.92,21.69,96.58,66.98,82.76,3.1587342388070923,4054848.9505524775,12808776.786666667,74.78250715669205,10.05,
2025/07/06 14:15:00,18.26,24.92,21.87,97.2,66.98,82.75,3.1348095653391286,4084073.3627972463,12803406.29944444,75.10634296115244,10.1,
2025/07/06 14:30:00,18.32,24.91,21.87,97.23,66.99,82.75,3.135287776795348,4081677.442160297,12797849.337777782,75.07331715742441,10.1,
2025/07/06 14:45:00,18.29,24.91,21.94,97.25,66.99,82.74,3.127426884319292,4088517.96651606,12787168.625,75.11962933705652,9.99,
2025/07/06 15:00:00,18.36,24.91,22.05,97.27,67.0,82.73,3.129834445319255,4077609.7358624986,12762894.668333335,75.06814903006195,10.01,
2025/07/06 15:15:00,18.35,24.92,22.05,97.29,67.0,82.73,3.128366501182472,4076896.8750870475,12754675.743333336,75.09541253005344,10.01,
2025/07/06 15:30:00,18.35,24.9,22.05,97.31,67.0,82.72,3.127250831331586,4073130.915731713,12738353.54,75.11281702638561,10.01,
2025/07/06 15:45:00,18.35,24.91,22.05,97.33,67.01,82.71,3.1266627538794562,4066557.610131263,12715402.08888888,75.13027970590812,10.02,
2025/07/06 16:00:00,18.35,24.9,22.04,97.36,67.01,82.7,3.1249918757872694,4064624.8908840935,12702566.469999997,75.15638278250313,10.02,
2025/07/06 16:15:00,18.35,24.95,22.12,97.38,67.02,82.75,3.1129459523173084,4093922.9897662075,12744813.033333337,75.17270586873033,9.82,
2025/07/06 16:30:00,18.33,24.91,22.05,97.4,67.02,82.93,3.1225849100808256,4131183.9789038734,12900628.80333334,75.21095989620845,10.03,
2025/07/06 16:45:00,18.47,24.92,22.12,97.42,67.03,83.1,3.118244503261988,4181764.6890856167,13040440.746666659,75.08948745943925,9.88,
2025/07/06 17:00:00,18.43,24.92,22.12,97.44,67.03,83.27,3.115731018929787,4233345.41267426,13190648.582222218,75.14632294314862,9.88,
2025/07/06 17:15:00,18.39,24.94,22.12,97.46,67.03,83.45,3.1126635169571912,4290244.104165585,13354771.87,75.20310557445832,9.87,
2025/07/06 17:30:00,18.36,24.95,22.15,97.49,67.04,83.62,3.109382757611215,4342500.195553429,13503192.29111111,75.25872501431964,9.86,
2025/07/06 17:45:00,18.23,24.97,22.02,97.54,67.04,83.79,3.111828215565977,4389463.519978525,13659926.499999998,75.43137638855764,10.04,
2025/07/06 18:00:00,18.35,25.0,22.04,97.64,67.05,83.97,3.111520986903202,4440449.836160781,13817228.26,75.40013734906003,10.06,
2025/07/06 18:15:00,18.39,24.97,22.03,97.75,67.05,84.14,3.1083737381411614,4495668.639294209,13974905.05888889,75.45649270733388,10.09,
2025/07/06 18:30:00,18.38,24.97,22.03,97.85,67.06,84.31,3.1014267004352623,4544435.89589529,14094925.166666666,75.55311090147205,10.07,
2025/07/06 18:45:00,18.4,24.98,22.08,97.96,67.06,84.49,3.090065190961644,4561911.378111062,14097299.754999995,75.6282659751312,9.96,
2025/07/06 19:00:00,20.45,24.97,23.31,103.14,67.02,85.57,2.8584417674576206,2543499.9534615595,7271004.338888887,78.0643896489784,9.98,
2025/07/06 19:15:00,21.67,24.98,23.72,103.84,66.96,87.08,2.86277386881733,2621282.609954213,7504899.722222224,77.4552095544977,10.16,
2025/07/07 04:15:00,18.35,24.57,21.96,97.61,67.73,81.87,3.103990397045498,3575090.019796494,11097658.024444446,75.3730817298825,9.89,
2025/07/07 04:30:00,18.16,24.54,21.78,97.66,67.62,81.92,3.100632143047966,3623272.626554852,11235021.416666666,75.60448766046764,10.0,
2025/07/07 04:45:00,18.35,24.56,21.9,97.68,67.52,81.96,3.0989599614645407,3665527.389917791,11359936.768888885,75.43382624000375,9.87,
2025/07/07 05:00:00,17.99,24.51,21.65,97.63,67.41,82.0,3.0937686381772154,3678623.2758449954,11381380.168888893,75.7457112832388,9.95,
2025/07/07 05:15:00,17.97,24.47,21.63,97.58,67.3,82.05,3.097426912718774,3726513.1303627207,11543186.11111111,75.72211286097397,9.98,
2025/07/07 05:30:00,17.96,24.46,21.6,97.52,67.19,82.09,3.099864051238792,3741193.114828536,11597773.427777782,75.67972888552808,9.97,
2025/07/07 05:45:00,17.81,24.43,21.41,97.47,67.08,82.13,3.0994993268165123,3758902.61591617,11651271.041666664,75.78429615855225,10.01,
2025/07/07 06:00:00,17.82,24.41,21.4,97.42,66.98,82.18,3.1031009913938505,3828528.4156879378,11880879.022222223,75.73099229532716,10.02,
2025/07/07 06:15:00,17.81,24.4,21.52,97.37,66.87,82.22,3.093797229470975,3877756.491690835,11997589.847222216,75.6962044985354,9.8,
2025/07/07 06:30:00,17.74,24.37,21.44,97.31,66.76,82.27,3.0990560911639107,3878757.2752063023,12021076.338333327,75.71334052666886,9.88,
2025/07/07 06:45:00,17.69,24.35,21.41,97.26,66.65,82.31,3.0995465948377037,3945801.8167286348,12230794.949999996,75.71903131448317,9.87,
2025/07/07 07:00:00,17.65,24.34,21.34,97.21,66.54,82.35,3.106635523787707,3958851.9169815956,12299301.666666659,75.71547153831736,9.98,
2025/07/07 07:15:00,17.67,24.36,21.4,96.88,66.44,82.4,3.118708722355589,3964181.9122518655,12363734.97333334,75.40757881505967,9.85,
2025/07/07 07:30:00,17.56,24.28,21.16,96.51,66.33,82.44,3.142259657983961,3954610.934911508,12426998.924999997,75.19387381094731,9.99,
2025/07/17 15:00:00,14.14,23.02,19.23,96.54,68.0,84.68,3.0122928941861,2569686.391199787,7740929.460000003,78.58281575735855,9.77,
2025/07/17 15:15:00,16.72,23.05,20.42,96.64,67.95,82.47,3.0898272196242957,3812997.6812723028,11782145.099999996,76.13305527402858,9.68,
2025/07/17 15:30:00,16.13,23.1,19.75,97.67,67.91,85.84,3.0404856938871543,4774743.27832596,14518144.128888892,77.61422793057801,10.21,
2025/07/17 15:45:00,16.26,23.21,19.76,98.28,67.86,87.57,3.012287840952869,5010576.886621574,15093902.669999992,78.01660450086551,10.19,
2025/07/18 12:00:00,12.36,22.84,18.58,94.84,65.7,83.32,3.0208823596240255,2718034.9366522143,8211130.461111106,78.83587688867955,9.39,
2025/07/18 12:15:00,16.47,22.9,20.09,99.71,67.38,86.0,2.9178318537619132,4021802.5118098715,11735491.887777781,79.04671259588795,9.69,
2025/07/18 12:30:00,16.52,22.87,20.1,99.51,67.05,85.84,2.928828585855593,4084918.029627744,11964595.133333338,78.82432462764335,9.67,
2025/07/18 12:45:00,16.57,22.9,20.12,99.31,66.71,85.68,2.9392742780619563,4151581.191888984,12203218.67722223,78.60181264876115,9.64,
2025/07/18 13:00:00,16.62,22.9,20.11,99.1,66.37,85.52,2.9508707582547364,4161393.2389802597,12280321.563888881,78.37058171780762,9.62,
2025/07/18 13:15:00,16.31,22.91,19.82,99.17,66.03,85.35,2.952648609520884,4182531.5468000253,12350080.306666663,78.73784017396179,9.89,
2025/07/18 13:30:00,16.61,22.93,19.98,99.16,65.84,85.19,2.958718714185617,4167210.416358996,12330163.999999996,78.43317815690382,9.82,
2025/07/18 13:45:00,16.56,22.98,20.09,99.07,65.78,85.03,2.952397874933757,4141298.7701850203,12227327.291666666,78.40383361880004,9.65,
2025/07/19 08:00:00,17.08,23.36,20.18,102.27,66.35,90.41,2.8309882786172995,4350158.225634496,12315732.55,80.65364064142538,10.26,
2025/07/19 08:15:00,16.93,23.29,20.51,100.07,66.92,86.46,2.9174947367518973,4377304.00082205,12771364.625555549,78.9045449797706,9.78,
2025/07/19 08:30:00,17.07,23.3,20.6,100.02,67.5,86.2,2.929555099103619,4165354.416564529,12203232.494444447,78.7236755000198,9.87,
2025/07/19 08:45:00,17.04,23.29,20.5,99.96,67.67,85.94,2.9318794289020635,4059914.2054406367,11903743.389999995,78.70143971189302,9.87,
2025/07/19 09:00:00,17.03,23.25,20.48,99.91,67.6,85.68,2.937065588487594,4004235.6654724022,11761266.000000006,78.66836106523178,9.92,
2025/07/19 09:15:00,17.05,23.21,20.55,99.85,67.52,85.42,2.931170012955242,3966026.5551999426,11625676.088888891,78.59597480915262,9.75,
2025/07/19 09:30:00,16.97,23.21,20.52,99.8,67.45,85.15,2.930289663698774,3916652.143744331,11477489.283333335,78.63159045421921,9.73,
2025/07/19 09:45:00,16.98,23.28,20.5,99.74,67.38,84.89,2.9435430033704835,3851090.512267732,11336393.267222226,78.57064547521868,9.9,
2025/07/20 06:15:00,14.8,23.34,19.64,96.26,60.76,84.35,3.0348617485073532,5054171.700595769,15339290.03444444,77.68884613441669,9.48,
2025/07/20 06:30:00,16.32,23.27,20.01,98.97,65.39,86.87,2.957637297762015,4797548.641270755,14189992.300000003,78.55418374485157,9.78,
2025/07/20 06:45:00,16.8,23.26,20.27,99.43,66.12,86.72,2.9572826643748673,4538451.124916783,13422084.499999996,78.48026717950297,9.95,
2025/07/20 07:00:00,16.98,23.25,20.51,99.9,66.85,86.56,2.9210180726613855,4394310.592789961,12836476.950000003,78.70787250909508,9.66,
2025/07/20 07:15:00,16.74,23.21,20.28,99.14,67.24,86.41,2.963268573427,4211111.859342029,12479228.025,78.28766145346704,9.81,
2025/07/20 07:30:00,16.85,23.19,20.24,99.36,67.27,86.25,2.9587818348241752,4173836.4270157055,12350032.933333337,78.37002906038376,9.88,
2025/07/20 07:45:00,16.99,23.21,20.37,99.67,67.31,86.1,2.9402400622022946,4156251.244183765,12220948.147222217,78.49964750568724,9.77,
2025/07/20 08:00:00,16.89,23.2,20.38,99.7,67.34,85.96,2.9373191102920235,4120829.124612309,12104759.589999992,78.62434553023262,9.8,
2025/07/20 08:15:00,16.95,23.22,20.47,99.7,67.38,85.9,2.9285125465933333,4109183.7869396107,12034374.19555556,78.56445480704654,9.62,
2025/07/20 08:30:00,16.93,23.19,20.42,99.7,67.41,85.83,2.9396701337250284,4069665.1754301954,11964046.856666667,78.5849868621973,9.82,
2025/07/20 08:45:00,16.92,23.18,20.47,99.7,67.45,85.77,2.9382233768230255,4047750.4728784845,11893777.573333329,78.59475833975883,9.8,
2025/07/20 09:00:00,17.05,23.19,20.52,99.7,67.48,85.71,2.932709716995617,4033631.1538592726,11830055.679444438,78.46588841387684,9.64,
2025/07/20 09:15:00,16.91,23.21,20.49,99.7,67.52,85.65,2.9350389755146193,4006531.703259976,11759899.60444445,78.60440382655102,9.75,
2025/07/20 09:30:00,16.91,23.21,20.34,99.78,67.56,85.59,2.943635130866833,3971028.6615853356,11689801.584999999,78.6746890076424,9.98,
2025/07/20 09:45:00,17.04,23.23,20.5,99.93,67.59,85.53,2.923586141108178,3976514.0170016424,11626242.246666666,78.6747586698809,9.7,
2025/07/20 10:00:00,17.02,23.24,20.52,100.08,67.63,85.47,2.9160850444256043,3962673.4672636646,11556050.293333335,78.82413831412758,9.72,
2025/07/20 10:15:00,17.09,23.25,20.61,100.2,67.66,85.41,2.91045756322988,3960001.3813612666,11525987.152777776,78.85860519735772,9.7,
2025/07/20 10:30:00,17.04,23.29,20.58,100.17,67.7,85.35,2.921727110410813,3932536.9747629818,11490357.877777772,78.88290885339447,9.89,
2025/07/20 10:45:00,17.07,23.27,20.57,100.14,67.73,85.28,2.926492278371268,3913844.8886450967,11454396.524999999,78.8276198994127,9.93,
2025/07/20 11:00:00,17.12,23.3,20.68,100.12,67.77,85.22,2.92044835162184,3905766.5030250754,11407161.944444446,78.76027914087138,9.78,
2025/07/20 11:15:00,17.0,23.32,20.59,99.91,67.7,85.16,2.929929570846113,3900001.1501626964,11427281.909999995,78.69740963754526,9.81,
2025/07/20 11:30:00,17.21,23.36,20.7,100.36,67.52,85.1,2.9046919522119676,3965629.23085811,11519496.193333331,78.87823735663224,9.69,
2025/07/20 11:45:00,17.17,23.39,20.69,100.19,67.34,85.04,2.921673365518995,3974135.449684402,11611691.66666667,78.77166426016755,9.84,
2025/07/20 12:00:00,17.22,23.41,20.76,99.98,67.15,84.98,2.9339370280202304,3991312.908944796,11710846.027222222,78.54094627610633,9.83,
2025/07/20 12:15:00,17.25,23.45,20.88,100.1,67.55,85.0,2.9248110560747187,3885666.562908879,11365423.483333334,78.61469869041616,9.77,
2025/07/20 12:30:00,17.22,23.46,20.71,100.07,67.56,85.05,2.9364763104729024,3874688.2608522326,11378479.016666664,78.61935356417607,9.96,
2025/07/20 12:45:00,17.25,23.5,20.74,100.05,67.56,85.1,2.9384671930291444,3878697.422668929,11397973.375555549,78.5724841360709,9.96,
2025/07/20 13:00:00,17.26,23.53,20.74,100.03,67.57,85.15,2.9398510735368015,3881271.1712228023,11410902.580000008,78.54534589768717,9.96,
2025/07/20 13:15:00,17.25,23.57,20.76,100.0,67.58,85.19,2.941718515628982,3880979.27805138,11417288.923333332,78.52935792894357,9.97,
2025/07/20 13:30:00,17.28,23.56,20.77,99.98,67.59,85.24,2.9437126362002792,3882633.1857616627,11429901.724999994,78.48248598491821,9.97,
2025/07/20 13:45:00,17.31,23.6,20.8,99.96,67.59,85.29,2.9457103991134925,3888271.152009773,11454265.9,78.43561311343836,9.97,
2025/07/20 14:00:00,17.43,23.62,20.92,99.93,67.6,85.34,2.9406477445588624,3903270.7457250524,11478709.378888892,78.29037057159132,9.79,
2025/07/20 14:15:00,17.34,23.67,20.87,99.91,67.61,85.39,2.9482144804143546,3901477.25609791,11502939.909999998,78.36271113759094,9.95,
2025/07/20 14:30:00,17.33,23.74,20.93,99.89,67.61,85.44,2.948428653782474,3911673.741206242,11533838.70222222,78.3552432801062,9.94,
2025/07/20 14:45:00,17.41,23.72,20.89,99.86,67.62,85.49,2.9612603895086473,3902900.715352488,11558053.906666659,78.25135733664692,10.1,
2025/07/20 15:00:00,17.57,23.75,20.95,99.84,67.63,85.54,2.9573860261939626,3916267.5954868873,11582469.635000005,78.0751423769824,9.92,
2025/07/20 15:15:00,17.51,23.79,21.0,99.82,67.64,85.59,2.9571915132405038,3924707.8560703704,11606670.441666666,78.11711872732364,9.93,
2025/07/20 15:30:00,17.53,23.83,21.03,99.79,67.64,85.64,2.960004003466699,3931406.8541332674,11637538.000000002,78.07151939239284,9.94,
2025/07/20 15:45:00,17.54,23.86,21.06,99.77,67.65,85.69,2.9619630308799634,3937183.558498701,11662351.87333333,78.04442666800608,9.95,
2025/07/20 16:00:00,17.55,23.89,21.02,99.75,67.66,85.73,2.969972608519174,3934441.358187518,11685732.471111115,78.01799429832393,10.07,
2025/07/20 16:15:00,17.68,23.96,21.12,99.72,67.67,85.78,2.9707210507720117,3943429.2589872004,11715385.15888889,77.86325706467096,9.98,
2025/07/20 16:30:00,17.55,23.97,21.19,99.7,67.67,85.83,2.96209667942498,4017148.892294561,11899758.688888885,77.97368670444719,9.88,
2025/07/20 16:45:00,17.74,24.0,21.16,99.96,67.68,85.83,2.954915688599979,3995887.128447186,11808066.324999996,78.01092512448032,9.9,
2025/07/20 17:00:00,17.73,24.03,21.17,100.4,67.69,85.77,2.932314484986212,4013164.003328531,11768403.58222222,78.40067788854022,9.93,
2025/07/20 17:15:00,17.89,24.08,21.36,100.65,67.64,85.71,2.9210296402036118,4028370.6759490212,11767559.454444442,78.45801997659264,9.89,
2025/07/20 17:30:00,17.74,24.08,21.4,100.51,67.55,85.65,2.9218471624473796,4035940.496379937,11792980.588888893,78.4852245413485,9.85,
2025/07/20 17:45:00,17.77,24.11,21.29,100.24,67.47,85.59,2.956753011104307,3994628.7871232135,11811692.126666669,78.22484455949193,10.19,
2025/07/20 18:00:00,17.83,24.1,21.36,100.35,67.39,85.53,2.9477427846949165,4013186.0181468735,11830416.204444444,78.25989460477119,10.1,
2025/07/20 18:15:00,17.88,24.1,21.45,100.45,67.31,85.47,2.9329018009186787,4039948.2940750206,11849363.679999996,78.29560551813023,9.91,
2025/07/20 18:30:00,17.86,24.1,21.45,100.56,67.23,85.41,2.9268607506490976,4054693.0465290593,11868113.069999997,78.41023994012785,9.92,
2025/07/20 18:45:00,17.84,24.08,21.43,100.66,67.15,85.35,2.9207816944681175,4069628.3929476454,11887086.322222214,78.51617303413545,9.92,
2025/07/20 19:00:00,17.81,24.11,21.49,100.76,67.07,85.29,2.9236812937631576,4072010.9365759855,11905861.024444453,78.63294477512454,10.08,
2025/07/20 19:15:00,17.77,24.06,21.43,100.0,66.98,85.23,2.961612510054627,3958648.074887784,11724580.694444444,78.01667691491456,10.04,
2025/07/22 01:15:00,14.61,23.29,19.57,96.34,62.91,84.08,3.025951165803557,4870551.638580769,14738601.044444442,77.94559764871214,9.51,
2025/07/22 01:30:00,15.73,23.28,19.66,98.65,66.65,87.27,2.9694606370852488,5248110.583002214,15584638.385555547,78.85902971802132,10.05,
2025/07/22 01:45:00,16.36,23.22,19.94,98.51,66.67,87.23,2.9950687928015824,5179467.635250672,15513508.022222223,78.11680758888708,10.01,
2025/07/22 02:00:00,16.39,23.23,19.94,98.47,66.69,87.2,2.9976514091039537,5153840.988230595,15450061.07944445,78.05247683196016,10.0,
2025/07/22 02:15:00,16.42,23.19,19.9,98.43,66.71,87.16,3.001222329754845,5127744.297610519,15390141.708333334,77.9882484314847,10.01,
2025/07/22 02:30:00,16.39,23.16,19.95,98.4,66.73,87.12,3.011233311025494,5094437.887691715,15341199.249444446,77.99293070273966,10.21,
2025/07/22 02:45:00,16.27,23.16,19.84,98.36,66.74,87.08,3.000990339662679,5098118.9939943915,15300037.28,78.07531610494873,10.03,
2025/07/22 03:00:00,16.27,23.15,19.79,98.33,66.76,87.05,3.0063501158534454,5076286.926441583,15261719.80055555,78.04970666230467,10.11,
2025/07/22 03:15:00,16.36,23.15,19.9,98.29,66.78,87.01,3.004666605414051,5065042.7952108085,15219407.750555558,77.92555610552928,9.97,
2025/07/22 03:30:00,16.33,23.13,19.86,98.25,66.8,86.97,3.0062868296351204,5048234.659889645,15177078.980555555,77.92040543835246,9.98,
2025/07/22 03:45:00,16.29,23.13,19.87,98.22,66.81,86.94,3.0070456464705124,5037806.1526943855,15149551.706666661,77.93378639328083,9.99,
2025/07/22 04:00:00,16.36,23.12,19.91,98.18,66.83,86.9,3.016223133442288,5008430.269291594,15107192.980000006,77.83063142089112,10.09,
2025/07/22 04:15:00,16.34,23.09,19.87,98.15,66.85,86.86,3.02260658395856,4982219.907998035,15059938.428333336,77.82498599611748,10.21,
2025/07/22 04:30:00,16.32,23.13,19.88,98.11,66.87,86.83,3.024022843355925,4958478.511941748,14995191.737777773,77.80991445554645,10.21,
2025/07/22 04:45:00,16.25,23.07,19.81,98.08,66.89,86.79,3.015946454135996,4947849.775200829,14923081.861111114,77.85181907599497,10.05,
2025/07/22 05:00:00,16.19,23.01,19.76,98.04,66.9,86.75,3.015113846614762,4974846.700661322,15000365.997222217,77.8760178263554,10.03,
2025/07/22 05:15:00,16.13,23.04,19.73,98.0,66.92,86.72,3.017552018417006,4951072.112723558,14940741.199999994,77.90058432734702,10.08,
2025/07/22 05:30:00,16.29,22.97,19.7,98.04,66.94,86.68,3.0230758353699527,4925530.217823707,14890882.160000004,77.77811020572145,10.13,
2025/07/22 05:45:00,16.3,22.97,19.78,98.1,66.96,86.64,3.018889621357549,4903663.848723333,14804261.413333338,77.82024762105546,10.1,
2025/07/22 06:00:00,16.28,22.95,19.81,98.15,66.97,86.61,3.010388971565366,4884561.484339851,14705074.657777779,77.88280442842327,9.99,
2025/07/22 06:15:00,16.25,22.93,19.79,98.2,66.99,86.57,3.0043308431547873,4867200.875529834,14623320.824444441,77.9555533366152,9.94,
2025/07/22 06:30:00,15.84,22.9,19.47,97.76,67.06,86.53,3.019473889761269,4836563.6814519605,14604466.469999999,77.97714346596959,10.06,
2025/07/22 06:45:00,15.69,22.88,19.42,97.31,67.13,86.5,3.0327748621324533,4802188.330274442,14564541.896666668,77.7322182043539,9.95,
2025/07/22 07:00:00,15.71,22.84,19.3,97.51,67.21,86.46,3.0280532216186646,4789184.758883745,14502475.166666662,77.88736789148274,10.06,
2025/07/22 07:15:00,15.92,22.84,19.55,97.91,67.2,86.42,3.0157133940268754,4809487.824615134,14504645.283333331,78.0290947124134,10.09,
2025/07/22 07:30:00,15.83,22.82,19.43,97.94,67.16,86.39,3.0084542854669487,4834591.533184515,14545237.611666668,78.14346589245098,10.03,
2025/07/22 07:45:00,15.75,22.81,19.35,97.87,67.13,86.35,3.0061982404373553,4840013.401086001,14550617.387777776,78.16096244551545,9.96,
2025/07/22 08:00:00,15.67,22.77,19.33,97.8,67.09,86.31,3.008125205453265,4846407.28556611,14579182.578888886,78.17887090099073,9.98,
2025/07/22 08:15:00,15.58,22.77,19.22,97.73,67.06,86.28,3.0092362702423574,4841954.137760385,14571148.618888887,78.20654705248027,9.99,
2025/07/22 08:30:00,15.64,22.76,19.29,97.66,67.02,86.24,3.009687011056286,4816904.684493298,14497950.316666666,78.08606564529212,9.88,
2025/07/22 08:45:00,15.61,22.75,19.21,97.6,66.99,86.2,3.013704198016374,4817161.520636422,14518065.28944445,78.06350077167811,9.92,
2025/07/22 09:00:00,15.65,22.74,19.24,97.59,66.95,86.17,3.0241014014230876,4800586.516654889,14518035.216666665,78.01635994686566,10.11,
2025/07/22 09:15:00,15.68,22.71,19.23,97.58,66.91,86.13,3.0273377947339424,4793020.470362642,14510670.753333332,77.97835440430572,10.15,
2025/07/22 09:30:00,15.64,22.74,19.31,97.56,66.88,86.12,3.0226834235989717,4802954.859501079,14518398.180000005,77.99975088827715,10.05,
2025/07/22 09:45:00,15.56,22.71,19.19,97.55,66.84,86.12,3.017850973610029,4818575.6110632345,14542313.817777777,78.06945897354149,9.99,
2025/07/22 10:00:00,15.64,22.66,19.17,97.54,66.81,86.11,3.0187322328480213,4805536.382566122,14507202.049999997,77.98180417386395,9.94,
2025/07/22 10:15:00,15.78,22.66,19.28,97.53,66.77,86.11,3.0311261617193823,4843877.382171305,14683007.508888891,77.8361248000086,10.1,
2025/07/22 10:30:00,15.73,22.65,19.31,97.52,66.74,86.11,3.024598835079599,4832116.5905059725,14615820.743333338,77.87600479340348,9.98,
2025/07/22 10:45:00,15.68,22.69,19.26,97.51,66.7,86.11,3.0220746576296498,4871648.682676176,14723080.239999998,77.9163544124076,9.95,
2025/07/22 11:00:00,15.61,22.69,19.25,97.5,66.67,86.11,3.0216380560600125,4836558.939608555,14614918.559999997,77.97665543926071,9.98,
2025/07/22 11:15:00,15.58,22.65,19.14,97.49,66.63,86.11,3.0247207410220067,4840901.937101034,14642954.74888889,77.99784897858011,10.06,
2025/07/22 11:30:00,15.56,22.66,19.12,97.47,66.6,86.11,3.019699594579246,4855670.899752725,14663240.17277778,77.9995285283747,9.94,
2025/07/22 11:45:00,15.41,22.66,19.15,97.46,66.56,86.11,3.0138633616986925,4874294.026465876,14691033.224999998,78.13825748290546,9.91,
2025/07/22 12:00:00,15.57,22.67,19.17,97.44,66.53,86.1,3.022950863340882,4867542.6018757,14714924.363333326,77.96368130911486,9.97,
2025/07/22 12:15:00,15.58,22.7,19.23,97.43,66.49,86.1,3.0215055266937862,4884871.9731572345,14760256.34722222,77.94490675655389,9.92,
2025/07/22 12:30:00,15.7,22.76,19.34,97.42,66.46,86.1,3.034530505539106,4876376.481016438,14798115.884444444,77.8190516190242,10.11,
2025/07/22 12:45:00,15.69,22.72,19.3,97.4,66.42,86.1,3.035221828769452,4890163.604756507,14843336.053333327,77.81146011386659,10.11,
2025/07/22 13:00:00,15.65,22.77,19.36,97.39,66.39,86.1,3.0300076356584684,4922359.828895863,14915395.769999996,77.84158524333654,10.01,
2025/07/22 13:15:00,15.6,22.8,19.27,97.37,66.35,86.1,3.029365559411473,4937035.110043874,14956672.805555554,77.87334436498546,10.01,
2025/07/22 13:30:00,15.59,22.8,19.24,97.36,66.32,86.1,3.026384766803562,4949861.688499977,14980769.808888888,77.87414397073533,9.94,
2025/07/22 13:45:00,15.56,22.81,19.25,97.35,66.28,86.1,3.0272640309024172,4953489.749421239,14996105.996666659,77.89507492885156,9.97,
2025/07/22 14:00:00,15.51,22.8,19.21,97.33,66.25,86.09,3.02751898297633,4953126.586015957,14996264.604444446,77.92691855484894,9.99,
2025/07/22 14:15:00,15.53,22.83,19.23,97.32,66.21,86.09,3.0300347336047433,4954116.942342512,15011725.960000006,77.89866793377806,10.02,
2025/07/22 14:30:00,15.64,22.84,19.24,97.31,66.18,86.09,3.0324654528414534,4959902.637189683,15041314.786666662,77.78154686276496,9.98,
2025/07/22 14:45:00,15.64,22.81,19.23,97.29,66.14,86.09,3.033047468269,4951652.9500592435,15019182.383333335,77.7640643478013,9.97,
2025/07/22 15:00:00,15.63,22.8,19.25,97.28,66.14,86.09,3.033678876876638,4944665.073287213,15001114.333333336,77.7652296279324,9.98,
2025/07/22 15:15:00,15.67,22.89,19.31,97.26,66.19,86.09,3.0365107240012996,4935359.166196178,14986854.727777783,77.70848666831002,9.99,
2025/07/22 15:30:00,15.69,22.85,19.33,97.25,66.24,86.09,3.0335777769829466,4959548.316071461,15045770.666666675,77.67969116266971,9.9,
2025/07/22 15:45:00,15.61,22.86,19.31,97.24,66.29,86.09,3.0346237372309948,4945276.419400286,15007642.099999996,77.7499811631446,9.97,
2025/07/22 16:00:00,15.68,22.9,19.33,97.22,66.34,86.08,3.039365217841557,4922449.179437316,14961705.989999993,77.66381731456761,10.0,
2025/07/22 16:15:00,15.74,22.92,19.37,97.21,66.39,86.08,3.036866506136025,4913417.782582427,14921980.082777778,77.59557841149565,9.89,
2025/07/22 16:30:00,15.73,22.92,19.41,97.19,66.44,86.08,3.038504710525581,4894919.01008711,14873825.902222222,77.58806029091404,9.91,
2025/07/22 16:45:00,15.79,22.96,19.41,97.18,66.49,86.08,3.041974208735522,4873525.90080828,14825723.97166667,77.52039501969026,9.93,
2025/07/22 17:00:00,15.8,22.99,19.49,97.17,66.54,86.08,3.0512620494773084,4842940.743594191,14777674.291111102,77.50277638185567,10.12,
2025/07/22 17:15:00,15.79,23.05,19.53,97.15,66.59,86.08,3.0523761448352795,4825450.115458996,14729676.860555552,77.49522666925853,10.13,
2025/07/22 17:30:00,15.78,23.03,19.52,97.14,66.64,86.07,3.0512740033754455,4809079.01226261,14674404.952777771,77.4961784322571,10.1,
2025/07/22 17:45:00,15.77,23.03,19.46,97.12,66.69,86.07,3.0515387133107836,4790244.202331484,14618190.803333329,77.48851793496344,10.09,
2025/07/22 18:00:00,15.69,23.04,19.4,97.11,66.74,86.07,3.0445073007516914,4754940.577885373,14477008.052222218,77.55794704892975,9.98,
2025/07/22 18:15:00,15.73,23.03,19.39,97.13,66.79,86.07,3.0479266724303247,4793872.577646551,14611934.968888879,77.5363826895494,10.05,
2025/07/22 18:30:00,15.92,23.02,19.55,97.26,66.84,86.06,3.04941581615755,4760511.3676804565,14517365.719999997,77.46302337496907,10.09,
2025/07/22 18:45:00,16.01,23.06,19.6,97.39,66.89,86.06,3.0443960988377445,4739871.696642853,14430630.720000003,77.48760375280044,10.06,
2025/07/22 19:00:00,16.01,23.03,19.62,97.51,66.94,86.06,3.0344826881851694,4726783.664547479,14343929.160000002,77.5917409997035,9.98,
2025/07/22 19:15:00,15.95,23.05,19.57,97.64,66.99,86.06,3.0280100308133044,4754777.467693152,14398088.375000004,77.76425464671483,10.03,
2025/07/22 19:30:00,15.95,23.07,19.61,97.76,67.04,86.05,3.0231404550704895,4750152.956821907,14360954.532222215,77.86887551886035,10.06,
2025/07/22 19:45:00,15.76,23.04,19.54,97.82,67.09,86.05,3.009588639804659,4761702.066343281,14331327.853333328,78.10765451233418,9.97,
2025/07/22 20:00:00,15.84,23.03,19.49,97.86,67.14,86.05,3.009674560375643,4751783.481853045,14301877.779444441,78.06367499477759,9.96,
2025/07/22 20:15:00,16.13,23.06,19.67,97.89,67.19,86.05,3.0209736394466984,4717642.661688851,14252455.897777777,77.80464118833879,10.03,
2025/07/22 20:30:00,16.16,23.04,19.64,97.93,67.24,86.04,3.02220187767164,4693789.88332052,14186158.311111119,77.81016853186807,10.08,
2025/07/22 20:45:00,16.12,22.99,19.66,97.96,67.29,86.04,3.013654026202438,4695592.47356097,14151477.083333332,77.87502070384153,9.96,
2025/07/22 21:00:00,16.07,22.98,19.67,98.0,67.34,86.04,3.0099189547743688,4682461.44080236,14094415.43888889,77.95903673215076,9.96,
2025/07/22 21:15:00,16.04,22.98,19.61,98.03,67.39,86.04,3.0130120027487908,4655376.647641383,14027279.41388889,78.01528157276428,10.08,
2025/07/22 21:30:00,16.02,22.98,19.62,98.07,67.44,86.03,3.0060651593064396,4654928.86308314,13993591.51666667,78.06928124005701,9.99,
2025/07/22 21:45:00,16.0,22.98,19.61,98.1,67.49,86.03,3.007595421054017,4653646.028798506,13996855.400000004,78.11547321677665,10.07,
2025/07/22 22:00:00,16.09,22.95,19.66,98.14,67.54,86.03,3.0007997664257453,4662977.1150145605,13993243.299444439,78.06082996546891,9.91,
2025/07/22 22:15:00,16.06,22.94,19.64,98.17,67.6,86.03,2.999242455828815,4654968.6620717775,13961958.786111115,78.11653904308582,9.93,
2025/07/22 22:30:00,16.18,22.94,19.8,98.21,67.65,86.02,3.0005387142390725,4638155.162889197,13917571.24999999,78.03308610126231,9.92,
2025/07/22 22:45:00,16.1,22.93,19.67,98.24,67.71,86.02,3.0035959955899805,4615405.605232466,13863397.17277778,78.138699361888,10.07,
2025/07/22 23:00:00,16.27,22.91,19.68,98.28,67.76,86.02,3.0046969420160616,4598150.185691715,13816634.932222215,78.00577021040225,10.02,
2025/07/22 23:15:00,16.06,22.91,19.7,98.3,67.82,86.01,2.999163012540479,4586087.0529305,13755009.19222223,78.23022227818103,10.07,
2025/07/22 23:30:00,16.09,22.89,19.61,98.3,67.87,86.01,2.9977841347459226,4572708.371996456,13708564.283333331,78.20041199197291,10.02,
2025/07/22 23:45:00,16.17,22.9,19.68,98.3,67.93,86.01,2.99398883109842,4560413.06847911,13654404.719999999,78.12099531491027,9.89,
2025/07/23 00:00:00,16.16,22.89,19.67,98.68,68.11,86.1,2.975243287661157,4533658.569629516,13489303.776666662,78.46091719563654,9.92,
2025/07/23 00:15:00,16.13,22.87,19.77,98.8,68.18,86.11,2.972494191442234,4539097.9941246845,13493030.24666666,78.59503175663264,10.01,
2025/07/23 00:30:00,16.16,22.85,19.69,98.92,68.26,86.11,2.9720278143096714,4520743.826611919,13436350.49166666,78.67011254708243,10.11,
2025/07/23 00:45:00,16.32,22.85,19.73,99.03,68.33,86.11,2.9654797590892708,4512330.152945145,13381800.91111111,78.6071662471461,9.99,
2025/07/23 01:00:00,16.4,22.83,19.83,99.15,68.4,86.11,2.9559676197890705,4508395.472869858,13327265.96055555,78.63176983679338,9.88,
2025/07/23 01:15:00,16.41,22.83,19.86,99.26,68.48,86.06,2.9612347691759116,4451071.706181533,13181264.249999996,78.71831275342996,10.09,
2025/07/23 01:30:00,16.45,22.81,19.87,99.38,68.55,86.02,2.9566947924836002,4453267.370341487,13167552.456666665,78.78286217986367,10.1,
2025/07/23 01:45:00,16.5,22.85,19.87,99.5,68.62,85.97,2.9524635871987126,4425608.111731084,13067032.977777772,78.83751181843803,10.11,
2025/07/23 02:00:00,16.63,22.8,20.02,99.58,68.7,85.93,2.933015374954018,4420650.360221269,12966452.772777777,78.77673769188306,9.75,
2025/07/23 02:15:00,16.48,22.8,19.96,99.44,68.77,85.88,2.9519769419024406,4358302.297895038,12866213.353888886,78.80493880152103,10.05,
2025/07/23 02:30:00,16.49,22.78,19.94,99.3,68.85,85.84,2.9601565419099893,4312444.230721457,12766113.26833334,78.67393204447934,10.06,
2025/07/23 02:45:00,16.48,22.78,20.02,99.16,68.92,85.79,2.9568458216421147,4302672.749468503,12722957.555000003,78.5614944145645,9.86,
2025/07/23 03:00:00,15.97,22.79,19.62,98.51,68.37,85.75,2.980060801531876,4406164.041754598,13131198.299999995,78.50068278399615,9.96,
2025/07/23 03:15:00,16.51,22.74,19.78,99.7,68.05,85.7,2.9371704076096967,4540573.999820849,13337037.175000004,79.00010274113167,10.01,
2025/07/23 03:30:00,16.42,22.73,19.86,99.61,68.9,85.65,2.944688639624289,4298563.215595916,12658517.513888888,79.0116165693935,10.12,
2025/07/23 03:45:00,16.49,22.71,19.87,99.52,69.49,85.6,2.942906297475861,4137330.1342930896,12176345.224999998,78.86377325984922,9.95,
2025/07/23 04:00:00,16.45,22.67,19.86,99.44,69.35,85.55,2.945892432780559,4156798.691252779,12246062.400000002,78.83396517252963,9.95,
2025/07/23 04:15:00,16.4,22.66,19.86,99.35,69.21,85.5,2.948566209203156,4176549.7036470287,12315420.095000004,78.80528291438318,9.94,
2025/07/23 04:30:00,16.36,22.66,19.84,99.26,69.07,85.45,2.952066218486101,4194195.5330007644,12382129.760000005,78.76676834961474,9.94,
2025/07/23 04:45:00,16.32,22.64,19.77,99.18,68.94,85.4,2.9611016528767715,4201434.756286285,12441457.428888895,78.73753266076847,10.06,
2025/07/23 05:00:00,16.14,22.59,19.67,99.09,68.8,85.36,2.9541407444802874,4236468.450030882,12515697.48,78.83627467291687,9.94,
2025/07/23 05:15:00,16.31,22.56,19.77,99.0,68.66,85.31,2.954627087711131,4258389.894292819,12582557.625000002,78.58996366692236,9.76,
2025/07/23 05:30:00,16.19,22.54,19.69,98.91,68.52,85.26,2.963600369937201,4296124.116295859,12732595.590000005,78.63082481372851,9.91,
2025/07/23 05:45:00,15.9,22.54,19.45,98.75,68.39,85.21,2.9687444886879666,4597448.0971052945,13649244.04555555,78.77830329784908,10.03,
2025/07/23 06:00:00,15.88,22.53,19.37,98.56,68.25,85.16,2.9774786245820923,4629396.3019897435,13784519.06333333,78.63302861693506,10.02,
2025/07/23 06:15:00,15.86,22.51,19.34,98.38,68.11,85.11,2.986635387368171,4649547.165807278,13887097.888888886,78.49644460598377,10.03,
2025/07/23 06:30:00,15.77,22.49,19.33,98.2,67.97,85.06,2.9934922207194212,4635415.754781136,13876680.28388889,78.42868149518931,10.04,
2025/07/23 06:45:00,15.74,22.49,19.28,98.02,67.84,85.01,3.005408402672157,4616960.979626784,13876446.784444446,78.30212632149984,10.12,
2025/07/23 07:00:00,15.83,22.46,19.27,97.83,67.7,84.96,3.011362345580724,4647688.807810882,13996479.199999992,78.04745929366952,9.97,
2025/07/23 07:15:00,15.64,22.45,19.17,97.65,67.56,84.91,3.0166982874511126,4680091.8669572715,14119019.383333327,78.07798962620556,10.02,
2025/07/23 07:30:00,15.59,22.41,19.08,97.47,67.42,84.86,3.0273820127328626,4690578.2831791695,14200764.159999998,77.97073910891007,10.09,
2025/07/23 07:45:00,15.39,22.39,18.97,97.29,67.29,84.81,3.0285909836510445,4697054.210254181,14226033.653333329,78.01041533514238,10.06,
2025/07/23 08:00:00,15.27,22.37,18.91,97.08,66.51,84.76,3.0339988077506983,4891169.343276446,14840399.138888888,77.9450902784378,10.03,
2025/07/23 08:15:00,13.72,22.36,18.2,95.72,64.17,85.09,3.0464224614472646,5594131.476388471,17042661.631111108,78.27713442754018,9.96,
2025/07/23 08:30:00,13.05,22.38,18.03,96.3,65.53,85.48,2.997809019087398,5420342.65629774,16249662.916666668,79.44331429105092,10.03,
2025/07/23 08:45:00,14.33,22.37,18.51,97.65,66.31,85.87,2.9736855098364194,5339984.855394438,15879991.379999999,79.36635547617719,10.02,
2025/07/23 09:00:00,14.55,22.36,18.59,97.53,66.41,86.13,2.9855867247636088,5392798.651231869,16101248.533333333,79.04534854969081,9.99,
2025/07/23 09:15:00,14.67,22.36,18.65,97.42,66.5,86.1,2.9950436065291415,5315092.8068585545,15919520.711111106,78.83145797356333,9.99,
2025/07/23 09:30:00,15.01,22.35,18.77,97.46,66.6,86.07,3.0068024765873322,5246101.465862444,15774596.16333333,78.53230796164108,10.05,
2025/07/23 09:45:00,15.1,22.35,18.75,97.54,66.7,86.04,3.0018110292234796,5218019.697125487,15664105.294444446,78.513119812864,9.96,
2025/07/23 10:00:00,15.15,22.37,18.78,97.62,66.79,86.01,3.0011501772768887,5175556.6098544635,15533215.328888886,78.53382899450807,10.0,
2025/07/23 10:15:00,15.14,22.35,18.83,97.69,66.89,85.98,3.0019914698490067,5178015.892536561,15544964.728333334,78.60518665057064,10.11,
2025/07/23 10:30:00,15.21,22.33,18.81,97.77,66.98,85.95,2.9959178383287877,5133916.926088481,15381390.297777776,78.60550883391826,10.01,
2025/07/23 10:45:00,15.33,22.36,18.86,97.85,67.08,85.92,2.996210408481562,5097286.444506949,15273138.980000002,78.5571505943581,10.02,
2025/07/23 11:00:00,15.39,22.4,18.86,97.93,67.18,85.89,2.9940827339608576,5070792.645140084,15182958.150555551,78.56774481439258,10.02,
2025/07/23 11:15:00,15.48,22.41,19.07,97.99,67.27,85.86,2.9957382604486065,5044624.40211465,15112992.497777779,78.53159080743866,10.06,
2025/07/23 11:30:00,15.36,22.46,18.95,97.91,67.37,85.83,2.9959020911088845,5018169.110833766,15034528.556666661,78.58005649566105,10.06,
2025/07/23 11:45:00,15.36,22.45,18.93,97.82,67.46,85.8,3.0039459428042354,4981200.552038126,14963840.34444445,78.5021393438761,10.14,
2025/07/23 12:00:00,15.38,22.48,18.94,97.74,67.56,85.77,3.0078363452901287,4948422.961251359,14884624.351666661,78.41269776647084,10.12,
2025/07/23 12:15:00,15.39,22.49,19.01,97.78,67.66,85.75,3.0026492285792235,4874148.7650334835,14635935.6,78.43727392553681,10.04,
2025/07/23 12:30:00,15.46,22.47,18.98,97.92,67.64,85.72,2.998672600449759,4895346.615924301,14680117.271111108,78.49036184343865,10.06,
2025/07/23 12:45:00,15.59,22.5,19.09,97.92,67.55,85.69,2.997908364002898,4910451.207890266,14721673.205555556,78.36189843978266,9.95,
2025/07/23 13:00:00,15.5,22.51,19.08,97.71,67.46,85.66,3.0098679904839365,4954085.422051928,14911741.28888889,78.26809351047234,10.04,
2025/07/23 13:15:00,15.55,22.56,19.18,97.5,67.36,85.63,3.0214333078106512,4904533.24406909,14819326.829999996,78.03587817188647,10.02,
2025/07/23 13:30:00,15.49,22.55,19.07,97.34,67.27,85.6,3.030260124269366,4894091.242773714,14830961.859999998,77.9557516492264,10.08,
2025/07/23 13:45:00,15.48,22.58,19.07,97.18,67.18,85.57,3.0381269388785768,4894375.993922546,14870326.661666654,77.82605997906258,10.08,
2025/07/23 14:00:00,15.47,22.61,19.09,97.02,67.09,85.54,3.0464116171387827,4909296.322290076,14956332.600000001,77.69634608034951,10.09,
2025/07/23 14:15:00,15.09,22.67,18.97,96.87,66.32,85.51,3.039019725198505,5141725.455173694,15626394.611666676,77.93877606658694,10.04,
2025/07/23 14:30:00,14.51,22.69,18.77,95.91,65.34,85.48,3.064403697574112,5333566.5839594975,16344790.427777776,77.66835371467839,9.96,
2025/07/23 14:45:00,14.86,22.7,18.97,97.74,66.2,86.43,2.9914626311760144,5470125.835024068,16364275.14944445,78.92427788478228,10.14,
2025/07/23 15:00:00,14.53,22.73,18.85,95.4,63.26,84.24,3.08612945875372,5509955.7774872,17005062.763333328,77.20092280550236,9.84,
2025/07/23 15:15:00,11.42,22.75,17.98,93.77,62.19,85.96,3.057169247842612,6314511.393636965,19305099.983888887,78.81074762060355,9.9,
2025/07/23 15:30:00,14.26,22.76,18.76,98.55,67.06,87.67,2.933434741388628,5717398.20910013,16772169.534999996,80.21941995868586,10.18,
2025/07/23 15:45:00,14.86,22.82,19.01,97.4,66.89,87.31,3.0081377390998534,5535033.393803711,16650743.67,78.62788077080349,10.13,
2025/07/23 16:00:00,15.31,22.85,19.21,97.27,66.67,86.96,3.028610333744084,5411891.38819738,16391135.597222216,78.07185836559592,10.1,
2025/07/23 16:15:00,15.54,22.89,19.3,97.15,66.45,86.61,3.0382468525111364,5431421.249635948,16502640.0,77.74048345031022,10.0,
2025/07/23 16:30:00,15.11,22.89,19.04,96.72,68.09,86.25,3.052521414399373,4824823.874437282,14728415.777777774,77.78873034164555,10.17,
2025/07/23 16:45:00,16.15,22.9,19.63,99.06,68.6,86.95,2.9700266172751983,5025544.578522046,14926616.863888893,78.80209138256592,10.23,
2025/07/23 17:00:00,16.33,22.94,19.76,99.01,68.61,86.94,2.973244948985627,5029515.546590021,14954617.05833333,78.58071184799887,10.12,
2025/07/23 17:15:00,16.61,22.95,19.89,98.96,68.62,86.93,2.991463988655699,5001591.932844297,14962748.9,78.26237934359223,10.26,
2025/07/23 17:30:00,16.59,23.04,20.01,98.91,68.63,86.93,2.988270052723952,5002281.593871741,14948839.950000009,78.23801472911495,10.15,
2025/07/23 17:45:00,16.41,22.98,19.96,98.86,68.64,86.92,2.9831695507514855,5003436.8577682795,14926771.639999999,78.37178096526478,10.11,
2025/07/23 18:00:00,16.51,22.98,19.9,98.81,68.65,86.92,2.9978441947654617,4974313.22796979,14912878.364999996,78.23114140071759,10.3,
2025/07/23 18:15:00,16.6,23.03,20.05,98.76,68.66,86.91,2.9875898442337196,4988115.009623554,14903122.36111111,78.09705863985769,9.97,
2025/07/23 18:30:00,16.53,23.02,20.02,98.71,68.67,86.91,2.9958753928318527,4974280.74186774,14903004.159999995,78.1235712950569,10.13,
2025/07/23 18:45:00,16.48,23.02,19.98,98.66,68.68,86.9,2.9963993050372935,4970643.410063427,14894702.215555554,78.12939455139134,10.12,
2025/07/23 19:00:00,16.36,22.98,19.85,98.61,68.69,86.89,3.001987812306935,4961229.089940147,14894201.544444447,78.20518972274387,10.27,
2025/07/23 19:15:00,16.25,22.95,19.72,98.53,68.7,86.89,2.9952518482900246,4966347.67323123,14876091.229999999,78.24308142516338,10.11,
2025/07/23 19:30:00,16.2,23.0,19.73,98.44,68.64,86.88,2.999704987679149,4969289.976561795,14907028.106666662,78.21436208177361,10.14,
2025/07/23 19:45:00,16.08,23.02,19.65,98.36,68.51,86.88,3.001738713267449,4997911.682288142,15003035.159444436,78.2632969970055,10.18,
2025/07/23 20:00:00,16.17,23.04,19.65,98.28,68.38,86.87,3.0101934765054272,5013079.004624223,15090950.428888896,78.10535929497253,10.21,
2025/07/23 20:15:00,16.13,23.05,19.7,98.2,68.25,86.87,3.009432181832708,5046223.438029279,15186890.950000003,78.07473936110887,10.13,
2025/07/23 20:30:00,16.16,23.08,19.71,98.11,68.12,86.86,3.019114465319737,5058998.186771251,15274321.223333329,77.96752494781114,10.22,
2025/07/23 20:45:00,16.15,23.08,19.7,98.03,67.98,86.85,3.0184847963495054,5091744.52536354,15369981.916666659,77.90720678953599,10.12,
2025/07/23 21:00:00,16.03,23.06,19.57,97.95,67.85,86.85,3.0191012371035226,5122348.300761014,15465500.72222222,77.95583294392654,10.13,
2025/07/23 21:15:00,15.97,23.07,19.58,97.86,67.72,86.84,3.020873231071669,5148148.745408687,15552521.355555559,77.93648635831804,10.11,
2025/07/23 21:30:00,16.02,23.08,19.57,97.78,67.59,86.84,3.0310659458531077,5162256.6576861525,15647760.333333332,77.81824756862066,10.21,
2025/07/23 21:45:00,16.06,23.11,19.64,97.7,67.46,86.83,3.033962155776394,5185991.733226862,15734734.17388889,77.70888063086426,10.15,
2025/07/23 22:00:00,16.04,23.11,19.62,97.61,67.33,86.83,3.0379562433117036,5210431.171694172,15829694.833333332,77.65021069904455,10.15,
2025/07/23 22:15:00,16.02,23.09,19.58,97.74,67.2,86.82,3.0339830621412864,5245758.337128741,15916173.459999992,77.78355901864619,10.23,
2025/07/23 22:30:00,16.08,23.11,19.63,97.91,67.07,86.81,3.024619473740724,5290619.2613311615,16002747.530000009,77.87205313795049,10.17,
2025/07/23 22:45:00,16.07,23.11,19.66,98.08,66.94,86.81,3.010944938376356,5346045.77677668,16097291.931111112,78.02916553023772,10.07,
2025/07/23 23:00:00,16.96,23.13,20.11,100.59,66.81,87.15,2.9079002880592224,4526415.704681566,13162934.950000003,79.32541206565892,10.09,
2025/07/23 23:15:00,16.95,23.08,20.37,100.29,66.68,86.89,2.9125995424931728,4434859.584597315,12917594.262222217,79.07529212911815,9.89,
2025/07/23 23:30:00,16.93,23.07,20.45,100.0,66.54,86.06,2.9165353904996834,4263127.376169487,12434184.69333333,78.84374548452087,9.7,
2025/07/23 23:45:00,16.87,23.04,20.35,100.37,66.73,85.05,2.9042338620769765,3972741.5690062772,11538329.879999995,79.22311240312075,9.86,
2025/07/25 00:00:00,17.4,23.22,20.22,103.81,69.94,91.72,2.7694878729604304,3925931.3526844634,10873258.440000001,81.65873291549937,10.49,
2025/07/25 00:15:00,16.86,23.21,20.48,99.43,69.84,85.23,2.9729104821428645,4201865.683358643,12492388.755,78.42275831318246,10.22,
2025/07/25 00:30:00,16.88,23.21,20.28,99.54,69.74,85.27,2.964790820593381,4259014.917354504,12627668.185,78.4978147790165,10.16,
2025/07/25 00:45:00,16.94,23.15,20.34,99.64,69.64,85.32,2.960370208608783,4311054.122972462,12762925.902222216,78.52501885727185,10.14,
2025/07/25 01:00:00,16.83,23.14,20.32,99.22,69.54,85.37,2.9751221967278623,4334543.82332584,12896416.06,78.26951239140355,10.06,
2025/07/25 01:15:00,16.41,23.14,20.0,98.68,69.38,85.41,2.995432246414354,4355713.565635387,13047812.641111111,78.21601877398118,10.17,
2025/07/25 01:30:00,16.49,23.15,19.91,98.46,69.46,85.46,3.01049434349782,4321927.042763602,13011689.777777776,77.94639763890514,10.19,
2025/07/25 01:45:00,16.55,23.13,19.95,98.53,69.55,85.51,3.0035996832786696,4317128.687894265,12967485.813333338,77.9473806069583,10.08,
2025/07/25 02:00:00,16.48,23.13,19.96,98.61,69.63,85.55,2.9975931728213387,4311114.561935623,12923525.217777777,78.08583095039747,10.09,
2025/07/25 02:15:00,16.55,23.12,19.93,98.69,69.71,85.6,2.9961440984375622,4301193.696151199,12887548.306111112,78.08633450929314,10.1,
2025/07/25 02:30:00,16.49,23.1,19.94,98.77,69.8,85.64,2.9904760450895735,4292217.935174207,12836328.560000002,78.2149058792955,10.11,
2025/07/25 02:45:00,16.42,23.09,19.92,98.84,69.88,85.69,2.985503065244374,4293808.198177792,12819727.341666667,78.34470553213812,10.13,
2025/07/25 03:00:00,16.38,23.09,19.94,98.92,69.97,85.74,2.9736614967532518,4302524.462558504,12794800.259999998,78.45274245600189,10.0,
2025/07/25 03:15:00,16.38,23.07,19.92,99.0,70.05,85.78,2.9699593170343292,4299544.048070263,12770017.736666668,78.52214736909832,10.01,
2025/07/25 03:30:00,16.38,23.05,19.92,99.08,70.14,85.83,2.9657553469637663,4297268.866770089,12745196.199999997,78.59148193229277,10.01,
2025/07/25 03:45:00,16.39,23.04,19.83,99.15,70.22,85.87,2.968321295783609,4285183.5476624165,12720335.650000002,78.64297562591865,10.13,
2025/07/25 04:00:00,16.54,23.06,19.97,99.23,70.31,85.92,2.960834988850022,4259261.208342795,12611517.593888888,78.56353133684573,9.97,
2025/07/25 04:15:00,16.69,22.99,20.05,99.99,70.39,85.97,2.9370915823975685,4032672.236948937,11844862.05222222,79.07450531861764,10.2,
2025/07/25 04:30:00,17.39,22.99,20.71,101.19,70.38,86.01,2.8627131574664877,3820475.4053459726,10937537.086666672,79.41566601139657,9.66,
2025/07/25 04:45:00,17.21,22.98,20.74,101.05,70.23,86.04,2.8721162636516535,3833281.9094788106,11010261.423333332,79.47333594909193,9.77,
2025/07/25 05:00:00,17.02,22.95,20.6,100.91,70.07,86.02,2.873063917329343,3870988.492826433,11122204.37777778,79.54020745679615,9.75,
2025/07/25 05:15:00,17.09,22.93,20.61,100.77,69.92,85.99,2.884440547509856,3889770.7280592946,11220436.467777774,79.350612867433,9.78,
2025/07/25 05:30:00,17.11,22.91,20.56,100.64,69.76,85.97,2.8932377157217917,3916803.398573391,11332868.482222218,79.21890391360252,9.8,
2025/07/25 05:45:00,17.04,22.9,20.61,100.5,69.61,85.94,2.8981515372956985,3944205.2795866104,11431553.405555554,79.16720439980409,9.79,
2025/07/25 06:00:00,17.02,22.89,20.57,100.36,69.46,85.92,2.903930123545963,3972828.6409209482,11537465.084444448,79.06606531338603,9.77,
2025/07/25 06:15:00,17.01,22.85,20.42,100.22,69.3,85.9,2.91000512975813,4003430.6293132156,11650630.688888894,78.95501162358674,9.75,
2025/07/25 06:30:00,16.77,22.82,20.26,100.09,69.15,85.87,2.9156586127427997,4029756.018413826,11749994.86222222,79.07996799606256,9.85,
2025/07/25 06:45:00,16.7,22.8,20.16,99.95,69.0,85.85,2.928159970241342,4048498.2752830265,11855243.43055555,79.028722644083,9.98,
2025/07/25 07:00:00,16.65,22.78,20.11,99.81,68.84,85.83,2.9418194058083533,4056476.8926967755,11934016.69166666,78.9579067750245,10.13,
2025/07/25 07:15:00,16.59,22.75,20.03,99.69,68.7,85.8,2.932657394045725,4088729.8722676043,11991427.249999996,78.91185514047046,9.87,
2025/07/25 07:30:00,16.5,22.75,19.94,99.61,68.58,85.78,2.930309210689792,4109195.9714869987,12041781.155555554,78.93107472682618,9.8,
2025/07/25 07:45:00,16.4,22.73,19.89,99.54,68.45,85.76,2.930440292118238,4128434.45269783,12098693.713333335,78.96905271144013,9.79,
2025/07/25 08:00:00,16.33,22.72,19.81,99.47,68.33,85.73,2.943708120537061,4124335.5229918836,12141395.200000005,78.9785319308305,10.01,
2025/07/25 08:15:00,16.27,22.68,19.68,99.39,68.21,85.71,2.942451297563152,4142910.876714519,12190853.888888888,78.96804466559517,9.94,
2025/07/25 08:30:00,16.36,22.68,19.8,99.32,68.08,85.68,2.9392177795466563,4163652.4564312594,12238445.511111116,78.81792032758337,9.76,
2025/07/25 08:45:00,16.29,22.68,19.76,99.25,67.96,85.66,2.942984273108138,4176296.6429979233,12291335.283333335,78.82645291891956,9.8,
2025/07/25 09:00:00,16.3,22.66,19.77,99.19,67.83,85.64,2.948619657694513,4226967.505938185,12464294.858888889,78.76479478070588,9.84,
2025/07/25 09:15:00,16.35,22.63,19.81,99.18,67.71,85.61,2.9485236137697552,4251492.228761418,12536218.261111114,78.70668347665608,9.8,
2025/07/25 09:30:00,16.36,22.67,19.81,99.17,67.59,85.59,2.9578388243176184,4251182.838078696,12574903.0,78.68890926678695,9.96,
2025/07/25 09:45:00,16.41,22.63,19.85,99.15,67.46,85.57,2.9530484839438222,4283454.462338965,12649857.134444442,78.62164475557054,9.82,
2025/07/25 10:00:00,16.38,22.65,19.85,99.14,67.34,85.54,2.9526511832510183,4304678.298211054,12710820.344444444,78.64254787436198,9.82,
2025/07/25 10:15:00,16.35,22.66,19.85,99.12,67.21,85.52,2.9533208048271207,4329066.479861445,12785730.588888887,78.6548284379023,9.83,
2025/07/25 10:30:00,16.32,22.64,19.77,99.11,67.09,85.49,2.952385103861721,4351077.290040924,12846654.088888884,78.67568545106411,9.82,
2025/07/25 10:45:00,16.29,22.64,19.71,98.74,66.97,85.47,2.9756938402046997,4339809.172937678,12914539.61111111,78.38485918328823,9.91,
2025/07/25 11:00:00,15.76,22.69,19.39,97.18,64.8,85.46,3.0347839059429624,4751373.4895504685,14420000.515555551,77.54939046700586,9.8,
2025/07/25 11:15:00,15.91,22.7,19.5,98.11,65.67,85.47,2.991024392117723,4619825.470501276,13818599.299999999,78.21152580230935,9.8,
2025/07/25 11:30:00,16.29,22.72,19.67,99.2,66.53,85.48,2.9601021354728694,4474520.140939765,13245619.413888887,78.78453734071886,10.08,
2025/07/25 11:45:00,16.41,22.73,19.83,99.18,67.4,85.49,2.9562743964286975,4278041.820134614,12647649.629999993,78.64804681744417,9.91,
2025/07/25 12:00:00,16.4,22.76,19.82,99.16,67.88,85.49,2.956494247882904,4164497.811300585,12312874.82333333,78.64052786732063,9.9,
2025/07/25 12:15:00,16.39,22.78,19.86,99.14,67.79,85.5,2.9567102573508866,4188186.712179006,12383822.776111105,78.63300830512371,9.89,
2025/07/25 12:30:00,16.49,22.79,20.01,99.12,67.7,85.51,2.9498761215981086,4221864.557627385,12454575.546111112,78.51629085024508,9.69,
2025/07/25 12:45:00,16.67,22.81,20.06,99.11,67.62,85.52,2.9559298317441063,4234857.741875123,12518551.955555549,78.33019701926726,9.69,
2025/07/27 04:15:00,21.28,22.8,22.19,102.22,71.4,88.05,2.923808935963079,2135972.324526442,6246524.074999996,76.45439215635,9.81,
2025/07/27 04:30:00,20.7,22.77,22.3,100.87,71.66,85.86,2.9556079689128407,1677414.8439217447,4959193.800000002,75.86791652709171,9.39,
2025/07/27 04:45:00,15.88,22.76,21.04,100.42,70.69,84.56,2.85415038041133,3163642.3438982735,9030177.542222224,80.24152044006371,9.54,
2025/07/27 05:00:00,16.62,22.73,20.21,100.48,69.42,84.74,2.891565941489869,3585185.010002875,10367331.67555555,79.564713176125,9.87,
2025/07/27 05:15:00,16.73,22.75,20.22,100.54,69.3,84.93,2.8938523946664483,3678483.221897683,10645533.085000005,79.50816443466148,9.91,
2025/07/27 05:30:00,16.78,22.71,20.23,100.58,69.18,85.11,2.8821462132091815,3764953.9307299536,10851711.584999993,79.49245342786608,9.72,
2025/07/27 05:45:00,16.64,22.69,20.06,100.04,69.06,85.3,2.913883877021715,3797070.24067603,11064773.035555553,79.16494720510461,9.84,
2025/07/27 06:00:00,16.55,22.66,19.97,99.85,68.95,85.48,2.9272946955149526,3847827.505419745,11264277.585,79.09004412045392,9.95,
2025/07/27 06:15:00,16.43,22.65,19.86,99.78,68.83,85.66,2.920293246665262,3927730.4016548647,11470665.084999997,79.14721211490433,9.82,
2025/07/27 06:30:00,16.41,22.67,19.84,99.71,68.71,85.85,2.9320069012966994,3984708.8725452493,11683740.004444443,79.10717430159772,9.98,
2025/07/27 06:45:00,16.45,22.58,19.82,99.63,68.6,86.0,2.9288429636102915,4050208.8470891668,11862993.266666671,78.99775869112953,9.82,
2025/07/27 07:00:00,16.44,22.57,19.73,99.56,68.48,86.02,2.941346608877944,4066137.4157184265,11960479.22666666,78.94788694723303,9.99,
2025/07/27 07:15:00,16.41,22.57,19.79,99.49,68.36,86.04,2.9361400240065696,4106555.774597081,12057997.697777782,78.91614165057197,9.84,
2025/07/27 07:30:00,16.39,22.56,19.7,99.42,68.24,86.06,2.9440464468830303,4128665.50784879,12155548.680000003,78.87569276132773,9.93,
2025/07/27 07:45:00,16.49,22.56,19.78,99.35,68.13,86.08,2.941584514862834,4142138.946680455,12185034.400000002,78.7157524924469,9.76,
2025/07/27 08:00:00,16.4,22.56,19.74,99.28,68.01,86.1,2.953812152360922,4131354.689163103,12203824.544999992,78.74482072960237,9.97,
2025/07/27 08:15:00,16.31,22.57,19.73,99.21,67.89,86.13,2.9521031640455444,4141911.9452984305,12227926.77333333,78.77263627900317,9.92,
2025/07/27 08:30:00,16.35,22.6,19.79,99.63,67.78,86.15,2.926370049895386,4242078.304621566,12414473.555000003,79.09638748558316,9.83,
2025/07/27 08:45:00,16.23,22.6,19.71,98.73,67.66,86.17,2.9691046573092916,4243577.189663298,12600212.551666671,78.43485352079826,9.81,
2025/07/27 09:00:00,16.31,22.54,19.73,99.62,67.54,86.19,2.919558897395814,4407640.653260495,12868968.322222216,79.12671828908373,9.72,
2025/07/27 09:15:00,16.29,22.52,19.68,99.66,67.42,86.21,2.9240645355588644,4367633.439928334,12771834.411111107,79.18157838984465,9.85,
2025/07/27 09:30:00,16.33,22.5,19.72,99.69,67.31,86.23,2.927454523234071,4373168.716890354,12802860.228888892,79.16843071774422,9.92,
2025/07/27 09:45:00,16.04,22.45,19.51,98.64,67.28,86.26,2.9673496823443406,4329621.391176771,12848089.222222224,78.54388779676034,9.8,
2025/07/27 10:00:00,16.16,22.45,19.51,98.77,67.32,86.28,2.963207150431552,4332665.986314025,12839173.74666667,78.53839736719826,9.78,
2025/07/27 10:15:00,16.1,22.46,19.48,98.89,67.37,86.3,2.96131675662485,4330207.6180646,12823694.16166666,78.70210281353022,9.9,
2025/07/27 10:30:00,16.11,22.46,19.54,99.02,67.42,86.32,2.9484905300573048,4343712.345535774,12807979.799999993,78.804452694089,9.78,
2025/07/27 10:45:00,16.19,22.43,19.51,99.14,67.47,86.34,2.9478587433198196,4339307.86816753,12792250.808333335,78.8298747228913,9.84,
2025/07/27 11:00:00,16.28,22.44,19.57,99.26,67.52,86.36,2.948543905938877,4332956.796740106,12776507.18666667,78.84551182623014,9.92,
2025/07/27 11:15:00,16.25,22.45,19.6,99.39,67.56,86.38,2.9316125467138225,4354995.375349406,12767751.479999997,78.98691314725653,9.75,
2025/07/27 11:30:00,16.25,22.46,19.58,99.51,67.61,86.41,2.9296752493663165,4354811.012900229,12758767.266666662,79.09112203241068,9.83,
2025/07/27 11:45:00,16.46,22.48,19.78,99.6,67.63,86.42,2.924538330005379,4360947.530737848,12754380.588888891,78.96149701376478,9.71,
2025/07/27 12:00:00,16.46,22.48,19.78,99.6,67.63,86.42,2.9245383300053347,4360947.530737914,12754380.588888891,78.96149701376433,9.71,
2025/07/27 12:15:00,16.46,22.48,19.78,99.6,67.63,86.42,2.9245383300053502,4360947.530737891,12754380.588888891,78.96149701376422,9.71,
2025/07/27 12:30:00,16.46,22.48,19.78,99.6,67.63,86.42,2.924538330005356,4360947.5307378825,12754380.588888891,78.96149701376416,9.71,
2025/07/27 12:45:00,16.46,22.48,19.78,99.6,67.63,86.42,2.9245383300053347,4360947.530737914,12754380.588888891,78.96149701376433,9.71,
2025/07/27 13:00:00,16.46,22.48,19.78,99.6,67.63,86.42,2.9245383300053582,4360947.530737879,12754380.588888891,78.9614970137645,9.71,
2025/07/27 13:15:00,16.46,22.48,19.78,99.6,67.63,86.42,2.924538330005346,4360947.530737897,12754380.588888891,78.96149701376422,9.71,
2025/07/27 13:30:00,16.46,22.48,19.78,99.6,67.63,86.42,2.9245383300053778,4360947.53073785,12754380.588888891,78.96149701376456,9.71,
2025/07/27 13:45:00,16.46,22.48,19.78,99.6,67.63,86.42,2.924538330005382,4360947.530737843,12754380.588888891,78.9614970137645,9.71,
2025/07/27 14:00:00,16.46,22.48,19.78,99.6,67.63,86.42,2.924538330005375,4360947.530737854,12754380.588888891,78.96149701376478,9.71,
2025/07/27 14:15:00,16.46,22.48,19.78,99.6,67.63,86.42,2.924538330005361,4360947.530737875,12754380.588888891,78.96149701376478,9.71,
2025/07/27 14:30:00,16.46,22.48,19.78,99.6,67.63,86.42,2.9245383300053454,4360947.530737898,12754380.588888891,78.96149701376433,9.71,
2025/07/27 14:45:00,16.46,22.48,19.78,99.6,67.63,86.42,2.9245383300053733,4360947.530737856,12754380.588888891,78.96149701376439,9.71,
2025/07/27 15:00:00,16.46,22.48,19.78,99.6,67.63,86.42,2.9245383300053485,4360947.530737894,12754380.588888891,78.96149701376456,9.71,
2025/07/27 15:15:00,16.46,22.48,19.78,99.6,67.63,86.42,2.9245383300053835,4360947.5307378415,12754380.588888891,78.96149701376467,9.71,
2025/07/27 15:30:00,16.46,22.48,19.78,99.6,67.63,86.42,2.9245383300053622,4360947.530737873,12754380.588888891,78.96149701376478,9.71,
2025/07/27 15:45:00,16.46,22.48,19.78,99.6,67.63,86.42,2.9245383300053676,4360947.530737865,12754380.588888891,78.96149701376467,9.71,
2025/07/27 16:00:00,16.46,22.48,19.78,99.6,67.63,86.42,2.924538330005373,4360947.530737857,12754380.588888891,78.96149701376456,9.71,
2025/07/27 16:15:00,16.46,22.48,19.78,99.6,67.63,86.42,2.9245383300053884,4360947.530737834,12754380.588888891,78.9614970137645,9.71,
2025/07/27 16:30:00,16.46,22.48,19.78,99.6,67.63,86.42,2.924538330005352,4360947.530737888,12754380.588888891,78.96149701376456,9.71,
2025/07/27 16:45:00,16.46,22.48,19.78,99.6,67.63,86.42,2.924538330005376,4360947.530737853,12754380.588888891,78.96149701376478,9.71,
2025/07/27 17:00:00,16.46,22.48,19.78,99.6,67.63,86.42,2.9245383300053875,4360947.530737835,12754380.588888891,78.96149701376456,9.71,
2025/07/27 17:15:00,16.46,22.48,19.78,99.6,67.63,86.42,2.9245383300053573,4360947.530737881,12754380.588888891,78.96149701376439,9.71,
2025/07/27 17:30:00,16.46,22.48,19.78,99.6,67.63,86.42,2.9245383300053605,4360947.530737876,12754380.588888891,78.96149701376439,9.71,
2025/07/27 17:45:00,16.46,22.48,19.78,99.6,67.63,86.42,2.9245383300053764,4360947.530737852,12754380.588888891,78.9614970137645,9.71,
2025/07/27 18:00:00,16.46,22.48,19.78,99.6,67.63,86.42,2.9245383300053547,4360947.530737884,12754380.588888891,78.96149701376439,9.71,
2025/07/27 18:15:00,16.46,22.48,19.78,99.6,67.63,86.42,2.9245383300053422,4360947.530737903,12754380.588888891,78.96149701376416,9.71,
2025/07/27 18:30:00,16.46,22.48,19.78,99.6,67.63,86.42,2.9245383300053533,4360947.530737886,12754380.588888891,78.9614970137645,9.71,
2025/07/27 18:45:00,16.46,22.48,19.78,99.6,67.63,86.42,2.9245383300053627,4360947.530737872,12754380.588888891,78.96149701376439,9.71,
2025/07/27 19:00:00,16.46,22.48,19.78,99.6,67.63,86.42,2.9245383300053835,4360947.5307378415,12754380.588888891,78.9614970137645,9.71,
2025/07/27 19:15:00,16.46,22.48,19.78,99.6,67.63,86.42,2.924538330005374,4360947.5307378555,12754380.588888891,78.96149701376456,9.71,
2025/07/27 19:30:00,16.46,22.48,19.78,99.6,67.63,86.42,2.924538330005361,4360947.530737875,12754380.588888891,78.96149701376456,9.71,
2025/07/27 19:45:00,16.46,22.48,19.78,99.6,67.63,86.42,2.924538330005379,4360947.530737848,12754380.588888891,78.96149701376478,9.71,
2025/07/27 20:00:00,16.46,22.48,19.78,99.6,67.63,86.42,2.924538330005381,4360947.530737845,12754380.588888891,78.96149701376467,9.71,
2025/07/27 20:15:00,16.46,22.48,19.78,99.6,67.63,86.42,2.924538330005394,4360947.530737826,12754380.588888891,78.96149701376456,9.71,
2025/07/27 20:30:00,16.46,22.48,19.78,99.6,67.63,86.42,2.924538330005389,4360947.530737833,12754380.588888891,78.96149701376467,9.71,
2025/07/27 20:45:00,16.46,22.48,19.78,99.6,67.63,86.42,2.924538330005389,4360947.530737833,12754380.588888891,78.9614970137645,9.71,
2025/07/27 21:00:00,16.46,22.48,19.78,99.6,67.63,86.42,2.9245383300053835,4360947.5307378415,12754380.588888891,78.96149701376456,9.71,
2025/07/27 21:15:00,16.46,22.48,19.78,99.6,67.63,86.42,2.924538330005359,4360947.530737878,12754380.588888891,78.96149701376433,9.71,
2025/07/27 21:30:00,16.46,22.48,19.78,99.6,67.63,86.42,2.924538330005374,4360947.5307378555,12754380.588888891,78.96149701376439,9.71,
2025/07/27 21:45:00,16.46,22.48,19.78,99.6,67.63,86.42,2.924538330005393,4360947.5307378275,12754380.588888891,78.9614970137645,9.71,
2025/07/27 22:00:00,16.46,22.48,19.78,99.6,67.63,86.42,2.924538330005351,4360947.53073789,12754380.588888891,78.9614970137645,9.71,
2025/07/27 22:15:00,16.46,22.48,19.78,99.6,67.63,86.42,2.9245383300053374,4360947.53073791,12754380.588888891,78.96149701376416,9.71,
2025/07/27 22:30:00,16.46,22.48,19.78,99.6,67.63,86.42,2.92453833000533,4360947.530737922,12754380.588888891,78.96149701376433,9.71,
2025/07/27 22:45:00,16.46,22.48,19.78,99.6,67.63,86.42,2.9245383300053747,4360947.530737855,12754380.588888891,78.96149701376456,9.71,
2025/07/27 23:00:00,16.46,22.48,19.78,99.6,67.63,86.42,2.92453833000535,4360947.530737892,12754380.588888891,78.9614970137645,9.71,
2025/07/27 23:15:00,16.46,22.48,19.78,99.6,67.63,86.42,2.9245383300053405,4360947.530737906,12754380.588888891,78.96149701376439,9.71,
2025/07/27 23:30:00,16.46,22.48,19.78,99.6,67.63,86.42,2.924538330005374,4360947.5307378555,12754380.588888891,78.96149701376456,9.71,
2025/07/27 23:45:00,16.46,22.48,19.78,99.6,67.63,86.42,2.9245383300053645,4360947.530737869,12754380.588888891,78.96149701376478,9.71,
2025/07/28 00:00:00,16.25,22.6,19.8,99.63,66.96,87.2,2.904914109255962,4456436.9878061805,12946169.671111116,79.19386167824933,9.51,
2025/07/28 00:15:00,16.21,22.58,19.73,99.6,66.97,86.82,2.914205800483317,4350861.121242732,12679887.763888884,79.20777937260291,9.66,
2025/07/28 00:30:00,16.34,22.6,19.8,99.57,66.97,86.43,2.9253637427795267,4274206.020987536,12504195.977777783,79.05403743040208,9.76,
2025/07/28 00:45:00,16.29,22.59,19.83,99.53,66.97,86.04,2.9259718057829414,4178667.887630219,12227248.568333339,79.06871140791688,9.76,
2025/07/28 01:00:00,16.29,22.58,19.78,99.5,66.97,85.99,2.9281168459776983,4166697.5455103107,12201152.479999995,79.04278744214028,9.77,
2025/07/28 01:15:00,16.28,22.57,19.77,99.47,66.97,85.94,2.9231838983191065,4164716.5248425063,12174804.778888887,79.02627143655647,9.66,
2025/07/28 01:30:00,16.27,22.55,19.69,99.44,66.97,85.89,2.9317893761774774,4143573.5107054734,12148646.57111111,79.01064737753784,9.79,
2025/07/28 01:45:00,16.23,22.55,19.67,99.4,66.97,85.83,2.93323328300639,4130416.799397014,12116032.817777777,79.01548455380903,9.8,
2025/07/28 02:00:00,16.19,22.53,19.67,99.37,66.97,85.78,2.9341392651775107,4120202.878597835,12089808.775000002,79.02897389952392,9.81,
2025/07/28 02:15:00,16.28,22.51,19.79,99.34,66.97,85.73,2.9242460218112396,4125155.3507596813,12063553.382222224,78.91341862123292,9.56,
2025/07/28 02:30:00,16.16,22.53,19.71,99.31,66.97,85.68,2.926916833617204,4112417.3427560274,12037266.639444448,79.00595445048779,9.64,
2025/07/28 02:45:00,16.12,22.47,19.63,99.27,66.97,85.63,2.9361820374128476,4090404.19418123,12010731.88333333,79.01127137937215,9.79,
2025/07/28 03:00:00,16.09,22.44,19.59,99.24,66.97,85.58,2.935758650724488,4060823.1981151663,11922151.18111111,79.01476764567244,9.77,
2025/07/28 03:15:00,16.13,22.39,19.59,99.21,66.97,85.52,2.930733140569534,4049965.5565690547,11869928.58333333,78.94886991742686,9.63,
2025/07/28 03:30:00,16.09,22.35,19.52,99.18,66.97,85.47,2.937823026322812,4029668.6162999496,11839008.194444444,78.96270853460092,9.75,
2025/07/28 03:45:00,16.05,22.32,19.5,99.14,66.97,85.42,2.938159294576559,4020722.937238838,11814080.300000003,78.96742557251896,9.74,
2025/07/28 04:00:00,16.01,22.29,19.46,99.11,66.91,85.37,2.93851567127685,4026645.374182325,11832915.380000005,78.98083976308537,9.74,
2025/07/28 04:15:00,15.97,22.29,19.42,99.08,66.82,85.32,2.939413782000747,4038378.3898319183,11871014.222222222,78.99428582641102,9.75,
2025/07/28 04:30:00,15.98,22.28,19.49,99.05,66.73,85.27,2.934651112208717,4057927.5652885553,11909166.939999994,78.958025718216,9.63,
2025/07/28 04:45:00,15.96,22.25,19.47,99.01,66.63,85.21,2.936715277847351,4068083.7776249377,11947373.533333331,78.94308564786425,9.64,
2025/07/28 05:00:00,15.94,22.23,19.44,98.98,66.54,85.16,2.9376879419114292,4079760.8288068795,11985634.002222214,78.93678031825294,9.64,
2025/07/28 05:15:00,15.95,22.2,19.36,98.95,66.45,85.11,2.9482884851139874,4088671.0485159354,12055147.866666662,78.90147678926523,9.8,
2025/07/28 05:30:00,15.97,22.19,19.41,98.92,66.36,85.06,2.9417611555226073,4124827.413351249,12134837.244444445,78.85519714917902,9.64,
2025/07/28 05:45:00,15.15,22.18,18.85,96.6,66.26,85.04,3.0484467374560236,4971083.139311708,15154720.276666665,77.64325210154848,9.89,
2025/07/28 06:00:00,14.73,22.19,18.52,96.58,66.17,85.08,3.039793144227204,5049233.115247075,15349208.12944444,78.03897882978602,10.0,
2025/07/28 06:15:00,14.54,22.22,18.47,96.56,66.08,85.12,3.034719399008726,5084290.613438486,15429968.400000004,78.20820378726066,10.01,
2025/07/28 06:30:00,14.57,22.17,18.48,96.54,65.98,85.16,3.034731405282858,5122532.325428682,15546096.463333325,78.16103686199006,9.96,
2025/07/28 06:45:00,14.41,22.16,18.41,96.52,65.89,85.2,3.0290851979987017,5212833.304566879,15790701.006666666,78.30060911071868,9.93,
2025/07/28 07:00:00,14.15,22.15,18.29,96.5,65.8,85.23,3.0221011624595335,5230930.1472307835,15808966.910000004,78.53855016783419,9.95,
2025/07/28 07:15:00,13.89,22.11,18.17,96.46,65.7,85.27,3.015705215040905,5275956.739469353,15911287.388333326,78.75887912903913,9.96,
2025/07/28 07:30:00,13.7,22.1,18.12,96.42,65.61,85.31,3.010895818057285,5319793.588996668,16017898.172222225,78.91034941632613,9.95,
2025/07/28 07:45:00,13.52,22.09,18.03,96.37,65.52,85.35,3.0069232576919545,5362283.681358031,16124521.031666664,79.0432024834045,9.94,
2025/07/28 08:00:00,13.34,22.09,17.93,96.33,65.42,85.39,3.005407836765929,5403100.358409097,16239055.934444444,79.1850313388716,10.01,
2025/07/28 08:15:00,13.32,22.07,17.94,96.28,65.33,85.42,3.0046064329694313,5437326.7693768265,16337569.71,79.1606156718467,9.94,
2025/07/28 08:30:00,12.95,22.03,17.81,96.24,65.24,85.46,2.9937957289105617,5466634.495893676,16366516.209999997,79.48849581078444,9.93,
2025/07/28 08:45:00,12.83,22.01,17.79,96.19,65.15,85.5,2.9936158597726292,5465252.476193666,16361395.47777777,79.56245925020157,9.97,
2025/07/28 09:00:00,13.0,21.97,17.83,96.06,65.05,85.54,3.0008401000803744,5569275.044389205,16713056.671666674,79.28138963643016,9.84,
2025/07/28 09:15:00,13.11,21.95,17.84,95.93,64.96,85.58,3.010846144869875,5582880.213021835,16809756.21111111,79.05945854560242,9.84,
2025/07/28 09:30:00,13.03,21.97,17.8,95.93,64.87,85.61,3.0085315562129966,5627697.481357902,16931663.58888888,79.13794129691703,9.85,
2025/07/28 09:45:00,13.02,21.96,17.81,95.97,64.77,85.65,3.0069969394584937,5685265.397093128,17096141.480000008,79.182892840505,9.87,
2025/07/28 10:00:00,12.81,21.95,17.69,96.05,64.68,85.69,2.998963082104053,5703293.28969254,17104515.297222216,79.45921977542713,9.95,
2025/07/28 10:15:00,13.1,21.95,17.82,96.18,63.99,85.73,3.0017119869631617,5848870.511630252,17557207.09111111,79.28876584969188,9.93,
2025/07/28 10:30:00,12.82,21.92,17.74,95.62,63.28,85.77,3.018582515780937,6063718.995522726,18304441.075555548,79.0718011842053,9.91,
2025/07/28 10:45:00,11.56,21.94,17.42,94.82,62.67,85.8,3.0124661715613676,6330523.580186849,19071069.214999996,79.60153871900638,9.88,
2025/07/28 11:00:00,12.37,21.93,17.62,95.87,63.72,85.84,2.991760392280588,5996147.886026949,17939605.102222223,79.7324689311153,9.92,
2025/07/28 11:15:00,12.02,21.91,17.48,96.08,63.1,85.86,2.9744132976777915,6217529.124822415,18494065.38222222,80.26014287088093,10.05,
2025/07/28 11:30:00,11.92,21.9,17.49,95.39,63.34,85.87,3.0002254371857293,6141066.361891206,18425155.411666665,79.75141310475188,9.95,
2025/07/28 11:45:00,12.13,21.94,17.55,95.75,63.58,85.88,2.9910371540848715,6057400.145109214,18118471.249999996,79.8623342625799,9.97,
2025/07/28 12:00:00,12.21,21.92,17.51,96.34,63.77,85.9,2.968229244935095,6050231.030130047,17959021.20222222,80.30204465530207,10.04,
2025/07/28 12:15:00,12.04,21.9,17.49,95.37,63.73,85.91,3.005559548816823,5981555.098039065,17978479.566666663,79.61633013249653,9.96,
2025/07/28 12:30:00,12.18,21.91,17.52,95.31,63.69,85.93,3.011571995573156,5978643.74363917,18005680.68444445,79.42632077373287,9.91,
2025/07/28 12:45:00,11.3,21.93,17.41,95.52,63.65,85.94,2.9720910564195053,6064464.780105822,18024679.71333333,80.47267252683123,9.91,
2025/07/28 13:00:00,11.62,21.96,17.46,95.8,63.62,85.95,2.971945339688075,6068491.143003987,18035764.841111112,80.40579965795564,9.98,
2025/07/28 13:15:00,12.02,21.98,17.55,96.16,63.58,85.97,2.9650678925968785,6091631.2735658595,18062648.62722222,80.32994875587302,9.88,
2025/07/28 13:30:00,12.74,22.0,17.73,96.32,63.54,85.98,2.981881753818961,5689491.665343013,16965930.300000004,79.76450364004565,9.9,
2025/07/28 13:45:00,13.31,22.01,17.91,96.07,63.5,85.99,3.0118836662128294,5627411.652289635,16949678.459999993,78.98614852610484,9.87,
2025/07/28 14:00:00,13.46,22.02,17.9,95.82,63.47,86.01,3.028836200437615,5590469.233844316,16933186.27,78.61967239519518,9.86,
2025/07/28 14:15:00,12.95,22.03,17.79,95.61,63.43,86.02,3.0209926160853255,5618899.553525599,16975207.81,78.9354115046654,9.84,
2025/07/28 14:30:00,12.98,22.03,17.82,95.75,63.39,86.03,3.0133409602156007,5655667.020399108,17043010.89333333,79.02885078802434,9.79,
2025/07/28 14:45:00,13.08,22.07,17.86,95.89,63.35,86.05,3.0091081259509624,5688705.37967154,17118488.688888885,79.05363672396179,9.77,
2025/07/28 15:00:00,13.12,22.07,17.9,96.04,63.32,86.06,3.0080731205189846,5710870.317634533,17179281.68,79.14629821225469,9.9,
2025/07/28 15:15:00,13.06,22.08,17.84,96.27,63.28,86.07,2.992645633493483,5753467.311713878,17218642.649999995,79.40666334644624,9.84,
2025/07/28 15:30:00,13.5,22.1,18.01,96.5,63.25,86.09,2.9975707492636094,5756697.407481195,17256684.597777776,79.17648934291606,9.88,
2025/07/28 15:45:00,13.99,22.11,18.17,96.72,63.31,86.1,3.0021476252675976,5735330.353629749,17218907.267222214,78.88783889960861,9.86,
2025/07/28 16:00:00,14.18,22.11,18.24,96.88,63.37,86.12,3.0021346388543684,5725373.104792343,17188949.55555556,78.84121842675773,9.9,
2025/07/28 16:15:00,14.16,22.1,18.27,96.8,63.42,86.13,3.004209486928236,5711356.931846959,17158727.226666663,78.79084138711377,9.87,
2025/07/28 16:30:00,14.13,22.11,18.24,96.72,63.48,86.14,3.0084507176371544,5690837.536963674,17121212.423333332,78.75046283255728,9.9,
2025/07/28 16:45:00,13.98,22.14,18.19,96.64,63.53,86.16,3.0062065652771865,5687637.666888037,17098808.08777777,78.82771897533043,9.87,
2025/07/28 17:00:00,13.8,22.18,18.18,95.66,63.59,86.17,3.0456426002507837,5601586.945654228,17061029.01555555,78.14549881939213,9.79,
2025/07/28 17:15:00,13.67,22.16,18.06,96.6,63.63,86.18,2.997089528433834,5675257.547778524,17009822.04166667,79.09705446316407,9.85,
2025/07/28 17:30:00,13.94,22.17,18.19,96.57,63.67,86.2,3.008760690799594,5636658.7502188645,16959943.14666667,78.80578888367876,9.88,
2025/07/28 17:45:00,14.13,22.19,18.29,96.55,63.71,86.21,3.017332507122701,5601641.612009594,16902613.749999993,78.60180145253912,9.91,
2025/07/28 18:00:00,14.22,22.16,18.34,96.53,63.75,86.22,3.018453975611421,5580508.112675266,16845116.108333334,78.49568678301867,9.84,
2025/07/28 18:15:00,14.31,22.18,18.41,96.51,63.79,86.24,3.019021674049133,5584073.526865415,16859056.988888886,78.38956274843855,9.76,
2025/07/28 18:30:00,14.08,22.2,18.28,96.49,63.83,86.25,3.017423628270306,5601312.843716826,16902129.102222223,78.59830535681793,9.88,
2025/07/28 18:45:00,13.99,22.25,18.23,96.47,63.87,86.27,3.0162101600870845,5620301.942079453,16952593.777777772,78.66924344355722,9.9,
2025/07/28 19:00:00,14.06,22.19,18.25,96.45,63.91,86.27,3.0162671136533694,5631845.919612577,16987746.648888886,78.58275994114524,9.82,
2025/07/28 19:15:00,14.1,22.23,18.29,96.42,63.95,86.26,3.0186851461867943,5655682.560292602,17073323.672777776,78.51719324330796,9.81,
2025/07/28 19:30:00,14.2,22.16,18.32,96.4,63.99,86.25,3.018698021174923,5577138.098439108,16836301.53333333,78.40122931732888,9.71,
2025/07/28 19:45:00,14.04,22.16,18.25,96.38,64.03,86.24,3.0169836891613517,5546835.421273798,16735302.863888882,78.54099398750671,9.77,
2025/07/28 20:00:00,14.08,22.15,18.26,96.36,64.07,86.23,3.020594991355361,5522704.577888285,16682446.880000008,78.48428297266035,9.8,
2025/07/28 20:15:00,14.12,22.14,18.22,96.34,64.11,86.22,3.0229391927249107,5502914.667751117,16635563.999999998,78.42749346215504,9.8,
2025/07/28 20:30:00,14.16,22.16,18.25,96.32,64.15,86.21,3.025285558095162,5483332.650299846,16589235.202222213,78.37070251961072,9.8,
2025/07/28 20:45:00,13.95,22.17,18.22,96.3,64.19,86.2,3.0212947416534854,5475342.012964235,16543201.442777783,78.55953067633423,9.85,
2025/07/28 21:00:00,13.99,22.16,18.18,96.3,64.23,86.19,3.025449444995863,5455655.644431341,16506385.279999996,78.52047586527472,9.92,
2025/07/28 21:15:00,14.05,22.15,18.25,96.3,64.27,86.18,3.0282690069347837,5441773.822130019,16479741.611666676,78.46163464599034,9.94,
2025/07/28 21:30:00,14.05,22.15,18.23,96.3,64.31,86.17,3.0242530629617974,5449574.778568447,16481475.731111111,78.46131736696073,9.84,
2025/07/28 21:45:00,14.19,22.16,18.32,96.3,64.35,86.16,3.028139583533789,5440998.619745052,16476698.92,78.32378614610343,9.82,
2025/07/28 22:00:00,14.05,22.17,18.28,96.3,64.39,86.15,3.024662759381967,5427918.463529006,16418207.71555556,78.46134647225695,9.85,
2025/07/28 22:15:00,14.02,22.16,18.2,96.3,64.44,86.14,3.024466587033078,5406558.618631838,16352528.072222224,78.49086229016989,9.87,
2025/07/28 22:30:00,14.17,22.16,18.33,96.3,64.48,86.13,3.02953432126546,5378350.234679631,16294487.6111111,78.34357513803197,9.87,
2025/07/28 22:45:00,14.18,22.16,18.3,96.3,64.52,86.12,3.0310924781269115,5394447.5861986615,16351658.400000006,78.33385166050539,9.9,
2025/07/28 23:00:00,14.29,22.14,18.33,96.3,64.56,86.11,3.032771954544722,5395725.277373875,16364601.886111107,78.22566885279409,9.85,
2025/07/28 23:15:00,13.67,22.16,18.06,95.26,64.6,86.1,3.0625955805822547,5660827.041286871,17337420.83333333,77.92179400614567,9.83,
2025/07/28 23:30:00,13.3,22.15,18.03,96.13,64.64,86.09,3.010868151823616,5785972.191201546,17421381.35833333,79.04873406916751,9.93,
2025/07/28 23:45:00,13.41,22.13,17.97,96.64,64.68,86.08,2.9896828855850703,5820790.226228662,17402886.59999999,79.38752205290282,9.93,
2025/07/29 00:00:00,13.4,22.12,17.95,96.87,64.53,87.61,2.9792956448457266,6206903.916615291,18492802.55777777,79.59864950182222,9.96,
2025/07/29 00:15:00,15.25,22.1,18.86,99.14,64.57,87.8,2.912860869038967,4935477.817000674,14376941.174444443,79.75540808775543,9.72,
2025/07/29 00:30:00,15.46,22.08,18.93,98.19,64.6,87.01,2.9604882264160732,4722004.421164544,13980034.035000006,78.72340068246123,9.57,
2025/07/29 00:45:00,15.45,22.07,18.99,98.08,64.64,86.22,2.9748533875527077,4533153.50960281,13486058.935555553,78.63806148451395,9.74,
2025/07/29 01:00:00,15.43,22.07,18.97,97.98,64.62,85.95,2.978385552720396,4481810.749795545,13349143.499999998,78.57069152844389,9.72,
2025/07/29 01:15:00,15.38,22.07,18.89,97.87,64.6,85.95,2.9824990583284676,4511663.019523971,13456604.913888892,78.52417501625797,9.72,
2025/07/29 01:30:00,15.47,22.07,18.94,97.76,64.57,85.96,2.9853849166948474,4466411.978349458,13334537.883333331,78.33954554987864,9.61,
2025/07/29 01:45:00,15.35,22.02,18.83,97.66,64.54,85.96,2.9914092895759374,4494017.139823185,13444019.049999991,78.37079387211011,9.7,
2025/07/29 02:00:00,14.73,21.98,18.38,96.12,64.51,85.97,3.0556025511320257,5103892.898340028,15596077.652222214,77.63578336051371,9.82,
2025/07/29 02:15:00,14.39,21.97,18.25,96.2,64.48,85.97,3.039515269860497,5150975.197138229,15657055.259999996,78.03977657434216,9.81,
2025/07/29 02:30:00,14.28,21.97,18.14,96.27,64.45,85.97,3.034767499345878,5178674.006551601,15716643.017777773,78.20928505973788,9.87,
2025/07/29 02:45:00,14.34,21.95,18.21,96.35,64.42,85.98,3.0272214403323434,5217601.983685815,15795422.54888889,78.22002772889655,9.74,
2025/07/29 03:00:00,14.32,21.93,18.23,96.43,64.39,85.98,3.0276684292162064,5221521.957699506,15809630.136666667,78.31002709505407,9.86,
2025/07/29 03:15:00,14.23,21.93,18.22,96.5,64.36,85.99,3.0185900410579465,5490116.249539719,16573027.368333329,78.45950093513075,9.8,
2025/07/29 03:30:00,13.82,21.91,17.99,96.47,64.33,85.99,3.0112958743267977,5567515.53505852,16766025.283333328,78.83622190581696,9.92,
2025/07/29 03:45:00,13.65,21.9,17.92,96.44,64.3,86.0,3.00471558620783,5595466.487529289,16813364.944444444,78.97666463588061,9.86,
2025/07/29 04:00:00,13.59,21.87,17.93,96.41,64.27,86.0,3.0053760073871945,5630008.074113568,16920880.582222223,79.00937695015219,9.89,
2025/07/29 04:15:00,13.3,21.87,17.81,96.38,64.24,86.01,3.0001787446902157,5865407.883316394,17597865.370555565,79.26794757308046,9.97,
2025/07/29 04:30:00,13.13,21.85,17.73,96.34,64.21,86.01,2.995700482344876,5911339.633385351,17709190.033333343,79.39963143752738,9.95,
2025/07/29 04:45:00,13.02,21.82,17.7,96.31,64.18,86.02,2.993839210438709,5932474.743277693,17761463.71999999,79.48127936838738,9.96,
2025/07/29 05:00:00,13.08,21.82,17.68,96.28,64.15,86.02,2.9980129445566317,5944973.995427234,17823697.64999999,79.39619307074064,9.98,
2025/07/29 05:15:00,13.02,21.8,17.65,96.25,64.12,86.02,2.997092191905205,5967599.667435608,17886035.383333325,79.42872037377673,9.97,
2025/07/29 05:30:00,13.1,21.83,17.71,96.22,64.09,86.03,3.001223959730202,5960590.83673013,17889662.694444444,79.3239516268778,9.97,
2025/07/29 05:45:00,12.93,21.78,17.61,96.19,64.07,86.03,2.9951749524189295,5968371.711464919,17876902.780000005,79.46424763321585,9.92,
2025/07/29 06:00:00,12.67,21.76,17.55,96.16,64.04,86.04,2.990387348115205,5979165.792650648,17880600.22222222,79.69309660586119,9.99,
2025/07/29 06:15:00,12.65,21.74,17.55,96.13,64.01,86.04,2.9894205547286625,5979500.492194414,17875822.48222222,79.68625096651922,9.94,
2025/07/29 06:30:00,12.71,21.75,17.56,96.09,63.98,86.05,2.9922780380139886,5974874.133278906,17879066.394444443,79.59225643887035,9.91,
2025/07/29 06:45:00,12.59,21.71,17.5,96.04,63.95,86.05,2.990666884586872,5973521.832235908,17865391.988888882,79.66603769577634,9.91,
2025/07/29 07:00:00,12.44,21.71,17.47,95.98,63.92,86.06,2.9898966971017313,5990777.3038521195,17912380.53,79.76051442474852,9.95,
2025/07/29 07:15:00,12.41,21.68,17.46,95.92,63.89,86.06,2.991403053231709,6000777.863002198,17951324.893333334,79.73721905881561,9.94,
2025/07/29 07:30:00,12.39,21.67,17.44,95.86,63.86,86.06,2.99290418815017,6010793.478168722,17990308.96666667,79.70408717414004,9.92,
2025/07/29 07:45:00,12.25,21.67,17.34,95.8,63.83,86.07,2.9907226279645767,6029819.88013857,18034086.10666666,79.78855547709367,9.91,
2025/07/29 08:00:00,12.16,21.63,17.32,95.74,63.8,86.07,2.9902105728736093,6036738.4749519685,18051689.596111108,79.8239997298036,9.9,
2025/07/29 08:15:00,12.32,21.64,17.37,95.69,63.77,86.08,2.9986275078772553,6028357.557212274,18077377.786111105,79.62334516836938,9.92,
2025/07/29 08:30:00,11.98,21.63,17.27,95.63,63.74,86.08,2.9896962280023365,6052245.982979533,18094942.029999994,79.90366212584543,9.91,
2025/07/29 08:45:00,12.17,21.63,17.33,95.68,63.71,86.09,2.9927104452616775,6053673.575990184,18117466.65666667,79.7614363568073,9.88,
2025/07/29 09:00:00,12.27,21.62,17.33,95.55,63.23,86.12,3.0035812009448746,6151960.821763502,18478504.403333336,79.54927933905013,9.92,
2025/07/29 09:15:00,12.24,21.59,17.32,95.37,62.71,86.15,3.0101115487185632,6322095.806251191,19030826.613333337,79.42030364990474,9.89,
2025/07/29 09:30:00,11.86,21.6,17.22,95.34,62.68,86.18,3.001450356151282,6387119.545967323,19171221.66666667,79.76622462791808,9.98,
2025/07/29 09:45:00,11.94,21.59,17.24,95.5,62.95,86.21,2.995740923179056,6321045.719151864,18936809.8211111,79.82860124603604,9.95,
2025/07/29 10:00:00,12.4,21.61,17.35,95.65,63.22,86.25,3.0028924299614603,6227069.4624288175,18699821.353888888,79.5097853270619,9.91,
2025/07/29 10:15:00,12.78,21.63,17.48,95.81,63.49,86.28,3.007011735499922,6243661.843498448,18775385.768333334,79.27781536850833,9.88,
2025/07/29 10:30:00,12.99,21.67,17.58,95.97,63.76,86.31,3.007085701696424,6085462.906536892,18300123.019444443,79.21238887455134,9.9,
2025/07/29 10:45:00,12.98,21.69,17.59,96.13,64.02,86.34,2.999012226578489,6053782.043497831,18155972.120000005,79.36254341510035,9.9,
2025/07/29 11:00:00,12.62,21.68,17.45,95.83,64.29,86.37,3.001370640670939,5993895.992888328,17990485.919999998,79.452270005049,9.9,
2025/07/29 11:15:00,12.77,21.68,17.54,95.74,64.54,86.41,3.01145411969582,5917426.345784894,17820650.42999999,79.22624679913268,9.92,
2025/07/29 11:30:00,12.79,21.7,17.53,95.8,64.49,86.44,3.0092475851236102,5943936.779420485,17887367.17777778,79.25932905301019,9.92,
2025/07/29 11:45:00,12.79,21.73,17.54,95.85,64.44,86.47,3.007194079695301,5970185.508649457,17954095.07222222,79.30325370850508,9.93,
2025/07/29 12:00:00,12.78,21.73,17.56,95.91,64.39,86.5,3.00397305534232,5989231.352998221,17992081.286666665,79.36572676461944,9.93,
2025/07/29 12:15:00,12.91,21.75,17.6,95.96,64.34,86.53,3.0037853546936284,5988118.133458132,17987615.885555554,79.28199118705547,9.87,
2025/07/29 12:30:00,12.83,21.76,17.62,96.04,64.28,86.57,2.9983336792470054,6008432.335505503,18015880.11666666,79.4307032092169,9.9,
2025/07/29 12:45:00,12.53,21.76,17.51,96.15,64.23,86.6,2.9848153543550184,6056791.362288505,18078981.62888888,79.82146913519884,9.95,
2025/07/29 13:00:00,13.86,21.77,18.02,98.27,64.18,87.37,2.917088722336978,5526748.857330516,16122580.815,80.36752529122533,9.77,
2025/07/29 13:15:00,14.44,21.8,18.19,97.79,64.13,87.37,2.9596350319896207,5464228.786283552,16172723.746666674,79.37934574183168,9.78,
2025/07/29 13:30:00,14.77,21.83,18.29,97.32,64.08,87.31,2.9972395539491083,5398472.180445218,16181139.131666671,78.64538205630565,9.85,
2025/07/29 13:45:00,14.7,21.85,18.31,96.85,64.03,87.25,3.015191839437322,5342379.90761983,16108927.889999997,78.30363710967974,9.77,
2025/07/29 14:00:00,14.66,21.89,18.28,96.82,63.98,87.19,3.0167488011724415,5335451.055500482,16096330.995555552,78.31682740998858,9.8,
2025/07/29 14:15:00,14.7,21.83,18.25,96.84,63.93,87.13,3.0147869114391947,5334745.033500771,16083738.977777774,78.29484365351185,9.75,
2025/07/29 14:30:00,14.65,21.84,18.25,96.87,63.88,87.07,3.012066598576293,5341910.685861079,16090807.938333327,78.37022355530164,9.76,
2025/07/29 14:45:00,14.6,21.83,18.24,96.89,63.83,87.01,3.0103084891718406,5354616.6178073175,16119665.613333335,78.43689381719466,9.78,
2025/07/29 15:00:00,14.55,21.83,18.24,96.91,63.78,86.95,3.0067393981729986,5355260.379047911,16102488.367777778,78.50344816654713,9.76,
2025/07/29 15:15:00,14.52,21.84,18.22,96.94,63.73,86.89,3.0019359343353047,5337868.429264463,16024545.533333335,78.55900724587694,9.71,
2025/07/29 15:30:00,14.5,21.87,18.22,96.96,63.68,86.83,2.999802918424318,5339359.38601158,16017626.472222222,78.5961086592082,9.7,
2025/07/29 15:45:00,14.67,21.89,18.29,96.98,63.63,86.77,2.99952033202659,5355377.706483373,16064174.952222217,78.4462675679011,9.6,
2025/07/29 16:00:00,14.45,21.9,18.26,97.01,63.58,86.71,2.9970268808755014,5356802.615386386,16055084.264999995,78.68899338380486,9.73,
2025/07/29 16:15:00,14.43,21.93,18.25,97.03,63.53,86.65,2.9949032720925177,5357568.731161798,16045995.435555557,78.72609051543236,9.72,
2025/07/29 16:30:00,14.51,21.93,18.27,97.05,63.48,86.59,2.996029366852032,5372940.488105774,16098088.337222226,78.66490568416872,9.71,
2025/07/29 16:45:00,14.39,21.97,18.22,97.08,63.43,86.53,2.9960367950219173,5369980.39581387,16089244.966666665,78.80937322381872,9.83,
2025/07/29 17:00:00,14.56,21.99,18.29,97.09,63.38,86.47,2.999766181708509,5418623.489201333,16255204.783888886,78.65093636978281,9.8,
2025/07/29 17:15:00,14.74,21.97,18.39,96.88,63.33,86.41,3.019465951822037,5281709.669139031,15948558.242222222,78.29085115207307,9.87,
2025/07/29 17:30:00,14.52,21.94,18.31,96.28,63.14,86.35,3.0350231667898244,5295688.678930389,16073154.521111103,77.98184466204911,9.7,
2025/07/29 17:45:00,13.89,21.94,18.01,95.91,62.32,86.29,3.034185106004574,5488873.23194182,16654847.385,78.27638649817776,9.74,
2025/07/29 18:00:00,14.1,21.93,18.1,96.89,62.68,86.23,2.9938762765627454,5484755.971209814,16421265.850000001,78.92818490403855,9.78,
2025/07/29 18:15:00,14.36,21.91,18.19,96.93,63.04,86.17,3.001717045056931,5366508.870027509,16109334.395000001,78.70777491739109,9.81,
2025/07/29 18:30:00,14.69,21.89,18.34,96.95,63.4,86.1,3.0041375790749463,5253628.231477176,15783231.811111107,78.40051123002928,9.65,
2025/07/29 18:45:00,14.92,21.9,18.47,96.98,63.76,86.03,3.0134798424048834,5129543.287606509,15458396.347777778,78.20077873716225,9.72,
2025/07/29 19:00:00,14.94,21.91,18.48,97.01,64.12,85.96,3.011160980998516,5034289.520700355,15159664.519999992,78.20722841984656,9.69,
2025/07/29 19:15:00,14.96,21.9,18.47,97.04,64.48,85.89,3.0117158258962644,4938884.110195549,14875112.529444443,78.2138341673834,9.72,
2025/07/29 19:30:00,14.99,21.9,18.51,97.06,64.84,85.82,3.017725830863315,4834570.081819605,14590001.347777769,78.20220581303938,9.85,
2025/07/29 19:45:00,15.01,21.9,18.52,97.09,65.2,85.75,3.0173087854018137,4740564.42174314,14304330.974999998,78.20876270408256,9.86,
2025/07/29 20:00:00,15.03,21.94,18.54,97.12,65.33,85.68,3.017342150619563,4698840.205757977,14178584.383333338,78.2153539374676,9.88,
2025/07/29 20:15:00,15.0,21.95,18.58,97.15,65.37,85.61,3.0102243186183832,4683944.177303004,14100298.324444437,78.2706875037839,9.78,
2025/07/29 20:30:00,15.12,21.95,18.56,97.17,65.41,85.55,3.0150213722391923,4638185.937477084,13984798.654444443,78.17027014791222,9.82,
2025/07/29 20:45:00,15.1,21.91,18.6,97.2,65.45,85.48,3.009036548540583,4604093.309151016,13854460.565,78.21585528874866,9.74,
2025/07/29 21:00:00,15.07,21.91,18.6,97.23,65.49,85.41,3.0065116204329065,4601040.034009923,13833654.266666668,78.27152922681353,9.74,
2025/07/29 21:15:00,15.04,21.9,18.56,97.26,65.53,85.34,3.008232819113619,4591672.231866766,13813387.536666667,78.3274901870436,9.83,
2025/07/29 21:30:00,15.07,21.88,18.59,97.28,65.57,85.27,3.004899190058744,4585701.55753179,13780145.622222222,78.31520354650593,9.76,
2025/07/29 21:45:00,14.49,21.88,18.26,96.11,65.61,85.25,3.0495723752479793,5199815.474650055,15857828.091111112,77.8628904936593,9.86,
2025/07/29 22:00:00,13.95,21.88,17.99,96.15,65.65,85.33,3.03153545308514,5245718.492062121,15903149.973333327,78.42835033683234,9.92,
2025/07/29 22:15:00,13.78,21.87,17.99,96.2,65.69,85.41,3.0236673088440957,5358125.379733731,16201766.851111107,78.63906330583117,9.93,
2025/07/29 22:30:00,13.75,21.85,17.96,96.24,65.73,85.49,3.020677264492441,5349624.6134757465,16160063.919999992,78.70355431802858,9.93,
2025/07/29 22:45:00,13.74,21.82,17.93,96.28,65.77,85.57,3.0187506214290982,5354812.773693371,16165418.499999998,78.7484433277286,9.94,
2025/07/29 23:00:00,13.73,21.83,17.91,96.32,65.81,85.65,3.0164430271825116,5374548.100829065,16212588.871111112,78.79329555584088,9.94,
2025/07/29 23:15:00,13.72,21.82,17.95,96.36,65.85,85.73,3.0121896512014894,5389231.477118456,16233964.926666673,78.83798607496598,9.89,
2025/07/29 23:30:00,13.7,21.79,17.91,96.41,65.89,85.81,3.0102277956444228,5377010.8241481995,16186601.346666666,78.90149531700193,9.92,
2025/07/29 23:45:00,13.79,21.78,17.9,96.45,65.93,85.89,3.0096923859456304,5384608.492865371,16206589.642222216,78.84804151751874,9.88,
2025/07/30 00:00:00,13.73,21.76,17.87,96.31,65.55,85.41,3.0145999902422713,5366119.971826217,16177278.553333335,78.78434962554753,9.88,
2025/07/30 00:15:00,13.72,21.77,17.9,96.33,65.57,85.43,3.0136701024387538,5372059.620929759,16190191.966666674,78.81171242104975,9.89,
2025/07/30 00:30:00,13.71,21.77,17.9,96.35,65.58,85.45,3.012347438101892,5381413.501168096,16211264.043333337,78.83904452505831,9.89,
2025/07/30 00:45:00,13.75,21.75,17.94,96.37,65.6,85.47,3.0130950343298575,5384286.40050617,16223953.246111115,78.81732481616712,9.9,
2025/07/30 01:00:00,13.73,21.76,17.86,96.4,65.61,85.49,3.0125027243653437,5383079.526276184,16217114.417777771,78.86335528716963,9.94,
2025/07/30 01:15:00,13.72,21.72,17.82,96.42,65.62,85.51,3.0127082877969613,5362730.159698944,16156912.199999997,78.89082070952585,9.98,
2025/07/30 01:30:00,13.67,21.71,17.86,96.44,65.64,85.53,3.0065703736615514,5366532.901371866,16135434.314999998,78.95711902893545,9.89,
2025/07/30 01:45:00,13.56,21.69,17.77,96.46,65.65,85.55,3.002697391689808,5369004.006248556,16122057.96666666,79.0826646408484,9.91,
2025/07/30 02:00:00,13.6,21.66,17.81,96.49,65.67,85.57,3.000184834719056,5366334.998672415,16100569.283333326,79.06949349088225,9.85,
2025/07/30 02:15:00,13.66,21.67,17.81,96.51,65.68,85.59,3.0047431301500067,5357578.517344632,16098719.401111107,79.02837449531526,9.94,
2025/07/30 02:30:00,13.48,21.65,17.73,96.53,65.7,85.61,2.9962142927881823,5411718.282515931,16215232.721111108,79.22244177262782,9.9,
2025/07/30 02:45:00,13.5,21.63,17.73,96.55,65.71,85.63,2.9962874475171324,5430436.041256626,16271717.293333335,79.22034899883346,9.91,
2025/07/30 03:00:00,13.52,21.63,17.72,96.58,65.73,85.65,2.9954824382562717,5429579.645342819,16264778.493333334,79.22697699167138,9.91,
2025/07/30 03:15:00,13.52,21.61,17.7,96.6,65.74,85.67,2.9948916061864894,5431136.3851694465,16266232.668888893,79.24451242789256,9.92,
2025/07/30 03:30:00,13.52,21.6,17.71,96.6,65.76,85.69,2.9948910688937755,5428818.4244973995,16259290.385555549,79.2445124278929,9.92,
2025/07/30 03:45:00,13.58,21.57,17.74,96.6,65.77,85.71,2.9920666264193536,5434422.971358538,16260734.343333332,79.18528013145196,9.8,
2025/07/30 04:00:00,13.49,21.55,17.69,96.6,65.69,85.73,2.9907353849994585,5461775.609051132,16335302.060000004,79.2737309327285,9.84,
2025/07/30 04:15:00,13.5,21.55,17.68,96.6,65.58,85.75,2.9914672343053863,5493591.578789295,16434477.901111113,79.26394140220322,9.85,
2025/07/30 04:30:00,13.51,21.54,17.64,96.6,65.48,85.77,2.991395693290268,5524046.397778511,16525185.991111102,79.2540985618205,9.84,
2025/07/30 04:45:00,13.43,21.51,17.66,96.6,65.38,85.79,2.9875468924249122,5521833.436742703,16497319.09222223,79.332550772113,9.81,
2025/07/30 05:00:00,13.39,21.51,17.61,96.6,65.28,85.81,2.9882398371976313,5556682.710988319,16605279.899999999,79.37194007097212,9.86,
2025/07/30 05:15:00,13.38,21.47,17.58,96.6,65.18,85.83,2.9890887946742666,5581558.188038338,16684356.791666659,79.38183823858395,9.89,
2025/07/30 05:30:00,13.31,21.47,17.58,96.6,65.08,85.85,2.9871653995020973,5616801.055434788,16778900.263888884,79.45056846129972,9.9,
2025/07/30 05:45:00,13.17,21.44,17.46,96.6,64.98,85.73,2.9813954396959534,5621368.446313453,16760093.166666664,79.58787669113538,9.87,
2025/07/30 06:00:00,13.15,21.42,17.44,96.49,64.88,85.6,2.9849180818816383,5651589.237344826,16870106.586666666,79.51110968274574,9.84,
2025/07/30 06:15:00,13.13,21.41,17.43,96.28,64.78,85.46,2.997499220450608,5605307.417171925,16802481.61777777,79.34696437955421,9.92,
2025/07/30 06:30:00,13.23,21.41,17.48,96.16,64.67,85.33,3.0044195700732415,5588900.781229144,16791988.888888884,79.14351620153066,9.86,
2025/07/30 06:45:00,13.21,21.39,17.46,96.08,64.57,85.2,3.0087802213865533,5574527.569381369,16773114.911666675,79.0930709023406,9.89,
2025/07/30 07:00:00,13.14,21.37,17.39,96.01,64.47,85.06,3.010199259323085,5563004.538676271,16746330.865,79.10036731294439,9.9,
2025/07/30 07:15:00,13.26,21.36,17.48,95.94,64.37,84.93,3.0142519674389665,5549325.853093112,16727660.546666669,78.92103426635991,9.81,
2025/07/30 07:30:00,12.89,21.34,17.32,96.31,64.65,84.89,2.9819769355351533,5531391.698885773,16495038.902222216,79.60831925723333,9.76,
2025/07/30 07:45:00,12.8,21.32,17.26,96.33,64.71,84.95,2.981147649548048,5534903.048311109,16500914.12444445,79.71428353180978,9.84,
2025/07/30 08:00:00,12.83,21.33,17.28,96.36,64.76,85.01,2.979154698215979,5539526.723366687,16503658.874999996,79.71106819370321,9.8,
2025/07/30 08:15:00,12.85,21.33,17.29,96.38,64.81,85.07,2.979999256991519,5538875.467906537,16506398.284444436,79.70903954623222,9.83,
2025/07/30 08:30:00,12.86,21.3,17.28,96.41,64.86,85.13,2.981883518887024,5536291.197442044,16509132.352777775,79.72571120662185,9.91,
2025/07/30 08:45:00,12.87,21.27,17.26,96.43,64.92,85.19,2.980509931124925,5537026.15668884,16503719.136666665,79.73337426301731,9.89,
2025/07/30 09:00:00,12.89,21.29,17.27,96.46,64.97,85.25,2.9789723753586523,5540799.695031633,16506445.193333335,79.73998898363833,9.87,
2025/07/30 09:15:00,12.8,21.27,17.23,96.48,65.02,85.31,2.9742984181362235,5550422.855124792,16509165.908888893,79.84574625465042,9.85,
2025/07/30 09:30:00,12.72,21.27,17.19,96.51,65.08,85.37,2.970991822492385,5554778.624484364,16503747.351666672,79.95054304397243,9.87,
2025/07/30 09:45:00,12.67,21.25,17.17,96.54,65.13,85.43,2.968661794857226,5550286.777100839,16477468.272222232,80.0259120219526,9.89,
2025/07/30 10:00:00,12.83,21.25,17.23,96.56,65.18,85.49,2.9718060171643583,5534367.283607044,16447617.963333322,79.88641562615179,9.86,
2025/07/30 10:15:00,12.96,21.26,17.25,96.59,65.24,85.55,2.9746095127300243,5516307.917441032,16409414.853333335,79.78515079710846,9.86,
2025/07/30 10:30:00,13.11,21.22,17.36,96.64,65.29,85.61,2.9739159044062125,5639938.107646293,16773288.497777773,79.68156098017978,9.78,
2025/07/30 10:45:00,13.3,21.22,17.35,96.65,65.34,85.67,2.9870616396507366,5538936.246812439,16545725.233888889,79.50436292593385,9.97,
2025/07/30 11:00:00,13.34,21.21,17.49,96.41,65.4,85.73,2.9946925090842353,5524734.885577587,16545489.179999998,79.2545754788317,9.83,
2025/07/30 11:15:00,12.72,21.19,17.17,95.21,65.07,85.8,3.029985561969243,5567830.065667319,16871027.580000002,78.8090638339743,9.77,
2025/07/30 11:30:00,11.79,21.2,16.88,95.38,64.2,85.86,2.9937525573070536,5888044.328140913,17627904.359999992,79.86975244564351,9.87,
2025/07/30 11:45:00,12.57,21.21,17.16,96.69,64.23,85.93,2.9548205201977127,5976632.041834018,17660458.2,80.25517100398059,9.8,
2025/07/30 12:00:00,12.51,21.22,17.15,96.66,64.39,85.99,2.9562283782876833,5971623.297166191,17654062.799999993,80.28784989830608,9.85,
2025/07/30 12:15:00,12.8,21.23,17.21,96.63,64.56,86.06,2.9647436163711225,5897768.416901626,17485955.97222222,79.97699484187247,9.79,
2025/07/30 12:30:00,13.04,21.24,17.25,96.59,64.72,86.12,2.9779974007054104,5827520.785212815,17354930.388888888,79.7067094242814,9.88,
2025/07/30 12:45:00,13.22,21.25,17.42,96.36,64.89,86.18,2.9954837206926173,5747208.323273024,17216282.69166667,79.3286828116122,9.89,
2025/07/30 13:00:00,13.12,21.24,17.3,96.02,65.03,86.25,3.0060325481749564,5736819.241887387,17245666.117777776,79.12856058671719,9.82,
2025/07/30 13:15:00,12.64,21.27,17.18,95.99,65.17,86.31,2.992577671386181,5788795.451192944,17323997.46,79.57300686339111,9.85,
2025/07/30 13:30:00,12.64,21.28,17.18,96.13,65.3,86.38,2.987310765760016,5766075.579696615,17225630.91333333,79.69593049133816,9.89,
2025/07/30 13:45:00,12.76,21.33,17.25,96.27,65.44,86.44,2.9827209088374387,5736600.768817114,17111248.0,79.70091848341836,9.84,
2025/07/30 14:00:00,12.83,21.31,17.32,96.4,65.57,86.51,2.977220090049562,5681614.524399096,16915990.446666673,79.7461206674577,9.8,
2025/07/30 14:15:00,12.83,21.34,17.31,96.54,65.71,86.57,2.970847225498045,5671888.991010087,16850879.51555555,79.86878839774037,9.81,
2025/07/30 14:30:00,12.83,21.32,17.27,96.68,65.84,86.64,2.964870263209701,5666814.660257718,16801927.999999996,79.99142268577803,9.83,
2025/07/30 14:45:00,12.87,21.34,17.3,96.81,65.98,86.7,2.9602851046956706,5653600.176115783,16736824.035555553,80.06598272371241,9.84,
2025/07/30 15:00:00,12.96,21.33,17.32,96.95,66.11,86.77,2.9548266635841975,5647560.322029298,16688118.44333333,80.10005056344065,9.8,
2025/07/30 15:15:00,13.24,21.35,17.44,97.09,66.25,86.83,2.958637465924451,5618279.008867089,16623020.516666664,79.94770459141525,9.84,
2025/07/30 15:30:00,13.47,21.38,17.54,97.22,66.38,86.89,2.9629387647080443,5590876.232679187,16566003.342777783,79.8356929129666,9.92,
2025/07/30 15:45:00,13.67,21.38,17.64,97.36,66.52,86.96,2.964158746632984,5569336.053658107,16508989.419999998,79.76165667520884,9.96,
2025/07/30 16:00:00,13.78,21.4,17.7,97.5,66.65,87.02,2.9583617105176536,5556900.247410255,16439916.313333323,79.77557398064525,9.9,
2025/07/30 16:15:00,14.56,21.37,18.02,98.89,66.79,87.05,2.9103020180376022,4890295.751083581,14232792.945555551,80.21812131778819,9.83,
2025/07/30 16:30:00,14.9,21.37,18.3,98.75,66.92,86.93,2.9202161822412114,4789190.653735325,13986070.651666671,79.76148078896117,9.68,
2025/07/30 16:45:00,14.94,21.4,18.31,98.61,67.06,86.82,2.9291157510123824,4691019.064067407,13741124.85777777,79.60055148966836,9.69,
2025/07/30 17:00:00,14.99,21.39,18.34,98.47,67.19,86.7,2.940362664432858,4590298.195172513,13497729.031111114,79.42985438099522,9.74,
2025/07/30 17:15:00,14.97,21.41,18.39,98.33,67.33,86.59,2.944887539251243,4517527.235050221,13304195.960000003,79.32773027088294,9.7,
2025/07/30 17:30:00,14.99,21.44,18.42,98.28,67.46,86.47,2.948577232077235,4498820.717262907,13265706.05555556,79.26460553510124,9.71,
2025/07/30 17:45:00,15.01,21.4,18.4,98.26,67.6,86.35,2.9507287195940757,4400853.309326105,12986302.083333332,79.22756342286714,9.72,
2025/07/30 18:00:00,15.1,21.38,18.46,98.24,67.73,86.24,2.9429494527052684,4392295.926632088,12926893.484999992,79.12108398449831,9.5,
2025/07/30 18:15:00,14.84,21.35,18.27,98.21,67.87,86.12,2.94749372253957,4466561.454131447,13165731.48611111,79.3513246219782,9.71,
2025/07/30 18:30:00,15.21,21.34,18.41,98.6,67.96,86.01,2.9430195779866484,4255339.181675538,12524114.838888893,79.32642113753613,9.79,
2025/07/30 18:45:00,15.36,21.34,18.63,99.62,67.91,85.89,2.8835839536957932,4338648.728858389,12511452.922222225,80.0625235501961,9.58,
2025/07/30 19:00:00,15.33,21.32,18.67,99.26,67.86,85.77,2.906357111014009,4296329.272980027,12487281.839999998,79.78048945551312,9.67,
2025/07/30 19:15:00,15.03,21.32,18.39,98.61,67.72,85.66,2.9323779531503034,4269262.163867675,12519655.24333333,79.51199685889642,9.7,
2025/07/30 19:30:00,14.92,21.32,18.39,98.38,67.52,85.54,2.940776471953687,4279965.389771866,12586992.02444445,79.42040015763179,9.7,
2025/07/30 19:45:00,14.75,21.32,18.19,98.16,67.33,85.43,2.9482322021578877,4292098.214309806,12654641.14444445,79.39643160951266,9.73,
2025/07/30 20:00:00,14.66,21.32,18.13,97.93,67.14,85.31,2.959031483830238,4296896.153230155,12715185.309444444,79.2849013927682,9.77,
2025/07/30 20:15:00,14.61,21.3,18.04,97.71,66.94,85.19,2.96717387132843,4307902.37641882,12782823.166666664,79.1423662812576,9.74,
2025/07/30 20:30:00,14.58,21.29,18.01,97.49,66.75,85.08,2.9787792556894304,4313858.676341552,12850563.201666664,78.9801916817813,9.77,
2025/07/30 20:45:00,14.54,21.31,18.0,97.26,66.55,84.96,2.986336421241439,4325731.227549169,12918619.174999999,78.81872837503212,9.71,
2025/07/30 21:00:00,14.42,21.29,17.93,97.04,66.36,84.85,2.993133749082227,4338609.122064056,12986564.494444441,78.74460271852742,9.7,
2025/07/30 21:15:00,14.42,21.29,17.93,96.82,66.16,84.73,3.0047347077267026,4344503.028816752,13054611.99166667,78.55243207439027,9.71,
2025/07/30 21:30:00,13.35,21.28,17.39,95.3,65.97,84.74,3.0505913639863667,5006408.106703387,15273056.192777775,78.27084681947193,9.86,
2025/07/30 21:45:00,12.98,21.26,17.31,95.75,65.78,84.86,3.014836827011148,5138430.662083257,15492070.659999998,79.02893157376629,9.83,
2025/07/30 22:00:00,12.96,21.24,17.28,96.19,65.58,84.98,2.9947020158970825,5248457.318969716,15718107.411111116,79.43471996580686,9.88,
2025/07/30 22:15:00,13.18,21.22,17.35,96.5,65.48,85.11,2.9826238908910514,5327904.490323381,15891692.244999995,79.49027362066192,9.77,
2025/07/30 22:30:00,13.0,21.22,17.27,96.5,65.52,85.23,2.977938519609349,5356348.27761217,15951422.355000004,79.66695380506974,9.8,
2025/07/30 22:45:00,13.03,21.21,17.31,96.5,65.55,85.35,2.9789185462509287,5377258.837670894,16018972.199999997,79.6375197005647,9.8,
2025/07/30 23:00:00,12.67,21.21,17.18,96.5,65.59,85.47,2.969834863125519,5413795.758666625,16078617.084444439,79.9908228385885,9.87,
2025/07/30 23:15:00,12.85,21.18,17.22,96.48,65.63,85.59,2.9755528639006683,5423341.228534084,16137989.340000004,79.79667749886917,9.84,
2025/07/30 23:30:00,13.03,21.17,17.27,96.45,65.67,85.71,2.9829107543063555,5429927.155497169,16197551.553333327,79.59381403574233,9.84,
2025/07/30 23:45:00,12.98,21.15,17.22,96.42,65.7,85.83,2.9842444601637492,5450075.419465529,16264919.219999995,79.61668292736887,9.88,
2025/07/31 00:00:00,13.0,21.14,17.24,96.41,65.93,85.54,2.9842467841386204,5308901.54793972,15843623.870555554,79.58822780494813,9.85,
2025/07/31 00:15:00,13.0,21.13,17.2,96.39,65.99,85.62,2.988217011215737,5309010.593682233,15865024.890000008,79.57091362451189,9.93,
2025/07/31 00:30:00,12.99,21.1,17.26,96.36,66.06,85.7,2.9851829065370543,5318866.811777689,15878351.891111111,79.55416038504707,9.82,
2025/07/31 00:45:00,12.95,21.09,17.22,96.34,66.12,85.78,2.984835561594126,5326663.186970891,15899771.60444444,79.57587341400738,9.82,
2025/07/31 01:00:00,12.95,21.08,17.18,96.32,66.18,85.86,2.9865729005645516,5340381.277188872,15949993.839999994,79.55839026922045,9.84,
2025/07/31 01:15:00,12.95,21.07,17.17,96.29,66.25,85.94,2.988783620502754,5351304.596954754,15994449.533333331,79.53214338351783,9.86,
2025/07/31 01:30:00,12.94,21.05,17.16,96.27,66.31,86.03,2.990168520929274,5369150.024135832,16055225.34,79.52447032903802,9.88,
2025/07/31 01:45:00,12.97,21.05,17.19,96.24,66.37,86.11,2.9907262811358635,5369299.972842358,16058673.143333327,79.46862880436854,9.83,
2025/07/31 02:00:00,13.16,21.04,17.26,96.22,66.43,86.19,2.9991544169195223,5367816.448131074,16099492.933333322,79.26478536471816,9.86,
2025/07/31 02:15:00,12.9,21.02,17.17,96.24,66.5,86.25,2.986090547509517,5368456.746081192,16031263.72222222,79.53716905015588,9.77,
2025/07/31 02:30:00,12.9,21.01,17.11,96.47,66.56,86.28,2.9765126145120524,5357323.21830013,15946693.033333333,79.73880350445918,9.81,
2025/07/31 02:45:00,12.89,20.99,17.17,96.7,66.62,86.31,2.962659378609238,5353965.678954756,15862534.190555552,79.94990298273147,9.75,
2025/07/31 03:00:00,13.0,20.99,17.14,96.93,66.69,86.33,2.959467705014683,5411317.572186609,16015177.224444443,80.04344242755087,9.86,
2025/07/31 03:15:00,13.58,20.98,17.42,97.06,66.75,86.33,2.966815582854212,4989080.67590094,14802241.776666664,79.58740363471411,9.74,
2025/07/31 03:30:00,13.69,20.95,17.49,97.08,66.81,86.32,2.9706622320531,4948406.824712547,14700618.081111103,79.4969150193051,9.77,
2025/07/31 03:45:00,13.79,20.92,17.4,97.05,66.88,86.3,2.9783703555871286,4912229.0491427155,14630999.94888889,79.37267087747469,9.84,
2025/07/31 04:00:00,13.82,20.93,17.41,97.01,66.94,86.29,2.9800547152911236,4891153.0459642075,14576464.650000006,79.30817097784609,9.81,
2025/07/31 04:15:00,13.84,20.89,17.39,96.98,67.0,86.28,2.9830410432637686,4868053.476681407,14522166.217777777,79.2623668612475,9.83,
2025/07/31 04:30:00,13.94,20.88,17.45,96.94,67.07,86.26,2.983946839475383,4843257.057759786,14452593.485000009,79.12893163825595,9.73,
2025/07/31 04:45:00,14.03,20.86,17.46,96.91,67.13,86.25,2.9956666835074564,4806115.502268595,14398098.244444447,79.01478453303557,9.9,
2025/07/31 05:00:00,14.06,20.84,17.5,96.87,67.19,86.24,2.996132543616769,4787181.256892498,14343616.008333331,78.95016707518363,9.84,
2025/07/31 05:15:00,14.04,20.82,17.52,96.84,67.25,86.22,2.9926381260014883,4772053.1815309245,14281618.248333331,78.94332262619989,9.74,
2025/07/31 05:30:00,13.98,20.8,17.48,96.8,67.32,86.21,2.9926787566213684,4751352.205199562,14219854.684444444,78.96729047017034,9.74,
2025/07/31 05:45:00,14.02,20.79,17.51,97.31,67.38,86.2,2.968944646792435,4770998.611205729,14165412.506666671,79.37352888693054,9.75,
2025/07/31 06:00:00,14.03,20.76,17.52,97.36,67.44,86.19,2.96855747519795,4753284.021645733,14110983.333333332,79.40744526462001,9.79,
2025/07/31 06:15:00,14.04,20.75,17.51,97.31,67.38,86.17,2.9709276812976966,4759036.400839553,14139341.382222228,79.35395455633895,9.78,
2025/07/31 06:30:00,14.05,20.72,17.49,97.26,67.29,86.16,2.973744038184928,4774181.742937476,14197787.999999994,79.30048464648162,9.78,
2025/07/31 06:45:00,14.06,20.72,17.48,97.21,67.19,86.15,2.9765628886461233,4791891.933044614,14263962.973333338,79.24700833650485,9.78,
2025/07/31 07:00:00,14.06,20.69,17.48,97.16,67.1,86.13,2.9759138681756485,4810036.667418128,14314857.608333334,79.20317805370763,9.71,
2025/07/31 07:15:00,14.0,20.68,17.43,97.11,67.0,86.12,2.9813562496248234,4823369.2808155175,14380781.897777779,79.21874420841766,9.82,
2025/07/31 07:30:00,14.08,20.65,17.41,97.06,66.91,86.11,2.9864512481979495,4834689.160257164,14439169.066666668,79.0964770525532,9.82,
2025/07/31 07:45:00,13.95,20.65,17.42,97.01,66.81,86.09,2.978970235073909,4866349.359976275,14497317.511111112,79.18018783429402,9.69,
2025/07/31 08:00:00,13.45,20.65,17.13,96.44,65.96,86.08,2.988464609983893,5060062.522779217,15122402.142222224,79.17250687597003,9.63,
2025/07/31 08:15:00,13.76,20.64,17.22,97.34,66.21,86.07,2.9527488901171655,5081793.928968284,15005847.486666664,79.65489283779134,9.61,
2025/07/31 08:30:00,14.12,20.62,17.52,97.2,66.98,86.05,2.9744476327608034,4846857.591380802,14417352.253333326,79.17908099386983,9.68,
2025/07/31 08:45:00,13.88,20.63,17.39,97.06,67.4,86.04,2.9790832551393933,4732747.36841604,14099837.595555555,79.29289532720895,9.8,
2025/07/31 09:00:00,13.76,20.61,17.22,96.95,67.36,86.03,2.978057245323755,4742079.276490031,14122747.246666668,79.31449363120639,9.74,
2025/07/31 09:15:00,13.79,20.6,17.19,96.86,67.32,86.01,2.987347362401956,4713509.994820016,14081453.026666677,79.2065843212325,9.83,
2025/07/31 09:30:00,13.8,20.6,17.25,96.78,67.28,86.0,2.9851563440721742,4724901.844347268,14105142.479999997,79.12646512505098,9.68,
2025/07/31 09:45:00,13.75,20.59,17.27,96.69,67.24,85.99,2.9875704794914704,4730760.896998907,14134060.416666666,79.09683486157246,9.67,
2025/07/31 10:00:00,13.7,20.63,17.25,96.61,67.2,85.97,2.9921144274518388,4777636.256945927,14295810.741666662,79.0760368413713,9.72,
2025/07/31 10:15:00,13.34,20.62,17.05,96.59,67.16,85.96,2.9838537020604967,5110752.224087588,15250316.644444441,79.41206719497129,9.78,
2025/07/31 10:30:00,13.14,20.62,17.02,96.58,67.12,85.95,2.978614659218473,5126005.00045093,15268967.688333333,79.59963784068002,9.8,
2025/07/31 10:45:00,13.0,20.64,16.96,96.57,67.08,85.94,2.974136158022446,5139993.20233621,15287600.618888889,79.72823494544645,9.79,
2025/07/31 11:00:00,12.97,20.63,16.96,96.56,67.04,85.94,2.973245452266354,5149337.377250189,15310807.04999999,79.74889314660786,9.78,
2025/07/31 11:15:00,12.85,20.65,16.92,96.54,67.0,85.99,2.9703127219002914,5182310.129563864,15393637.929999994,79.84910871760061,9.78,
2025/07/31 11:30:00,12.86,20.66,16.94,96.53,66.96,86.05,2.9707248006875817,5235736.501203381,15554495.941111114,79.83052123244205,9.77,
2025/07/31 11:45:00,12.86,20.68,16.95,96.52,66.92,86.1,2.9712092317985443,5265634.204853993,15645866.561111102,79.82176255669187,9.77,
2025/07/31 12:00:00,12.86,20.7,16.96,96.51,66.88,86.16,2.971295510338499,5298961.897644123,15745349.399999999,79.81298546262947,9.76,
2025/07/31 12:15:00,12.86,20.67,16.94,96.5,66.84,86.21,2.971779615843494,5287412.49847563,15713592.89499999,79.80422622908704,9.76,
2025/07/31 12:30:00,12.8,20.7,16.95,96.49,66.8,86.26,2.971886671312079,5310420.8936715,15782536.770000005,79.85440033201947,9.8,
2025/07/31 12:45:00,12.97,20.7,17.02,96.48,66.76,86.32,2.975927573302402,5329007.904405546,15859324.066666657,79.67877269378263,9.75,
2025/07/31 13:00:00,12.9,20.71,16.97,96.47,66.72,86.37,2.9749341896424646,5353861.646206564,15927961.408333339,79.73872445424266,9.77,
2025/07/31 13:15:00,12.93,20.73,17.01,96.45,66.68,86.43,2.9780668927987417,5374059.8839985235,16004891.986111112,79.69183195828111,9.8,
2025/07/31 13:30:00,13.02,20.74,17.04,96.44,66.64,86.48,2.979907947696034,5393743.920677104,16073448.746666668,79.59469700818481,9.76,
2025/07/31 13:45:00,13.11,20.72,17.09,96.43,66.6,86.54,2.9868962766544316,5406769.747288682,16150065.127777787,79.49782915247933,9.85,
2025/07/31 14:00:00,13.17,20.74,17.07,96.42,66.56,86.59,2.9874004657632285,5428935.548302786,16219005.403333334,79.43008306967626,9.8,
2025/07/31 14:15:00,13.17,20.77,17.1,96.41,66.52,86.65,2.9862824946173165,5458395.314631416,16300913.896666674,79.42124087888875,9.76,
2025/07/31 14:30:00,13.06,20.77,17.04,96.51,66.47,86.7,2.9790117428556417,5499139.849377972,16382596.78611111,79.61682158184811,9.79,
2025/07/31 14:45:00,13.17,20.78,17.13,97.02,66.43,86.75,2.9560764181320103,5566777.860589706,16456424.062222218,79.95503108439733,9.75,
2025/07/31 15:00:00,13.18,20.81,17.16,97.53,66.39,86.81,2.932368175298072,5571003.399873988,16336824.741111109,80.39074438919573,9.77,
2025/07/31 15:15:00,14.67,20.83,17.96,99.55,66.35,87.47,2.8655582797886554,4695416.216719265,13455587.200000001,80.68145307920629,9.55,
2025/07/31 15:30:00,14.76,20.85,18.12,99.36,66.31,87.1,2.8750932264195352,4341322.701781584,12482294.054999996,80.4280947574013,9.5,
2025/07/31 15:45:00,14.99,20.84,18.32,99.45,66.27,86.72,2.870133609451927,4280831.213969547,12287181.408333333,80.27940557781149,9.38,
2025/07/31 16:00:00,14.65,20.84,18.1,98.57,66.23,86.35,2.9084825026067596,4159284.105209673,12097781.544444438,79.85069188686478,9.43,
2025/07/31 16:15:00,14.78,20.86,18.19,99.1,66.18,85.98,2.8780850433010476,4112957.373679498,11838010.799999995,80.18273699701606,9.31,
2025/07/31 16:30:00,14.74,20.85,18.07,99.09,66.13,85.74,2.8889152146128714,4066500.5986650083,11748321.584999997,80.21368134145787,9.51,
2025/07/31 16:45:00,14.82,20.85,18.06,99.07,66.07,85.73,2.8889226710713394,4085076.5940567106,11802017.05222223,80.11747562048299,9.45,
2025/07/31 17:00:00,14.74,20.85,18.05,99.06,66.02,85.72,2.891005569174043,4098746.6335488204,11850046.877777776,80.18767347896848,9.52,
2025/07/31 17:15:00,14.74,20.83,18.05,99.05,65.97,85.71,2.8931598495769486,4108920.775335201,11888318.493333329,80.17905431635582,9.55,
2025/07/31 17:30:00,14.71,20.82,18.06,99.03,65.92,85.7,2.8986353687027493,4107249.014813491,11905977.6,80.19145850532502,9.65,
2025/07/31 17:45:00,14.69,20.83,18.06,99.02,65.87,85.69,2.8953749425371575,4117964.9443334285,11923610.697777774,80.20232710040125,9.59,
2025/07/31 18:00:00,14.79,20.82,18.13,99.01,65.82,85.68,2.886545509921038,4136735.547206425,11941448.38333334,80.09486244087262,9.37,
2025/07/31 18:15:00,14.72,20.86,18.09,99.0,65.77,85.67,2.893489410437304,4135763.6923953216,11967348.12777778,80.15530311735691,9.52,
2025/07/31 18:30:00,14.74,20.86,18.05,98.98,65.72,85.66,2.900500008181407,4151542.819859611,12042107.195555553,80.118468013319,9.62,
2025/07/31 18:45:00,14.7,20.88,18.09,98.97,65.67,85.65,2.898224607154979,4180664.8213263205,12117069.690000003,80.14909518676107,9.59,
2025/07/31 19:00:00,14.74,20.87,18.06,98.96,65.62,85.64,2.9009906206623883,4187285.016649721,12147836.81222222,80.10108839379144,9.61,
2025/07/31 19:15:00,14.73,20.86,18.06,98.95,65.56,85.63,2.899601765436825,4189144.7863601493,12147415.444999995,80.10218676095947,9.58,
2025/07/31 19:30:00,14.55,20.87,17.99,98.93,65.51,85.62,2.893146292809786,4196212.836104149,12140803.61388889,80.26191858944345,9.54,
2025/07/31 19:45:00,14.55,20.85,17.95,98.92,65.46,85.61,2.8931169620586017,4193929.041094327,12134069.169444446,80.25322045812648,9.53,
2025/07/31 20:00:00,14.56,20.86,17.94,98.91,65.41,85.6,2.8939227160574683,4190393.1669311295,12127212.111666663,80.23469774075426,9.53,
2025/07/31 20:15:00,14.56,20.83,17.95,98.79,65.36,85.59,2.9000390072973476,4229604.13671589,12266570.641111113,80.13050988571098,9.53,
2025/07/31 20:30:00,14.57,20.81,17.91,98.56,65.31,85.58,2.9099144418953484,4227386.2719246615,12301886.648333333,79.92080616856646,9.49,
2025/07/31 20:45:00,14.36,20.82,17.83,98.33,65.26,85.56,2.912657495657886,4233464.529233262,12331171.844444437,79.92740143346079,9.44,
2025/07/31 21:00:00,14.79,20.78,18.09,99.04,65.3,85.55,2.8772735947204713,4286965.949614754,12335362.875,80.12081251692828,9.24,
2025/07/31 21:15:00,13.88,20.75,17.56,96.22,65.35,85.02,3.0080309986903315,4684565.696808878,14091925.668333333,78.55755190666855,9.51,
2025/07/31 21:30:00,13.82,20.76,17.26,96.6,65.41,84.84,2.9999683891623516,4654451.330278061,13963752.702777782,78.9496442952057,9.8,
2025/07/31 21:45:00,13.89,20.73,17.32,96.98,65.47,85.01,2.9762591389822743,4717324.753982516,14040537.561111115,79.21282097440444,9.64,
2025/07/31 22:00:00,13.97,20.72,17.35,97.37,65.53,85.18,2.959755704380076,4769560.963045485,14117296.875000004,79.47480528701024,9.65,
2025/07/31 22:15:00,14.05,20.7,17.43,97.42,65.58,85.36,2.9639550052855648,4793532.047743388,14208397.072222224,79.44001649876084,9.74,
2025/07/31 22:30:00,14.05,20.65,17.43,97.3,65.64,85.53,2.9657955999617998,4816416.341557392,14285102.975000001,79.33509982564864,9.65,
2025/07/31 22:45:00,14.06,20.68,17.42,97.18,65.7,85.71,2.97260666792795,4833592.550833186,14368964.22499999,79.22053553161442,9.66,
2025/07/31 23:00:00,14.09,20.68,17.51,97.06,65.75,85.75,2.9723950616873425,4830812.131380703,14359693.333333334,79.08603086197135,9.51,
2025/08/01 05:15:00,13.23,20.46,17.43,97.95,64.7,86.37,2.891218715328388,4722380.899863983,13654018.998888887,80.70751712139203,9.31,
2025/08/01 05:30:00,14.17,20.5,17.5,98.62,65.23,86.36,2.8996807152435267,4595238.718070919,13325302.289444441,80.36663725688227,9.58,
2025/08/01 05:45:00,14.15,20.48,17.58,98.7,65.43,86.35,2.8865557777697695,4396403.442384241,12691028.508888878,80.45561883481739,9.42,
2025/08/01 06:00:00,14.24,20.49,17.57,98.33,65.35,86.33,2.909064842668407,4372133.403556391,12719388.415555557,80.04544274068827,9.44,
2025/08/01 06:15:00,14.18,20.46,17.53,98.25,65.26,86.32,2.9053221593309697,4391682.452979533,12759819.929999989,80.03479334617384,9.33,
2025/08/01 06:30:00,14.22,20.38,17.45,98.2,65.18,86.31,2.913448556953475,4391125.525371991,12793889.832777776,79.95198806853031,9.41,
2025/08/01 06:45:00,14.19,20.37,17.46,98.14,65.09,86.3,2.9101032529055777,4410024.072368031,12834201.636666665,79.92923020762845,9.31,
2025/08/01 07:00:00,14.13,20.37,17.47,98.09,65.0,86.29,2.9147090848032278,4416862.994335125,12874452.13388889,79.94474207596863,9.38,
2025/08/01 07:15:00,14.18,20.32,17.5,98.04,64.92,86.28,2.9115174453764197,4401569.633695213,12815840.986666666,79.85201629168586,9.25,
2025/08/01 07:30:00,14.1,20.3,17.41,97.98,64.83,86.27,2.916114410669317,4369778.6315381285,12743352.355555553,79.87844604956936,9.32,
2025/08/01 07:45:00,13.98,20.3,17.34,97.93,64.75,86.26,2.9204322033675534,4451026.493871158,12999497.995000003,79.95293089367841,9.42,
2025/08/01 08:00:00,13.85,20.32,17.31,97.93,64.66,86.25,2.916507828746803,4466633.98064762,13027540.337777775,80.08073604522914,9.42,
2025/08/01 08:15:00,13.73,20.29,17.11,97.99,64.57,86.23,2.9104087417988582,4483518.465258637,13049407.54333334,80.2509736513879,9.43,
2025/08/01 08:30:00,13.83,20.28,17.15,98.04,64.49,86.22,2.905031041733086,4499297.510382679,13071143.078888888,80.19617879536456,9.32,
2025/08/01 08:45:00,13.95,20.31,17.27,98.1,64.43,86.21,2.912534714630095,4493250.210893712,13087310.389999991,80.13049597746884,9.45,
2025/08/01 09:00:00,14.18,20.32,17.49,98.18,64.47,86.2,2.9060769337897585,4489236.967975293,13046669.062777778,79.97387450184186,9.28,
2025/08/01 09:15:00,14.22,20.32,17.44,98.25,64.52,86.19,2.9098184726315157,4467456.593580126,13000077.389444442,79.99547920895506,9.39,
2025/08/01 09:30:00,14.07,20.33,17.49,98.33,64.57,86.18,2.8963261823135427,4472200.916753755,12953544.236111118,80.21257997164867,9.3,
2025/08/01 09:45:00,14.04,20.3,17.5,98.41,64.62,86.17,2.89138243801351,4458061.08168113,12890555.11944444,80.311672663429,9.3,
2025/08/01 10:00:00,14.27,20.34,17.48,98.49,64.67,86.16,2.90128938108642,4468741.75359495,12965702.578888888,80.1550571177733,9.43,
2025/08/01 10:15:00,14.15,20.34,17.46,98.48,64.71,86.15,2.895514111074877,4489075.645977225,12998767.07555556,80.26437099616416,9.38,
2025/08/01 10:30:00,14.15,20.35,17.52,98.46,64.76,86.14,2.891495936324162,4481442.853435464,12958666.245555552,80.24694929330818,9.29,
2025/08/01 10:45:00,14.35,20.36,17.54,98.44,64.81,86.12,2.8978008150149828,4455854.8980225455,12912774.373888891,80.03279903234781,9.28,
2025/08/01 11:00:00,14.25,20.36,17.56,98.42,64.86,86.11,2.9069344248839717,4428072.61069337,12872716.388888888,80.11392313379469,9.48,
2025/08/01 11:15:00,14.32,20.37,17.57,98.4,64.91,86.1,2.9105760663904063,4387306.4817782305,12770185.285,80.02768554675964,9.49,
2025/08/01 11:30:00,14.34,20.39,17.62,98.38,64.95,86.09,2.912189918107467,4363063.757699066,12706670.30111111,79.99061912245921,9.49,
2025/08/01 11:45:00,14.35,20.4,17.6,98.36,65.0,86.08,2.9129745038502257,4349510.713664984,12670605.957777774,79.9633760066072,9.48,
2025/08/01 12:00:00,14.36,20.44,17.66,98.33,65.05,86.07,2.911560524037043,4322890.315205321,12586948.831111107,79.92738177774932,9.42,
2025/08/01 12:15:00,14.34,20.46,17.68,98.31,65.1,86.06,2.9178533055618194,4311345.694497887,12580467.973333336,79.92979573335967,9.53,
2025/08/01 12:30:00,13.91,20.51,17.44,97.4,64.69,86.05,2.941389188251755,4368939.353722442,12851306.893333333,79.55964081954707,9.35,
2025/08/01 12:45:00,14.37,20.46,17.56,98.79,64.42,86.04,2.8944091002640793,4495537.554566551,13012506.271111112,80.31748117451355,9.53,
2025/08/01 13:00:00,14.48,20.48,17.66,98.78,64.47,86.03,2.885323317486564,4492662.391639827,12963376.408888891,80.20031706959254,9.3,
2025/08/01 13:15:00,14.31,20.48,17.73,98.76,64.51,85.96,2.8796822897682794,4473994.68860584,12884285.699999994,80.35023947312862,9.27,
2025/08/01 13:30:00,14.38,20.52,17.68,98.74,64.55,85.85,2.891817691967514,4419537.111798028,12781078.016666662,80.26407837733257,9.43,
2025/08/01 13:45:00,14.48,20.53,17.76,98.72,64.6,85.74,2.890131513806225,4384476.787516804,12672306.056666667,80.14821969624542,9.33,
2025/08/01 14:00:00,14.46,20.52,17.77,98.7,64.64,85.63,2.90003342569087,4334129.920730829,12569715.736111104,80.15070010872623,9.5,
2025/08/01 14:15:00,14.45,20.54,17.78,98.68,64.68,85.53,2.899673094810364,4301416.483854791,12473288.941666663,80.14313719990172,9.48,
2025/08/01 14:30:00,14.45,20.58,17.81,98.66,64.73,85.42,2.900148711680791,4263401.457583855,12365078.495000001,80.12574834290926,9.47,
2025/08/01 14:45:00,14.58,20.59,17.75,98.64,64.77,85.31,2.9093516958935006,4216648.741623495,12268278.403333334,79.9805758118216,9.55,
2025/08/01 15:00:00,14.52,20.6,17.81,98.62,64.81,85.2,2.9042670676641853,4241029.6600832855,12317657.904444443,80.02211456884571,9.47,
2025/08/01 15:15:00,14.47,20.61,17.86,98.61,64.86,85.09,2.8983113022232607,4199457.128907438,12171908.85166667,80.06253087180946,9.38,
2025/08/02 13:15:00,12.54,20.6,17.18,95.59,64.37,84.11,2.992724483226694,5326709.26805914,15942008.646666659,79.31941968206948,9.45,
2025/08/02 13:30:00,12.25,20.7,16.76,95.68,64.32,85.35,2.990791507258211,5750757.91730356,17199912.418333333,79.68285077877329,9.75,
2025/08/02 13:45:00,12.01,20.59,16.52,95.89,64.28,85.22,2.9739583369522746,5704609.384346322,16965833.46333333,80.10253852750593,9.78,
2025/08/02 14:00:00,12.15,20.63,16.7,96.07,64.24,85.08,2.968531157805517,5679915.089855414,16861582.637777783,80.12334793087743,9.74,
2025/08/02 23:45:00,14.14,20.7,17.87,99.4,65.45,87.27,2.8474247031948683,4654696.98556951,13254491.115555547,81.07298121899213,9.36,
2025/08/03 00:00:00,14.28,20.75,17.79,98.36,65.18,85.67,2.9054626313186382,4259677.420164815,12376878.634999996,80.03213957242016,9.38,
2025/08/03 00:15:00,14.41,20.74,17.85,98.3,64.94,85.47,2.918368316565227,4223303.061663838,12325713.577222222,79.85218197213308,9.49,
2025/08/03 00:30:00,14.41,20.69,17.79,98.24,64.87,85.27,2.9245755486985803,4158821.604894694,12163340.199999996,79.8000799138384,9.55,
2025/08/03 00:45:00,14.42,20.66,17.77,98.18,64.8,85.07,2.9279266642976434,4098491.2235402865,12000629.403888889,79.7380407723855,9.55,
2025/08/03 01:00:00,14.43,20.58,17.73,98.12,64.73,84.87,2.9312783135320966,4038668.924748508,11839011.445555557,79.67599256186429,9.55,
2025/08/04 04:00:00,12.63,20.38,16.99,98.56,61.61,87.79,2.844798500738401,5248807.303544533,14932354.95888889,81.82831361213084,9.33,
2025/08/04 04:15:00,13.53,20.39,17.16,98.42,62.66,87.6,2.876025732385661,4963315.58202399,14275190.45333333,80.82190755229615,9.3,
2025/08/04 04:30:00,14.15,20.37,17.38,98.3,63.71,87.4,2.9073632108837297,4680084.903076603,13607300.41611111,80.10785974231314,9.43,
2025/08/04 04:45:00,14.13,20.37,17.56,98.29,64.77,87.21,2.9029105677766824,4455455.697511477,12934388.573333329,80.11878028715876,9.35,
2025/08/04 05:00:00,14.13,20.32,17.5,98.28,65.09,87.01,2.9011948134952985,4369960.839369538,12678692.399999999,80.11006874915768,9.31,
2025/08/04 05:15:00,14.26,20.3,17.53,98.27,65.09,86.82,2.905544597701252,4336186.706065679,12599576.727222215,79.9734973936355,9.31,
2025/08/04 05:30:00,14.29,20.29,17.49,98.26,65.08,86.62,2.911395259348142,4293587.812683573,12500914.910000002,79.93532593984443,9.39,
2025/08/04 05:45:00,14.11,20.28,17.48,98.25,65.08,86.43,2.9043479582025133,4269968.115587125,12402050.130555559,80.1036492172267,9.35,
2025/08/04 06:00:00,14.2,20.27,17.55,98.24,65.08,86.23,2.897239437178637,4244240.6601958405,12297168.125000002,80.00644127670664,9.17,
2025/08/04 06:15:00,14.1,20.25,17.48,98.23,65.08,86.04,2.9045135481068223,4199352.1031131875,12197648.711111113,80.09607804475772,9.34,
2025/08/04 06:30:00,14.07,20.24,17.42,98.22,65.07,85.84,2.9057780106070585,4163295.555074918,12098171.910000006,80.11689253621688,9.37,
2025/08/04 06:45:00,14.04,20.23,17.4,98.21,65.07,85.65,2.8998515808735914,4137432.8536433177,11998492.146666674,80.13767609901888,9.27,
2025/08/04 07:00:00,13.93,20.22,17.35,98.2,65.07,85.46,2.9047769127053873,4125049.536041489,11982892.618888887,80.23718289370271,9.41,
2025/08/04 07:15:00,13.76,20.21,17.15,97.93,65.07,85.44,2.914833772819481,4375367.423288598,12754014.60666667,80.16922063787113,9.44,
2025/08/04 07:30:00,13.59,20.24,17.05,97.59,65.06,85.6,2.93115915755028,4638803.387171156,13597634.049999993,80.03996742243922,9.53,
2025/08/04 07:45:00,13.5,20.22,16.95,97.25,65.06,85.77,2.944320175868677,4630567.739799351,13634428.499999994,79.8316119631254,9.51,
2025/08/04 08:00:00,13.52,20.2,16.91,97.2,65.06,85.94,2.9498142187901264,4628078.012897904,13652523.719999997,79.76834645738454,9.56,
2025/08/04 08:15:00,13.93,20.19,17.22,98.59,65.06,86.1,2.8829495250372927,4253874.416326108,12264237.039999994,80.57640032396097,9.37,
2025/08/04 08:30:00,14.03,20.21,17.36,98.56,65.05,86.25,2.8851664058100903,4281812.726700351,12354301.177777778,80.45194240072433,9.33,
2025/08/04 08:45:00,13.96,20.2,17.36,98.52,65.05,86.25,2.8829104602346938,4284138.3309524935,12351347.311111113,80.48601614291621,9.29,
2025/08/04 09:00:00,13.9,20.19,17.31,98.49,65.05,86.25,2.8871125784891447,4276882.071079643,12348393.444444446,80.51896100646829,9.37,
2025/08/04 09:15:00,13.96,20.18,17.32,98.45,65.05,86.25,2.884192396565731,4280187.167301394,12345439.57777778,80.42515117314358,9.25,
2025/08/04 09:30:00,13.94,20.17,17.24,98.42,65.04,86.25,2.891275293013845,4270612.432369203,12348061.366666662,80.4187390329476,9.36,
2025/08/04 09:45:00,13.92,20.16,17.23,98.38,65.04,86.25,2.894874171124138,4264282.078394747,12345106.106666662,80.40363453381947,9.4,
2025/08/04 10:00:00,13.85,20.16,17.26,98.35,65.04,86.24,2.889968509483808,4268483.16548776,12336331.822222216,80.44634808464323,9.32,
2025/08/04 10:15:00,13.82,20.15,17.2,98.31,65.04,86.24,2.894369920703624,4260974.443134238,12333377.955555547,80.44106085961994,9.38,
2025/08/04 10:30:00,13.97,20.17,17.31,98.34,65.03,86.24,2.895100832363882,4260796.319213288,12335994.054999996,80.31963907550667,9.34,
2025/08/04 10:45:00,13.98,20.19,17.39,98.39,65.03,86.24,2.887245542185036,4271361.768698284,12333038.794999994,80.3532984332116,9.24,
2025/08/04 11:00:00,14.0,20.18,17.39,98.45,65.03,86.24,2.8847789254797784,4273989.144483707,12330083.534999996,80.38580918501702,9.24,
2025/08/04 11:15:00,14.01,20.22,17.36,98.5,65.03,86.24,2.890380838257646,4264687.479715133,12327128.274999995,80.41947072491989,9.38,
2025/08/04 11:30:00,14.16,20.2,17.39,98.56,65.01,86.23,2.8866955330640636,4271118.024066034,12329983.56333333,80.32404851808624,9.29,
2025/08/04 11:45:00,14.16,20.21,17.54,98.62,64.9,86.23,2.873634063820699,4311643.355852422,12390679.95,80.37625581405334,9.12,
2025/08/04 12:00:00,14.14,20.23,17.5,98.67,64.79,86.23,2.887227339555467,4302010.636555281,12421470.062222222,80.43938074948015,9.41,
2025/08/04 12:15:00,14.1,20.22,17.44,98.69,64.68,86.23,2.8822864909054684,4309623.303787349,12422144.319444442,80.49607890636563,9.36,
2025/08/04 12:30:00,14.14,20.25,17.43,98.65,64.57,86.23,2.8871462403375414,4302469.1886485135,12422426.35333334,80.42198595955772,9.39,
2025/08/04 12:45:00,14.14,20.25,17.49,98.62,64.46,86.23,2.8836274076406254,4383587.15958461,12641222.18333334,80.39587561085749,9.3,
2025/08/04 13:00:00,13.83,20.28,17.41,97.91,64.38,86.22,2.909944885047012,4328461.203886163,12596156.906666672,80.08294523402007,9.29,
2025/08/04 13:15:00,14.06,20.28,17.41,98.86,64.39,86.22,2.872516852189994,4370326.440506673,12554396.616666667,80.68311475857308,9.36,
2025/08/04 13:30:00,14.17,20.29,17.51,99.26,64.41,86.22,2.855378180025898,4379843.873295793,12506681.568333333,80.92204470812386,9.36,
2025/08/04 13:45:00,14.44,20.33,17.71,99.57,64.42,85.78,2.8357780866962026,4259207.199575142,12078745.36,80.92493052200473,9.17,
2025/08/04 14:00:00,14.38,20.29,17.74,99.37,64.43,85.24,2.8528123651532393,4029048.338969929,11494690.215555547,80.81069052390734,9.31,
2025/08/06 11:30:00,15.7,20.06,17.7,103.15,64.09,92.25,2.6979072342785395,3890241.9149876544,10496028.302222222,82.7671485937946,9.43,
2025/08/13 15:30:00,15.56,23.6,20.37,96.06,62.71,81.88,3.074908338795688,5014931.772867259,15421133.969999995,76.76690185095094,9.56,
2025/08/13 15:45:00,16.67,23.65,20.05,97.1,66.64,85.3,3.097611544122563,4865130.1805955935,15070884.803333329,76.58759189431068,10.42,
2025/08/13 16:00:00,16.94,23.71,20.15,97.48,67.3,85.39,3.085233199506481,4746467.778735491,14644547.445000004,76.65244964046184,10.37,
2025/08/13 16:15:00,17.31,23.73,20.48,98.41,67.95,85.48,3.038006259494168,4639534.722310845,14095540.903888889,77.09467829371482,10.14,
2025/08/21 21:15:00,17.52,23.88,21.22,98.4,67.23,83.59,3.021144714275056,3745522.5760448016,11316354.695555553,76.8766574733604,9.69,
2025/08/21 21:30:00,18.11,23.9,21.3,97.89,66.95,82.91,3.0575998450208393,3616432.3864706545,11058202.539999995,75.85149524091976,9.51,
2025/08/21 21:45:00,18.17,23.82,21.2,97.66,66.68,82.23,3.1066772971025745,3473674.854395305,10792181.186111107,75.59530477089051,10.11,
2025/08/22 04:15:00,17.32,23.4,20.86,98.98,66.46,83.79,2.977666818946885,3843416.062988098,11445022.758888897,77.57637453120964,9.6,
2025/08/22 04:30:00,17.77,23.33,20.96,98.77,66.49,83.5,2.983032127779664,3796432.5422477946,11325529.215000002,76.94978534196336,9.29,
2025/08/22 04:45:00,17.86,23.27,20.93,98.55,66.51,83.21,3.014546218041695,3686536.8030996486,11113890.822222214,76.67093978778117,9.54,
2025/08/22 05:00:00,17.88,23.24,20.88,98.4,66.54,82.92,3.0241596084261158,3602704.9981528507,10895794.909999998,76.52115837334674,9.55,
2025/08/22 05:15:00,17.86,23.2,20.84,98.28,66.56,82.64,3.030821962991461,3527283.1140228836,10691197.146666663,76.43680185282206,9.56,
2025/08/22 05:30:00,17.84,23.18,20.82,98.15,66.59,82.35,3.0380284692385455,3444851.74094214,10466176.599999994,76.3437227751543,9.57,
2025/08/22 05:45:00,17.82,23.13,20.79,98.03,66.61,82.06,3.044665209355277,3341329.878310081,10173839.591666667,76.25928012073865,9.58,
2025/08/22 06:00:00,17.78,23.12,20.8,97.81,66.63,81.77,3.0430113013776396,3431512.5412826817,10442761.16888889,76.10703928215023,9.38,
2025/08/22 06:15:00,16.93,23.07,20.06,94.76,66.5,81.83,3.2084767753645327,3896767.1076479782,12503314.926666666,74.2809835231418,9.86,
2025/08/22 06:30:00,16.55,23.05,19.73,94.62,66.37,81.92,3.197618304161146,3964437.5768739246,12677332.738888886,74.53122411255164,9.77,
2025/08/22 06:45:00,16.53,23.02,19.62,94.64,66.23,82.0,3.2058536208272197,4008431.086383881,12851014.17722222,74.56940325307468,10.0,
2025/08/22 07:00:00,16.73,23.01,19.78,94.67,66.1,82.08,3.2089015510740952,4057594.3314826223,13021030.452222226,74.39885617241266,9.93,
2025/08/22 07:15:00,16.54,23.0,19.75,94.69,65.97,82.16,3.1966361750308376,4127280.6453606486,13194025.209444443,74.60282745515295,9.84,
2025/08/22 07:30:00,16.4,23.0,19.64,94.34,65.83,82.24,3.2115425760186773,4164545.9450824736,13375219.384999996,74.43277695094983,9.87,
2025/08/22 07:45:00,16.29,22.96,19.55,93.87,65.7,82.33,3.231391141970056,4195053.053292172,13556464.64944444,74.12684413453698,9.84,
2025/08/22 08:00:00,16.17,22.93,19.34,93.92,65.57,82.41,3.2248887731865254,4257208.984162737,13729608.02888889,74.28884369446116,9.86,
2025/08/22 08:15:00,16.33,22.91,19.41,94.07,65.43,82.49,3.2302732018086315,4306306.188115868,13911152.395555543,74.26460625839267,10.04,
2025/08/22 08:30:00,16.36,22.89,19.48,94.21,65.3,82.57,3.2219751217656376,4371159.934134029,14084396.907777773,74.35817465764241,9.99,
2025/08/22 08:45:00,16.4,22.88,19.55,94.36,65.17,82.65,3.2082835519748167,4443822.563763266,14257690.186666667,74.45018494847861,9.82,
2025/08/22 09:00:00,16.32,22.87,19.51,94.49,65.3,82.74,3.202547681441847,4442229.050855411,14227088.871111106,74.64353823357459,9.92,
2025/08/22 09:15:00,16.48,22.87,19.53,94.62,65.68,82.82,3.1986031570699383,4371819.834343132,13984346.98222221,74.60031999698681,9.85,
2025/08/22 09:30:00,16.42,22.86,19.57,94.76,66.06,82.9,3.184704770508057,4314657.610237504,13741535.426666668,74.78199811796016,9.76,
2025/08/22 09:45:00,16.46,22.87,19.63,94.89,66.44,82.98,3.1889419458408175,4231918.139199249,13495965.535555558,74.85775247402367,9.98,
2025/08/22 10:00:00,16.45,22.87,19.63,95.02,66.82,83.0,3.181181698510888,4154337.0936748516,13216310.298888896,74.98167936590669,9.97,
2025/08/22 10:15:00,16.76,22.88,19.89,96.29,67.11,82.97,3.123108178813227,4152956.102187449,12970761.772222219,75.7890175511743,9.94,
2025/08/22 10:30:00,16.66,22.89,19.74,95.49,67.28,82.94,3.1583332781435756,4023138.306406539,12707007.719999997,75.1868941003182,9.85,
2025/08/22 10:45:00,16.63,22.88,19.81,95.62,67.45,82.9,3.145909203552668,3989478.547058464,12551137.958333336,75.32995500703731,9.76,
2025/08/22 11:00:00,16.75,22.9,19.84,95.74,67.62,82.87,3.1580855357543256,3927359.925363945,12403537.513888888,75.31839580657845,10.07,
2025/08/22 11:15:00,16.79,22.89,19.85,95.86,67.79,82.84,3.15313278180181,3888535.4097146876,12261663.088888884,75.3840923813643,10.07,
2025/08/22 11:30:00,16.81,22.9,19.93,95.98,67.96,82.81,3.1420325422509716,3856996.948276284,12119408.400000006,75.46880385808413,9.95,
2025/08/22 11:45:00,16.75,22.92,19.89,96.1,68.13,82.78,3.1262317625034575,3815963.121694626,11930158.31944445,75.63214955940839,9.8,
2025/08/22 12:00:00,16.74,22.93,19.82,96.23,68.3,82.74,3.125150728360933,3764017.6072150106,11763672.751111107,75.75620822440966,9.93,
2025/08/22 12:15:00,16.82,22.94,19.92,96.35,68.47,82.71,3.1151981260989174,3729311.684515525,11618101.928888883,75.78179043425132,9.8,
2025/08/22 12:30:00,16.76,22.95,19.97,96.47,68.64,82.68,3.1020011886152012,3692732.9952111347,11455415.400000004,75.945340972778,9.71,
2025/08/22 12:45:00,16.92,22.98,20.07,96.59,68.81,82.65,3.118741374191027,3620688.5771958623,11292554.240000002,75.89426742660721,10.07,
2025/08/22 13:00:00,17.01,23.0,20.15,96.75,68.98,82.62,3.1086542307594356,3572963.101438278,11107669.58888889,75.94477927372229,9.97,
2025/08/22 13:15:00,17.27,23.04,20.37,97.22,69.15,82.58,3.091338941854403,3523575.563046991,10893150.59555555,76.09837455499978,9.95,
2025/08/22 13:30:00,17.42,23.05,20.53,97.7,69.28,82.55,3.0579738056001764,3510759.1044895505,10736409.768333329,76.36730267889676,9.72,
2025/08/22 13:45:00,17.4,23.09,20.61,97.1,69.19,82.52,3.085145066293894,3490952.4353409614,10770714.796111109,75.8644204361357,9.63,
2025/08/22 14:00:00,17.33,23.11,20.41,97.21,69.1,82.49,3.0989097944338138,3493412.618388119,10826346.880555555,76.03110728310985,10.05,
2025/08/22 14:15:00,17.3,23.12,20.4,97.32,69.01,82.46,3.0838815417065577,3528549.3884944376,10882199.227777766,76.15561411720525,9.89,
2025/08/22 14:30:00,17.31,23.15,20.46,97.43,68.93,82.42,3.079281934394515,3546667.6786504686,10921767.804444442,76.2416257947479,9.91,
2025/08/22 14:45:00,17.42,23.16,20.53,97.53,68.84,82.39,3.068974129793154,3576813.514036253,10977739.513888886,76.21954898802103,9.75,
2025/08/22 15:00:00,17.56,23.18,20.6,97.64,68.75,82.36,3.084071397902337,3577416.6448910497,11033618.682777775,76.17883848944314,10.06,
2025/08/22 15:15:00,17.62,23.21,20.69,97.75,68.66,82.33,3.071848125361608,3602470.206698833,11066864.428888889,76.21448026880819,9.9,
2025/08/22 15:30:00,17.7,23.26,20.81,97.85,68.57,82.3,3.0607447686857183,3624320.0424065776,11093757.620000003,76.22185170274211,9.75,
2025/08/22 15:45:00,17.0,23.29,20.23,94.81,65.98,80.96,3.2070055865029734,3791490.2362731844,12159930.945555545,74.25593589192647,9.83,
2025/08/22 16:00:00,17.0,23.3,20.2,95.33,65.93,81.73,3.185076668805951,4013901.4957144833,12785201.122222219,74.71277367337797,9.97,
2025/08/22 16:15:00,17.21,23.32,20.24,95.69,65.89,82.5,3.1651109655854364,4264148.568457236,13497153.12,74.82075460701648,9.8,
2025/08/22 16:30:00,16.98,23.32,20.15,95.65,65.85,82.76,3.165147267913373,4348316.74239568,13763706.61111112,75.0126180670073,9.93,
2025/08/22 16:45:00,16.88,23.33,20.14,95.61,65.81,82.63,3.1579544782436084,4335150.675719665,13690842.70888888,75.07545358511732,9.81,
2025/08/22 17:00:00,16.91,23.35,20.08,95.57,65.77,82.5,3.1650490205780244,4302415.888027454,13617974.626666667,75.0112393421625,9.89,
2025/08/22 17:15:00,17.15,23.35,20.19,95.53,65.72,82.38,3.168176466124922,4280299.877236836,13561382.535555553,74.73942866229422,9.73,
2025/08/22 17:30:00,16.97,23.37,20.17,95.48,65.68,82.25,3.1683205542324195,4255346.390778566,13482927.070555551,74.87303306939467,9.81,
2025/08/22 17:45:00,16.96,23.38,20.12,95.44,65.64,82.12,3.1748815701401534,4221079.713375418,13402040.471111115,74.84824722706358,9.91,
2025/08/22 18:00:00,17.0,23.37,20.15,95.4,65.6,82.0,3.1794610376381387,4165849.3910057144,13245769.777777784,74.77393687846671,9.93,
2025/08/23 05:15:00,16.48,22.94,20.2,96.6,66.35,82.23,3.0821872787609546,3908425.5791225284,12047126.446666675,76.33426133552247,9.65,
2025/08/23 05:30:00,16.73,22.9,19.87,95.93,66.31,82.25,3.132724093783792,3857556.084401187,12085241.31222222,75.50297188782953,9.76,
2025/08/23 05:45:00,16.56,22.87,19.7,95.26,66.27,82.27,3.1623573906302758,3833507.2588858716,12123486.22222222,75.08322951902522,9.75,
2025/08/23 06:00:00,16.56,22.85,19.75,95.25,66.22,82.28,3.154920039577631,3854586.2824112764,12161490.317777777,75.07398295661113,9.59,
2025/08/23 06:15:00,16.7,22.83,19.8,95.31,66.18,82.3,3.1727269181943214,3836294.2712839725,12172111.697777769,74.99007088049113,9.92,
2025/08/23 06:30:00,16.69,22.81,19.82,95.36,66.13,82.32,3.1626476265385937,3864398.6507232576,12222336.487777773,75.04313745046602,9.77,
2025/08/23 06:45:00,16.55,22.78,19.72,95.42,66.09,82.33,3.1493921116219643,3894030.9071462057,12264420.031111108,75.23309454366047,9.67,
2025/08/23 07:00:00,16.52,22.75,19.72,95.48,66.05,82.35,3.1455618509864207,3914559.1553576253,12314084.93333333,75.31521857730591,9.68,
2025/08/23 07:15:00,16.44,22.75,19.63,95.37,66.0,82.37,3.152524475692608,3924078.924720184,12371339.206111113,75.29772545846618,9.76,
2025/08/23 07:30:00,16.31,22.74,19.49,95.16,65.96,82.39,3.160023037970941,3930511.118963902,12421070.872222226,75.24141257235738,9.78,
2025/08/23 07:45:00,16.31,22.72,19.47,94.94,65.91,82.4,3.173665443342123,3929293.6759021394,12470834.585000006,75.04843674007577,9.82,
2025/08/23 08:00:00,16.34,22.69,19.51,94.95,65.87,82.42,3.170076719880834,3949384.9319845443,12520438.180555552,75.02742081315077,9.73,
2025/08/23 08:15:00,16.39,22.68,19.55,95.02,65.83,82.44,3.1607670421375165,3976778.744942312,12570265.29,75.03930808990826,9.58,
2025/08/23 08:30:00,16.39,22.66,19.54,95.08,65.78,82.45,3.157509792647149,3996670.735183402,12620124.446111111,75.09197211123005,9.58,
2025/08/23 08:45:00,16.34,22.65,19.54,95.15,65.74,82.47,3.1513989129644897,4020251.3082981324,12670015.648888892,75.20253729393053,9.57,
2025/08/23 09:00:00,16.3,22.63,19.41,95.21,65.69,82.49,3.156036558096736,4032567.792789554,12727514.799999999,75.29504593186353,9.76,
2025/08/23 09:15:00,16.33,22.63,19.55,95.28,65.65,82.51,3.1434836737763407,4064555.542290126,12777472.766666666,75.32639350839194,9.56,
2025/08/23 09:30:00,16.33,22.62,19.51,95.34,65.61,82.52,3.14023698305273,4082264.3703130484,12819881.537222218,75.37901390920051,9.56,
2025/08/23 09:45:00,16.32,22.61,19.5,95.41,65.56,82.54,3.1371251115808736,4108382.7585550705,12889117.083333336,75.45027110418306,9.58,
2025/08/23 10:00:00,16.32,22.61,19.53,95.47,65.52,82.56,3.1354167233519625,4130886.7894497635,12952666.320000004,75.50294348299639,9.61,
2025/08/23 10:15:00,16.48,22.65,19.68,95.48,65.46,82.58,3.141600760028809,4105659.058976976,12898978.400000002,75.35441357214565,9.63,
2025/08/23 10:30:00,16.47,22.64,19.62,95.44,65.4,82.59,3.149837299542435,4125608.995920457,12995630.449999997,75.32959195426045,9.76,
2025/08/23 10:45:00,16.47,22.62,19.62,95.4,65.34,82.61,3.151991726683776,4153361.5488875727,13092004.181666663,75.29452700800252,9.76,
2025/08/23 11:00:00,16.46,22.63,19.63,95.37,65.28,82.63,3.153245218840321,4157079.48331898,13108935.155555552,75.27805872579094,9.76,
2025/08/23 11:15:00,16.52,22.64,19.61,95.33,65.22,82.64,3.1575879102155096,4154213.1145556415,13117932.605555553,75.18398472266198,9.76,
2025/08/23 11:30:00,16.52,22.67,19.64,95.29,65.16,82.66,3.1597479406657407,4156483.9387262636,13134082.5,75.14890818889903,9.76,
2025/08/23 11:45:00,16.51,22.68,19.69,95.26,65.09,82.68,3.1610007797517308,4162245.8702257657,13157513.49,75.13243092706715,9.76,
2025/08/23 12:00:00,16.51,22.71,19.71,95.22,65.03,82.7,3.1636374394679048,4163619.460063793,13172832.841666669,75.09738082092143,9.77,
2025/08/23 12:15:00,16.19,22.67,19.41,94.26,64.99,82.71,3.201241521113514,4167691.5285369293,13342403.946666665,74.56818579203593,9.72,
2025/08/23 12:30:00,16.3,22.7,19.41,94.71,64.96,82.73,3.1753098417574734,4205920.380199539,13355704.938888893,74.85555088270503,9.6,
2025/08/23 12:45:00,16.42,22.71,19.62,95.16,64.93,82.75,3.1567806617824172,4242369.653309369,13392870.479999993,75.13280370435292,9.63,
2025/08/23 13:00:00,16.41,22.73,19.57,95.26,64.9,82.76,3.153983446120823,4256194.03951619,13424592.035555555,75.23053305907249,9.69,
2025/08/23 13:15:00,16.39,22.75,19.53,95.32,64.87,82.73,3.156677839042688,4253090.131696497,13426251.031111108,75.3032994303811,9.83,
2025/08/23 13:30:00,16.36,22.78,19.52,95.38,64.84,82.67,3.145215815807979,4261949.446307387,13405354.746666666,75.38490249303727,9.68,
2025/08/23 13:45:00,16.5,22.77,19.63,95.44,64.81,82.62,3.156096757116804,4242942.125504121,13391765.45055556,75.30050715303832,9.87,
2025/08/23 14:00:00,16.51,22.82,19.67,95.5,64.78,82.56,3.1541569410850627,4238924.539660042,13370859.296666665,75.3433450236323,9.89,
2025/08/23 14:15:00,16.53,22.8,19.68,95.57,64.75,82.51,3.151587810094164,4238129.73147288,13357468.666666668,75.38505835032404,9.9,
2025/08/23 14:30:00,16.6,22.82,19.72,95.63,64.72,82.45,3.144288740613147,4206813.073119766,13228061.440000001,75.3682232134976,9.76,
2025/08/23 14:45:00,16.61,22.83,19.73,95.69,64.69,82.4,3.143831903696901,4279594.855818808,13454963.91555556,75.41112265401775,9.81,
2025/08/24 06:15:00,12.34,22.13,18.48,76.33,63.88,69.68,4.020772828657581,592098.4305775038,2380828.144444446,62.00662782328945,8.29,
2025/08/24 06:30:00,15.07,22.15,18.94,95.06,63.92,81.82,3.109485125740961,4330989.157546059,13467752.161111105,76.37141926035258,9.54,
2025/08/24 06:45:00,15.72,22.08,18.9,94.94,63.97,81.84,3.1364272835642426,4302593.820142883,13495393.22388889,75.62740202600341,9.49,
2025/08/24 07:00:00,15.62,22.06,18.83,94.82,64.01,81.86,3.143187953884674,4304493.236114475,13530445.774999995,75.62034620507632,9.57,
2025/08/24 07:15:00,15.61,22.01,18.77,94.7,64.06,81.87,3.1556987802670573,4275985.019110249,13494335.219444444,75.52500086272762,9.71,
2025/08/24 07:30:00,15.6,21.96,18.83,94.58,64.1,81.89,3.1528305948172615,4282268.687037165,13501903.341666672,75.42888054616665,9.52,
2025/08/24 07:45:00,15.43,21.94,18.68,94.46,64.14,81.91,3.155893505824551,4280567.51900338,13509626.70444444,75.49035821757116,9.58,
2025/08/24 08:00:00,15.27,21.9,18.53,94.33,64.19,81.93,3.161399784869325,4586582.76027851,14500658.260000007,75.53321346218125,9.68,
2025/08/24 08:15:00,15.22,21.89,18.44,94.21,64.23,81.94,3.1658655940824034,4554250.585950435,14418764.744999995,75.4765982781619,9.68,
2025/08/24 08:30:00,15.15,21.86,18.36,94.08,64.27,81.96,3.1701004167307167,4539339.824626155,14390773.723333333,75.4307440206322,9.68,
2025/08/24 08:45:00,15.12,21.82,18.27,93.95,64.32,81.98,3.176232778740168,4539872.720906421,14420297.527777785,75.34559250862276,9.69,
2025/08/24 09:00:00,15.11,21.81,18.32,93.82,64.36,81.99,3.186746874289731,4534417.868974647,14450661.628333328,75.24098700663565,9.79,
2025/08/24 09:15:00,15.09,21.8,18.33,93.69,64.41,82.01,3.1935660691635315,4473651.1610714095,14287518.666666673,75.14594325831305,9.81,
2025/08/24 09:30:00,15.07,21.77,18.29,93.59,64.45,82.03,3.1980295355220476,4461564.984253466,14268833.369999997,75.0772789857516,9.81,
2025/08/24 09:45:00,15.01,21.78,18.28,93.55,64.49,82.05,3.1914340932544727,4464934.138753615,14250153.646666668,75.10043403573842,9.65,
2025/08/24 10:00:00,15.0,21.78,18.29,93.52,64.54,82.06,3.1926326116165935,4452262.17817774,14215048.613333328,75.08374766341308,9.65,
2025/08/24 10:15:00,15.0,21.8,18.29,93.48,64.58,82.08,3.1943208412741533,4444066.949658464,14196383.055555556,75.0483970097203,9.64,
2025/08/24 10:30:00,15.0,21.79,18.24,93.45,64.62,82.1,3.199953677069182,4430414.694053627,14177723.071111102,75.02210567397441,9.74,
2025/08/24 10:45:00,15.01,21.78,18.31,93.41,64.67,82.11,3.197966369802089,4422259.362032261,14142849.795555552,74.97672771864522,9.63,
2025/08/24 11:00:00,15.08,21.79,18.28,93.37,64.71,82.13,3.2048064037385378,4406941.491384345,14124001.47888889,74.8728189403656,9.68,
2025/08/24 11:15:00,15.09,21.8,18.35,93.34,64.76,82.15,3.203436776888617,4400851.634380351,14098466.207222221,74.83635067038435,9.6,
2025/08/24 11:30:00,15.05,21.81,18.35,93.3,64.77,82.16,3.20528914469506,4404607.959524539,14118657.929444445,74.84028465979146,9.63,
2025/08/24 11:45:00,15.02,21.84,18.34,93.26,64.33,82.18,3.206669504634412,4525572.965255647,14512643.016666673,74.83436862486188,9.64,
2025/08/24 12:00:00,14.98,21.84,18.33,93.23,63.89,82.2,3.2071307064660197,4648160.007885147,14907898.243333334,74.84709389193877,9.65,
2025/08/24 12:15:00,14.89,21.87,18.23,93.68,63.63,82.22,3.182556643798886,4751688.211913555,15123137.473888885,75.33305660492537,9.71,
2025/08/24 12:30:00,15.27,21.9,18.4,93.9,63.88,82.24,3.1906021410938945,4667360.537129347,14892328.439999994,75.15470427535551,9.84,
2025/08/24 12:45:00,15.32,21.9,18.47,94.09,64.12,82.26,3.180114174551424,4612995.703005686,14670491.195555555,75.27296011967985,9.78,
2025/08/24 13:00:00,15.37,21.94,18.55,94.23,64.37,82.28,3.17123965220594,4597151.7919984255,14579309.139999995,75.34701743268334,9.7,
2025/08/24 13:15:00,15.38,21.94,18.57,94.3,64.62,82.3,3.1687822331318345,4545520.45099999,14404398.89777777,75.39890232933664,9.72,
2025/08/24 13:30:00,15.46,21.95,18.58,94.36,64.87,82.33,3.1698784881617583,4483377.009417722,14212386.649999993,75.3732697527133,9.75,
2025/08/24 13:45:00,15.49,21.98,18.65,94.43,65.12,82.35,3.161986394104654,4421882.835625246,13982554.6911111,75.4051350960395,9.63,
2025/08/24 14:00:00,15.5,22.01,18.65,94.5,65.36,82.37,3.159554451902763,4355532.785224665,13762148.400000002,75.45696294040368,9.65,
2025/08/24 14:15:00,15.6,22.02,18.74,94.56,65.61,82.39,3.160948617006391,4287220.331622339,13552294.286666667,75.41159072493073,9.67,
2025/08/24 14:30:00,15.55,22.04,18.73,94.63,65.75,82.41,3.159400658809424,4263791.072544945,13471625.859999994,75.52251271260828,9.76,
2025/08/24 14:45:00,15.66,22.09,18.79,94.7,65.69,82.44,3.1570837899065003,4301674.3873479,13581354.111111112,75.47586147231672,9.7,
2025/08/24 15:00:00,15.65,22.07,18.79,94.76,65.63,82.46,3.1544381696386945,4333896.830835505,13671624.229999999,75.53848876238615,9.72,
2025/08/24 15:15:00,15.67,22.11,18.85,94.83,65.57,82.48,3.151912215235946,4353937.484601554,13723848.801666675,75.58039852019631,9.73,
2025/08/24 15:30:00,15.68,22.12,18.84,94.9,65.51,82.5,3.148573580463925,4375166.045535793,13776149.890555551,75.63208769414359,9.73,
2025/08/24 15:45:00,15.75,22.15,18.93,94.96,65.46,82.52,3.143770721703102,4395868.069523025,13820231.125555556,75.61578913871415,9.64,
2025/08/24 16:00:00,15.76,22.17,18.93,95.03,65.4,82.55,3.140882613836605,4415705.982287736,13869841.455555549,75.66746939368106,9.65,
2025/08/24 16:15:00,15.78,22.21,18.98,95.09,65.34,82.57,3.139357491924097,4465031.370432077,14017965.212777771,75.70055421483275,9.67,
2025/08/24 16:30:00,15.84,22.23,18.98,95.16,65.28,82.59,3.1382698850636483,4474894.712906,14044059.79166667,75.70307179554348,9.68,
2025/08/24 16:45:00,15.98,22.32,19.12,95.23,65.22,82.61,3.151704227452043,4466414.943898045,14077466.816111108,75.62786527763099,9.95,
2025/08/24 17:00:00,16.04,22.3,19.16,95.29,65.16,82.63,3.1468401425108654,4466241.881153255,14055207.038888888,75.62117314639644,9.86,
2025/08/24 23:15:00,15.43,22.23,19.21,95.6,65.03,82.0,3.0961474438372,4112957.5791606987,12734928.146111108,76.49177058512004,9.59,
2025/08/24 23:30:00,15.98,22.17,19.13,95.59,65.27,82.35,3.118911731745953,4128541.1983107496,12877169.946666664,75.9425317686342,9.65,
2025/08/24 23:45:00,15.85,22.11,19.0,95.47,65.52,82.7,3.1216679089531616,4145344.5822715266,12940993.43777778,75.96518423997966,9.67,
2025/08/25 00:00:00,15.8,22.09,19.04,95.65,64.96,83.57,3.1038848664320438,4513606.094581098,14010375.145555554,76.17182291198505,9.54,
2025/08/25 00:15:00,15.78,22.08,18.96,95.68,64.97,84.08,3.1061074025326634,4628062.440984108,14375923.228333332,76.21797165015974,9.63,
2025/08/25 00:30:00,15.72,22.03,18.92,96.18,64.97,84.6,3.0848413509735932,4493013.751608946,13860870.594999997,76.71519179486475,9.78,
2025/08/25 00:45:00,16.01,21.99,19.02,100.11,64.97,88.52,2.8831303718717507,4780015.815908454,13782006.88333333,79.8460434896712,9.69,
2025/08/25 01:00:00,15.83,21.96,19.01,99.96,64.97,88.4,2.8913372513379474,4709792.284956053,13618195.470000003,79.89420987317031,9.79,
2025/08/25 01:15:00,15.85,21.93,18.98,99.81,64.98,88.28,2.899761184192608,4662776.284870518,13521533.666666666,79.74477864940192,9.79,
2025/08/25 01:30:00,15.52,21.89,18.76,99.78,64.99,88.17,2.8861207033574114,4668159.172501278,13473426.511111112,80.0436711965766,9.69,
2025/08/25 01:45:00,15.78,21.87,18.79,100.1,65.01,88.05,2.8916194100689983,4625957.254780222,13377070.079999994,80.06528622228203,9.96,
2025/08/25 02:00:00,15.75,21.85,18.81,100.07,65.04,87.94,2.8870377051273577,4594183.452293981,13264144.361111108,80.06845221723097,9.86,
2025/08/25 02:15:00,15.71,21.81,18.85,100.05,65.06,87.82,2.8820300767145057,4563114.4964198405,13151605.524444437,80.09021666981963,9.77,
2025/08/25 02:30:00,15.7,21.8,18.79,100.03,65.09,87.7,2.886574297016947,4515085.554357421,13033689.001666665,80.08306799750237,9.84,
2025/08/25 02:45:00,15.72,21.75,18.75,100.01,65.11,87.59,2.8865871284317905,4490913.124809278,12963969.968888892,80.04593976418525,9.81,
2025/08/25 03:00:00,15.63,21.74,18.74,99.99,65.14,87.47,2.8871209123850603,4465779.686279128,12893801.005555555,80.1175159524937,9.85,
2025/08/25 03:15:00,15.64,21.71,18.77,99.97,65.17,87.36,2.88250050981523,4445248.548256064,12813992.729999999,80.08993045862876,9.74,
2025/08/25 03:30:00,15.7,21.69,18.78,99.94,65.19,87.24,2.898021142084858,4391157.2696433235,12726234.674999995,80.00585510504759,9.97,
2025/08/25 03:45:00,15.63,21.65,18.71,99.92,65.22,87.12,2.8896837494168075,4371407.7874037735,12632541.71666667,80.05689897195185,9.83,
2025/08/25 04:00:00,15.62,21.63,18.68,99.9,65.24,87.01,2.8898927435059605,4342783.621214209,12550729.131111115,80.04941512944549,9.82,
2025/08/25 04:15:00,15.56,21.63,18.68,99.88,65.27,86.89,2.8891589867328036,4311523.563367914,12457222.995555557,80.09124274881327,9.82,
2025/08/25 04:30:00,15.52,21.57,18.61,99.86,65.3,86.78,2.894226514826102,4293682.9857849665,12427435.386666667,80.11379252494463,9.92,
2025/08/25 04:45:00,15.54,21.54,18.57,99.83,65.32,86.66,2.8958568438712384,4286227.17847554,12412842.542222224,80.06808683798116,9.91,
2025/08/25 05:00:00,15.35,21.51,18.55,99.81,65.35,86.54,2.8817781947403196,4286283.715010636,12352656.347777784,80.23726711921344,9.73,
2025/08/25 05:15:00,14.9,21.49,18.13,97.5,65.37,86.46,2.9914015371661598,4875755.163492301,14585933.046666658,78.67444663618804,9.83,
2025/08/25 05:30:00,14.65,21.45,17.85,97.54,65.4,86.75,2.9883506158793143,4944981.530648019,14777897.108333327,78.9557554874606,9.99,
2025/08/25 05:45:00,14.45,21.42,17.77,97.58,65.42,87.03,2.97682036282138,5028806.352387217,14970407.937222222,79.18696814170873,9.92,
2025/08/25 06:00:00,15.28,21.4,18.27,96.63,65.45,85.77,3.0396019092765094,4634714.9429460075,14088316.586666662,77.54089434072634,9.64,
2025/08/25 06:15:00,15.47,21.35,18.52,96.11,65.48,83.44,3.067149414429419,4063016.589851505,12462501.871111106,76.89907284675698,9.52,
2025/08/25 06:30:00,15.53,21.34,18.56,96.13,65.5,83.43,3.0633881342183744,4064536.7074537855,12451885.948333338,76.85745090902216,9.43,
2025/08/25 06:45:00,15.45,21.32,18.53,96.14,65.53,83.43,3.0585641310187324,4066991.04974874,12439781.01666667,76.94482385269065,9.4,
2025/08/25 07:00:00,15.34,21.27,18.42,96.15,65.55,83.42,3.0601402523548846,4049951.731632716,12394033.355000002,77.06186560483198,9.51,
2025/08/25 07:15:00,15.27,21.26,18.4,96.17,65.58,83.42,3.050978375755712,4096708.733731809,12499583.115555558,77.1480402365409,9.4,
2025/08/25 07:30:00,15.3,21.21,18.47,96.18,65.6,83.41,3.0582345381689744,4063405.4119069045,12427485.546666669,77.1274755233335,9.53,
2025/08/25 07:45:00,15.32,21.21,18.44,96.2,65.63,83.41,3.0521283719107144,4064544.084339907,12406139.215555556,77.1251603696598,9.42,
2025/08/25 08:00:00,15.35,21.17,18.47,96.17,65.66,83.4,3.052556059620396,4055568.6593556413,12380494.68333334,77.06937391614431,9.38,
2025/08/25 08:15:00,15.39,21.17,18.47,96.12,65.68,83.4,3.0586805636794527,4043691.512281225,12369005.953333333,76.98633089047438,9.42,
2025/08/25 08:30:00,15.31,21.13,18.49,95.97,65.71,83.39,3.053481950333569,4042167.705485423,12343343.07555556,76.93354635793997,9.23,
2025/08/25 08:45:00,15.24,21.12,18.34,95.66,65.65,83.39,3.0804398491850926,4021201.618955855,12387704.022222217,76.73088516988521,9.47,
2025/08/25 09:00:00,14.99,21.09,18.11,95.12,65.46,83.38,3.096161011505252,4042129.270302822,12515685.404444443,76.5025357139016,9.39,
2025/08/25 09:15:00,14.9,21.07,18.07,94.89,65.28,83.38,3.0994856306810084,4058079.9619295457,12578562.822222218,76.38876847771209,9.28,
2025/08/25 09:30:00,14.96,21.06,18.01,95.07,65.1,83.37,3.094681860417407,4111535.971663031,12724493.705000006,76.48804683437388,9.33,
2025/08/25 09:45:00,15.06,21.05,18.21,95.25,64.92,83.37,3.094270405749688,4161650.4726914433,12877921.649999997,76.5479885270588,9.44,
2025/08/25 10:00:00,15.04,21.04,18.15,95.37,64.74,83.36,3.0867820833119235,4219364.446498672,13024902.061111113,76.67296320472187,9.43,
2025/08/25 10:15:00,14.89,21.05,18.07,95.17,64.55,83.36,3.0890672742554397,4275886.427748498,13209134.400000004,76.64465447036802,9.37,
2025/08/25 10:30:00,14.96,21.05,18.08,95.07,64.37,83.35,3.0946779428264413,4290898.931432626,13279591.086666657,76.48804683437393,9.33,
2025/08/25 10:45:00,15.1,21.06,18.2,95.03,64.19,83.35,3.112097695541702,4309481.252349015,13412204.37333333,76.31559886119274,9.54,
2025/08/25 11:00:00,14.96,21.06,18.15,95.21,64.11,83.33,3.083608286280522,4338317.994630414,13378328.724444441,76.61101035290105,9.26,
2025/08/25 11:15:00,15.11,21.07,18.18,95.28,64.17,83.26,3.0988711804056996,4273801.232461183,13244617.607222224,76.5253248508666,9.53,
2025/08/25 11:30:00,15.14,21.11,18.27,95.34,64.22,83.18,3.0912937943643044,4255597.436225702,13155964.800000004,76.54838832166557,9.42,
2025/08/25 11:45:00,15.15,21.12,18.27,95.41,64.28,83.11,3.0884652479445,4230715.256407758,13067072.22333333,76.6000031086244,9.43,
2025/08/25 12:00:00,15.2,21.13,18.29,95.48,64.33,83.03,3.0875205575775477,4203213.734192782,12978161.533333333,76.61231395680174,9.45,
2025/08/25 12:15:00,15.19,21.15,18.36,95.54,64.38,82.96,3.0788207691139884,4190841.7887361916,12903508.591111109,76.67468245211546,9.35,
2025/08/25 12:30:00,15.21,21.18,18.39,95.61,64.44,82.88,3.075271131980344,4169982.695455066,12824480.117777774,76.71640943497502,9.34,
2025/08/25 12:45:00,15.23,21.22,18.32,95.67,64.49,82.81,3.081094774215609,4140822.068820062,12758891.737777783,76.74951937264753,9.5,
2025/08/25 13:00:00,15.32,21.24,18.43,95.74,64.54,82.73,3.0731967096719726,4127840.489801562,12686306.269999996,76.72227692146146,9.36,
2025/08/25 13:15:00,15.32,21.28,18.47,95.8,64.6,82.66,3.070560106324722,4106502.7599415495,12609899.353333337,76.77486179413961,9.37,
2025/08/25 13:30:00,15.38,21.28,18.47,95.87,64.65,82.58,3.069419662574454,4080221.5125547363,12524543.288888883,76.77722085511135,9.38,
2025/08/25 13:45:00,15.44,21.31,18.56,95.94,64.71,82.51,3.078600768112687,4040365.400748438,12439315.411111116,76.77986506615667,9.59,
2025/08/25 14:00:00,15.47,21.33,18.57,96.0,64.76,82.43,3.078449499852688,4012787.687706328,12353800.854999999,76.80300389881339,9.63,
2025/08/25 14:15:00,15.5,21.37,18.59,96.07,64.81,82.35,3.0772704870094914,3983734.067452723,12259654.13444444,76.83486809795971,9.66,
2025/08/25 14:30:00,15.57,21.39,18.66,96.13,64.87,82.28,3.0705089169005046,3961069.317479659,12163129.922777774,76.81829617439388,9.54,
2025/08/25 14:45:00,15.64,21.44,18.71,96.2,64.92,82.2,3.0707286994761125,3907493.6821040977,11999475.839999998,76.81077812073015,9.57,
2025/08/25 15:00:00,15.67,21.45,18.73,96.27,64.97,82.13,3.0695798747585354,3830468.7500038366,11758542.03333333,76.84257803386176,9.6,
2025/08/26 12:15:00,14.2,21.05,18.08,95.74,63.83,82.09,3.0300317380835713,4221943.060334716,12793219.75555556,77.82254940281483,9.25,
2025/08/26 12:30:00,14.78,21.11,17.96,94.82,63.99,82.13,3.106555002976142,4086140.878344341,12694402.233333329,76.4450897255708,9.43,
2025/08/26 12:45:00,14.8,21.11,18.04,94.9,64.14,82.18,3.0960288172798798,4072082.707976237,12607874.375555558,76.49575148158466,9.29,
2025/08/26 13:00:00,14.88,21.11,18.02,94.99,64.3,82.22,3.0950964611794367,4040904.8794895615,12507570.631111111,76.4963093935238,9.31,
2025/08/26 13:15:00,14.95,21.16,18.07,95.07,64.45,82.26,3.0938199118984175,4012410.392826531,12414250.737777777,76.49786531663794,9.32,
2025/08/26 13:30:00,15.0,21.2,18.15,95.16,64.61,82.3,3.1041417489935137,3966893.013704293,12314379.50722222,76.52809036942375,9.59,
2025/08/26 13:45:00,15.05,21.22,18.18,95.25,64.76,82.34,3.102138670190948,3939507.3462790716,12221476.336666666,76.5580566031281,9.61,
2025/08/26 14:00:00,15.11,21.29,18.2,95.33,64.92,82.38,3.1005422411223087,3909468.996950267,12122037.619999994,76.56937420735905,9.62,
2025/08/26 14:15:00,15.16,21.3,18.24,95.42,65.07,82.43,3.0985308667084985,3884460.6949405754,12036686.200000009,76.59928458545764,9.64,
2025/08/26 14:30:00,15.2,21.33,18.32,95.5,65.23,82.47,3.089984087481323,3866463.5079419482,11947878.384444438,76.62995076499276,9.52,
2025/08/26 14:45:00,15.28,21.35,18.38,95.59,65.38,82.51,3.0760029591871194,3859060.1132988017,11871048.126666674,76.63006260518628,9.29,
2025/08/26 15:00:00,15.33,21.4,18.37,95.68,65.54,82.55,3.0793723655419805,3827644.3939377437,11787295.904999994,76.6599039523225,9.41,
2025/08/26 15:15:00,15.64,21.47,18.61,96.45,65.75,82.59,3.05011022059504,3825544.7851631083,11668905.64888889,77.02916075839862,9.43,
2025/08/26 15:30:00,15.8,21.45,18.84,97.46,67.92,82.63,3.008436968695013,3387722.404104532,10192286.047777774,77.75335241438388,9.55,
2025/08/26 15:45:00,17.26,21.49,19.66,98.43,70.09,82.68,2.9795190895299295,2941888.8953492222,8766063.081111113,77.15782453936639,9.19,
2025/08/26 16:00:00,18.3,21.51,20.03,98.32,72.26,82.72,3.0400831382975584,2361319.1222152733,7179283.759999995,76.03738689059442,9.52,
2025/08/26 16:15:00,17.66,21.55,19.93,97.81,69.58,82.73,3.036471493638446,3026035.4209652976,9189260.911111115,76.22526508406187,9.34,
2025/08/26 16:30:00,16.09,21.57,19.21,97.21,66.32,82.71,3.0220349347519724,3776070.641502546,11412086.564999998,77.24974750965143,9.39,
2025/08/26 16:45:00,15.79,21.62,18.91,95.91,65.71,82.69,3.0886478590740567,3837035.2554037822,11851875.86,76.40936986211281,9.52,
2025/08/26 17:00:00,15.71,21.65,18.72,95.92,65.68,82.67,3.092914380196716,3843389.202083365,11887854.861666663,76.49712157552628,9.67,
2025/08/26 17:15:00,15.76,21.67,18.83,95.94,65.66,82.65,3.0860300495781177,3847930.6833429267,11875426.676666671,76.4651343792131,9.52,
2025/08/26 17:30:00,15.9,21.73,19.01,95.95,65.64,82.63,3.0788075677398226,3846634.1276218733,11843665.75944444,76.33594587804143,9.31,
2025/08/26 17:45:00,15.96,21.76,19.01,95.96,65.62,82.61,3.101933956104736,3824696.5237248465,11864576.673888884,76.28647920193967,9.72,
2025/08/26 18:00:00,15.85,21.74,18.97,95.97,65.6,82.59,3.0832609075721553,3854644.8627162585,11885487.588333337,76.40276774154458,9.44,
2025/08/26 18:15:00,15.82,21.76,18.9,95.99,65.58,82.57,3.084903831591911,3859376.215094112,11906398.502777772,76.44989057184517,9.51,
2025/08/26 18:30:00,15.86,21.8,18.98,96.0,65.55,82.55,3.0770407239148185,3878313.3144629886,11934329.611111112,76.41908496655397,9.35,
2025/08/26 18:45:00,15.83,21.78,18.93,96.02,65.53,82.53,3.083120670911431,3859527.3836756824,11899983.944444446,76.46629806956143,9.5,
2025/08/26 19:00:00,15.92,21.81,19.01,96.04,65.51,82.51,3.0785966747990026,3854360.7879485646,11866625.222222222,76.39511618588291,9.38,
2025/08/26 19:15:00,15.9,21.79,19.01,96.06,65.49,82.49,3.0762895354606425,3860714.9827182638,11877284.22222222,76.43227708418706,9.37,
2025/08/26 19:30:00,15.92,21.82,19.05,96.08,65.47,82.48,3.075890462503709,3866953.7052794285,11894936.130000003,76.43010754507084,9.37,
2025/08/26 19:45:00,15.93,21.84,19.03,96.1,65.44,82.46,3.0751564948791694,3868611.1820736947,11897186.13111111,76.43777163575879,9.37,
2025/08/26 20:00:00,16.03,21.84,19.1,96.12,65.42,82.44,3.0919008884784174,3835127.0542804683,11858452.39333333,76.3574275008207,9.64,
2025/08/26 20:15:00,16.0,21.81,19.06,96.14,65.4,82.42,3.0903057711375923,3824574.210818886,11819718.655555554,76.40445681976394,9.65,
2025/08/26 20:30:00,15.95,21.83,19.11,96.16,65.38,82.4,3.0797347892421665,3828204.2203752343,11790470.731111117,76.47078546024345,9.5,
2025/08/26 20:45:00,15.98,21.83,19.07,96.18,65.36,82.38,3.0807563789004067,3826296.144385294,11788494.519999996,76.45881183972865,9.52,
2025/08/26 21:00:00,16.04,21.82,19.13,96.2,65.33,82.36,3.071195558609767,3839750.340632148,11793245.670555556,76.41700622616864,9.33,
2025/08/26 21:15:00,15.94,21.82,19.07,96.18,65.31,82.34,3.0772547529516054,3831486.8043908244,11791070.56111111,76.49808000879614,9.48,
2025/08/26 21:30:00,15.96,21.83,19.09,96.15,65.29,82.32,3.079536806131325,3829031.826485685,11792256.984444436,76.45216596935242,9.48,
2025/08/26 21:45:00,15.96,21.85,19.09,96.12,65.27,82.3,3.0811423470192927,3831722.5072482955,11806691.801666666,76.42592076937402,9.48,
2025/08/26 22:00:00,15.94,21.81,19.06,96.1,65.25,82.28,3.081530628006063,3846253.5998861818,11852962.311666666,76.4280929460632,9.48,
2025/08/26 22:15:00,15.94,21.84,19.06,96.07,65.22,82.26,3.0831362760550323,3861718.031160608,11906813.600000003,76.40184306209898,9.48,
2025/08/26 22:30:00,15.93,21.81,19.07,96.05,65.2,82.24,3.083862307820329,3876074.6342000943,11953902.693333328,76.39417647354333,9.48,
2025/08/26 22:45:00,15.99,21.8,19.17,96.02,65.18,82.22,3.076331979341102,3844652.9631438227,11828067.973333327,76.30867528828215,9.28,
2025/08/27 04:15:00,15.52,21.73,19.14,97.34,65.33,82.85,2.994051249922125,4297411.052506354,12867346.946666664,77.9240024455468,9.34,
2025/08/27 04:30:00,15.68,21.69,18.8,96.05,65.52,82.09,3.0779771572401553,4105341.429213045,12636768.973888893,76.64010702879551,9.53,
2025/08/27 04:45:00,15.66,21.64,18.78,95.98,65.71,82.12,3.0820281450183717,4018502.159456935,12385753.820000006,76.59853358502679,9.55,
2025/08/27 05:00:00,15.66,21.63,18.84,95.91,65.9,82.14,3.084706656325311,3965406.4488360593,12232741.204444438,76.53720423710749,9.53,
2025/08/27 05:15:00,15.65,21.6,18.75,95.85,66.09,82.17,3.0925661435338823,3904893.19623561,12076747.319999998,76.49470178762371,9.63,
2025/08/27 05:30:00,15.55,21.54,18.65,95.78,66.28,82.2,3.089327621239088,3857709.111376278,11918316.96,76.53152857959209,9.56,
2025/08/27 05:45:00,15.56,21.54,18.63,95.71,66.3,82.23,3.0938719764304086,3857213.280235786,11934311.730000004,76.46038265111855,9.57,
2025/08/27 06:00:00,15.57,21.54,18.62,95.65,66.21,82.26,3.097886538866173,3914618.833179425,12127641.258333342,76.39798897222306,9.58,
2025/08/27 06:15:00,15.54,21.53,18.62,95.58,66.12,82.29,3.1000448135708916,3971420.9753927644,12312191.045000002,76.3660911271472,9.57,
2025/08/27 06:30:00,15.47,21.53,18.63,95.51,66.04,82.32,3.1012984544613804,3955375.367356179,12267407.80222221,76.37350489646488,9.57,
2025/08/27 06:45:00,15.47,21.53,18.63,95.45,65.95,82.35,3.1054401251900527,3969528.0740275877,12327744.244444437,76.32092096151038,9.59,
2025/08/27 07:00:00,15.46,21.52,18.54,95.38,65.86,82.37,3.1053436820662728,3995973.7623873493,12409471.83666667,76.26921085811895,9.52,
2025/08/27 07:15:00,15.43,21.51,18.62,95.31,65.77,82.4,3.1104468521478297,4023187.4127181955,12514536.020555561,76.23735401193903,9.57,
2025/08/27 07:30:00,15.53,21.52,18.66,95.25,65.68,82.43,3.1101022329771557,4057417.4683201993,12619620.291666666,76.08622290435616,9.43,
2025/08/27 07:45:00,15.35,21.49,18.46,95.19,65.6,82.46,3.1115290618315807,4086165.323160686,12714828.499999998,76.21053217985784,9.52,
2025/08/27 08:00:00,15.31,21.47,18.49,95.14,65.51,82.49,3.112757375061117,4115901.1081630443,12812423.139999991,76.20592418893551,9.52,
2025/08/27 08:15:00,15.33,21.48,18.46,95.1,65.42,82.52,3.1179929878176407,4140323.138734669,12910118.099999996,76.1512326437808,9.57,
2025/08/27 08:30:00,15.33,21.45,18.42,95.05,65.33,82.55,3.1206275445265477,4168100.8951893295,13007713.436666664,76.10731551421695,9.57,
2025/08/27 08:45:00,15.33,21.49,18.44,95.01,65.24,82.58,3.1232116863221955,4195995.866650282,13105607.643333334,76.07219484399972,9.58,
2025/08/27 09:00:00,15.34,21.43,18.47,94.96,65.16,82.6,3.1203615649852514,4226314.328849983,13188275.271111108,76.01825917341856,9.46,
2025/08/27 09:15:00,15.25,21.45,18.34,94.92,65.07,82.63,3.1255696615388895,4245312.733485531,13269641.293333335,76.07170605841907,9.59,
2025/08/27 09:30:00,15.12,21.44,18.24,94.87,64.98,82.66,3.126293696946809,4267627.131291973,13342462.46666666,76.15554181240532,9.65,
2025/08/27 09:45:00,15.26,21.46,18.25,94.83,64.89,82.69,3.1287839365517818,4287426.901447587,13415041.199999997,75.98270639388089,9.55,
2025/08/27 10:00:00,15.21,21.46,18.31,94.78,64.8,82.72,3.135582474630625,4301195.036130282,13487377.493333334,75.98810509624602,9.68,
2025/08/27 10:15:00,15.22,21.46,18.33,94.74,64.72,82.75,3.1325612617119334,4330701.007217382,13566818.741666665,75.94287127217322,9.56,
2025/08/27 10:30:00,15.05,21.49,18.25,94.68,64.66,82.78,3.125370319244674,4368398.329236418,13653475.366666669,76.05690255797033,9.47,
2025/08/27 10:45:00,15.09,21.47,18.22,94.72,64.87,82.81,3.127081910981021,4328698.302196728,13536800.419999996,76.05287327202618,9.52,
2025/08/27 11:00:00,15.27,21.5,18.38,95.2,65.07,82.83,3.109654811540816,4315309.884854154,13419745.093333336,76.29795160793496,9.55,
2025/08/27 11:15:00,15.3,21.51,18.39,95.24,65.28,82.86,3.107631550901972,4280266.218666716,13302105.263333332,76.30356510210596,9.53,
2025/08/27 11:30:00,15.32,21.52,18.44,95.27,65.49,82.89,3.1067505722501223,4243102.129353933,13182877.033333335,76.31025119677338,9.53,
2025/08/27 11:45:00,15.4,21.53,18.5,95.3,65.69,82.92,3.1123232992843795,4199518.8085299395,13070883.80277778,76.25815475138674,9.62,
2025/08/27 12:00:00,15.43,21.57,18.52,95.33,65.9,82.95,3.112752195760676,4160417.6440851744,12950963.086111108,76.25505179028437,9.64,
2025/08/27 12:15:00,15.43,21.59,18.58,95.37,66.1,82.97,3.109697668945402,4125827.391864429,12830691.249444447,76.29010605892898,9.62,
2025/08/27 12:30:00,15.44,21.6,18.57,95.4,66.31,82.98,3.1079933677635396,4072737.021862421,12658642.333333332,76.30657974561137,9.61,
2025/08/27 12:45:00,15.51,21.63,18.71,95.67,66.26,82.98,3.0932540205499413,4080939.9189225826,12624003.137777774,76.47443182246103,9.55,
2025/08/27 13:00:00,15.61,21.66,18.69,95.59,66.22,82.99,3.0973962710021667,4084089.6336146016,12650655.39833333,76.30590002359214,9.48,
2025/08/27 13:15:00,15.74,21.71,18.83,95.5,66.17,82.99,3.100311684687694,4088754.535706102,12677046.176666658,76.09906424314018,9.36,
2025/08/27 13:30:00,15.62,21.73,18.77,95.42,66.13,82.99,3.1083104728354485,4084283.308629065,12695839.456666665,76.14704858811092,9.51,
2025/08/27 13:45:00,15.64,21.76,18.74,95.33,66.09,83.0,3.1182626947207552,4079735.7866975092,12722298.62444444,76.04861213522024,9.6,
2025/08/27 14:00:00,15.73,21.79,18.83,95.25,66.04,83.0,3.1186619311041452,4087608.871775118,12748494.684444439,75.88971479989091,9.46,
2025/08/27 14:15:00,15.73,21.82,18.87,95.16,66.0,83.01,3.1224376762635644,4091032.6128546703,12774623.400000002,75.81069622532068,9.44,
2025/08/27 14:30:00,15.54,21.86,18.71,95.13,65.95,83.01,3.1257886677122326,4101079.8362327106,12819700.984444443,75.97135057310518,9.61,
2025/08/27 14:45:00,15.61,21.91,18.81,95.24,65.91,83.02,3.119528151563345,4143194.2207335653,12925415.854999999,75.99901418639958,9.55,
2025/08/27 15:00:00,15.73,21.93,18.85,95.34,65.87,83.02,3.1214089378616916,4172257.1922166217,13023934.855555551,75.96895969714588,9.61,
2025/08/27 15:15:00,15.83,21.97,19.1,95.45,65.82,83.03,3.1155881830270884,4213133.060416426,13127049.88222223,75.96700573897014,9.54,
2025/08/27 15:30:00,16.0,22.01,19.16,95.56,65.78,83.03,3.1146358242727596,4185247.361890301,13036183.416666666,75.89627830082111,9.52,
2025/08/27 15:45:00,15.92,22.03,19.05,95.66,65.73,83.04,3.113553654991472,4198885.537747692,13074090.095,76.06289059364964,9.66,
2025/08/27 16:00:00,15.94,22.06,19.09,95.69,65.69,83.04,3.1131512196435622,4220261.345441631,13138951.619444452,76.06954109258567,9.67,
2025/08/27 16:15:00,15.98,22.07,19.09,95.67,65.64,83.04,3.1161150412274545,4239549.390442392,13211565.766666668,76.01271853790628,9.68,
2025/08/27 16:30:00,16.0,22.09,19.11,95.66,65.6,83.05,3.117840816156451,4260555.363398148,13284379.625000002,75.98432142917795,9.69,
2025/08/27 16:45:00,15.96,22.08,19.14,95.64,65.56,83.05,3.1179703418396163,4251514.730723443,13256750.521666663,76.00615182521173,9.7,
2025/08/27 17:00:00,16.05,22.12,19.13,95.62,65.51,83.06,3.122712363998434,4226737.101715498,13199525.624999996,75.90017089080563,9.71,
2025/08/27 17:15:00,16.05,22.16,19.22,95.61,65.47,83.06,3.1193214547577544,4237175.334826582,13217764.126111113,75.89118430336659,9.63,
2025/08/27 17:30:00,16.06,22.15,19.18,95.59,65.42,83.07,3.1236986792147468,4241932.9554837,13251168.944444437,75.86398953200779,9.69,
2025/08/27 17:45:00,16.07,22.14,19.28,95.57,65.38,83.07,3.1123051867559033,4265849.678977626,13277297.311666664,75.83607829947817,9.44,
2025/08/27 18:00:00,16.03,22.14,19.17,95.56,65.33,83.08,3.1222787328580957,4269424.905433788,13330986.625000002,75.86708055808762,9.65,
2025/08/27 18:15:00,16.06,22.12,19.17,95.54,65.29,83.08,3.125392170151656,4277491.356284753,13369497.313333329,75.82011011691156,9.67,
2025/08/27 18:30:00,16.05,22.16,19.21,95.52,65.25,83.09,3.126591995557252,4290583.506236025,13415566.022222223,75.8124387262309,9.68,
2025/08/27 18:45:00,16.1,22.18,19.23,95.51,65.2,83.09,3.1289072543012804,4302146.488609211,13461682.336666668,75.7545149307131,9.68,
2025/08/27 19:00:00,16.06,22.17,19.23,95.49,65.16,83.09,3.128062772379996,4315657.610796456,13500316.79944445,75.77628046075989,9.67,
2025/08/27 19:15:00,15.99,22.14,19.14,95.47,65.11,83.1,3.1309225224672237,4328950.194327549,13554266.666111108,75.82783335392487,9.76,
2025/08/27 19:30:00,16.06,22.16,19.12,95.46,65.07,83.1,3.13582593260553,4334530.640906651,13592987.283333335,75.75038825357012,9.8,
2025/08/27 19:45:00,16.04,22.18,19.2,95.44,65.03,83.11,3.1309911845674203,4317188.56582909,13517741.01333333,75.7521618846018,9.69,
2025/08/27 20:00:00,16.08,22.19,19.22,95.42,64.98,83.11,3.134450878238678,4393922.545738159,13773211.931111107,75.69536052566404,9.71,
2025/08/27 20:15:00,16.12,22.17,19.28,95.41,64.94,81.87,3.127955262191192,4003774.001204556,12524257.191111118,75.64683514603888,9.54,
2025/08/28 06:00:00,14.7,22.08,18.96,95.13,61.92,82.39,3.075770726924933,4395883.6265227785,13521345.914999997,76.79611115026812,9.2,
2025/08/28 06:15:00,15.69,22.05,18.89,96.03,63.62,84.16,3.083963399760889,4639462.808518695,14308579.364444444,76.61296152990371,9.62,
2025/08/28 06:30:00,15.95,22.05,19.13,95.26,64.93,83.91,3.1221344866457685,4240594.076833401,13240363.644444436,75.68215792443048,9.39,
2025/08/28 06:45:00,15.75,22.03,18.87,95.36,64.18,83.65,3.120569643978501,4358355.05763667,13601175.206666667,75.96682640340788,9.6,
2025/08/28 07:00:00,16.13,22.02,19.12,96.08,64.23,83.4,3.0852384601106593,4346387.240550209,13410301.08,76.22360036502067,9.41,
2025/08/28 07:15:00,16.0,22.0,19.12,96.03,64.29,83.14,3.087867067629471,4276147.842032798,13204831.32222222,76.3078474623357,9.49,
2025/08/28 07:30:00,16.0,22.0,19.12,95.98,64.34,82.97,3.091078505977935,4227727.486811594,13068887.039999997,76.264106288817,9.5,
2025/08/28 07:45:00,16.12,22.01,19.16,95.93,64.39,82.97,3.1110834482650853,4192939.5147537603,13045246.121111108,76.10300730583589,9.76,
2025/08/28 08:00:00,16.03,21.97,19.14,95.88,64.45,82.97,3.110564114968104,4175118.475827514,12987636.664444441,76.14773725393249,9.76,
2025/08/28 08:15:00,16.06,21.96,19.11,95.83,64.5,82.97,3.114755551774148,4134354.0229305327,12878156.194444442,76.07449007677616,9.77,
2025/08/28 08:30:00,15.96,21.94,19.11,95.78,64.55,82.97,3.105064635747282,4137545.112085157,12847999.120000001,76.12851544190184,9.59,
2025/08/28 08:45:00,15.97,21.95,19.08,95.73,64.61,82.97,3.107065918421595,4122923.527689977,12810838.919999998,76.07484024683575,9.57,
2025/08/28 09:00:00,15.93,21.94,19.05,95.68,64.66,82.96,3.106803640775895,4111302.8675646707,12773648.066666663,76.07030158649548,9.54,
2025/08/28 09:15:00,15.92,21.92,19.0,95.63,64.71,82.96,3.1136707272486546,4092525.836480422,12743409.25,76.03652368451488,9.63,
2025/08/28 09:30:00,15.91,21.91,19.03,95.58,64.77,82.96,3.1109357520934506,4084148.0613200106,12706159.644444441,76.00231228174093,9.53,
2025/08/28 09:45:00,15.81,21.89,18.95,95.54,64.82,82.96,3.1080369941742005,4078215.6532529322,12675867.184444446,76.06550365114168,9.5,
2025/08/28 10:00:00,15.67,21.88,18.79,95.47,64.87,82.96,3.1114132484808703,4356284.104046431,13554833.98499999,76.14191221687635,9.59,
2025/08/28 10:15:00,15.58,21.87,18.74,95.37,64.93,82.96,3.1206184312351217,4339427.370524601,13542324.986666655,76.14302449841169,9.74,
2025/08/28 10:30:00,15.45,21.86,18.69,95.27,64.98,82.96,3.1166234482138044,4340512.344464363,13528360.767777769,76.18274449682768,9.64,
2025/08/28 10:45:00,15.64,21.88,18.67,95.17,65.03,82.96,3.129143643878395,4322833.527151574,13527381.138333326,75.90830601435532,9.65,
2025/08/28 11:00:00,15.53,21.84,18.68,95.07,65.09,82.96,3.126687649546427,4334045.4735878995,13551830.654999992,75.92840597982055,9.57,
2025/08/28 11:15:00,15.47,21.83,18.66,94.97,65.14,82.96,3.1293631190893443,4317695.276894477,13512257.549999991,75.89949305172726,9.56,
2025/08/28 11:30:00,15.2,21.83,18.34,94.87,65.19,82.96,3.1278117270692465,4296454.663826147,13439062.03444444,76.07692056788481,9.62,
2025/08/28 11:45:00,15.09,21.82,18.14,94.77,65.25,82.96,3.129561537107533,4272138.181823484,13370448.843888884,76.0970320608084,9.63,
2025/08/28 12:00:00,15.06,21.83,18.26,94.7,65.3,82.96,3.1275452894339524,4258228.8865142735,13318346.88555555,76.06475127819289,9.53,
2025/08/28 12:15:00,15.01,21.82,18.13,94.62,65.35,82.96,3.1294903333362925,4235699.002090367,13256102.621666664,76.0434462942781,9.52,
2025/08/28 12:30:00,15.13,21.84,18.23,94.54,65.41,82.96,3.133182532044656,4216418.983453536,13211344.574999997,75.85512654223902,9.42,
2025/08/28 12:45:00,15.15,21.86,18.24,94.47,65.46,82.96,3.1405128614590656,4209667.428898331,13221049.72222222,75.77393836167735,9.48,
2025/08/28 13:00:00,14.92,21.85,18.08,94.4,65.51,82.96,3.137333750094394,4428508.23595408,13894247.430555545,75.93812433841869,9.51,
2025/08/28 13:15:00,14.8,21.86,17.93,94.37,65.57,82.96,3.1381915654386003,4418322.754029496,13866059.484444443,76.02958580929324,9.59,
2025/08/28 13:30:00,14.88,21.86,17.94,94.34,65.62,82.96,3.1452817368887973,4401895.865509216,13845721.229999991,75.92475707215084,9.65,
2025/08/28 13:45:00,14.87,21.87,17.96,94.31,65.67,82.96,3.14162109511458,4405755.207394839,13841732.348888882,75.90796556288603,9.54,
2025/08/28 14:00:00,15.05,21.87,18.08,94.28,65.73,82.96,3.157204935817356,4364226.53246943,13779294.295555547,75.70519260605285,9.71,
2025/08/28 14:15:00,14.98,21.86,18.08,94.26,65.78,82.96,3.1518065388497143,4354521.787230596,13725144.949999992,75.75608654904501,9.62,
2025/08/28 14:30:00,14.94,21.87,18.1,94.23,65.83,82.96,3.15059109728739,4344343.874801086,13687785.503333328,75.76885927356335,9.59,
2025/08/28 14:45:00,14.92,21.88,18.09,94.2,65.81,82.96,3.150095851679264,4352945.338426282,13712727.447222212,75.76200568359464,9.56,
2025/08/28 15:00:00,14.87,21.9,18.04,94.17,65.66,82.96,3.1529134739464135,4388052.167592534,13835676.92222222,75.78474578013231,9.63,
2025/08/28 15:15:00,14.89,21.88,18.04,94.14,65.51,82.96,3.156496067333134,4420817.373875353,13954828.983333321,75.73873542128995,9.66,
2025/08/28 15:30:00,14.86,21.91,18.03,94.11,65.36,83.12,3.1508250273646503,4507126.595982048,14201706.053333338,75.74150845765259,9.52,
2025/08/28 15:45:00,14.83,21.92,18.02,93.81,65.21,83.34,3.1650167783417635,4580128.052952894,14496732.891666673,75.50633362928924,9.51,
2025/08/28 16:00:00,14.88,21.98,17.83,93.36,65.06,83.55,3.1931692575318977,4629630.925268941,14783729.833888885,75.05995387051422,9.57,
2025/08/28 16:15:00,14.88,21.95,17.93,93.76,64.95,83.76,3.176794963913671,4726257.339298568,15014906.940000001,75.41341990523011,9.68,
2025/08/28 16:30:00,14.87,21.93,17.96,94.15,64.88,83.97,3.1517812335817665,4835100.48302549,15239744.263333334,75.76703518821643,9.58,
2025/08/28 16:45:00,14.88,21.96,18.02,94.51,64.81,84.18,3.1346782788725673,4971959.221581662,15586070.500000004,76.07438305128568,9.61,
2025/08/28 17:00:00,15.38,21.95,18.33,97.08,64.74,84.69,3.0169395524144833,4177689.7272439683,12604318.008333333,77.83537993477955,9.59,
2025/08/29 09:00:00,14.63,21.48,18.34,97.35,63.61,83.94,2.963997747745237,4464050.082501549,13232000.741666665,78.8081954803684,9.31,
2025/08/29 09:15:00,14.87,21.51,17.94,95.44,63.66,82.63,3.07375263506634,4337003.102805851,13331404.624999998,76.90133694220691,9.36,
2025/08/29 09:30:00,14.88,21.52,17.94,95.36,63.72,82.64,3.080324660401602,4287175.149358904,13206416.471111111,76.82132388285822,9.4,
2025/08/29 09:45:00,14.85,21.48,17.95,95.29,63.77,82.66,3.0778051351243416,4268985.680437587,13139635.28166666,76.78929922595611,9.3,
2025/08/29 10:00:00,14.93,21.46,18.0,95.21,63.83,82.68,3.0995598401350644,4232089.392755818,13118159.022222228,76.64076514595013,9.6,
2025/08/29 10:15:00,14.96,21.47,17.97,95.14,63.89,82.7,3.097094646946928,4228588.000234676,13096874.23,76.54961517974837,9.45,
2025/08/29 10:30:00,15.0,21.48,18.0,95.06,63.94,82.72,3.1031724452177034,4227626.750926437,13119597.406666666,76.44006297132398,9.46,
2025/08/29 10:45:00,14.84,21.51,18.03,95.02,64.0,82.73,3.0991914074394833,4211332.337935176,13052263.760555558,76.56202319500917,9.45,
2025/08/29 11:00:00,14.84,21.53,17.87,95.11,64.05,82.75,3.096917582288019,4196325.308565412,12996183.13888889,76.64115662933679,9.5,
2025/08/29 11:15:00,14.9,21.54,18.01,95.2,64.11,82.77,3.0863213170369206,4191892.664425766,12938050.949999997,76.66116956084844,9.34,
2025/08/29 11:30:00,15.04,21.56,18.22,95.29,64.16,82.79,3.0910000724599724,4181747.4512913437,12926335.455000006,76.60274186144548,9.43,
2025/08/29 11:45:00,15.05,21.58,18.12,95.38,64.22,82.8,3.0939712043377456,4169453.7283402425,12900704.043333331,76.67211853230465,9.58,
2025/08/29 12:00:00,15.12,21.6,18.15,95.47,64.28,82.82,3.092188282389267,4165799.849075487,12881972.069999993,76.68234739769707,9.59,
2025/08/29 12:15:00,15.13,21.62,18.24,95.56,64.33,82.84,3.083448784440925,4192520.669947017,12927968.093333337,76.75132289294481,9.5,
2025/08/29 12:30:00,15.1,21.63,18.17,95.65,64.39,82.86,3.080659368390254,4215654.302383703,12987529.377777778,76.85981409187306,9.56,
2025/08/29 12:45:00,15.21,21.67,18.28,95.7,64.44,82.87,3.0823206647411827,4139551.450363407,12759961.35333334,76.79558574035266,9.57,
2025/08/29 13:00:00,15.23,21.68,18.29,95.71,64.5,82.89,3.0824867238362996,4131729.909151527,12736538.026666667,76.7846988922176,9.57,
2025/08/29 13:15:00,15.26,21.7,18.32,95.71,64.56,82.91,3.0840087307877764,4122158.482447895,12713309.186111106,76.75523826438182,9.58,
2025/08/29 13:30:00,15.32,21.76,18.39,95.71,64.61,82.93,3.0865681595104815,4113384.2305771112,12696778.79555556,76.69629698807319,9.59,
2025/08/29 13:45:00,15.36,21.8,18.39,95.72,64.67,82.94,3.0879157391256147,4101743.382565954,12666368.714999996,76.66577322316483,9.6,
2025/08/29 14:00:00,15.4,21.82,18.52,95.72,64.72,82.96,3.083807872225365,4101831.133643098,12649805.813333329,76.62626574781783,9.49,
2025/08/29 14:15:00,15.43,21.87,18.49,95.73,64.78,82.98,3.0893243820010095,4086899.1840103483,12626291.455555554,76.60572229447939,9.59,
2025/08/29 14:30:00,15.42,21.9,18.59,95.73,64.83,83.0,3.085491644017941,4086663.337735625,12609909.33888889,76.61542011394194,9.52,
2025/08/29 14:45:00,15.51,21.95,18.57,95.73,64.89,83.01,3.088592698247375,4072691.5534143858,12579417.400000004,76.52696163837798,9.52,
2025/08/29 15:00:00,15.49,21.96,18.59,95.74,64.95,83.03,3.0878815833949864,4065996.0880954396,12555846.844444443,76.5553999183817,9.53,
2025/08/29 15:15:00,15.58,22.0,18.63,95.74,65.0,83.05,3.090985144580122,4056529.4082883857,12539204.638888886,76.46693610596462,9.53,
2025/08/29 15:30:00,15.57,22.02,18.68,95.75,65.06,83.07,3.0901097319501,4050106.1097378144,12515808.366111103,76.48552795133725,9.53,
2025/08/29 15:45:00,15.6,22.03,18.68,95.75,65.11,83.08,3.091653003793806,4038621.643038743,12486550.339999996,76.45605695878666,9.54,
2025/08/29 16:00:00,15.66,22.07,18.73,95.75,65.17,83.1,3.0937260737328116,4024777.751514232,12452094.13555555,76.39707630569862,9.54,
2025/08/29 16:15:00,15.64,22.05,18.71,95.76,65.23,83.12,3.0925047275049113,4015235.634756838,12417667.655555554,76.42549832616548,9.54,
2025/08/29 16:30:00,15.66,22.1,18.74,95.76,65.28,83.14,3.093704443415271,4004803.977931411,12390208.306666665,76.40585688718207,9.55,
2025/08/29 16:45:00,15.65,22.08,18.72,95.76,65.33,83.15,3.090281472093572,3998118.4750047144,12355837.560000002,76.41558053624979,9.49,
2025/08/29 17:00:00,15.68,22.11,18.76,95.77,65.27,83.06,3.092846275967747,3985873.106737943,12328219.95166667,76.3949187986737,9.53,
2025/08/29 17:15:00,15.88,22.15,18.91,95.77,65.21,82.89,3.086704386268228,3966976.1156155057,12245422.39555556,76.1979826535026,9.29,
2025/08/29 17:30:00,15.73,22.15,18.79,95.78,65.15,82.72,3.093527699773634,3931494.7377316654,12162706.58166666,76.35450614390943,9.52,
2025/08/29 17:45:00,15.75,22.16,18.79,95.78,65.09,82.55,3.0957579415722956,3901971.192188677,12080072.509999996,76.33490093079291,9.55,
2025/08/29 18:00:00,15.77,22.16,18.87,95.78,65.03,82.38,3.0907013820519205,3881642.65905435,11997520.18055555,76.31505157613832,9.44,
2025/08/29 18:15:00,15.77,22.23,18.83,95.79,64.96,82.21,3.095408130350307,3851336.3820551755,11921960.874999998,76.32397828737258,9.54,
2025/08/29 18:30:00,15.79,22.22,18.85,95.79,64.9,82.03,3.0960987622744893,3821569.9821954407,11832461.849999996,76.30431510844275,9.54,
2025/08/29 18:45:00,15.84,22.21,18.9,95.8,64.84,81.86,3.0904139394178665,3801965.7925855876,11750156.02444444,76.26370402052757,9.41,
2025/08/30 01:00:00,14.77,21.99,18.28,99.06,63.92,87.22,2.8902561640067255,3813472.035358982,11022295.411111109,80.15808791103767,9.49,
2025/08/30 01:15:00,14.4,21.96,18.1,94.59,64.07,80.99,3.110671919370658,4387336.82176259,13648076.200000001,76.61576953269477,9.55,
2025/08/30 01:30:00,14.79,22.0,17.98,94.57,64.23,81.6,3.1342889982095112,4474334.877022271,14024368.15999999,76.21582687956604,9.75,
2025/08/30 01:45:00,14.94,21.93,18.0,94.54,64.38,82.22,3.1357263385234195,4597717.50337261,14417720.093333336,76.04191598548618,9.62,
2025/08/30 02:00:00,14.9,21.91,18.02,94.52,64.54,82.83,3.14492256314712,4704361.837533473,14795412.004999992,76.0641384817574,9.85,
2025/08/30 02:15:00,14.95,21.87,18.05,94.49,64.69,83.13,3.1455044501587066,4746622.933991639,14931097.475555554,75.98845154134038,9.78,
2025/08/30 02:30:00,14.93,21.85,18.01,94.47,64.85,83.13,3.1453981558129707,4710050.954440299,14815552.05777778,75.99044577868341,9.77,
2025/08/30 02:45:00,14.95,21.83,18.06,94.45,65.0,83.12,3.1438209667833017,4669558.109950498,14680826.013333336,75.9530120880032,9.69,
2025/08/30 03:00:00,14.96,21.84,18.11,94.43,65.16,83.11,3.141299931393377,4626473.893686809,14533713.119444447,75.92541031889701,9.6,
2025/08/30 03:15:00,14.88,21.77,18.06,94.4,65.31,83.11,3.1395197729065387,4585805.109846974,14397794.033333328,75.97749549073814,9.59,
2025/08/30 03:30:00,14.86,21.76,18.0,94.38,65.47,83.1,3.1437483535970983,4530756.9292459525,14244115.40444444,75.9796768772555,9.68,
2025/08/30 03:45:00,14.86,21.76,17.99,94.36,65.62,83.1,3.1452112534655794,4493797.2607864365,14134492.11777777,75.96208276669951,9.69,
2025/08/30 04:00:00,14.86,21.7,17.94,94.34,65.78,83.09,3.1466706060414835,4456076.583521754,14022353.051666666,75.94448796703007,9.7,
2025/08/30 04:15:00,14.86,21.67,17.92,94.31,65.93,83.09,3.148646277053713,4422662.954044416,13925947.273333328,75.91808307862364,9.71,
2025/08/30 04:30:00,14.77,21.66,17.95,94.29,66.09,83.08,3.1430015584420055,4394305.905122079,13811856.263333328,75.9886168713367,9.63,
2025/08/30 04:45:00,14.73,21.63,17.89,94.27,66.15,83.07,3.1459463592199426,4379661.798187409,13778722.09999999,76.01040103868833,9.71,
2025/08/30 05:00:00,14.69,21.64,17.81,94.25,66.12,83.07,3.1471395794503563,4385892.708190011,13803546.07499999,76.03211354737539,9.75,
2025/08/30 05:15:00,14.66,21.62,17.78,94.22,66.08,83.06,3.1434743311064826,4387301.818238191,13791897.46,76.03489694450641,9.65,
2025/08/30 05:30:00,14.63,21.6,17.75,94.2,66.05,83.06,3.1446641011896332,4381897.598650696,13780121.355000004,76.04675748513466,9.68,
2025/08/30 05:45:00,14.39,21.59,17.55,93.71,66.01,83.05,3.156609236996623,4330777.545141474,13671071.773333326,75.84966906019945,9.57,
2025/08/30 06:00:00,14.95,21.64,17.92,95.19,65.98,83.05,3.1022318051919653,4182973.709536559,12977055.923333328,76.60359691890834,9.62,
2025/08/30 06:15:00,14.86,21.55,17.97,95.15,65.95,83.04,3.0931013968217784,4192148.044729485,12967257.771111112,76.65660441013905,9.45,
2025/08/30 06:30:00,14.92,21.55,18.1,95.12,65.91,83.03,3.10480228351181,4175670.5966852596,12965172.880000005,76.57157031575862,9.62,
2025/08/30 06:45:00,14.88,21.55,17.97,95.08,65.88,83.03,3.0993956724363207,4176542.8418379957,12945278.286111113,76.57550933349273,9.49,
2025/08/30 07:00:00,14.73,21.51,17.89,95.05,65.84,83.02,3.0938022792163,4175425.531849047,12918452.323333329,76.69639317432849,9.45,
2025/08/30 07:15:00,14.75,21.52,17.87,95.01,65.81,83.02,3.0951196936542296,4174029.7775445767,12919629.225555552,76.64157981819841,9.42,
2025/08/30 07:30:00,14.69,21.47,17.74,94.97,65.78,83.01,3.0984866659215253,4189838.202132287,12982657.587777782,76.66538630950356,9.49,
2025/08/30 07:45:00,14.73,21.45,17.81,94.94,65.74,83.01,3.098075056884691,4215652.497000417,13060922.978888895,76.59968489769325,9.42,
2025/08/30 08:00:00,14.71,21.45,17.74,94.9,65.71,83.0,3.1037644657165484,4228323.675711928,13124230.007777778,76.58423193253108,9.51,
2025/08/30 08:15:00,14.68,21.44,17.8,94.87,65.67,82.99,3.099005498708315,4239371.647955422,13138354.459999993,76.58721286340949,9.4,
2025/08/30 08:30:00,14.63,21.46,17.79,94.83,65.64,82.99,3.1003196377939144,4239392.951340148,13143987.938888881,76.6011285707965,9.42,
2025/08/30 08:45:00,14.66,21.51,17.75,94.8,65.61,82.98,3.1081227761521255,4225971.007650975,13135340.68,76.54539274884579,9.53,
2025/08/30 09:00:00,14.7,21.46,17.76,94.76,65.57,82.98,3.109283359399742,4226512.469334133,13141937.532777784,76.47089002844415,9.48,
2025/08/30 09:15:00,14.62,21.45,17.73,94.73,65.54,82.97,3.1116982116427723,4223987.364549263,13144284.486666657,76.52311082784558,9.56,
2025/08/30 09:30:00,14.59,21.48,17.78,94.69,65.5,82.97,3.1071596421631447,4241365.949172907,13179114.684999999,76.51723838288913,9.44,
2025/08/30 09:45:00,14.62,21.45,17.73,94.65,65.47,82.96,3.113107497376225,4239609.51778191,13198873.196666662,76.45264366672734,9.5,
2025/08/30 10:00:00,14.65,21.48,17.75,94.62,65.44,82.95,3.1161911863495644,4241758.105991006,13218642.390555559,76.396807689952,9.51,
2025/08/30 10:15:00,14.58,21.42,17.67,94.58,65.4,82.9,3.119368457893462,4241401.6708579315,13231006.25,76.43039602346708,9.59,
2025/08/30 10:30:00,14.63,21.46,17.7,94.55,65.37,82.85,3.122711535524941,4238908.2646833705,13237399.09555555,76.35491977162337,9.59,
2025/08/30 10:45:00,14.7,21.49,17.76,94.51,65.33,82.79,3.1255124501266085,4237137.593941743,13243742.710000008,76.25095238388717,9.55,
2025/08/30 11:00:00,14.64,21.46,17.75,94.33,65.3,82.74,3.1304572741526058,4232518.696665758,13250239.591111109,76.151242417808,9.5,
2025/08/30 11:15:00,14.63,21.47,17.77,94.08,65.27,82.69,3.14266944010009,4218057.121554114,13256484.51111111,75.94069529112602,9.49,
2025/08/30 11:30:00,14.38,21.48,17.56,93.93,65.23,82.63,3.147365729329764,4488147.998251037,14126372.69999999,76.05375956982652,9.63,
2025/08/30 11:45:00,14.38,21.55,17.51,93.83,65.2,82.58,3.1487607835936395,4501195.224094381,14173702.839999994,75.96539040779686,9.54,
2025/08/30 12:00:00,14.4,21.5,17.48,93.73,65.16,82.53,3.158420959214447,4398386.394701251,13892466.170000004,75.85760377950137,9.63,
2025/08/30 12:15:00,14.42,21.52,17.55,93.63,65.13,82.48,3.1597427633792954,4461164.858685833,14096658.125000006,75.74954793785078,9.52,
2025/08/30 12:30:00,14.44,21.53,17.6,93.66,65.1,82.42,3.155856359488364,4471423.493756564,14111699.971111117,75.75638576913843,9.45,
2025/08/30 12:45:00,14.5,21.55,17.57,93.75,65.05,82.37,3.158168759439216,4480568.123502305,14150915.337777784,75.77711072884023,9.56,
2025/08/30 13:00:00,14.7,21.59,17.66,93.84,64.99,82.32,3.1568682108625903,4499787.237386675,14205768.78111111,75.66030077089094,9.47,
2025/08/30 13:15:00,14.72,21.66,17.78,93.93,64.94,82.26,3.1647893662080957,4447552.564526153,14076104.48444445,75.72053021746703,9.75,
2025/08/30 13:30:00,14.93,21.66,17.97,94.02,64.88,82.21,3.1585536418008813,4460872.585559195,14090469.402777774,75.5934840163954,9.53,
2025/08/30 13:45:00,14.77,21.72,17.91,94.11,64.82,82.16,3.1506433634741953,4476640.179784468,14104841.520000001,75.82991118152368,9.59,
2025/08/30 14:00:00,14.78,21.73,17.86,94.2,64.77,82.1,3.149328982488163,4495479.1026810445,14158280.729999997,75.89955204183192,9.66,
2025/08/30 14:15:00,14.7,21.76,17.88,94.07,64.71,82.05,3.148420521861425,4480955.093355605,14108465.580000002,75.86326658106104,9.55,
2025/08/30 14:30:00,14.73,21.77,17.8,93.93,64.65,82.0,3.160265462955333,4478211.276089235,14152863.449999994,75.71047736583212,9.63,
2025/08/30 14:45:00,14.77,21.8,17.82,93.79,64.6,81.95,3.1719254988860817,4442061.104060467,14090413.088888897,75.54783956816304,9.7,
2025/08/30 15:00:00,14.73,21.81,17.85,93.65,64.54,81.89,3.1735992460154465,4413565.577360019,14007414.544444438,75.46330111405156,9.6,
2025/08/31 05:15:00,12.82,21.45,17.41,93.09,62.18,81.13,3.1105774215864876,4565931.902964832,14203192.391666664,76.83968933464001,9.09,
2025/08/31 05:30:00,14.23,21.4,17.44,94.69,63.62,83.61,3.100831767235397,4838013.522723206,15002410.59777778,76.8706282245695,9.58,
2025/08/31 05:45:00,14.38,21.37,17.49,94.45,64.65,83.49,3.1117434269042343,4549670.491448971,14157934.48666666,76.51200902137168,9.43,
2025/08/31 06:00:00,14.36,21.36,17.5,94.22,64.52,83.38,3.122025507811535,4536623.073211161,14163985.73333333,76.32895055460814,9.41,
2025/08/31 06:15:00,14.31,21.33,17.41,94.0,64.38,83.26,3.134803714501565,4518588.028711456,14165414.36444445,76.18400976969002,9.48,
2025/08/31 06:30:00,14.31,21.32,17.45,93.97,64.24,83.15,3.131827738022014,4531328.4911068715,14191875.157777784,76.15750584531776,9.38,
2025/08/31 06:45:00,14.21,21.31,17.42,93.94,64.11,83.03,3.1311692196243954,4537345.147169092,14207728.040000001,76.22910569960314,9.41,
2025/08/31 07:00:00,14.29,21.27,17.34,93.91,63.97,82.91,3.1387362380769517,4533784.509501244,14230883.614444438,76.1242085202052,9.48,
2025/08/31 07:15:00,14.3,21.23,17.45,93.88,63.83,82.8,3.1347494021695343,4556501.13427767,14284041.138888886,76.08789230007035,9.35,
2025/08/31 07:30:00,14.31,21.23,17.42,93.85,63.7,82.68,3.1366714735137173,4575220.406962866,14351514.002222223,76.05160632586842,9.35,
2025/08/31 07:45:00,14.32,21.21,17.41,93.83,63.56,82.57,3.1408375306339495,4595557.767965446,14434456.697222214,76.02414925149998,9.41,
2025/08/31 08:00:00,14.05,21.18,17.33,93.41,63.43,82.45,3.1578677372602093,4722973.060990656,14915096.203333335,75.91782997850102,9.53,
2025/08/31 08:15:00,14.19,21.22,17.3,93.59,64.47,82.4,3.1537615909948484,4443718.515969726,14014955.612777783,75.93971202645884,9.53,
2025/08/31 08:30:00,14.01,21.11,17.15,93.52,64.48,82.37,3.1452060200529552,4431471.083928769,13938406.111666668,76.0542383014275,9.4,
2025/08/31 08:45:00,14.0,21.09,17.06,93.45,64.48,82.35,3.151894138137738,4402841.82816473,13877798.317777768,76.00217147543839,9.48,
2025/08/31 09:00:00,13.99,21.08,17.12,93.39,64.48,82.32,3.151191421378943,4404184.167751438,13878943.173333326,75.95890524796773,9.4,
2025/08/31 09:15:00,13.99,21.08,17.11,93.32,64.48,82.29,3.154809258635248,4399863.824023369,13881246.585555557,75.89699543505641,9.4,
2025/08/31 09:30:00,13.98,21.06,17.12,93.25,64.48,82.27,3.158060016649088,4394583.45845014,13878878.383333325,75.84486972606926,9.4,
2025/08/31 09:45:00,13.98,21.06,17.09,93.19,64.48,82.24,3.161163984243552,4379669.591997854,13845369.413333325,75.79177886312557,9.4,
2025/08/31 10:00:00,13.98,21.06,17.1,93.12,64.49,82.21,3.164785771869623,4361618.506421559,13804104.453333333,75.72982552614498,9.4,
2025/08/31 10:15:00,13.66,21.08,16.82,92.39,64.49,82.19,3.19369786796873,4467646.773116226,14268816.650000002,75.39614407182327,9.48,
2025/08/31 11:15:00,13.52,21.09,17.7,95.5,64.5,82.51,3.0164332070266227,4350629.707457114,13123918.017222224,78.27944795230671,9.18,
2025/08/31 11:30:00,13.65,21.08,16.97,93.54,64.5,81.27,3.1340820605581676,4349393.721595122,13631841.079999994,76.42470353880569,9.47,
2025/08/31 11:45:00,13.68,21.1,16.9,93.1,64.5,81.61,3.15925027126436,4403733.340668061,13912985.093333334,76.00602035502732,9.51,
2025/08/31 12:00:00,13.7,21.09,16.88,93.1,64.5,81.95,3.1595951102533197,4492290.934797103,14194318.600000001,75.98642819541793,9.5,
2025/08/31 12:15:00,13.75,21.1,17.03,93.1,64.5,82.29,3.163812878095715,4575275.352699291,14475841.600000003,75.93748205924419,9.56,
2025/08/31 12:30:00,13.72,21.11,16.98,93.1,64.51,82.63,3.1657206488921297,4658934.484474705,14749414.239999989,75.9669341768122,9.64,
2025/08/31 12:45:00,13.6,21.13,16.89,93.1,64.51,82.85,3.1574557779126984,4691430.246275566,14813499.213333322,76.08438356342,9.54,
2025/08/31 13:00:00,13.6,21.14,16.88,93.14,64.51,82.93,3.1558090153011453,4740445.614012688,14960458.956666667,76.11980643969426,9.55,
2025/08/31 13:15:00,13.82,21.17,17.01,93.17,64.51,83.01,3.16739198246224,4743414.744672956,15024789.38888889,75.93100677823486,9.68,
2025/08/31 13:30:00,13.71,21.2,16.94,93.18,64.51,83.09,3.15746631644325,4778702.261839445,15089114.247777775,76.0474741043021,9.54,
2025/08/31 13:45:00,13.34,21.23,16.86,93.12,64.52,83.18,3.147567721630978,4814169.348907703,15153433.53333334,76.35670105701169,9.56,
2025/08/31 14:00:00,13.85,21.26,17.09,93.93,64.54,83.26,3.126403592789337,4862058.964620028,15201288.959999999,76.57332557478898,9.59,
2025/08/31 14:15:00,14.27,21.32,17.36,93.97,64.57,83.34,3.138365931175131,4856244.967766052,15241236.871666675,76.19683467544284,9.56,
2025/08/31 14:30:00,14.29,21.34,17.37,94.02,64.6,83.42,3.136091813067013,4872503.625703103,15281181.300000004,76.22132591926092,9.55,
2025/08/31 14:45:00,14.31,21.36,17.38,94.06,64.63,83.5,3.134326007653551,4887991.882482906,15321122.245000003,76.23698748965171,9.54,
2025/08/31 15:00:00,14.32,21.42,17.44,94.11,64.65,83.59,3.1312403317573145,4911872.313861178,15380816.244444441,76.271260801496,9.52,
2025/08/31 15:15:00,14.32,21.42,17.44,94.15,64.68,83.67,3.1304785956427024,4929277.549882533,15431563.069999995,76.30656373446283,9.55,
2025/08/31 15:30:00,14.49,21.48,17.58,94.2,64.71,83.75,3.130924437246909,4944796.5854257345,15482363.306666672,76.18382939722126,9.48,
2025/08/31 15:45:00,14.49,21.5,17.51,94.24,64.74,83.83,3.131530882403939,4960010.961622681,15532995.298333334,76.21914342799904,9.54,
2025/08/31 16:00:00,14.51,21.53,17.55,94.29,64.77,83.91,3.130541915043524,4977838.141129931,15583901.776666664,76.24361196992582,9.56,
2025/08/31 16:15:00,14.45,21.55,17.64,94.33,64.8,84.0,3.123200303448849,5008461.28820837,15643009.066666668,76.33765179952677,9.49,
2025/08/31 16:30:00,14.53,21.59,17.66,94.38,64.83,84.08,3.123922812212853,5023348.605172042,15693133.652777776,76.30322345076283,9.5,
2025/08/31 16:45:00,14.67,21.64,17.76,94.42,64.86,84.16,3.1372371289745766,4997018.604799248,15677423.238888884,76.20148416547427,9.74,
2025/08/31 17:00:00,14.68,21.66,17.81,94.47,64.89,84.24,3.131261013733991,5001372.358435409,15661195.549999993,76.2355163172727,9.65,
2025/08/31 17:15:00,15.36,21.7,18.25,97.87,64.92,84.87,2.9740553233323417,4105599.7105223835,12210758.816666668,78.54345994636027,9.57,
2025/08/31 17:30:00,17.75,21.68,19.79,98.88,64.95,84.58,2.958438040841634,3088423.558415218,9137557.794444442,77.0645339030894,9.04,
2025/08/31 17:45:00,17.7,21.71,19.85,98.85,64.98,82.99,2.9743302747876084,2810738.2334923106,8360671.238333328,77.08810143160672,9.26,
2025/08/31 18:00:00,17.72,21.73,19.85,98.81,65.01,82.95,2.97648048156562,2790165.404438903,8305470.506666664,77.033701041912,9.25,
2025/08/31 18:15:00,17.76,21.76,19.88,98.77,65.04,82.91,2.9792354422581093,2775384.963674738,8269121.110555551,76.95956764852342,9.24,
2025/08/31 18:30:00,17.78,21.76,19.89,98.73,65.07,82.86,2.982079919334491,2759353.6885690545,8229210.238333337,76.9051760797723,9.24,
2025/08/31 18:45:00,17.72,21.78,19.89,98.7,65.09,82.82,2.981936262547919,2749215.424475345,8198573.624999996,76.93836468878797,9.24,
2025/08/31 19:00:00,17.65,21.77,19.89,98.66,65.12,82.78,2.982039627559573,2737302.640123442,8163334.018888886,76.9727420587524,9.24,
2025/08/31 19:15:00,17.58,21.78,19.89,98.62,65.15,82.73,2.982139769514302,2723853.9425118645,8123496.296666664,77.00710887956284,9.24,
2025/08/31 19:30:00,17.6,21.78,19.84,98.58,65.18,82.69,2.9849841492852325,2709474.147909283,8088303.831666662,76.95270149893705,9.24,
2025/08/31 19:45:00,17.67,21.78,19.85,98.54,65.21,82.65,2.989354926172427,2700114.1104867496,8072168.91555556,76.84897553270419,9.24,
2025/08/31 20:00:00,17.6,21.79,19.83,98.51,65.24,82.6,2.9888887603689294,2693545.1854680404,8051266.128888889,76.89199915337068,9.24,
2025/08/31 20:15:00,17.7,21.78,19.84,98.47,65.27,82.56,2.993498807088505,2683982.181540606,8035062.591111112,76.75866560637057,9.23,
2025/08/31 20:30:00,17.69,21.78,19.83,98.43,65.3,82.51,2.99473926710979,2675795.488482303,8013870.920000002,76.73381984572774,9.22,
2025/08/31 20:45:00,17.58,21.78,19.78,98.39,65.33,82.47,2.9956507110980577,2669486.5411810647,7997395.45,76.80764552596246,9.25,
2025/08/31 21:00:00,17.79,21.8,19.87,98.35,65.36,82.43,3.003680624116702,2654174.892156461,7972860.243333336,76.56581894725068,9.24,
2025/08/31 21:15:00,17.84,21.77,19.94,98.32,65.39,82.38,3.006901216599676,2641519.9056209726,7943385.669999997,76.49047559131341,9.24,
2025/08/31 21:30:00,17.69,21.77,19.89,98.28,65.42,82.34,3.003811270242233,2636029.6335263555,7918713.22,76.60368889922017,9.23,
2025/08/31 21:45:00,17.61,21.74,19.86,98.24,65.39,82.3,3.0028839835054466,2635873.7319898414,7915800.224444442,76.64785157758531,9.22,
2025/08/31 22:00:00,17.61,21.76,19.85,98.2,65.26,82.25,3.00443576430101,2736992.9752099994,8223710.287222218,76.6131176673863,9.21,
2025/08/31 22:15:00,14.98,21.75,18.27,94.1,65.13,81.48,3.1547992966685996,4194897.960159261,13234621.950000007,75.61491170723788,9.5,
2025/08/31 22:30:00,14.76,21.76,17.85,94.08,64.99,81.64,3.1527080548945725,4300905.028654914,13560008.825000003,75.81330422066485,9.61,
2025/08/31 22:45:00,14.7,21.72,17.79,94.06,64.86,81.88,3.154074069335356,4396206.332506953,13866480.503333328,75.85463877798502,9.67,
2025/08/31 23:00:00,14.71,21.7,17.78,94.04,64.73,82.11,3.1558936553687373,4488266.663197419,14165025.392222218,75.8272114442349,9.68,
2025/08/31 23:15:00,14.77,21.71,17.78,94.02,64.59,82.35,3.159150922019661,4583302.224394476,14479887.839999992,75.75071273618515,9.68,
2025/08/31 23:30:00,14.79,21.68,17.82,94.01,64.46,82.59,3.157027690096827,4683664.954902257,14787025.415555563,75.72212944828894,9.6,
2025/08/31 23:45:00,14.44,21.7,17.52,93.48,64.81,82.83,3.170389411958996,4637356.470676885,14702748.255555553,75.59746111813752,9.57,
2025/09/01 00:00:00,14.71,21.67,17.79,93.99,64.68,82.26,3.1572426598727636,4553683.587793922,14377631.106666666,75.78305763657622,9.65,
2025/09/01 00:15:00,14.65,21.69,17.81,93.74,64.86,82.38,3.1629276424343433,4542590.228446301,14368432.319999995,75.62113786204989,9.53,
2025/09/01 00:30:00,14.88,21.65,17.9,95.09,65.48,82.45,3.105861817682999,4457799.972550532,13845842.79833333,76.58452961352776,9.64,
2025/09/01 00:45:00,14.59,21.66,17.78,94.06,65.74,82.45,3.1483576763748764,4300059.361492279,13538637.878333338,75.96247422952834,9.63,
2025/09/01 01:00:00,14.57,21.64,17.71,93.99,65.73,82.46,3.1541215597387633,4290011.687364282,13531725.899999991,75.92047940314671,9.7,
2025/09/01 01:15:00,14.55,21.63,17.67,93.98,65.72,82.46,3.1493480953416317,4304576.437985259,13557113.129999993,75.93108837920171,9.59,
2025/09/01 01:30:00,14.53,21.61,17.66,93.97,65.71,82.46,3.1503974149357017,4300959.45471877,13550236.333333332,75.94192715780142,9.62,
2025/09/01 01:45:00,14.62,21.61,17.59,93.96,65.69,82.47,3.156304893269091,4312637.387731402,13612498.13,75.84491463996875,9.67,
2025/09/01 02:00:00,14.58,21.57,17.6,93.94,65.68,82.47,3.151669065377368,4323408.753328326,13626458.981666658,75.86634801423041,9.57,
2025/09/01 02:15:00,14.68,21.58,17.78,93.93,65.67,82.47,3.150965321948156,4328861.831698685,13640621.866666663,75.75932205899068,9.46,
2025/09/01 02:30:00,14.54,21.56,17.66,93.92,65.66,82.47,3.1481885030883108,4338487.341646571,13658890.788888888,75.88786186451776,9.5,
2025/09/01 02:45:00,14.54,21.56,17.64,93.91,65.65,82.48,3.1491517291779205,4349271.011989892,13697028.179999996,75.8790473574874,9.51,
2025/09/01 03:00:00,14.54,21.55,17.65,93.9,65.64,82.48,3.150111157561806,4357418.536703918,13726870.593333334,75.87023308003259,9.52,
2025/09/01 03:15:00,14.55,21.53,17.62,93.89,65.63,82.48,3.1518702846068387,4357759.164474739,13735608.88333334,75.85162139849633,9.54,
2025/09/01 03:30:00,14.54,21.52,17.65,93.88,65.61,82.49,3.149381065664402,4361499.030326017,13736544.50666666,75.85255040666348,9.48,
2025/09/01 03:45:00,14.52,21.48,17.62,93.87,65.6,82.49,3.1496174230576925,4356221.110262195,13720952.758333333,75.8633498887152,9.49,
2025/09/01 04:00:00,14.49,21.48,17.6,93.85,65.59,82.49,3.1495641184704017,4351398.817837758,13705529.138888879,75.87512290173426,9.49,
2025/09/01 04:15:00,14.46,21.47,17.57,93.84,65.58,82.5,3.149429995377885,4349187.150567112,13697977.040000001,75.89572721353372,9.5,
2025/09/01 04:30:00,14.43,21.44,17.54,93.83,65.57,82.5,3.151866119911078,4341346.532846126,13683859.67055556,75.91639105572705,9.57,
2025/09/01 04:45:00,14.52,21.44,17.52,93.82,65.56,82.5,3.156118980889413,4340488.356089877,13699613.277777776,75.81931474825272,9.58,
2025/09/01 05:00:00,14.68,21.45,17.65,93.81,65.54,82.51,3.161680371258473,4314035.550734627,13640132.458333332,75.65353521831923,9.56,
2025/09/01 05:15:00,14.41,21.41,17.57,93.81,65.53,82.51,3.1513168105827534,4387518.658858036,13826991.346666668,75.91832709441067,9.55,
2025/09/01 05:30:00,14.42,21.39,17.61,93.86,65.52,82.51,3.1477997694946125,4393062.569423643,13829018.995000005,75.95262485436827,9.52,
2025/09/01 05:45:00,14.46,21.39,17.54,93.92,65.51,82.52,3.14787830985906,4396245.091355993,13839372.854999991,75.96638661224247,9.56,
2025/09/01 06:00:00,14.49,21.37,17.57,93.97,65.5,82.52,3.1415225693348297,4405777.322075497,13841382.622222219,75.98098259151563,9.45,
2025/09/01 06:15:00,14.46,21.36,17.47,94.02,65.49,82.52,3.1409630723348285,4407266.589143524,13843582.92777778,76.0545681117903,9.52,
2025/09/01 06:30:00,14.45,21.34,17.54,94.07,65.47,82.53,3.13667685798166,4419102.259361675,13861829.092222223,76.10845125704456,9.49,
2025/09/01 06:45:00,14.63,21.32,17.68,94.12,65.46,82.53,3.143258575234096,4410534.322591883,13864008.381666671,75.9760268965523,9.55,
2025/09/01 07:00:00,14.58,21.33,17.63,94.18,65.45,82.53,3.1404980461864835,4414979.729244135,13865784.06888889,76.0780417146256,9.6,
2025/09/01 07:15:00,14.52,21.31,17.62,94.23,65.44,82.53,3.134869093729194,4419800.074297169,13856043.159444448,76.18094787563267,9.58,
2025/09/01 07:30:00,14.4,21.3,17.53,94.28,65.43,82.54,3.1270873545016147,4430207.257537587,13854179.924444443,76.34270915084844,9.56,
2025/09/01 07:45:00,14.38,21.28,17.5,94.12,65.42,82.54,3.135050112721195,4416908.912923964,13847765.946666667,76.22128376778153,9.57,
2025/09/01 08:00:00,14.36,21.27,17.43,93.83,65.4,82.54,3.1505467400960834,4404046.203186463,13875685.095555555,75.98507134993226,9.6,
2025/09/01 08:15:00,14.16,21.25,17.31,93.62,65.38,82.55,3.1506923935804116,4415351.3096281905,13911933.35888889,75.9956191365034,9.52,
2025/09/01 08:30:00,14.28,21.25,17.27,93.7,65.3,82.54,3.151391443084719,4436117.879241394,13980460.975555561,75.94865127782649,9.53,
2025/09/01 08:45:00,14.34,21.24,17.41,93.7,65.23,82.53,3.157739922483981,4446416.8420596495,14041169.205555553,75.88994023090018,9.63,
2025/09/01 09:00:00,14.32,21.23,17.41,93.7,65.16,82.51,3.1557783792116467,4465805.408673899,14093636.33333334,75.9095081981593,9.6,
2025/09/01 09:15:00,14.3,21.23,17.38,93.7,65.08,82.5,3.154217416641894,4489890.880019432,14162634.200000001,75.92909272525698,9.58,
2025/09/01 09:30:00,14.29,21.2,17.38,93.7,65.01,82.48,3.1530166231954286,4508287.19108193,14215252.620555555,75.93887525128153,9.56,
2025/09/01 09:45:00,14.32,21.18,17.32,93.7,64.94,82.47,3.1578029074334744,4520782.737434741,14276286.890555555,75.90957889090123,9.65,
2025/09/01 10:00:00,14.16,21.19,17.3,93.7,64.87,82.45,3.1482400314511607,4551275.69980852,14329049.753333332,76.06632397270997,9.56,
2025/09/01 10:15:00,14.19,21.18,17.22,93.7,64.79,82.44,3.1501690760794276,4570505.921563083,14398401.294444434,76.03693479782675,9.58,
2025/09/01 10:30:00,14.24,21.16,17.28,93.7,64.72,82.43,3.148212460101475,4592743.499531497,14459480.035000004,75.98783925963433,9.49,
2025/09/01 10:45:00,14.21,21.15,17.25,93.67,64.65,82.41,3.1486669163462673,4553374.678188562,14337600.63999999,75.9907535569508,9.49,
2025/09/01 11:00:00,14.3,21.16,17.33,93.6,64.58,82.4,3.157294519119073,4638838.902086939,14646745.080000004,75.84071037841848,9.53,
2025/09/01 11:15:00,14.19,21.15,17.32,93.52,64.5,82.38,3.156952960437559,4618136.3488202365,14579800.986666663,75.87784638548044,9.52,
2025/09/01 11:30:00,14.13,21.16,17.23,93.45,64.43,82.37,3.1604059102236226,4612427.745947836,14577692.176666664,75.87482413574173,9.57,
2025/09/01 11:45:00,14.05,21.15,17.14,93.38,64.36,82.35,3.1610375876647363,4625815.760784746,14622916.641666662,75.89133363533075,9.57,
2025/09/01 12:00:00,14.06,21.14,17.25,93.31,64.28,82.34,3.1570161780319372,4651186.6158297,14684428.476666668,75.81955211220253,9.38,
2025/09/01 12:15:00,14.13,21.14,17.24,93.71,64.79,83.12,3.141949614810974,4744919.515386623,14908858.25,76.10449568091923,9.45,
2025/09/01 12:30:00,14.09,21.15,17.19,93.73,64.83,83.11,3.1411940503727176,4734603.920679093,14872859.857777778,76.16139084296535,9.49,
2025/09/01 12:45:00,14.15,21.15,17.28,93.75,64.87,83.1,3.1465360399084514,4715112.969938078,14836835.921111101,76.12031846778379,9.59,
2025/09/01 13:00:00,14.16,21.16,17.23,93.76,64.91,83.09,3.1421963073368206,4708745.190185099,14796353.550000004,76.11926065230662,9.49,
2025/09/01 13:15:00,14.17,21.18,17.24,93.78,64.95,83.08,3.141529079482083,4695653.577600698,14752080.847777775,76.1271174560866,9.49,
2025/09/01 13:30:00,14.19,21.18,17.27,93.8,65.0,83.07,3.1412240065674077,4679364.614718929,14699483.211111104,76.12516818721099,9.49,
2025/09/01 13:45:00,14.2,21.21,17.3,93.82,65.04,83.06,3.1405554917001677,4666210.939367206,14655043.308888884,76.1330215643399,9.49,
2025/09/01 14:00:00,14.21,21.2,17.28,93.84,65.08,83.05,3.1398868984858788,4653125.331586391,14610832.958333332,76.1408733475977,9.49,
2025/09/01 14:15:00,14.34,21.23,17.34,93.86,65.12,83.03,3.1400042730070323,4636222.264959751,14558305.684999997,76.031016723759,9.41,
2025/09/01 14:30:00,14.26,21.25,17.36,93.87,65.16,83.02,3.1379463096263116,4624857.573041616,14513100.494444443,76.11830339188167,9.44,
2025/09/01 14:45:00,14.28,21.28,17.35,93.89,65.2,83.01,3.1398462382883126,4607474.508164207,14467300.466666669,76.11636977016391,9.49,
2025/09/01 15:00:00,14.26,21.29,17.41,93.91,65.24,83.0,3.1340666251707505,4600641.981488558,14419261.120000003,76.15359713043891,9.4,
2025/09/01 15:15:00,14.28,21.3,17.43,93.93,65.28,82.99,3.134204578837528,4585059.885599485,14371057.94055555,76.15163584760344,9.41,
2025/09/01 15:30:00,14.3,21.3,17.41,93.95,65.32,82.98,3.1343425943477685,4569494.1124958405,14322897.72222223,76.1496732458187,9.42,
2025/09/01 15:45:00,14.32,21.33,17.45,93.97,65.36,82.97,3.134478846568588,4554140.336850354,14275393.879999997,76.14770932672747,9.43,
2025/09/01 16:00:00,14.34,21.35,17.46,93.98,65.41,82.96,3.1346808680737115,4536966.507148657,14222476.124999996,76.13691749816425,9.43,
2025/09/01 16:15:00,14.35,21.37,17.48,94.0,65.45,82.95,3.134456487499646,4523003.25141003,14177689.166666666,76.14475873933847,9.44,
2025/09/01 16:30:00,14.36,21.37,17.5,94.02,65.49,82.94,3.1342304359853093,4509047.3058336275,14132926.591666669,76.15259911428508,9.45,
2025/09/01 16:45:00,14.36,21.4,17.54,94.04,65.53,82.93,3.133643172633991,4495551.267336281,14087986.36666667,76.17024663650365,9.46,
2025/09/01 17:00:00,14.36,21.39,17.52,94.06,65.57,82.92,3.1330553834026365,4482124.2530744085,14043273.138888892,76.18789355807128,9.47,
2025/09/01 17:15:00,14.46,21.41,17.58,94.08,65.61,82.91,3.1446174592623084,4489117.739567323,14117098.905555552,76.10771174800149,9.68,
2025/09/01 17:30:00,14.42,21.43,17.54,94.09,65.65,82.9,3.138054508707471,4481359.439317035,14063279.083333332,76.15559483488495,9.57,
2025/09/01 17:45:00,14.41,21.42,17.51,94.11,65.69,82.89,3.137511652823553,4443620.236291466,13942431.8,76.1830659795697,9.59,
2025/09/01 18:00:00,14.42,21.43,17.49,94.13,65.73,82.88,3.1376898300742324,4407288.857131954,13829218.822222214,76.19092177052796,9.61,
2025/09/01 18:15:00,14.47,21.46,17.54,94.15,65.77,82.87,3.1388991877053782,4370544.041306909,13719209.350000007,76.15952843870187,9.62,
2025/09/01 18:30:00,14.45,21.47,17.51,94.17,65.82,82.86,3.138392042530031,4397394.950432658,13801259.26666667,76.19682773093022,9.65,
2025/09/01 18:45:00,14.47,21.46,17.53,94.19,65.86,82.85,3.135561785747407,4340131.69912746,13609257.120555552,76.19475031925671,9.59,
2025/09/01 19:00:00,14.63,21.48,17.66,94.31,65.9,82.84,3.132944315525174,4368449.386349835,13686631.591111109,76.1434765369284,9.54,
2025/09/01 19:15:00,14.69,21.48,17.75,94.68,65.94,82.83,3.1216198287095014,4352883.838600237,13588577.383333335,76.41059898108927,9.67,
2025/09/01 19:30:00,14.56,21.49,17.69,94.68,65.98,82.82,3.1182194426996808,4354766.543045836,13579635.666666655,76.53823761853556,9.7,
2025/09/01 19:45:00,14.74,21.48,17.71,94.67,66.02,82.81,3.126476784334394,4340406.24114545,13570703.12277778,76.3528588204925,9.73,
2025/09/01 20:00:00,14.59,21.47,17.7,94.65,66.05,82.8,3.119149046506671,4350214.861319077,13569490.458333334,76.48231598413295,9.66,
2025/09/01 20:15:00,14.64,21.48,17.7,94.64,66.04,82.82,3.122312941304718,4363636.562557182,13625162.368888877,76.4244871246227,9.68,
2025/09/01 20:30:00,14.66,21.47,17.69,94.62,66.04,82.83,3.1249088297293386,4371405.873749927,13660770.279444436,76.38729913667797,9.7,
2025/09/01 20:45:00,14.67,21.46,17.67,94.6,66.04,82.84,3.1263014432073173,4378986.997111539,13690558.93333333,76.35988193018888,9.7,
2025/09/01 21:00:00,14.72,21.44,17.71,94.59,66.04,82.86,3.1225218431336237,4396446.698348902,13728535.394444438,76.30176291745406,9.56,
2025/09/01 21:15:00,14.45,21.43,17.67,94.57,66.03,82.87,3.1152378805591945,4414855.295684776,13753853.88666667,76.54915351720511,9.59,
2025/09/01 21:30:00,14.57,21.42,17.63,94.56,66.03,82.88,3.1191628887201706,4405333.434126045,13741478.299999993,76.42257357534771,9.57,
2025/09/01 21:45:00,14.52,21.42,17.61,94.54,66.03,82.9,3.1175230269625103,4413511.645732089,13759747.454444448,76.45400256332162,9.55,
2025/09/01 22:00:00,14.45,21.39,17.61,94.52,66.03,82.91,3.1147189325469853,4420731.675368018,13769863.751111107,76.50504352828283,9.52,
2025/09/01 22:15:00,14.42,21.4,17.54,94.51,66.02,82.92,3.1172577895448064,4420794.417445758,13781273.061111115,76.52575527531987,9.59,
2025/09/01 22:30:00,14.45,21.4,17.53,94.49,66.02,82.94,3.120225907273381,4420116.114591978,13792277.840000002,76.47873755574788,9.61,
2025/09/01 22:45:00,14.45,21.38,17.54,94.48,66.02,82.95,3.1211682674493417,4419691.335167455,13795121.749444447,76.46994590471381,9.62,
2025/09/01 23:00:00,14.45,21.35,17.57,94.46,66.01,82.96,3.1169188581343215,4429301.171502051,13806301.391666654,76.45218435318144,9.5,
2025/09/01 23:15:00,14.45,21.37,17.55,94.44,66.01,82.98,3.1184059022695076,4430834.897366239,13817665.998888887,76.43457765177094,9.51,
2025/09/01 23:30:00,14.46,21.36,17.58,94.43,66.01,82.99,3.1197276253708206,4429985.833475466,13820879.48999999,76.41596769886203,9.52,
2025/09/01 23:45:00,14.46,21.33,17.52,94.41,66.01,83.0,3.1207629247192124,4429545.277202541,13824087.175555551,76.39835018541251,9.52,
2025/09/02 00:00:00,14.45,21.34,17.56,94.27,65.5,82.94,3.127646833410641,4544043.785370799,14212711.528888887,76.28480406760444,9.52,
2025/09/02 00:15:00,14.44,21.33,17.54,94.24,65.47,82.95,3.128840105871408,4558437.47606706,14263170.166666668,76.2681725277813,9.52,
2025/09/02 00:30:00,14.43,21.34,17.54,94.22,65.44,82.96,3.1299566949254323,4576402.8666554,14324492.159999996,76.26036271795334,9.53,
2025/09/02 00:45:00,14.42,21.33,17.5,94.2,65.4,82.97,3.131069873481493,4555321.504990689,14263572.956111105,76.25255173069014,9.54,
2025/09/02 01:00:00,14.5,21.35,17.6,94.18,65.37,82.98,3.1318649007127997,4559176.035856542,14279278.841666665,76.15638114812657,9.47,
2025/09/02 01:15:00,14.52,21.3,17.61,94.15,65.33,82.99,3.141554254143423,4556188.08674573,14314080.476666663,76.1105151485592,9.64,
2025/09/02 01:30:00,14.48,21.29,17.49,94.13,65.3,83.0,3.1381636377433,4569548.1591565525,14340541.966666667,76.13201563676223,9.57,
2025/09/02 01:45:00,14.43,21.29,17.51,94.11,65.27,83.0,3.1378091289091747,4575972.444389429,14359083.750000004,76.16343633786516,9.58,
2025/09/02 02:00:00,14.15,21.3,17.22,93.49,65.22,83.01,3.1574494785531697,4561011.986806231,14401685.961666672,75.89054635038727,9.53,
2025/09/02 02:15:00,14.35,21.29,17.33,93.98,65.16,83.02,3.145719947899379,4596951.094705847,14461256.883333335,76.12737885445856,9.68,
2025/09/02 02:30:00,14.29,21.28,17.4,94.08,65.1,83.03,3.1338502903082985,4640283.828024166,14542502.033888893,76.27427440927298,9.57,
2025/09/02 02:45:00,14.25,21.27,17.39,94.05,65.04,83.04,3.133519171367459,4666762.196744233,14623938.999999996,76.28702782165078,9.56,
2025/09/02 03:00:00,14.3,21.26,17.37,94.02,64.98,83.05,3.1377252286799333,4686520.898926859,14705567.78166666,76.21155245422598,9.58,
2025/09/02 03:15:00,14.35,21.22,17.32,93.99,64.91,83.06,3.141932435421538,4670113.194753206,14673731.508333338,76.13607735299453,9.6,
2025/09/02 03:30:00,14.29,21.24,17.4,93.97,64.85,83.07,3.136508060619025,4696027.7941147005,14729689.748888887,76.17716830073314,9.5,
2025/09/02 03:45:00,14.26,21.22,17.37,93.94,64.79,83.07,3.138266952085185,4708649.008112714,14777559.108888878,76.18013908796489,9.53,
2025/09/02 04:00:00,14.21,21.19,17.3,93.91,64.73,83.04,3.138846042876537,4715305.028040893,14801173.322222224,76.20270935306743,9.55,
2025/09/02 04:15:00,14.16,21.18,17.23,93.89,64.67,82.93,3.1372111197708246,4704679.4215769265,14760118.98777778,76.23406330229105,9.53,
2025/09/02 04:30:00,14.15,21.16,17.22,93.86,64.61,82.83,3.1375386228299478,4693680.694023808,14727151.095555553,76.21737065969077,9.51,
2025/09/02 04:45:00,14.14,21.15,17.2,93.83,64.55,82.72,3.1378614980517052,4680117.200118395,14686103.379444445,76.20067738438767,9.49,
2025/09/02 05:00:00,14.14,21.14,17.2,93.8,64.49,82.61,3.1389752181677095,4695273.4937534705,14738894.573333334,76.17418421307904,9.48,
2025/09/02 05:15:00,14.12,21.14,17.2,93.78,64.43,82.51,3.1384117975006545,4678525.881853151,14683686.062222222,76.176123077446,9.46,
2025/09/02 05:30:00,14.01,21.11,17.12,93.75,64.37,82.4,3.1393578399543416,4642778.482010957,14575877.708333334,76.25750892475149,9.54,
2025/09/02 05:45:00,14.02,21.09,17.11,93.72,64.31,82.29,3.142084776870475,4601368.156889291,14458421.21777778,76.22122540863454,9.56,
2025/09/02 12:15:00,13.92,21.04,17.77,95.55,64.47,81.77,3.028517674136923,4136169.5941568585,12526994.39444444,77.93075226480478,9.21,
2025/09/02 12:30:00,14.47,21.06,17.51,95.04,64.99,81.98,3.0857754947908558,3987136.64840997,12303903.150000006,76.94285720078497,9.46,
2025/09/02 12:45:00,14.7,21.03,17.65,95.6,65.52,82.3,3.066637772038932,3961978.2585170656,12150460.458888888,77.20880668250463,9.5,
2025/09/02 13:00:00,14.54,21.04,17.61,95.6,65.67,82.62,3.058275102588998,4012613.7059151363,12272180.433333334,77.36588518090943,9.44,
2025/09/02 13:15:00,14.47,21.0,17.48,95.6,65.61,82.94,3.053433983709582,4108685.821309369,12546101.638888886,77.43459787887795,9.39,
2025/09/02 13:30:00,14.5,21.04,17.59,95.6,65.55,83.0,3.0498369382265875,4141547.3867215784,12631557.675,77.4051195021442,9.3,
2025/09/02 13:45:00,14.54,21.04,17.62,95.6,65.49,83.0,3.0522114610528006,4152086.658776152,12673566.791111115,77.36583575768728,9.32,
2025/09/02 14:00:00,14.59,21.14,17.7,95.6,65.43,83.0,3.054920457584976,4162153.035655543,12715566.153888883,77.3167323310129,9.34,
2025/09/02 14:15:00,14.73,21.2,17.85,95.35,65.37,83.0,3.0752043259676007,4148347.1297289594,12757555.76333333,76.95985921449564,9.39,
2025/09/02 14:30:00,14.73,21.24,17.8,95.11,65.32,83.0,3.0826231698990156,4149704.59350507,12792505.440000003,76.74905306446978,9.29,
2025/09/02 14:45:00,14.83,21.23,17.87,95.12,65.26,83.0,3.091145617203756,4151836.278052248,12834477.052222217,76.65967220891166,9.4,
2025/09/02 15:00:00,14.76,21.24,17.77,95.14,65.2,83.0,3.093037991050528,4162867.552339956,12876438.911111107,76.7460779403675,9.51,
2025/09/02 15:15:00,14.75,21.25,17.81,95.15,65.14,83.0,3.092169299927679,4177602.2532693776,12918391.016666664,76.7646819455245,9.51,
2025/09/02 15:30:00,14.82,21.26,17.87,95.17,65.08,83.0,3.093564911270539,4189339.5328187295,12960541.44,76.71351630471753,9.51,
2025/09/02 15:45:00,14.73,21.31,17.88,95.18,65.02,83.0,3.0805132106540034,4236561.841374939,13051326.395555558,76.81054948770624,9.32,
2025/09/02 16:00:00,14.85,21.34,17.86,95.2,64.97,83.0,3.0856310597704004,4258191.939230268,13139748.141666668,76.7102825166472,9.36,
2025/09/02 16:15:00,14.94,21.33,17.94,95.2,64.91,83.0,3.1008894420477517,4172897.4303637147,12940242.315000003,76.62218083484123,9.61,
2025/09/02 16:30:00,14.89,21.36,17.99,95.2,64.85,83.0,3.0949182588646384,4197470.529411451,12991380.783333335,76.6711390852153,9.52,
2025/09/02 16:45:00,14.88,21.39,17.93,95.2,64.79,83.0,3.0906856488326007,4219786.744857865,13042573.591666661,76.68087160906276,9.44,
2025/09/02 17:00:00,14.79,21.41,17.94,95.2,64.73,83.0,3.0885535592258377,4239223.666725699,13093608.604999999,76.76927194623292,9.46,
2025/09/02 17:15:00,14.86,21.4,17.96,95.2,64.67,83.0,3.0914650250738966,4251547.775230977,13144058.069999998,76.70054121316277,9.47,
2025/09/02 17:30:00,14.85,21.41,17.96,95.2,64.62,83.0,3.087152706769678,4271451.201453226,13187168.03555555,76.7102973781671,9.39,
2025/09/02 17:45:00,14.86,21.43,17.93,95.2,64.56,83.0,3.095298671289798,4276470.64408087,13237496.164444441,76.70064166399136,9.55,
2025/09/02 18:00:00,14.94,21.44,18.01,95.2,64.5,83.0,3.0942411185441947,4294208.4980720915,13287871.666666666,76.62197558900368,9.47,
2025/09/02 18:15:00,14.99,21.46,18.08,95.2,64.44,83.0,3.0904402924104666,4315732.806861049,13338079.040000001,76.57278229240355,9.36,
2025/09/02 18:30:00,14.98,21.48,18.1,95.2,64.38,83.0,3.0900961140104073,4332545.516048121,13388548.592222225,76.58260429214808,9.36,
2025/09/02 18:45:00,15.04,21.44,18.15,95.2,64.33,83.0,3.085800603740352,4352610.610953499,13431871.15722222,76.52364940670898,9.24,
2025/09/02 19:00:00,14.95,21.45,18.1,95.2,64.27,83.0,3.0875112086204037,4366577.383668332,13482431.508333337,76.61205834374651,9.33,
2025/09/02 19:15:00,14.92,21.42,18.02,95.2,64.21,83.0,3.0849159965714783,4386657.982956641,13533039.232777784,76.64151753295688,9.3,
2025/09/02 19:30:00,14.64,21.41,17.67,94.62,64.25,83.0,3.1162949257579045,4335632.366488674,13511632.291666664,76.40663291895594,9.52,
2025/09/02 19:45:00,14.83,21.44,17.93,95.39,64.34,83.0,3.0829568563477983,4363861.482736458,13454143.009999998,76.89688393926399,9.52,
2025/09/02 20:00:00,14.92,21.4,17.92,95.4,64.43,83.0,3.0790882384418587,4316058.157242306,13290067.211666664,76.81713649048756,9.39,
2025/09/02 20:15:00,14.87,21.39,17.93,95.4,64.53,83.0,3.0783931945050838,4306184.254711916,13256673.191666666,76.86626199351315,9.41,
2025/09/02 20:30:00,14.93,21.37,17.94,95.4,64.62,83.0,3.091076937806916,4285841.13242036,13248417.34333333,76.80763042104132,9.63,
2025/09/02 20:45:00,14.89,21.35,17.92,95.4,64.72,83.0,3.0815768255770513,4271532.3297459,13163601.660000002,76.84666144049912,9.46,
2025/09/02 21:00:00,14.78,21.33,17.84,95.4,64.81,83.0,3.0773087827043044,4252351.193446349,13086330.644444441,76.9546891053001,9.45,
2025/09/02 21:15:00,14.82,21.33,17.88,95.4,64.91,82.98,3.0704887550540323,4229648.2630871795,12987620.757222226,76.9153274167827,9.29,
2025/09/02 21:30:00,14.81,21.3,17.9,95.4,65.0,82.88,3.083644216810422,4165902.722208216,12846700.53333333,76.92536045702127,9.56,
2025/09/02 21:45:00,14.84,21.3,17.91,95.4,65.1,82.78,3.0846830576662363,4118382.2151887557,12704438.413333338,76.89589763398035,9.56,
2025/09/02 22:00:00,14.84,21.28,17.88,95.4,65.19,82.68,3.085154384598248,4073896.5649975664,12569127.285000006,76.89591345804834,9.57,
2025/09/02 22:15:00,14.83,21.24,17.89,95.4,65.28,82.59,3.0848056841947766,4032879.0023633707,12441177.833333334,76.90573443366956,9.57,
2025/09/02 22:30:00,14.82,21.24,17.86,95.4,65.38,82.49,3.0849283774195233,3986512.390540465,12298624.274444442,76.91557161071,9.58,
2025/09/02 22:45:00,14.78,21.22,17.84,95.4,65.47,82.39,3.0835409596217493,3944463.562209702,12163427.98,76.95485410082094,9.58,
2025/09/02 23:00:00,14.77,21.2,17.84,95.4,65.57,82.29,3.0798820828157614,3902846.801544039,12020817.062222231,76.96457418369907,9.51,
2025/09/02 23:15:00,14.81,21.18,17.82,95.4,65.66,82.19,3.076337836096804,3863378.6298454446,11885560.39,76.92519306919797,9.41,
2025/09/02 23:30:00,14.7,21.17,17.78,95.4,65.76,82.1,3.0705677886726783,3826582.7668209733,11750272.832222214,77.03320434215674,9.37,
2025/09/02 23:45:00,14.76,21.13,17.79,95.4,65.85,82.0,3.0842327667844964,3765692.1025827243,11614766.869444447,76.97454616537009,9.61,
2025/09/03 00:00:00,14.77,21.12,17.81,95.4,64.57,81.9,3.0859478469760724,4027370.120835549,12428790.055000007,76.96478260598597,9.64,
2025/09/03 05:30:00,14.44,20.88,17.95,99.76,64.55,86.55,2.8216024605902312,4312384.239210108,12168351.555555554,81.08952268439532,9.1,
2025/09/03 05:45:00,13.85,20.83,17.14,94.6,64.56,81.54,3.0872316786910936,4453943.924181008,13750888.873333335,77.16403262382303,9.47,
2025/09/03 06:00:00,13.85,20.81,16.95,94.09,64.56,81.78,3.1153644420350397,4475407.581230789,13943048.35,76.71447768403769,9.52,
2025/09/03 06:15:00,13.83,20.8,16.97,93.98,64.57,82.03,3.115951915608807,4536275.08289707,14135349.250000004,76.63698017444828,9.42,
2025/09/03 06:30:00,13.81,20.76,16.92,93.87,64.57,82.27,3.121736802484246,4596559.14232929,14349790.216666667,76.55947672802222,9.44,
2025/09/03 06:45:00,13.78,20.76,16.88,93.76,64.58,82.52,3.1271390548763183,4660962.899180605,14576025.749999998,76.49173469088387,9.46,
2025/09/03 07:00:00,13.75,20.74,16.89,93.65,64.58,82.77,3.133343302648873,4696469.22514904,14716208.203888886,76.42395761171474,9.5,
2025/09/03 07:15:00,13.75,20.73,16.85,93.54,64.59,83.01,3.1413812103631162,4793111.528860409,15057558.963333333,76.32676312658651,9.56,
2025/09/03 07:30:00,13.75,20.7,16.84,93.43,64.59,83.12,3.145381534184202,4790566.693780167,15068732.91611111,76.22947548679434,9.52,
2025/09/03 07:45:00,13.65,20.7,16.69,93.3,64.6,83.12,3.1495187554287036,4788730.554263324,15082749.73333334,76.21245406497249,9.55,
2025/09/03 08:00:00,13.65,20.69,16.71,93.17,64.61,83.11,3.152138083618211,4786601.391638494,15088586.638888888,76.09736994514353,9.45,
2025/09/03 08:15:00,13.65,20.67,16.75,93.11,64.62,83.11,3.1501408906579957,4792019.500357236,15096102.975555548,76.04429256952719,9.33,
2025/09/03 08:30:00,13.64,20.68,16.74,93.12,64.63,83.11,3.1609606614804657,4776495.787096904,15098881.746666672,76.06297346995267,9.62,
2025/09/03 08:45:00,13.66,20.67,16.73,93.13,64.65,83.1,3.161201027095161,4771835.104795181,15085296.04999999,76.05224021115257,9.62,
2025/09/03 09:00:00,13.67,20.66,16.72,93.14,64.67,83.1,3.161067227097099,4773972.008577211,15091412.667222213,76.05129999672586,9.62,
2025/09/03 09:15:00,13.67,20.66,16.72,93.15,64.68,83.1,3.1601848091827507,4732108.471308567,14954898.163333323,76.06014422150089,9.61,
2025/09/03 09:30:00,13.67,20.66,16.73,93.16,64.7,83.09,3.1596765754541423,4733135.007331184,14955737.995,76.06899724744058,9.61,
2025/09/03 09:45:00,13.68,20.66,16.72,93.17,64.72,83.09,3.159542134580821,4736222.3558995845,14964855.155555556,76.06805564202318,9.61,
2025/09/03 10:00:00,13.69,20.68,16.73,93.19,64.74,83.09,3.1588993845792563,4739987.682437196,14973703.983333338,76.07596543697827,9.61,
2025/09/03 10:15:00,13.68,20.67,16.75,93.2,64.75,83.09,3.1525254495058572,4716113.656446971,14868226.792222224,76.09454103613882,9.47,
2025/09/03 10:30:00,13.65,20.69,16.74,93.21,64.77,83.08,3.150502290504203,4713583.602868923,14850708.992777778,76.13277759914368,9.46,
2025/09/03 10:45:00,13.65,20.69,16.76,93.22,64.79,83.08,3.149580504319177,4711902.320060087,14841070.95777777,76.14162856885187,9.45,
2025/09/03 11:00:00,13.65,20.69,16.78,93.23,64.8,83.08,3.149068798009603,4712247.24042934,14839748.684444444,76.15047936999687,9.45,
2025/09/03 11:15:00,13.66,20.69,16.76,93.24,64.82,83.07,3.14851234760046,4699491.089495185,14796959.069444442,76.14953459383761,9.44,
2025/09/03 11:30:00,13.67,20.68,16.76,93.25,64.84,83.07,3.147951564177982,4685897.949177224,14751532.687222213,76.14858967621792,9.43,
2025/09/03 11:45:00,13.68,20.69,16.76,93.26,64.85,83.07,3.147387946975838,4674891.229391195,14714246.274444442,76.14764461713156,9.42,
2025/09/03 12:00:00,13.69,20.7,16.76,93.28,64.87,83.06,3.1463084735655693,4659532.280251041,14660872.202777777,76.15554833265577,9.41,
2025/09/03 12:15:00,13.69,20.72,16.73,93.29,64.89,83.06,3.1495154109848134,4614237.383330677,14533147.31,76.16440129099857,9.5,
2025/09/03 12:30:00,13.78,20.73,16.81,93.3,64.9,83.06,3.155499195696827,4661617.001006939,14710282.008888885,76.08512725235019,9.58,
2025/09/03 12:45:00,13.69,20.74,16.8,93.64,64.9,83.06,3.1300136316554257,4692166.311397564,14687087.65333333,76.47390411955928,9.46,
2025/09/03 13:00:00,13.66,20.76,16.69,93.2,64.8,83.05,3.1521985254249683,4687346.3385891225,14775980.694444442,76.11413297647724,9.48,
2025/09/03 13:15:00,13.84,20.77,16.88,93.48,64.69,83.05,3.1481447619634815,4728163.886886235,14885506.679999998,76.18553953259547,9.57,
2025/09/03 13:30:00,13.85,20.8,16.95,93.76,64.59,83.05,3.129236129019616,4775244.698877121,14943433.584444439,76.4231265523583,9.45,
2025/09/03 13:45:00,13.92,20.84,16.93,93.65,64.49,83.04,3.142407626782832,4800415.536109136,15085427.83611112,76.25740448197253,9.57,
2025/09/03 14:00:00,13.64,20.83,16.8,92.87,64.42,83.04,3.165905241020813,4878918.646987983,15446762.014444448,75.84145343770187,9.42,
2025/09/03 14:15:00,13.71,20.85,16.83,93.6,64.55,83.04,3.1344423792173473,4836230.473209591,15159436.361666676,76.41896291263978,9.5,
2025/09/03 14:30:00,13.84,20.86,16.88,93.6,64.67,83.03,3.1383419557551973,4782741.5506013725,15010430.159999998,76.2915672568898,9.48,
2025/09/03 14:45:00,13.91,20.89,17.01,93.6,64.8,83.03,3.1343236750312573,4751516.771253789,14893351.959444446,76.22297509972279,9.33,
2025/09/03 15:00:00,13.92,20.96,17.03,93.6,64.92,83.03,3.138250388619502,4710985.3040808495,14784801.771666665,76.21315380934449,9.41,
2025/09/03 15:15:00,13.95,20.97,17.05,93.6,65.05,83.03,3.139337858713101,4672156.0688787475,14668024.06666667,76.18375038493984,9.41,
2025/09/03 15:30:00,13.99,21.06,17.11,93.6,65.17,83.12,3.1412279578567315,4658171.357471908,14632920.775,76.14454490331214,9.42,
2025/09/03 15:45:00,14.03,21.12,17.17,93.6,65.3,83.26,3.143118488159921,4627378.217564937,14544937.928888895,76.10533892141044,9.43,
2025/09/03 16:00:00,14.07,21.18,17.21,93.6,65.43,83.39,3.145010931754121,4625787.97924625,14548691.568888882,76.06613243951682,9.44,
2025/09/03 16:15:00,14.24,21.19,17.3,93.6,65.55,83.52,3.158379709407382,4610023.222516526,14560756.558333332,75.89961592543945,9.61,
2025/09/03 16:30:00,14.27,21.2,17.28,93.6,65.68,83.66,3.160695545145572,4610399.016981348,14572617.192222213,75.8702479851792,9.64,
2025/09/03 16:45:00,14.28,21.27,17.37,93.6,65.8,83.79,3.161858316003366,4612454.894788741,14584482.006111119,75.86047529684336,9.66,
2025/09/03 17:00:00,14.23,21.29,17.35,93.6,65.93,83.92,3.1563818770414165,4621717.231977447,14588450.799999995,75.9093726198392,9.57,
2025/09/03 17:15:00,14.2,21.27,17.32,93.6,66.06,84.05,3.15444871349087,4640044.814066686,14637329.629999995,75.93876189334433,9.55,
2025/09/03 17:30:00,14.14,21.27,17.24,93.89,66.18,84.19,3.1414208495141795,4661476.588562993,14644192.144999992,76.25380962549217,9.65,
2025/09/03 17:45:00,14.7,21.28,17.79,95.61,66.23,84.21,3.0680470747919104,4761857.516417799,14610195.392222213,77.21763002796585,9.54,
2025/09/03 18:00:00,14.77,21.29,17.83,95.63,66.26,84.17,3.0650098413130045,4744964.491980689,14543956.789999994,77.16631410918863,9.45,
2025/09/03 18:15:00,14.81,21.32,17.78,95.65,66.29,84.12,3.0725879439347605,4708686.775101071,14468433.82722222,77.14476963681125,9.6,
2025/09/03 18:30:00,14.66,21.31,17.7,95.67,66.32,84.08,3.067792418173255,4694041.110398691,14400908.133333337,77.30969026352571,9.63,
2025/09/03 18:45:00,14.79,21.31,17.9,95.69,66.35,84.03,3.0640590066168576,4675163.3440171275,14325569.671111114,77.19931797050927,9.48,
2025/09/03 19:00:00,14.87,21.35,17.95,95.67,66.38,83.99,3.078210695530413,4631855.254916769,14258422.731666666,77.10358493404283,9.7,
2025/09/03 19:15:00,14.84,21.33,17.94,95.58,66.41,83.95,3.080908719405446,4605965.407281469,14191155.03666667,77.05406880102922,9.68,
2025/09/03 19:30:00,14.88,21.32,17.93,95.49,66.44,83.9,3.0873957192877093,4572171.6952259205,14116698.090000005,76.93584678252694,9.69,
2025/09/03 19:45:00,14.88,21.37,18.01,95.4,66.47,83.86,3.0855941252863865,4571352.372474576,14105937.144444443,76.85659720220065,9.55,
2025/09/03 20:00:00,14.85,21.35,17.92,95.31,66.5,83.81,3.0929437313169537,4552834.07490551,14082247.575000001,76.80719328312503,9.63,
2025/09/03 20:15:00,14.83,21.32,17.91,95.22,66.53,83.77,3.096900929391876,4532440.770064768,14037110.657777771,76.74780219913428,9.63,
2025/09/03 20:30:00,14.8,21.32,17.92,95.13,66.56,83.73,3.100952654794485,4511931.588769229,13991877.83277778,76.69822227716499,9.64,
2025/09/03 20:45:00,14.74,21.31,17.84,95.05,66.59,83.68,3.0974864388060595,4499718.404755061,13938393.223333335,76.6866471071075,9.52,
2025/09/03 21:00:00,14.69,21.29,17.78,94.96,66.62,83.64,3.1071661453412664,4471080.8527354095,13892961.732222218,76.65687088747455,9.67,
2025/09/03 21:15:00,14.7,21.29,17.78,94.87,66.65,83.59,3.1104145329200574,4449148.261399412,13839264.755555553,76.56784506659976,9.63,
2025/09/03 21:30:00,14.69,21.34,17.78,94.78,66.68,83.55,3.1133851137030297,4454219.7113568485,13868264.666666659,76.49845283350345,9.6,
2025/09/03 21:45:00,14.7,21.32,17.79,94.69,66.71,83.5,3.117060041241309,4398724.927762428,13711652.37444445,76.40941155981379,9.57,
2025/09/03 22:00:00,14.47,21.25,17.65,94.38,66.66,83.46,3.121767149108394,4345474.432848277,13566106.399999997,76.36209186976711,9.5,
2025/09/03 22:15:00,14.33,21.25,17.45,93.95,66.45,83.42,3.142001036569793,4369840.863504331,13730574.07333333,76.12036044954736,9.57,
2025/09/03 22:30:00,14.28,21.26,17.41,94.0,66.24,83.37,3.1384443432027482,4424788.253085179,13887479.430000005,76.21353264668014,9.59,
2025/09/03 22:45:00,14.37,21.24,17.38,94.05,66.03,83.33,3.140404208559538,4474738.46517552,14053020.666666664,76.16942103724222,9.62,
2025/09/03 23:00:00,14.32,21.24,17.45,94.1,65.83,83.28,3.1330501125192227,4534281.443453485,14206678.047222223,76.26247043996642,9.55,
2025/09/03 23:15:00,14.31,21.25,17.38,94.15,65.84,83.24,3.131396632399041,4534325.524051988,14199306.733333327,76.31640552045087,9.58,
2025/09/03 23:30:00,14.41,21.22,17.5,94.21,65.85,83.2,3.125708833816775,4500966.414946988,14069260.54722223,76.2710990897265,9.44,
2025/09/03 23:45:00,14.31,21.21,17.4,94.26,65.87,83.15,3.1244469793577543,4489566.046452213,14027946.24,76.4133510362858,9.55,
2025/09/04 00:00:00,14.28,21.21,17.41,93.8,65.96,83.11,3.1474882018996597,4416716.500181603,13902100.605555559,76.03698278378911,9.56,
2025/09/04 00:15:00,14.3,21.2,17.36,93.79,65.99,83.15,3.1491577021020825,4417013.910033017,13910406.033333339,76.00855461388973,9.57,
2025/09/04 00:30:00,14.31,21.2,17.43,93.78,66.02,83.19,3.1466253301975993,4423205.178993667,13918711.693333331,75.98984957864621,9.49,
2025/09/04 00:45:00,14.29,21.17,17.39,93.76,66.06,83.23,3.1490755898270315,4419827.101183507,13918911.05611111,75.99184072058304,9.54,
2025/09/04 01:00:00,14.27,21.18,17.37,93.75,66.09,83.28,3.1497007541318967,4424161.80152042,13935323.709999999,76.00263954935848,9.56,
2025/09/04 01:15:00,14.32,21.17,17.49,93.74,66.12,83.32,3.145511962857028,4432688.2329547815,13943630.066666657,75.94469023939416,9.41,
2025/09/04 01:30:00,14.31,21.17,17.32,93.73,66.16,83.36,3.151361746451661,4424530.665976483,13943829.777777782,75.94574003885464,9.54,
2025/09/04 01:45:00,14.33,21.21,17.42,93.71,66.19,83.41,3.1548055228458862,4424900.466456182,13960243.476666665,75.90851064028901,9.58,
2025/09/04 02:00:00,14.17,21.21,17.38,93.7,66.22,83.45,3.1473532284722427,4435731.174487308,13961348.39,76.056494344998,9.53,
2025/09/04 02:15:00,14.72,21.16,17.69,96.16,67.93,83.45,3.044183166040065,4132624.586760782,12580973.288888883,77.68013138152921,9.62,
2025/09/04 02:30:00,14.64,21.17,17.67,95.99,67.9,83.39,3.0429868203616373,4128032.4653055295,12562050.080555549,77.60960882720057,9.47,
2025/09/04 02:45:00,14.62,21.14,17.7,95.82,67.87,83.33,3.050597132160086,4111462.2344094818,12542926.464444438,77.48026273296716,9.46,
2025/09/04 03:00:00,14.54,21.11,17.61,95.66,67.84,83.27,3.060483660416871,4091927.8116734363,12523782.644999994,77.4186359980998,9.55,
2025/09/04 03:15:00,14.62,21.13,17.71,95.49,67.81,83.21,3.064187384083052,4080782.105094752,12504797.433333326,77.19077063776973,9.39,
2025/09/04 03:30:00,14.53,21.13,17.65,95.32,67.78,83.15,3.078089732225203,4056120.4602295756,12485612.858888894,77.13006604483544,9.56,
2025/09/04 03:45:00,14.56,21.1,17.63,95.2,67.74,83.09,3.08576672873651,4042438.361285881,12474534.813888896,76.99522851540758,9.57,
2025/09/04 04:00:00,14.51,21.09,17.67,95.18,67.71,83.03,3.0779879320626176,4046465.929527602,12455491.082222225,77.02659466926598,9.42,
2025/09/04 04:15:00,14.58,21.1,17.69,95.16,67.68,82.97,3.0819181757590854,4035061.518382383,12436248.91666666,76.94030570589301,9.43,
2025/09/04 04:30:00,14.56,21.09,17.68,95.15,67.65,82.91,3.080771710940315,4030311.013614719,12416986.54777777,76.95114347818298,9.41,
2025/09/04 04:45:00,14.47,21.08,17.56,95.13,67.62,82.85,3.088031452967276,4014653.9441333637,12397880.812777769,77.02213370081606,9.61,
2025/09/04 05:00:00,14.47,21.06,17.53,95.11,67.59,82.79,3.0895011639301257,4006496.754785218,12378577.68888889,77.00457410665629,9.62,
2025/09/04 05:15:00,14.47,21.09,17.57,95.1,67.56,82.73,3.0904545328554653,3999007.9302140744,12359254.361666668,76.99580256994207,9.63,
2025/09/04 05:30:00,14.48,21.06,17.6,95.08,67.53,82.67,3.0849985875842494,3999864.9966539703,12340086.623333333,76.96821537461916,9.48,
2025/09/04 05:45:00,14.46,21.05,17.55,95.06,67.5,82.61,3.0867400499171342,3991337.0647730744,12320722.54111111,76.97029714273631,9.51,
2025/09/04 06:00:00,14.61,21.03,17.73,95.05,67.47,82.55,3.0831900092352886,3989636.3595417608,12301338.255555553,76.81415404648386,9.32,
2025/09/04 06:15:00,14.48,20.98,17.56,95.03,67.44,82.49,3.0875785987336473,3977743.4680979373,12282108.513888884,76.92426719039851,9.48,
2025/09/04 06:30:00,14.37,20.98,17.49,95.01,67.4,82.43,3.0871002634943654,3974715.62926163,12270847.71,77.01470028055246,9.53,
2025/09/04 06:45:00,14.19,20.95,17.37,94.88,67.37,82.37,3.0847668390281737,3971424.2217296734,12251405.833333334,77.07696327688052,9.47,
2025/09/04 07:00:00,14.23,20.94,17.33,94.72,67.34,82.31,3.0934560777585745,3954034.575299886,12232117.571666665,76.89691907927387,9.45,
2025/09/04 07:15:00,14.38,20.93,17.42,95.36,67.31,82.25,3.071318503398044,3976188.6886993772,12212634.939999996,77.31246521232998,9.57,
2025/09/04 07:30:00,14.39,20.95,17.49,95.41,67.27,82.19,3.06346967161233,3976966.351771964,12183812.91111111,77.34642727082421,9.45,
2025/09/04 07:45:00,14.4,20.94,17.51,95.3,67.22,82.13,3.0699516831052067,3957730.861195169,12150544.174999997,77.24002232377089,9.46,
2025/09/04 08:00:00,14.51,20.96,17.54,95.19,67.16,82.07,3.0894234967675245,3922305.8699669237,12118170.423333328,77.0357175613929,9.68,
2025/09/04 08:15:00,14.26,20.95,17.45,95.08,67.1,82.01,3.079687984515931,3922118.146016463,12079391.170000007,77.18419452816657,9.53,
2025/09/04 08:30:00,14.37,20.85,17.46,94.97,67.05,81.95,3.0882377150435816,3896082.629910971,12032536.388888894,76.97951028005167,9.51,
2025/09/04 08:45:00,14.32,20.87,17.42,94.85,66.99,81.89,3.091289529727912,3879703.1643664986,11993783.144444449,76.92301441388184,9.48,
2025/09/04 09:00:00,14.29,20.86,17.34,94.74,66.93,81.83,3.0990583539514938,3857531.490547683,11955202.905555548,76.85573240963717,9.55,
2025/09/04 15:15:00,14.77,21.32,18.36,97.59,65.57,83.46,2.9524679581761037,4269972.579739593,12607526.274444444,78.87973751464561,9.25,
2025/09/04 15:30:00,14.52,21.3,17.66,95.12,65.56,81.63,3.087126014232707,4223366.08428113,13038574.841111105,76.96416606684345,9.54,
2025/09/04 15:45:00,14.52,21.26,17.58,95.01,65.56,81.66,3.0977108319679783,4210457.039993357,13043287.09444444,76.86765397918616,9.65,
2025/09/04 16:00:00,14.52,21.27,17.57,94.91,65.56,81.68,3.103277766913069,4208366.647659247,13060238.620000001,76.77974847974603,9.66,
2025/09/04 16:15:00,14.52,21.24,17.58,94.8,65.55,81.71,3.108925449621715,4219531.9620683035,13118727.50222222,76.68299754190865,9.66,
2025/09/04 16:30:00,14.51,21.25,17.61,94.69,65.55,81.74,3.114644070408214,4205419.431012735,13098905.361666664,76.59604222365947,9.67,
2025/09/04 16:45:00,14.51,21.25,17.54,94.59,65.54,81.77,3.1197848082452944,4239308.166407028,13226246.274999993,76.50802194217225,9.67,
2025/09/04 23:15:00,14.42,21.17,18.15,96.45,65.64,82.16,3.0059013446622354,4211402.1914771935,12659634.851111107,78.22841316284543,9.35,
2025/09/04 23:30:00,14.45,21.11,17.55,95.22,65.89,81.92,3.0767447046543244,4154353.9893399207,12782396.806666669,77.12068199368876,9.48,
2025/09/04 23:45:00,14.4,21.09,17.51,95.02,66.15,82.28,3.089445393312835,4160538.960176738,12854271.209999995,76.99409654347491,9.57,
2025/09/05 00:00:00,14.36,21.11,17.5,94.9,65.58,82.2,3.0950882769344523,4278053.799872552,13241479.93666667,76.92786017988068,9.59,
2025/09/05 00:15:00,14.28,21.09,17.33,94.73,65.62,82.41,3.100980983462977,4333911.6173509965,13439891.299999991,76.85679238826626,9.59,
2025/09/05 00:30:00,14.58,21.04,17.49,94.86,65.65,82.61,3.1035544145812786,4377007.862061477,13584832.799999993,76.67672648394141,9.56,
2025/09/05 00:45:00,14.31,21.05,17.47,94.66,65.68,82.82,3.102536681747349,4427865.16783658,13738166.114444433,76.76566606976002,9.52,
2025/09/05 01:00:00,13.82,21.0,17.0,93.44,65.41,83.03,3.148254625858113,4488769.925995054,14132309.925555559,76.16974512165808,9.54,
2025/09/05 01:15:00,14.35,21.01,17.36,95.1,65.46,83.06,3.084048651960029,4579990.307091776,14125464.711111117,77.11350577081183,9.58,
2025/09/05 01:30:00,14.39,21.06,17.49,95.1,65.56,83.07,3.081790122570494,4562940.015008636,14062584.506666657,77.0741534684344,9.5,
2025/09/05 01:45:00,14.39,21.01,17.51,95.1,65.66,83.08,3.075566751282905,4551694.470579739,13999608.162222225,77.07407902071309,9.37,
2025/09/05 02:00:00,14.36,21.0,17.45,95.1,65.75,83.09,3.076006632402911,4529883.9920467585,13934510.700000001,77.10353527551611,9.4,
2025/09/05 02:15:00,14.32,20.98,17.43,95.1,65.85,83.1,3.0760767946030327,4502493.307510682,13850569.333333332,77.14281000175816,9.43,
2025/09/05 02:30:00,14.42,20.93,17.47,95.1,65.95,83.11,3.0904361596089944,4454381.2617241,13766549.939999998,77.04495074418436,9.67,
2025/09/05 02:45:00,14.39,20.93,17.49,95.1,66.04,83.13,3.0827106430470974,4443530.148731981,13698685.085555546,77.07417334771354,9.52,
2025/09/05 03:00:00,14.33,20.92,17.52,95.1,66.14,83.14,3.072524596359589,4431634.056742573,13616872.5,77.1329717273146,9.35,
2025/09/05 03:15:00,14.36,20.91,17.4,95.1,66.24,83.15,3.0807494565132476,4394114.470643673,13537714.795000007,77.10359931112784,9.5,
2025/09/05 03:30:00,14.39,20.92,17.41,95.1,66.33,83.16,3.0817880270776112,4369506.257609645,13466438.479999997,77.07415346843418,9.5,
2025/09/05 03:45:00,14.45,20.9,17.41,95.1,66.43,83.17,3.08339855567513,4341410.3152597295,13386845.009999994,77.01524997971221,9.49,
2025/09/05 04:00:00,14.41,20.9,17.51,95.1,66.53,83.18,3.0874668711712108,4308554.565142218,13303079.900000004,77.05466097581777,9.61,
2025/09/05 04:15:00,14.37,20.92,17.44,95.1,66.63,83.19,3.0838410672109235,4286442.839170911,13219250.000000002,77.0938498880111,9.56,
2025/09/05 04:30:00,14.38,20.92,17.41,95.1,66.72,83.2,3.0837373439317517,4262033.320668431,13143525.120000001,77.08402250174595,9.55,
2025/09/05 04:45:00,14.29,20.9,17.45,95.1,66.82,83.21,3.0801560329287967,4239914.676234318,13060137.487222223,77.17234303000473,9.54,
2025/09/05 05:00:00,14.19,20.83,17.27,95.11,66.83,83.22,3.073442813890745,4232402.229808617,13008564.53111111,77.27921872458484,9.48,
2025/09/05 05:15:00,14.26,20.84,17.32,95.13,66.71,83.24,3.0676026325566554,4043438.0838831114,12404159.753333334,77.22804759389793,9.33,
2025/09/05 05:30:00,14.38,20.84,17.43,95.15,66.59,83.25,3.07886705651397,4063463.005270223,12511384.18444444,77.12791025280512,9.5,
2025/09/05 05:45:00,14.35,20.81,17.41,95.17,66.47,83.26,3.075868872610394,4102331.088009147,12618759.560000004,77.17491439802913,9.48,
2025/09/05 06:00:00,14.33,20.81,17.41,95.18,66.35,83.27,3.0741964619094033,4139538.547227414,12726285.879999999,77.20332489925606,9.47,
2025/09/05 06:15:00,14.23,20.8,17.31,95.2,66.23,83.28,3.0664084711254174,4185235.394098985,12834161.113888886,77.3190162966339,9.4,
2025/09/05 06:30:00,14.28,20.81,17.34,95.22,66.11,83.29,3.0694828452753233,4216170.4301193105,12941990.832222225,77.28753528836543,9.45,
2025/09/05 06:45:00,14.29,20.81,17.4,95.24,66.0,83.3,3.0614266459017303,4260070.432785486,13042432.516666664,77.29526094068464,9.3,
2025/09/05 07:00:00,14.23,20.8,17.31,95.26,65.88,83.31,3.062839605272669,4293410.125757464,13150558.318333339,77.37172998907353,9.39,
2025/09/05 07:15:00,14.19,20.73,17.27,95.28,65.76,83.32,3.061420888993705,4330765.079474754,13258835.064444438,77.4285682850554,9.41,
2025/09/05 07:30:00,14.13,20.71,17.19,95.3,65.64,83.33,3.0612046108364366,4366559.702166491,13367468.155555554,77.50505817521446,9.47,
2025/09/05 07:45:00,14.13,20.67,17.23,95.31,65.52,83.35,3.055417668365857,4412836.790535511,13483610.616666663,77.51380474061199,9.36,
2025/09/05 08:00:00,14.1,20.69,17.18,95.33,65.4,83.36,3.0591171061557434,4443047.315578526,13592347.511111103,77.56086220759366,9.48,
2025/09/05 08:15:00,14.14,20.68,17.21,95.35,65.29,83.37,3.0551707102051338,4481944.847640198,13693661.422222221,77.5391281848653,9.39,
2025/09/05 08:30:00,14.07,20.66,17.14,95.37,65.17,83.38,3.0537055175136643,4519801.744890919,13802694.399999995,77.6254132534624,9.43,
2025/09/05 08:45:00,14.13,20.66,17.27,95.39,65.05,83.39,3.0467911901325038,4565956.707675248,13912091.270000001,77.58408834918669,9.27,
2025/09/05 09:00:00,14.13,20.65,17.3,95.19,64.93,83.37,3.0581007401185927,4577372.082794944,13998653.26444444,77.40838311925683,9.29,
2025/09/05 09:15:00,14.14,20.68,17.25,94.68,64.81,83.27,3.086215920121028,4493507.987275598,13868512.912222216,76.94999682130235,9.32,
2025/09/05 09:30:00,13.73,20.66,16.9,93.47,64.83,83.18,3.136731776147477,4405133.223913258,13818258.513888894,76.28443433621057,9.38,
2025/09/05 09:45:00,13.99,20.69,16.97,94.37,65.07,83.09,3.1016429744935294,4373571.106663302,13565780.360000007,76.82407632090981,9.42,
2025/09/05 10:00:00,14.07,20.67,17.18,95.19,65.31,83.0,3.0600298399957535,4350581.836327206,13313447.809444442,77.4672566880181,9.37,
2025/09/05 10:15:00,14.02,20.62,17.07,95.13,65.55,82.91,3.0656577593047745,4260338.893741353,13061260.86222222,77.4636111494135,9.46,
2025/09/05 10:30:00,14.03,20.63,17.02,95.06,65.79,82.81,3.0727522087014516,4170280.1827362883,12814740.949999996,77.39230712857884,9.53,
2025/09/05 10:45:00,14.05,20.64,17.1,95.0,66.03,82.72,3.0728594819116006,4096402.9073093077,12588174.73222222,77.31986827669972,9.45,
2025/09/05 11:00:00,13.96,20.65,17.06,94.94,66.27,82.63,3.072364600018695,4022981.0331584685,12360552.599999998,77.35539410502278,9.44,
2025/09/05 11:15:00,14.01,20.65,17.1,94.88,66.52,82.54,3.0674951991838943,3952477.839484607,12124689.830000008,77.25359529150334,9.24,
2025/09/05 11:30:00,14.05,20.67,17.14,94.81,66.76,82.44,3.071957507642866,3869075.977498071,11886114.239999995,77.1527645709083,9.23,
2025/09/05 11:45:00,14.23,20.68,17.34,95.15,67.0,82.35,3.062523427562818,3800820.6582076782,11640594.04444444,77.27508631976094,9.27,
2025/09/05 12:00:00,14.22,20.71,17.32,95.65,66.24,82.26,3.050579916040713,3979692.600366582,12140872.700000007,77.72407967656946,9.56,
2025/09/05 12:15:00,14.11,20.71,17.21,94.64,65.01,82.28,3.0915221741013146,4230743.730940228,13079972.748333327,76.94421214032822,9.41,
2025/09/05 12:30:00,14.13,20.7,17.25,94.82,65.34,82.33,3.07865302615202,4176920.1332645062,12859817.837777775,77.08302101256697,9.32,
2025/09/05 12:45:00,14.15,20.72,17.29,94.99,65.67,82.38,3.0705773306995785,4116233.5840802686,12639735.496666662,77.21293143415286,9.32,
2025/09/05 13:00:00,14.18,20.72,17.21,95.16,66.0,82.42,3.068192007013424,4030236.5196698294,12366037.92111111,77.33295034352881,9.43,
2025/09/05 13:15:00,14.2,20.73,17.29,95.34,66.33,82.47,3.053743702290913,3982216.2637050264,12161164.51,77.47144840263438,9.31,
2025/09/05 13:30:00,14.2,20.7,17.27,95.51,66.65,82.52,3.046003979168615,3927907.9315633085,11964911.41999999,77.62071336789437,9.33,
2025/09/05 13:45:00,14.25,20.69,17.31,95.69,66.98,82.57,3.048167645406677,3858121.5942654675,11760688.927777767,77.72968413373115,9.53,
2025/09/05 14:00:00,14.24,20.67,17.27,95.86,67.31,82.62,3.040099910457423,3801165.4591756826,11556397.117222223,77.88861959106272,9.55,
2025/09/05 14:15:00,14.29,20.64,17.32,96.04,67.64,82.67,3.0263007853424577,3750908.6431890605,11351851.72,77.99716902083955,9.42,
2025/09/05 14:30:00,14.47,20.63,17.33,96.21,67.97,82.71,3.0193755328936676,3689126.393812037,11139324.264444442,77.96922467553745,9.34,
2025/09/05 14:45:00,14.55,20.63,17.64,97.4,68.7,82.76,2.9643908510226287,3586343.257586497,10631800.972222222,78.93052775369132,9.41,
2025/09/05 15:00:00,16.21,20.65,18.41,98.0,70.36,82.81,2.9841003503995656,3146317.929373457,9389497.425000004,77.81936600994888,9.4,
2025/09/05 15:15:00,16.36,20.62,18.64,97.68,71.37,82.86,2.9992779772224796,2899533.090615836,8697106.549999995,77.39312832140662,9.29,
2025/09/05 15:30:00,15.32,20.64,18.2,97.36,68.46,82.71,2.982040932694173,3615640.9977888623,10782588.666666666,78.13818180917082,9.26,
2025/09/05 15:45:00,14.22,20.65,17.34,95.12,67.14,82.14,3.063734839521184,3703250.5537042595,11346261.666666666,77.25853550765859,9.27,
2025/09/05 16:00:00,14.23,20.7,17.28,95.16,66.37,82.15,3.073179921981982,3882539.211923032,11932236.36,77.28392379875238,9.5,
2025/09/05 16:15:00,14.23,20.71,17.36,95.2,66.23,82.17,3.0668854742031004,3928685.0184210986,12049335.576666664,77.3190196001038,9.41,
2025/09/05 16:30:00,14.29,20.72,17.35,95.25,66.09,82.2,3.066361573427535,3969921.8537266846,12173726.455,77.3040560692244,9.41,
2025/09/05 16:45:00,14.31,20.76,17.4,95.29,65.95,82.23,3.0649841205390795,4012260.0809825556,12298030.482222222,77.31956123734432,9.41,
2025/09/05 17:00:00,14.47,20.78,17.51,95.34,65.81,82.25,3.068339735759417,4045888.0082868906,12414696.139999997,77.20640091269709,9.42,
2025/09/05 17:15:00,14.49,20.81,17.52,95.38,65.68,82.28,3.0664634689304338,4086382.153268826,12531280.055555552,77.2218807914647,9.41,
2025/09/05 17:30:00,14.51,20.85,17.54,95.42,65.54,82.3,3.065075857295288,4126304.7253028387,12647976.831111103,77.23735987974725,9.41,
2025/09/05 17:45:00,14.42,20.85,17.49,95.47,65.4,82.33,3.0628401384211235,4169856.2931829784,12772139.667222217,77.36966957796842,9.48,
2025/09/05 18:00:00,14.18,20.87,17.38,94.43,65.29,82.36,3.10291002264083,4148706.8231500005,12873594.653333327,76.69058427467309,9.37,
2025/09/05 18:15:00,14.55,20.9,17.46,95.33,65.45,82.38,3.0749809622173085,4150710.821323526,12763883.470555548,77.11912781063735,9.49,
2025/09/05 18:30:00,14.53,20.92,17.7,95.44,65.61,82.41,3.067650110976835,4127335.4623188837,12661777.33333333,77.23532096242914,9.47,
2025/09/05 18:45:00,14.64,20.94,17.65,95.56,65.77,82.43,3.0690402524617335,4089767.212105397,12552200.258888897,77.23270550949506,9.55,
2025/09/05 19:00:00,14.62,20.97,17.67,95.67,65.92,82.46,3.06125871619242,4069376.708558141,12457947.29666666,77.34880163923759,9.52,
2025/09/05 19:15:00,14.6,20.92,17.62,95.78,66.08,82.49,3.0553907871181436,4043837.33274405,12356029.839999998,77.46491787097054,9.53,
2025/09/05 19:30:00,14.67,20.9,17.69,95.9,66.24,82.51,3.046627025630399,4019564.7018682645,12246648.645000005,77.50124015136034,9.43,
2025/09/05 19:45:00,14.64,20.93,17.74,95.99,66.4,82.54,3.0404621586986966,3994237.8198516844,12144860.419999998,77.60956478470835,9.42,
2025/09/05 20:00:00,14.57,20.89,17.66,95.91,66.56,82.56,3.0472037909697716,3949552.533377098,12035613.333333332,77.6083268224915,9.52,
2025/09/05 20:15:00,14.53,20.92,17.63,95.84,66.64,82.59,3.045049913041718,3938721.2625690717,11994112.9,77.58617114927225,9.43,
2025/09/05 20:30:00,14.51,20.93,17.58,95.76,66.56,82.62,3.050968059654927,3956911.0670156954,12072914.956666667,77.53571699685516,9.48,
2025/09/05 20:45:00,14.57,20.93,17.65,95.68,66.48,82.64,3.049575654859906,3982133.339928528,12144336.06222222,77.4065462400373,9.33,
2025/09/05 21:00:00,14.51,20.93,17.58,95.6,66.4,82.67,3.0567651680197607,3998576.7206862327,12223223.460555553,77.39533917546412,9.43,
2025/09/05 21:15:00,14.43,20.94,17.58,95.53,66.32,82.7,3.0546947283824886,4027779.595381992,12304151.860000007,77.4124469346608,9.37,
2025/09/05 21:30:00,14.36,20.95,17.45,95.45,66.24,82.72,3.05991104448973,4044842.06288282,12377355.271111114,77.41099121465915,9.44,
2025/09/05 21:45:00,14.27,20.95,17.36,95.37,66.16,82.75,3.0595197830952143,4071735.686381782,12458044.830000002,77.4290895713596,9.41,
2025/09/05 22:00:00,14.33,20.95,17.39,95.29,66.08,82.77,3.066640016372057,4086197.4906056775,12531394.424999999,77.29993766131547,9.43,
2025/09/05 22:15:00,14.26,20.92,17.36,95.22,66.0,82.8,3.0673699353583417,4111513.948580499,12612035.333333332,77.30715067196103,9.42,
2025/09/05 22:30:00,14.31,20.93,17.38,95.14,65.92,82.83,3.0727139271816912,4130661.149071497,12692847.041111108,77.187771415312,9.41,
2025/09/05 22:45:00,14.29,20.91,17.37,95.06,65.83,82.85,3.075666943574894,4152896.261599524,12773438.137777776,77.13708253430869,9.4,
2025/09/05 23:00:00,14.22,20.88,17.34,94.98,65.75,82.88,3.0783329683174143,4175534.7582622864,12854202.58833333,77.1354514496322,9.42,
2025/09/05 23:15:00,14.17,20.86,17.34,94.91,65.67,82.9,3.080204267054224,4196708.195059158,12927241.12166667,77.12295307128012,9.42,
2025/09/05 23:30:00,14.14,20.84,17.23,94.83,65.59,82.93,3.083745046214157,4218002.522194103,13007758.023333337,77.08201451688585,9.43,
2025/09/05 23:45:00,14.13,20.84,17.24,94.75,65.51,82.94,3.0879663326733313,4233508.651689316,13073450.903333329,77.02143095483558,9.44,
2025/09/06 00:00:00,14.12,20.82,17.21,94.77,66.11,82.94,3.087513241265022,4091098.672103258,12631821.014999999,77.04885288245879,9.46,
2025/09/06 00:15:00,14.25,20.81,17.28,94.7,66.08,82.94,3.0923678180109784,4094928.4680632837,12663538.506666666,76.85967123386143,9.39,
2025/09/06 00:30:00,14.11,20.79,17.2,94.67,66.04,82.94,3.0931951064280128,4106530.007232202,12702805.194444437,76.9706534113309,9.48,
2025/09/06 00:45:00,13.94,20.77,17.09,94.65,66.0,82.93,3.0818246625193,4132064.2074156413,12734790.206111116,77.11978282835713,9.34,
2025/09/06 01:00:00,13.9,20.73,16.99,94.62,65.97,82.93,3.084325225867406,4139033.368720929,12766611.733333338,77.13259275125628,9.39,
2025/09/06 01:15:00,14.07,20.73,17.04,94.6,65.93,82.93,3.0844960361416454,4151570.9312153896,12805998.944444446,76.94827149367023,9.25,
2025/09/06 01:30:00,14.13,20.69,17.22,94.63,65.89,82.92,3.0874764952286182,4157882.053252013,12837891.415555555,76.91579575662519,9.3,
2025/09/06 01:45:00,14.09,20.72,17.25,94.65,65.86,82.92,3.0830907113414163,4174215.8759393985,12870014.71555556,76.97266818468452,9.26,
2025/09/06 02:00:00,14.15,20.68,17.19,94.68,65.82,82.91,3.0971963966526608,4165522.9486742187,12901973.021666668,76.94027426346489,9.55,
2025/09/06 02:15:00,13.97,20.66,17.08,94.79,65.78,82.91,3.075195012326901,4208190.292602155,12941518.956666661,77.21359937538071,9.33,
2025/09/06 02:30:00,14.05,20.61,17.06,95.09,65.75,82.91,3.062531071077472,4236049.302144845,12973548.206666663,77.39898836728794,9.33,
2025/09/06 02:45:00,13.96,20.6,17.1,95.05,65.72,82.9,3.0585664270282447,4249612.108731666,12998243.878888892,77.4521591528011,9.27,
2025/09/06 03:00:00,13.92,20.61,17.04,95.01,65.68,82.9,3.061732388534609,4258174.18737135,13037904.879999997,77.45620848001387,9.32,
2025/09/06 03:15:00,13.97,20.59,16.96,94.97,65.65,82.9,3.070716693264459,4256179.914726299,13070032.708333332,77.37196837046164,9.43,
2025/09/06 03:30:00,13.97,20.52,16.97,94.92,65.62,82.89,3.0690115638231146,4266549.242999185,13094610.992222218,77.32798313294043,9.34,
2025/09/06 03:45:00,13.9,20.5,16.99,94.88,65.58,82.89,3.063765646034352,4286900.780517667,13134587.583333334,77.36152121405607,9.24,
2025/09/06 04:00:00,13.94,20.49,16.98,94.84,65.55,82.89,3.0671772893059575,4292638.58428226,13166813.990000004,77.28708115090285,9.24,
2025/09/06 04:15:00,13.9,20.54,17.02,94.8,65.52,82.88,3.067875485428824,4299700.017495399,13191474.364444444,77.29112312289826,9.24,
2025/09/06 04:30:00,13.91,20.49,16.99,94.76,65.48,82.88,3.070768273520935,4308704.016222264,13231567.066666659,77.24609882388867,9.25,
2025/09/06 04:45:00,13.85,20.47,16.96,94.71,65.45,82.88,3.07129112643646,4318495.421640528,13263892.05166666,77.26094169743217,9.25,
2025/09/06 05:00:00,13.87,20.4,16.91,94.67,65.42,82.87,3.0740266957834415,4325533.809974684,13297346.91388889,77.20610516869169,9.25,
2025/09/06 05:15:00,13.78,20.39,16.86,94.63,65.39,82.87,3.07590467888176,4272064.59185055,13140992.040000001,77.25911686314069,9.31,
2025/09/06 05:30:00,13.67,20.37,16.82,94.59,65.35,82.86,3.0741683219276554,4291866.861213063,13194448.434444446,77.33176234653583,9.31,
2025/09/06 05:45:00,13.61,20.37,16.69,94.54,65.32,82.86,3.075126323821291,4299145.071753485,13220924.090000004,77.34654211767231,9.32,
2025/09/06 06:00:00,13.67,20.34,16.76,94.5,65.29,82.86,3.0768577187152424,4305329.837371219,13247412.982222216,77.25249822261266,9.27,
2025/09/06 06:15:00,13.76,20.33,16.85,94.42,65.25,82.85,3.085951305129729,4301225.001816309,13273915.111111106,77.09371619859256,9.31,
2025/09/06 06:30:00,13.66,20.31,16.79,94.34,65.22,82.85,3.0897894008121267,4304398.772044793,13300225.772777773,77.12121769404146,9.38,
2025/09/06 06:45:00,13.63,20.29,16.65,94.27,65.19,82.85,3.0932010001978085,4308232.757830181,13326754.026666665,77.08889962429521,9.4,
2025/09/06 07:00:00,13.6,20.27,16.68,94.21,65.15,82.84,3.0901921300013724,4321014.103002088,13353295.51722222,77.06544229742971,9.29,
2025/09/06 07:15:00,13.53,20.28,16.57,94.16,65.12,82.84,3.0926003817643406,4326240.844891085,13379850.244444445,77.08991547709653,9.34,
2025/09/06 07:30:00,13.48,20.23,16.57,94.12,65.09,82.84,3.0892103573631995,4339586.25933447,13406418.208333334,77.10369358626521,9.26,
2025/09/06 07:45:00,13.46,20.22,16.51,94.07,65.05,82.86,3.093821040439056,4349038.039016438,13455664.762222221,77.07911552811711,9.32,
2025/09/06 08:00:00,13.43,20.19,16.51,94.03,65.02,82.88,3.094801892605882,4361136.985275818,13497380.465555554,77.0732087602662,9.32,
2025/09/06 08:15:00,13.4,20.18,16.46,93.98,64.99,82.9,3.096738403966571,4371888.922882846,13539118.230000006,77.05845773683924,9.33,
2025/09/06 08:30:00,13.33,20.17,16.46,93.94,64.95,82.93,3.0967505348324944,4390239.337320565,13596001.52777778,77.09172096153274,9.34,
2025/09/06 08:45:00,13.28,20.14,16.39,93.89,64.92,82.95,3.094848518956131,4406440.806583374,13637787.826666666,77.0966052132766,9.28,
2025/09/06 09:00:00,13.28,20.13,16.38,93.85,64.89,82.97,3.0973275253521018,4416411.515599746,13679596.186666662,77.06126031829544,9.29,
2025/09/06 09:15:00,13.22,20.14,16.36,93.8,64.86,82.99,3.0986429029777978,4428037.059978491,13721426.607777772,77.0758456987933,9.31,
2025/09/06 09:30:00,13.15,20.13,16.21,93.76,64.82,83.02,3.098642554686785,4446367.783886207,13778208.88888889,77.1090586894023,9.32,
2025/09/06 09:45:00,13.22,20.1,16.28,93.71,64.79,83.04,3.0996086362630604,4458487.96038039,13820087.263888886,76.99640411554535,9.23,
2025/09/06 10:00:00,13.29,20.09,16.34,93.61,64.76,83.06,3.1133448808959834,4452270.460598818,13861987.699999997,76.83928887907868,9.37,
2025/09/06 10:15:00,13.29,20.12,16.33,93.49,64.63,83.09,3.119846482605959,4483144.580731242,13987257.887777783,76.73316218717505,9.38,
2025/09/06 10:30:00,13.29,20.11,16.35,93.36,64.0,83.11,3.1264321780240865,4632572.15555536,14483982.846666666,76.61814818499388,9.38,
2025/09/06 10:45:00,13.25,20.13,16.39,93.24,63.37,83.13,3.127676201353892,4789629.9921298195,14980994.599999998,76.55117319061299,9.3,
2025/09/06 11:00:00,12.82,20.13,15.9,92.62,64.33,83.15,3.1430836091579897,4524980.098264465,14222883.558888894,76.42248466585608,9.29,
2025/09/06 11:15:00,13.42,20.14,16.41,94.43,64.84,83.16,3.0718446679141036,4478092.678694432,13756527.693333328,77.4359172501981,9.27,
2025/09/06 11:30:00,13.45,20.14,16.52,94.48,64.88,83.16,3.0740409005004787,4463874.692988916,13722671.086666664,77.45052089807545,9.35,
2025/09/06 11:45:00,13.52,20.17,16.62,94.52,64.92,83.17,3.0716391738779905,4458857.478846543,13696547.944444446,77.41718503424481,9.29,
2025/09/06 12:00:00,13.54,20.18,16.6,94.57,64.96,83.17,3.070255648894247,4449851.551327009,13662722.223333338,77.44162420886417,9.3,
2025/09/06 12:15:00,13.59,20.25,16.65,94.62,65.0,83.17,3.0698985564969528,4439426.250074228,13629124.196111113,77.43663779678806,9.31,
2025/09/06 12:30:00,13.66,20.24,16.68,94.66,65.03,83.18,3.078876894899567,4420373.383236181,13610329.058333335,77.40321253434749,9.5,
2025/09/06 12:45:00,13.71,20.28,16.72,94.71,65.07,83.18,3.078088698969792,4410599.698059028,13576759.130000008,77.39821338687662,9.5,
2025/09/06 13:00:00,13.72,20.3,16.75,94.76,65.11,83.18,3.075906721073644,4402751.693511961,13542995.180000007,77.43242947261186,9.5,
2025/09/06 13:15:00,13.73,20.35,16.77,94.8,65.15,83.19,3.074231287352746,4449688.3955884,13679913.402222218,77.45783491142392,9.5,
2025/09/06 13:30:00,13.73,20.36,16.77,94.85,65.19,83.19,3.067660545493593,4446744.158664124,13641639.0,77.50181831285785,9.41,
2025/09/06 13:45:00,13.81,20.41,16.9,94.9,65.23,83.19,3.061673227873766,4442947.486003699,13603399.89555555,77.4673839319396,9.28,
2025/09/06 14:00:00,13.82,20.41,16.87,94.95,65.26,83.2,3.0579724322342963,4440852.365716939,13580544.119999997,77.50158441380285,9.25,
2025/09/06 14:15:00,13.82,20.46,16.88,94.99,65.3,83.2,3.0626959535504756,4421539.983763828,13542366.322222225,77.53671412884506,9.39,
2025/09/06 14:30:00,13.83,20.46,16.91,95.0,65.34,83.2,3.056743800617291,4417738.913219511,13504431.196666667,77.53574041611857,9.27,
2025/09/06 14:45:00,13.96,20.49,17.12,95.0,65.38,83.21,3.0650495690792505,4395587.82834027,13473259.31111111,77.40815972966291,9.35,
2025/09/06 15:00:00,14.08,20.51,17.08,95.0,65.42,83.21,3.072487105492669,4367717.864297795,13420311.483333325,77.29042033346376,9.42,
2025/09/06 15:15:00,14.06,20.54,17.15,95.0,65.45,83.21,3.0717988837895422,4353943.135080437,13374996.799999991,77.31004494743337,9.42,
2025/09/06 15:30:00,14.11,20.58,17.23,95.0,65.49,83.22,3.067209072003246,4345708.35421177,13329758.750000004,77.26098810362625,9.29,
2025/09/06 15:45:00,14.14,20.57,17.24,95.0,65.53,83.22,3.072158055961198,4321563.706979012,13277091.911111107,77.23153443886461,9.37,
2025/09/06 16:00:00,14.23,20.61,17.26,95.0,65.57,83.22,3.0790568804078573,4301199.805518522,13244201.116666673,77.14323847876433,9.45,
2025/09/06 16:15:00,14.1,20.66,17.28,95.0,65.61,83.23,3.0712717998263854,4306174.282657839,13225986.070000002,77.27078721139227,9.38,
2025/09/06 16:30:00,14.08,20.65,17.1,95.01,65.65,83.23,3.0756750921561475,4291649.593179938,13200247.719999999,77.29925659663154,9.5,
2025/09/06 16:45:00,14.05,20.69,17.17,95.02,65.68,83.23,3.069493537798178,4294347.149006353,13182000.974999998,77.33744019673664,9.4,
2025/09/06 17:00:00,13.94,20.67,17.06,95.03,65.7,83.23,3.0656939170163153,4296234.8769934755,13171456.692777775,77.45416659954287,9.41,
2025/09/06 17:15:00,14.01,20.71,17.08,95.04,65.72,83.24,3.068981676494105,4290576.795318747,13168214.986666663,77.39428692044838,9.44,
2025/09/06 17:30:00,13.96,20.71,17.05,95.06,65.73,83.24,3.067172054390975,4292051.28728347,13164968.403888881,77.46094048256546,9.46,
2025/09/06 17:45:00,14.0,20.69,17.04,95.07,65.75,83.24,3.068494356924884,4286690.6354848845,13154195.963333327,77.43049157034272,9.47,
2025/09/06 18:00:00,14.0,20.69,17.05,95.08,65.76,83.25,3.0684423971732704,4288284.918918493,13158866.764999995,77.4392897439069,9.48,
2025/09/06 18:15:00,13.97,20.72,17.05,95.09,65.78,83.25,3.0673591570358467,4288003.361245897,13153353.228888888,77.4775235724841,9.49,
2025/09/06 18:30:00,14.16,20.73,17.23,95.1,65.8,83.25,3.06722218075783,4286382.226136498,13147817.86388889,77.2998258749129,9.36,
2025/09/06 18:45:00,14.25,20.71,17.3,95.1,65.81,83.26,3.074613474486788,4279169.799530857,13157340.716666667,77.2115245362732,9.45,
2025/09/06 19:00:00,14.25,20.72,17.35,95.1,65.83,83.26,3.0683073479647676,4286148.335081346,13151772.608333338,77.21149636427731,9.32,
2025/09/06 19:15:00,14.24,20.72,17.35,95.1,65.85,83.24,3.0689602967939504,4278494.357401247,13131080.795555556,77.22130957716179,9.34,
2025/09/06 19:30:00,14.26,20.69,17.33,95.1,65.86,83.23,3.068646975159915,4277098.481343954,13125458.115000002,77.20168115978014,9.32,
2025/09/06 19:45:00,14.19,20.7,17.2,95.2,65.88,83.22,3.0733801519443134,4266286.9785952475,13112453.090000002,77.358418154621,9.58,
2025/09/06 20:00:00,14.26,20.71,17.39,95.3,65.89,83.21,3.0608140782313185,4281940.743353073,13106781.062222216,77.37741561534402,9.37,
2025/09/06 20:15:00,14.23,20.7,17.33,95.39,65.91,83.2,3.059053673724553,4280071.045351959,13093514.322777782,77.48593892626464,9.45,
2025/09/06 20:30:00,14.2,20.67,17.26,95.49,65.93,83.18,3.057134472553763,4275931.315202439,13072636.499999998,77.60326655624401,9.54,
2025/09/06 20:45:00,14.29,20.65,17.27,95.59,65.94,83.17,3.0498642834203182,4284236.7076455075,13066882.61388889,77.60258919094102,9.43,
2025/09/06 21:00:00,14.23,20.65,17.35,95.69,65.96,83.16,3.0422335157117484,4249690.305382721,12929097.62222222,77.74923315066486,9.42,
2025/09/06 21:15:00,14.28,20.63,17.36,95.79,65.97,83.15,3.033228411875694,4268003.2453304045,12946379.367777783,77.78782404275356,9.31,
2025/09/06 21:30:00,14.36,20.63,17.48,95.89,65.99,83.14,3.0363047508852454,4266784.9043426905,12955832.20555556,77.79696109965114,9.42,
2025/09/06 21:45:00,14.33,20.6,17.36,95.99,66.01,83.12,3.029180478700239,4277474.84304024,12957798.43111111,77.91405982658118,9.4,
2025/09/06 22:00:00,14.36,20.59,17.4,96.08,66.02,83.11,3.018264523381534,4298509.355632901,12974599.825000003,77.96343566530847,9.26,
2025/09/06 22:15:00,14.3,20.56,17.35,95.73,66.04,83.1,3.0364612169976386,4253441.465721025,12915970.564444436,77.71556495270626,9.3,
2025/09/06 22:30:00,14.12,20.58,17.17,95.29,66.06,83.09,3.056594296196676,4204677.655305143,12852523.97,77.50605115459751,9.37,
2025/09/06 22:45:00,14.12,20.65,17.21,94.85,66.07,83.07,3.0847786048231463,4145740.205983463,12789220.88888889,77.1192664864239,9.49,
2025/09/06 23:00:00,13.93,20.55,17.04,94.42,66.0,83.06,3.092800790033795,4161688.1882890444,12871797.485555558,76.92699273131478,9.33,
2025/09/06 23:15:00,13.84,20.54,16.9,94.48,65.88,83.05,3.0903018682868697,4203333.582035508,12990079.874444444,77.0681134955502,9.41,
2025/09/06 23:30:00,13.84,20.54,16.95,94.56,65.75,83.04,3.080112889456813,4249317.685827952,13088896.932222225,77.13863344643121,9.28,
2025/09/06 23:45:00,13.86,20.54,16.98,94.64,65.63,83.03,3.0776634038302544,4282314.432961853,13180048.56666667,77.1894638167707,9.3,
2025/09/07 00:00:00,13.82,20.52,16.95,94.91,65.59,83.48,3.0619921919441433,4381893.185131978,13417852.830555553,77.46636621318737,9.29,
2025/09/07 00:15:00,13.78,20.49,16.88,95.04,65.62,83.5,3.0544890039209847,4402098.137753729,13446683.799999995,77.61995712710419,9.3,
2025/09/07 00:30:00,13.95,20.54,17.07,95.13,65.64,83.49,3.0599832470176094,4386204.36627627,13422256.924999995,77.53227737636705,9.39,
2025/09/07 00:45:00,14.04,20.49,17.1,95.19,65.67,83.47,3.064660801199268,4366630.700713247,13382799.466666665,77.4967417667248,9.49,
2025/09/07 01:00:00,14.02,20.45,17.08,95.24,65.7,83.46,3.061887813498669,4360156.843364196,13350869.839999992,77.56031540738154,9.5,
2025/09/07 01:15:00,14.13,20.46,17.17,95.3,65.73,83.44,3.053944557672028,4358580.695953866,13311432.236666659,77.50502319327609,9.32,
2025/09/07 01:30:00,14.14,20.47,17.22,95.36,65.75,83.42,3.050693525069898,4352763.432885902,13279520.375,77.5479115884687,9.31,
2025/09/07 01:45:00,14.23,20.42,17.22,95.41,65.78,83.41,3.0608468725276814,4327898.077815298,13247616.87333333,77.50354804100012,9.51,
2025/09/07 02:00:00,14.13,20.44,17.19,95.47,65.81,83.39,3.048678647103309,4332250.312240412,13208208.53,77.65432126383473,9.39,
2025/09/07 02:15:00,14.0,20.42,17.11,95.45,65.83,83.37,3.042396407884555,4330719.90294638,13176322.793333337,77.76436470694722,9.33,
2025/09/07 02:30:00,13.9,20.37,17.05,95.36,65.86,83.35,3.0451179489320794,4313915.2621735,13136934.304999996,77.78346045835016,9.36,
2025/09/07 02:45:00,13.81,20.35,16.91,95.26,65.89,83.34,3.0467097933879224,4301208.159789733,13105066.333333334,77.78391540381364,9.35,
2025/09/07 03:00:00,13.82,20.34,16.84,95.17,65.89,83.32,3.0554098411494515,4283451.233177749,13088224.764999995,77.69500017150062,9.43,
2025/09/07 03:15:00,13.75,20.33,16.85,95.07,65.89,83.3,3.0553030078730354,4280934.294203969,13080079.802777775,77.67574790495473,9.37,
2025/09/07 03:30:00,13.69,20.34,16.82,94.98,65.88,83.29,3.054987664000464,4283958.71386141,13087963.631111117,77.65546621604432,9.31,
2025/09/07 03:45:00,13.73,20.32,16.78,94.88,65.88,83.27,3.0609546546679267,4273334.929491184,13081005.324444443,77.52824972913636,9.3,
2025/09/07 04:00:00,13.68,20.3,16.77,94.78,65.87,83.25,3.064351318749277,4268711.005074397,13081353.425555551,77.4892768968972,9.3,
2025/09/07 04:15:00,13.68,20.29,16.76,94.69,65.87,83.24,3.0684595566558195,4263105.948716364,13081692.469999991,77.41004260663004,9.29,
2025/09/07 04:30:00,13.56,20.31,16.67,94.62,65.86,83.22,3.072563991438688,4257588.970851085,13082224.026666665,77.46602014213153,9.39,
2025/09/07 04:45:00,13.74,20.25,16.83,94.87,65.85,83.2,3.064187525916402,4289505.169551925,13144390.84444445,77.50961887548165,9.35,
2025/09/07 05:00:00,13.83,20.24,16.91,95.13,65.85,83.18,3.0596112479756465,4312535.118434205,13195239.15111112,77.65003773714731,9.47,
2025/09/07 05:15:00,13.86,20.23,16.88,95.38,65.84,83.17,3.049335088146223,4285235.367045777,13067665.318888888,77.84032392752978,9.5,
2025/09/07 05:30:00,13.92,20.25,17.01,95.59,65.84,83.15,3.035041076027998,4300112.7108426,13051579.401666667,77.96579584989298,9.38,
2025/09/07 05:45:00,13.82,20.21,16.86,95.55,65.83,83.13,3.0313103789211437,4302592.801266154,13043035.13333333,78.02883567519882,9.33,
2025/09/07 06:00:00,13.76,20.2,16.89,95.51,65.83,83.12,3.0298720423040786,4301747.528357521,13034291.270000003,78.05261084200224,9.3,
2025/09/07 06:15:00,13.71,20.19,16.79,95.47,65.82,83.1,3.036036210255826,4290204.414375072,13025749.44,78.06652992657413,9.42,
2025/09/07 06:30:00,13.66,20.17,16.77,95.43,65.82,83.08,3.03209615882187,4290477.222894187,13009671.302222226,78.08046767007554,9.33,
2025/09/07 06:45:00,13.66,20.17,16.75,95.39,65.81,83.07,3.029167847811119,4294295.342893615,13008669.263333326,78.04539508358025,9.23,
2025/09/07 07:00:00,13.66,20.13,16.73,95.35,65.8,83.05,3.038545266614275,4278230.762787578,13000130.916666666,78.0101729583125,9.38,
2025/09/07 07:15:00,13.62,20.13,16.74,95.31,65.8,83.03,3.0387552297643063,4272579.698271984,12983857.944444446,78.01426962356732,9.37,
2025/09/07 07:30:00,13.65,20.14,16.74,95.28,65.79,83.01,3.0403264615466012,4267564.765849576,12975322.616666665,77.95847710796883,9.35,
2025/09/07 07:45:00,13.75,20.26,16.91,95.24,65.79,83.0,3.039283480615643,4266218.881744659,12966788.449999994,77.82528771555485,9.22,
2025/09/07 08:00:00,13.39,20.02,16.5,95.2,65.78,82.98,3.0328194032725158,4272507.505927647,12958255.444444448,78.14323445767046,9.29,
2025/09/07 08:15:00,13.4,20.0,16.48,95.16,65.78,82.96,3.0370772049693975,4261227.8929298455,12942190.311111106,78.09822573077881,9.33,
2025/09/07 08:30:00,13.39,19.99,16.43,95.12,65.77,82.96,3.042006492864238,4256407.122722266,12948526.029999996,78.07282833289854,9.4,
2025/09/07 08:45:00,13.39,19.97,16.47,95.08,65.77,82.96,3.0412418143725906,4258787.074968199,12952517.929999998,78.03766640729815,9.34,
2025/09/07 09:00:00,13.39,20.02,16.51,95.04,65.76,82.97,3.040413959333054,4268189.585189899,12977579.119999994,78.0025204995549,9.28,
2025/09/07 09:15:00,13.4,20.04,16.47,95.0,65.75,82.97,3.0460773443259406,4265948.054822754,12994917.06333333,77.95747395525095,9.35,
2025/09/07 09:30:00,13.37,20.04,16.45,94.96,65.75,82.97,3.044738471943391,4271042.604641324,13004714.286666665,77.95172732599775,9.3,
2025/09/07 09:45:00,13.41,20.07,16.48,94.92,65.74,82.98,3.048104358799578,4274498.897411794,13029627.086666673,77.87729965795788,9.3,
2025/09/07 10:00:00,13.37,20.07,16.5,94.88,65.74,82.98,3.048775389597172,4276774.197949006,13039435.688888896,77.88131726620912,9.3,
2025/09/07 10:15:00,13.43,20.11,16.53,94.84,65.73,82.98,3.052349265980321,4277459.8854145035,13056813.458333332,77.7872783545227,9.29,
2025/09/07 10:30:00,13.4,20.14,16.55,94.8,65.73,82.99,3.0528842547227235,4282406.474122306,13074202.606666658,77.78148887596578,9.28,
2025/09/07 10:45:00,13.5,20.11,16.6,94.76,65.66,82.99,3.0592446850457375,4294053.159535858,13137086.410555555,77.64819472674844,9.3,
2025/09/07 11:00:00,13.48,20.11,16.57,94.72,65.5,82.99,3.059645374972973,4336384.253893299,13268325.98666666,77.63259946390669,9.28,
2025/09/07 11:15:00,13.54,20.11,16.58,94.68,65.33,83.0,3.064192330633172,4377791.450190924,13414931.475000001,77.53852899074175,9.29,
2025/09/07 11:30:00,13.61,20.14,16.63,94.66,65.16,83.0,3.0749494627886897,4407745.993923726,13554144.168888891,77.45222486918199,9.45,
2025/09/07 11:45:00,13.6,20.16,16.67,94.63,64.99,83.0,3.077434164092057,4449483.59556367,13693550.30388889,77.43561328605145,9.48,
2025/09/07 12:00:00,13.68,20.18,16.68,94.61,64.82,83.0,3.0820990168502593,4487904.129203093,13832727.700000005,77.33956190518165,9.5,
2025/09/07 12:15:00,13.63,20.21,16.61,94.62,64.82,83.01,3.0758832883709504,4450496.110994156,13689746.503888896,77.39737972848445,9.41,
2025/09/07 12:30:00,13.58,20.2,16.63,94.66,64.88,83.01,3.0693906085721796,4453153.605007059,13669009.756111117,77.48165491868689,9.35,
2025/09/07 12:45:00,13.62,20.24,16.65,94.69,64.94,83.01,3.0715376346876915,4443169.700180415,13647901.568888895,77.46883880861094,9.4,
2025/09/07 13:00:00,13.61,20.27,16.74,94.73,65.0,83.02,3.064034803788959,4449643.735593324,13634408.528888887,77.51391469651965,9.29,
2025/09/07 13:15:00,13.63,20.27,16.75,94.76,65.06,83.02,3.063666667857105,4443255.96815567,13613201.066666663,77.52070755302492,9.3,
2025/09/07 13:30:00,13.71,20.34,16.81,94.8,65.12,83.02,3.064832863351928,4434593.598474822,13591831.977777772,77.47745241228674,9.31,
2025/09/07 13:45:00,13.75,20.35,16.82,94.83,65.18,83.03,3.065144913891578,4429058.6596692335,13576249.866666662,77.46461872602532,9.32,
2025/09/07 14:00:00,13.72,20.41,16.83,94.87,65.24,83.03,3.0625636162636884,4400898.206692814,13478561.873333337,77.52924358510839,9.33,
2025/09/07 14:15:00,13.78,20.39,16.86,94.9,65.29,83.03,3.06355274796206,4393026.257882891,13458805.799999995,77.49678416562497,9.34,
2025/09/07 14:30:00,13.79,20.4,16.89,94.94,65.35,83.04,3.0613752220045845,4382283.642202502,13416353.487777786,77.52217126765615,9.33,
2025/09/07 14:45:00,13.82,20.4,16.88,94.97,65.41,83.04,3.062297701590906,4364701.114136985,13366549.832777783,77.51912435157465,9.36,
2025/09/07 15:00:00,13.91,20.46,16.95,95.01,65.47,83.04,3.0711421494840554,4335923.676788454,13316775.437777782,77.46607032098294,9.53,
2025/09/07 15:15:00,13.97,20.49,16.99,95.04,65.53,83.04,3.0721356361586842,4318329.2050219625,13267030.302777782,77.43359819648319,9.54,
2025/09/07 15:30:00,13.9,20.49,16.99,95.08,65.59,83.05,3.068130693023753,4304483.355681285,13207251.309999997,77.53745680916339,9.55,
2025/09/07 15:45:00,13.97,20.5,17.02,95.11,65.65,83.05,3.069465654739838,4285126.023806724,13153582.199999994,77.49516681509604,9.56,
2025/09/07 16:00:00,13.99,20.52,17.03,95.15,65.71,83.05,3.068567913143894,4270090.606240965,13103594.276666667,77.5107185310621,9.57,
2025/09/07 16:15:00,13.98,20.55,17.06,95.18,65.77,83.06,3.067140834301121,4258253.571066091,13061192.588888893,77.54691175783138,9.58,
2025/09/07 16:30:00,14.05,20.6,17.09,95.22,65.83,83.05,3.067527815177281,4238980.507490966,13003714.569999997,77.5133803337646,9.58,
2025/09/07 16:45:00,13.99,20.6,17.09,95.25,65.89,83.03,3.056169490821432,4233471.558874316,12938725.091111109,77.5984980963042,9.41,
2025/09/07 17:00:00,14.03,20.63,17.1,95.29,65.95,83.02,3.055483902582701,4215637.145169346,12881324.518333329,77.5943890232119,9.41,
2025/09/07 17:15:00,14.11,20.65,17.15,95.32,66.01,83.01,3.0561778732981293,4197072.083891934,12827514.333333334,77.54222522595394,9.4,
2025/09/07 17:30:00,14.12,20.71,17.19,95.36,66.07,83.0,3.054469033568835,4185154.1723507205,12783934.233888892,77.56754459930647,9.4,
2025/09/07 17:45:00,14.2,20.64,17.27,95.39,66.13,82.98,3.0460036924049465,4180030.4087002496,12732916.86944445,77.51540598765267,9.21,
2025/09/07 18:00:00,14.08,20.65,17.15,95.43,66.19,82.97,3.0480778981216123,4158368.7577790823,12675539.286666667,77.66827629650076,9.37,
2025/09/07 18:15:00,14.09,20.67,17.17,95.46,66.25,82.96,3.046877979518193,4139723.3693254637,12613736.59333333,77.68480263098164,9.37,
2025/09/07 18:30:00,14.08,20.67,17.17,95.5,66.31,82.95,3.0449862214005248,4122024.2321129716,12552008.675555555,77.72973868244388,9.38,
2025/09/07 18:45:00,14.08,20.65,17.22,95.53,66.37,82.93,3.0379322395148463,4108817.8640059307,12482817.600000001,77.75609181796266,9.27,
2025/09/07 19:00:00,14.11,20.68,17.18,95.57,66.43,82.92,3.0419168684401585,4083197.995653613,12421244.57444444,77.76173391920487,9.37,
2025/09/07 19:15:00,14.13,20.69,17.21,95.6,66.49,82.91,3.0410479426209704,4064141.924215129,12359746.324444447,77.76842881117722,9.37,
2025/09/07 19:30:00,14.15,20.67,17.22,95.64,66.55,82.9,3.0505277954766483,4031313.208012906,12298133.008333338,77.78407810413384,9.6,
2025/09/07 19:45:00,14.2,20.69,17.22,95.67,66.61,82.88,3.0516021581886466,4007329.0764022004,12229268.669444442,77.76134756659421,9.62,
2025/09/07 20:00:00,14.33,20.71,17.3,95.71,66.66,82.87,3.0507862092308966,3990778.2019313155,12175512.01166667,77.66870444072804,9.55,
2025/09/07 20:15:00,14.33,20.69,17.44,95.75,66.68,82.86,3.035903227397424,4059223.6679473286,12323938.354444437,77.70364655540816,9.29,
2025/09/07 20:30:00,14.19,20.66,17.29,95.79,66.69,82.85,3.0362727744956106,4033944.265631412,12248661.431111109,77.87622579731226,9.43,
2025/09/07 20:45:00,14.44,20.66,17.59,96.87,66.71,82.83,2.9767020127959802,4084419.5272946544,12158635.377777781,78.57598109987515,9.2,
2025/09/07 21:00:00,14.56,20.68,17.63,96.79,66.72,82.82,2.99126224992548,4056868.225677167,12135698.788888883,78.3881129560562,9.32,
2025/09/07 21:15:00,14.55,20.65,17.6,96.7,66.74,82.81,2.9955908088760426,4042460.7264353437,12110100.236666672,78.3192828545324,9.32,
2025/09/07 21:30:00,14.51,20.65,17.55,96.61,66.76,82.8,3.004744544119631,4021632.4700321024,12084512.831111103,78.27996726929767,9.43,
2025/09/07 21:45:00,14.56,20.64,17.58,96.53,66.77,82.78,3.00088143721742,4018285.099206403,12058936.572222225,78.16081254905293,9.25,
2025/09/07 22:00:00,14.51,20.66,17.6,96.44,66.79,82.77,3.004491651711322,4004947.796185855,12033371.459999992,78.13122169266977,9.26,
2025/09/07 22:15:00,14.53,20.68,17.62,96.35,66.8,82.76,3.0103387736541656,3991180.6619924996,12015345.906666672,78.03281685581399,9.27,
2025/09/07 22:30:00,14.46,20.64,17.55,96.27,66.82,82.74,3.0190580539488137,3968701.1198884286,11982274.675555557,78.03160327292969,9.4,
2025/09/07 22:45:00,14.47,20.63,17.54,96.18,66.83,82.73,3.0229915455413754,3957580.3268410675,11964267.700000005,77.94296962552303,9.38,
2025/09/07 23:00:00,14.39,20.62,17.53,96.04,66.85,82.72,3.023951237566512,3947884.5521850483,11938745.31666667,77.89891664791666,9.31,
2025/09/07 23:15:00,14.33,20.61,17.29,96.22,66.88,82.71,3.0228399257529843,3938421.2114611035,11905713.098888887,78.11562483366332,9.51,
2025/09/07 23:30:00,14.37,20.59,17.41,96.22,66.91,82.69,3.0124331747243858,3938564.703879091,11865176.619999997,78.07622145153596,9.28,
2025/09/07 23:45:00,14.41,20.59,17.44,96.03,66.94,82.68,3.027722370935377,3907774.0657472434,11832175.98444445,77.87051692913272,9.36,
2025/09/08 00:00:00,14.28,20.56,17.41,96.17,66.77,82.88,3.014197933459411,4030736.9631822435,12149970.469999997,78.12084387910184,9.32,
2025/09/08 00:15:00,14.19,20.57,17.29,96.09,66.75,82.87,3.0199522315266067,4025622.403726274,12157699.522222225,78.13918420403388,9.41,
2025/09/08 00:30:00,14.17,20.55,17.26,96.01,66.73,82.87,3.028714128224048,4019080.1581510715,12173158.323333332,78.08880776369598,9.52,
2025/09/08 00:45:00,14.15,20.53,17.22,95.93,66.71,82.86,3.0311698696983065,4018436.7115433216,12181075.591666669,78.03830611950227,9.5,
2025/09/08 01:00:00,14.04,20.48,17.11,95.86,66.69,82.86,3.0291652938504656,4026140.787404636,12196348.266666668,78.08490440107042,9.46,
2025/09/08 01:15:00,14.05,20.48,17.09,95.78,66.67,82.85,3.0335662631056644,4022910.578800426,12204266.579999993,78.00492558320612,9.46,
2025/09/08 01:30:00,14.02,20.47,17.07,95.7,66.65,82.85,3.036157106515762,4024508.388679828,12219540.299999991,77.9641903510141,9.45,
2025/09/08 01:45:00,14.02,20.45,17.07,95.62,66.63,82.84,3.040225840401327,4021725.836641635,12227459.658333339,77.89399049323252,9.45,
2025/09/08 02:00:00,13.99,20.45,17.06,95.54,66.61,82.84,3.0428150054741523,4023385.653238391,12242922.87166667,77.85321325531443,9.44,
2025/09/08 02:15:00,13.95,20.43,17.03,95.47,66.59,82.83,3.038714958380386,4031359.4866522597,12250654.82666666,77.83100792932696,9.31,
2025/09/08 02:30:00,13.91,20.4,17.0,95.39,66.57,82.83,3.042459228404549,4031480.624101962,12266119.433333335,77.80000345976319,9.33,
2025/09/08 02:45:00,13.89,20.39,16.92,95.31,66.55,82.82,3.050671138994125,4023227.775770735,12274040.997777775,77.74935451004386,9.43,
2025/09/08 03:00:00,13.9,20.39,17.03,95.25,66.53,82.82,3.0472950449608986,4032693.1673909044,12289318.084999993,77.68683359377283,9.29,
2025/09/08 03:15:00,13.94,20.37,17.05,95.19,66.51,82.81,3.063040302405106,4014546.5972899436,12297240.694444442,77.59489750139386,9.53,
2025/09/08 03:30:00,13.99,20.35,17.01,95.13,66.49,82.81,3.067804583036211,4012798.4779290156,12311002.880000005,77.49309698919491,9.53,
2025/09/08 03:45:00,13.89,20.33,16.98,95.07,66.47,82.81,3.059571484608852,4026854.4983927635,12320967.303333335,77.53839719215641,9.36,
2025/09/08 04:00:00,13.85,20.32,16.98,95.01,66.45,82.8,3.0617480500639234,4024779.7796237273,12323381.949999994,77.52487531360785,9.37,
2025/09/08 04:15:00,13.91,20.32,17.02,94.96,66.43,82.8,3.058977716334507,4031673.0746481223,12333324.428333325,77.42210568717584,9.22,
2025/09/08 04:30:00,13.87,20.28,16.92,94.9,66.41,82.79,3.0656526435594325,4023741.864041621,12335913.590000007,77.4085021415338,9.32,
2025/09/08 04:45:00,13.85,20.28,16.91,94.84,66.39,82.79,3.068997507234587,4022589.1043104837,12345834.355555559,77.37531975635457,9.34,
2025/09/08 05:00:00,13.84,20.27,16.95,94.78,66.37,82.78,3.070763477210469,4023158.770120984,12354696.071666664,77.33232932820752,9.32,
2025/09/08 05:15:00,13.81,20.25,16.9,94.72,66.35,82.78,3.0723260181256804,4033962.4618663383,12394172.223888893,77.3089422040756,9.31,
2025/09/08 05:30:00,13.59,20.24,16.67,94.69,66.33,82.77,3.0677464908015764,4050418.4849163983,12426149.339999998,77.49827457445494,9.34,
2025/09/08 05:45:00,13.55,20.22,16.61,94.67,66.31,82.77,3.071039140386938,4059027.2395433495,12465920.646666663,77.51986288206957,9.42,
2025/09/08 06:00:00,13.56,20.21,16.7,94.65,66.29,82.76,3.064963812620965,4077525.8958498375,12497972.19,77.49251984612573,9.26,
2025/09/08 06:15:00,13.67,20.2,16.67,94.64,66.27,82.76,3.070667618428623,4082875.520409501,12537656.645555563,77.3758163841048,9.29,
2025/09/08 06:30:00,13.71,20.17,16.79,94.62,66.25,82.75,3.076814318582824,4085214.297855327,12569974.083333332,77.31893656098643,9.37,
2025/09/08 06:45:00,13.63,20.19,16.73,94.6,66.23,82.75,3.0786763164004043,4137911.5502823237,12739813.75333333,77.37976413080128,9.45,
2025/09/08 07:00:00,13.35,20.15,16.48,94.38,66.2,82.74,3.0783059917969426,4331208.370215225,13333301.067777772,77.46036219805748,9.41,
2025/09/08 07:15:00,13.34,20.14,16.41,94.14,66.13,82.74,3.0930221683913914,4335642.0397419995,13410751.59111111,77.25844155748214,9.48,
2025/09/08 07:30:00,13.34,20.12,16.35,93.89,66.06,82.73,3.106010761407762,4339838.213621017,13480099.184444442,77.037718111234,9.49,
2025/09/08 07:45:00,13.33,20.11,16.35,93.65,65.98,82.73,3.1185404700040538,4349878.611438585,13565795.222222222,76.83544132840301,9.51,
2025/09/08 08:00:00,13.33,20.12,16.42,93.41,65.91,82.72,3.1270054151745885,4359381.63432014,13632345.931111112,76.62319657106137,9.42,
2025/09/08 08:15:00,13.15,20.19,16.23,93.21,65.84,82.72,3.130193937471308,4376217.47054449,13698913.359999996,76.6224376479386,9.41,
2025/09/08 08:30:00,13.23,20.17,16.25,93.3,65.77,82.73,3.131360183376723,4398462.767290453,13773683.342222227,76.6237661250271,9.48,
2025/09/08 08:45:00,13.29,20.17,16.35,93.38,65.69,82.73,3.1254203416714574,4430770.180575296,13848546.213333338,76.63584602644923,9.38,
2025/09/08 09:00:00,13.29,20.13,16.3,93.47,65.62,82.73,3.122115461416733,4456863.292605401,13915369.086666666,76.71545604270906,9.41,
2025/09/08 09:15:00,13.28,20.13,16.3,93.56,65.55,82.73,3.118034873349058,4484152.678822586,13982273.23777778,76.80484408037287,9.43,
2025/09/08 09:30:00,13.29,20.18,16.42,93.64,65.48,82.74,3.109222498296,4521022.173116296,14057403.164444435,76.86585920576371,9.31,
2025/09/08 09:45:00,13.3,20.11,16.29,93.71,65.4,82.74,3.1086421315287436,4546066.053545582,14132625.97999999,76.91789297031364,9.37,
2025/09/08 10:00:00,13.33,20.13,16.32,93.72,65.33,82.74,3.112163063629919,4576530.712313541,14243449.855555551,76.89731510470897,9.44,
2025/09/08 10:15:00,13.37,20.16,16.43,93.73,65.26,82.74,3.1163525499436533,4540752.586346271,14151135.019999992,76.86697224851332,9.52,
2025/09/08 10:30:00,13.4,20.13,16.38,93.75,65.19,82.75,3.1172239833413324,4566669.46799908,14235881.26888889,76.85526483677515,9.54,
2025/09/08 10:45:00,13.43,20.13,16.38,93.76,65.11,82.75,3.1181992848247266,4589323.542015802,14310978.219999999,76.83471630844656,9.55,
2025/09/08 11:00:00,13.45,20.12,16.43,93.78,65.04,82.75,3.1138369345195787,4613723.431174274,14366945.284999995,76.83277185995904,9.45,
2025/09/08 11:15:00,13.34,20.13,16.43,93.79,64.97,82.75,3.110635277534693,4665397.4608913995,14512916.110000003,76.94937425176519,9.48,
2025/09/08 11:30:00,13.35,20.17,16.39,93.32,64.96,82.76,3.1318807515780223,4630450.975290572,14502579.666666675,76.52397429416621,9.41,
2025/09/08 11:45:00,13.27,20.17,16.35,93.39,65.02,82.76,3.1270734205614485,4613442.557483816,14427123.003333341,76.66425244427681,9.45,
2025/09/08 12:00:00,13.29,20.15,16.34,93.46,65.08,82.76,3.1242625597750773,4594813.685919454,14355951.768888893,76.70659766454045,9.45,
2025/09/08 12:15:00,13.3,20.15,16.33,93.53,65.14,82.76,3.1210896614509718,4581647.75916651,14300276.491111113,76.7587196792896,9.45,
2025/09/08 12:30:00,13.35,20.2,16.41,93.6,65.19,82.77,3.1155667392150206,4577121.703593372,14260872.559999995,76.77168048477856,9.36,
2025/09/08 12:45:00,13.29,20.19,16.44,93.67,65.25,82.77,3.1115829923759355,4565115.929327335,14205284.13333333,76.89231671260265,9.4,
2025/09/08 13:00:00,13.34,20.2,16.36,93.74,65.31,82.77,3.1127506598583707,4545565.063091578,14149743.079999993,76.90519121085785,9.47,
2025/09/08 13:15:00,13.27,20.17,16.41,93.81,65.37,82.77,3.101653898984617,4543934.003919108,14094249.399999993,77.03566515762502,9.35,
2025/09/08 13:30:00,13.28,20.15,16.4,93.88,65.43,82.78,3.0997679806047533,4531423.468441095,14046899.288888885,77.08769072768658,9.38,
2025/09/08 13:45:00,13.38,20.16,16.39,93.95,65.49,82.78,3.1006267786264314,4512301.620478002,13991496.407777783,77.05152769594457,9.4,
2025/09/08 14:00:00,13.41,20.17,16.48,94.02,65.55,82.78,3.094157898044841,4503842.547538238,13936140.900000002,77.08398865746469,9.31,
2025/09/08 14:15:00,13.41,20.19,16.46,94.09,65.61,82.78,3.091057959519632,4490469.201515118,13880832.765555557,77.14576982357502,9.32,
2025/09/08 14:30:00,13.44,20.27,16.52,94.16,65.67,82.79,3.089006038488804,4501860.54914295,13906804.26666667,77.17813429057486,9.33,
2025/09/08 14:45:00,13.57,20.29,16.69,94.5,65.73,82.79,3.081652492169921,4471777.788765851,13781010.185555555,77.3504832381123,9.45,
2025/09/08 15:00:00,13.47,20.28,16.54,94.41,65.79,82.79,3.0831468658746126,4496342.115134554,13863411.22222222,77.36918714559854,9.46,
2025/09/08 15:15:00,13.44,20.29,16.52,94.18,65.85,82.79,3.094539447919251,4463279.046663892,13812317.921111122,77.19574208624914,9.48,
2025/09/08 15:30:00,13.46,20.31,16.55,94.01,65.91,82.8,3.103822778672028,4436099.090590084,13769392.34,77.02610516103326,9.48,
2025/09/08 15:45:00,13.47,20.3,16.54,94.08,65.97,82.8,3.101062338269591,4423582.188713698,13718328.414999997,77.07809756951187,9.49,
2025/09/08 16:00:00,13.52,20.32,16.62,94.14,66.03,82.8,3.09549999475002,4415038.096840219,13667279.816666663,77.08204847486739,9.39,
2025/09/08 16:15:00,13.54,20.38,16.65,94.2,66.09,82.81,3.0931590366788098,4404517.1985767055,13624395.106666666,77.11538185527397,9.39,
2025/09/08 16:30:00,13.54,20.37,16.6,94.26,66.15,82.82,3.0936036383060803,4390028.231165747,13581523.168888876,77.16830309213097,9.47,
2025/09/08 16:45:00,13.51,20.37,16.56,94.32,66.2,82.84,3.0920480360769775,4383646.953075888,13554956.017777778,77.25064455857232,9.53,
2025/09/08 17:00:00,13.55,20.39,16.57,94.39,66.26,82.85,3.09199598781928,4369863.675463982,13512107.069999991,77.27319161706284,9.58,
2025/09/08 17:15:00,13.58,20.44,16.65,94.45,66.32,82.86,3.0866941951238234,4363491.42869699,13469270.89444445,77.29662550883585,9.5,
2025/09/08 17:30:00,13.67,20.43,16.7,94.51,66.38,82.87,3.085076138289906,4351897.176988184,13426447.491111118,77.26125239108008,9.46,
2025/09/08 17:45:00,13.69,20.46,16.75,94.57,66.44,82.88,3.0782181955430294,4345887.04175247,13378101.146666665,77.29450865055264,9.36,
2025/09/08 18:00:00,13.7,20.46,16.79,94.63,66.5,82.89,3.0830832258910954,4323299.913003821,13329610.940555556,77.33758410484562,9.53,
2025/09/08 18:15:00,13.64,20.5,16.74,94.7,66.56,82.9,3.0757330770646503,4317886.664456379,13281168.340000002,77.45804639081648,9.49,
2025/09/08 18:30:00,13.78,20.49,16.81,94.76,66.62,82.91,3.073956290926961,4304636.107203759,13232773.344999993,77.37355908820538,9.41,
2025/09/08 18:45:00,13.85,20.5,16.9,94.77,66.68,82.93,3.0825280455158284,4279611.488002075,13192544.444444444,77.31377959170365,9.56,
2025/09/08 19:00:00,13.81,20.46,16.93,94.67,66.74,82.94,3.0809302391455877,4267004.499903952,13146873.299999999,77.26489939095927,9.44,
2025/09/08 19:15:00,13.83,20.47,16.93,94.58,66.8,82.95,3.0875453581357957,4245145.881128794,13107609.166666668,77.16603074275467,9.47,
2025/09/08 19:30:00,13.79,20.47,16.93,94.48,66.68,82.96,3.0938293232436838,4271052.645274215,13214442.535555543,77.11718735208026,9.53,
2025/09/08 19:45:00,13.72,20.49,16.83,94.38,66.53,82.97,3.093855851084294,4313367.508591475,13345459.526666664,77.09765800245495,9.47,
2025/09/08 20:00:00,13.66,20.5,16.79,94.29,66.39,82.98,3.0988622513053277,4346127.9639703985,13468573.066666668,77.07715546307142,9.53,
2025/09/08 20:15:00,13.61,20.47,16.67,94.19,66.25,82.99,3.0987570726694766,4385953.095623563,13591516.619999995,77.03794055489352,9.45,
2025/09/08 20:30:00,13.62,20.46,16.68,94.09,66.11,83.0,3.1050395813381706,4416740.730543523,13714677.185,76.9399103865303,9.47,
2025/09/08 20:45:00,13.7,20.47,16.66,94.0,65.97,83.01,3.113307793317536,4444577.298205956,13837862.133333335,76.78207355653983,9.49,
2025/09/08 21:00:00,13.62,20.46,16.76,93.9,65.82,83.03,3.1129745065892656,4485928.083425198,13965125.252222227,76.77218528483871,9.43,
2025/09/08 21:15:00,13.62,20.46,16.71,93.81,65.68,83.04,3.1184075222712075,4512685.161054296,14072935.115555553,76.69269974490732,9.45,
2025/09/08 21:30:00,13.59,20.45,16.62,93.71,65.54,83.05,3.1232542264923295,4540125.74865306,14180504.628888879,76.63375057183512,9.47,
2025/09/08 21:45:00,13.54,20.48,16.66,93.61,65.4,83.06,3.1269382290739136,4569164.357102071,14288038.84444444,76.59435900889574,9.48,
2025/09/08 22:00:00,13.54,20.42,16.62,93.52,65.26,83.07,3.1319127915429785,4597814.310593351,14400506.040555544,76.51478963075024,9.49,
2025/09/08 22:15:00,13.09,20.41,16.3,92.98,65.11,83.08,3.1376032711853736,4653527.858532742,14601443.633333331,76.47746126731354,9.36,
2025/09/08 22:30:00,13.06,20.41,16.33,93.39,64.97,83.09,3.11868541262824,4738712.900968029,14779079.700000003,76.86989025867479,9.43,
2025/09/08 22:45:00,13.44,20.41,16.5,93.62,65.13,83.1,3.1203339513899175,4705620.616009212,14683652.389999995,76.70116983996434,9.42,
2025/09/08 23:00:00,13.52,20.37,16.58,93.85,65.31,83.12,3.115290389025524,4660183.330792173,14518378.557222223,76.8260320082964,9.51,
2025/09/08 23:15:00,13.55,20.37,16.55,94.0,65.48,83.13,3.1096051801161044,4622677.06157985,14375243.51388888,76.9290978891781,9.53,
2025/09/08 23:30:00,13.49,20.39,16.62,94.0,65.66,83.14,3.103706623246079,4582731.975090459,14223998.45777778,76.98787683765461,9.44,
2025/09/08 23:45:00,13.5,20.38,16.54,94.0,65.83,83.15,3.105753424128535,4533780.740676663,14081333.200000007,76.97807952004712,9.48,
2025/09/09 00:00:00,13.54,20.36,16.55,93.98,65.21,83.15,3.10943618797195,4697411.566895277,14606854.64333334,76.92123252477697,9.51,
2025/09/09 00:15:00,13.54,20.33,16.56,93.97,65.25,83.15,3.1057104612690556,4681115.877986085,14538745.95555556,76.91239585664025,9.41,
2025/09/09 00:30:00,13.55,20.34,16.57,93.96,65.29,83.14,3.106572930991686,4656003.209320492,14464766.341666661,76.89376687909431,9.41,
2025/09/09 00:45:00,13.53,20.35,16.57,93.96,65.33,83.14,3.106295920414282,4646117.499636429,14432765.887222225,76.91336509245744,9.42,
2025/09/09 01:00:00,13.52,20.3,16.57,93.95,65.37,83.13,3.1064466515279174,4632979.512164276,14392659.59999999,76.91433551007906,9.42,
2025/09/09 01:15:00,13.49,20.33,16.55,93.94,65.41,83.13,3.105890264495814,4623574.087154696,14360860.946666664,76.93490422060621,9.42,
2025/09/09 01:30:00,13.45,20.3,16.54,93.94,65.45,83.12,3.1048973582959776,4612133.57556979,14320749.666666666,76.97409900665768,9.43,
2025/09/09 01:45:00,13.42,20.3,16.55,93.93,65.49,83.12,3.1043379030895752,4602653.737565962,14288740.85222223,76.99466447731568,9.43,
2025/09/09 02:00:00,13.44,20.28,16.52,93.92,65.53,83.11,3.1059785046444235,4587307.772067271,14248625.159999998,76.9662350702551,9.44,
2025/09/09 02:15:00,13.46,20.27,16.5,93.92,65.57,83.11,3.106690036281609,4575953.473293601,14216612.397777783,76.94663772044086,9.44,
2025/09/09 02:30:00,13.47,20.25,16.5,93.91,65.62,83.11,3.1075513107504156,4561774.1958433725,14176492.293333327,76.92800790405434,9.44,
2025/09/09 02:45:00,13.47,20.26,16.53,93.9,65.66,83.1,3.1084794503789763,4547504.194703876,14136369.866666663,76.91917604024619,9.45,
2025/09/09 03:00:00,13.43,20.23,16.48,93.9,65.7,83.1,3.10705532159586,4539284.821205514,14104351.066666659,76.958369911881,9.45,
2025/09/09 03:15:00,13.39,20.24,16.49,93.89,65.74,83.09,3.106136480983788,4529266.103856623,14069059.09444445,76.98873003690112,9.45,
2025/09/09 03:30:00,13.49,20.27,16.54,93.88,65.78,83.09,3.1085012830854697,4517906.704247611,14044461.768333336,76.88192051264896,9.41,
2025/09/09 03:45:00,13.41,20.24,16.47,93.88,65.82,83.08,3.1060869559236854,4510876.560961041,14011710.191111116,76.96030636397458,9.42,
2025/09/09 04:00:00,13.44,20.22,16.46,93.87,65.86,83.08,3.107659284228522,4500718.489231364,13987235.826666666,76.92207917525224,9.42,
2025/09/09 04:15:00,13.39,20.21,16.46,93.86,65.9,83.07,3.1063870832439617,4491990.5944372155,13954397.630555544,76.96223654353484,9.42,
2025/09/09 04:30:00,13.39,20.18,16.47,93.86,65.94,83.07,3.106385797621983,4484022.880702231,13929645.876666661,76.96223654353467,9.42,
2025/09/09 04:45:00,13.4,20.2,16.45,93.85,65.98,83.06,3.107248450328182,4472184.247326354,13896721.64222222,76.94360540632502,9.42,
2025/09/09 05:00:00,13.4,20.22,16.46,93.84,66.02,83.06,3.108178057565225,4462859.17757973,13871892.906666672,76.93476960770633,9.43,
2025/09/09 05:15:00,13.34,20.18,16.43,93.84,66.06,83.05,3.1056204261909968,4455969.039268558,13839079.906666663,76.99355640155719,9.42,
2025/09/09 05:30:00,13.31,20.18,16.49,93.83,66.1,83.05,3.10117542233762,4453561.073318333,13811812.025000002,77.01416253723335,9.33,
2025/09/09 05:45:00,13.38,20.14,16.42,93.82,66.14,83.04,3.1076285618624317,4432719.236563909,13775778.683333337,76.93670148616616,9.41,
2025/09/09 06:00:00,13.32,20.14,16.47,93.82,66.18,83.04,3.10291217089526,4430461.484276114,13747871.61,76.99551561561702,9.35,
2025/09/09 06:15:00,13.37,20.14,16.48,93.81,66.23,83.03,3.1094597854889794,4406840.457164033,13703433.33333333,76.93765565196571,9.45,
2025/09/09 06:30:00,13.31,20.11,16.4,93.8,66.26,83.03,3.107824827282114,4402791.41760791,13683636.156666663,76.98760056420207,9.45,
2025/09/09 06:45:00,13.2,20.09,16.31,93.79,66.24,83.02,3.1014798849098235,4415940.628690959,13696471.775555555,77.0865463203583,9.38,
2025/09/09 07:00:00,13.22,20.07,16.29,93.78,66.23,83.02,3.1031178962788983,4417747.501912368,13709312.967777772,77.05811248462598,9.39,
2025/09/09 07:15:00,13.21,20.05,16.27,93.77,66.21,83.01,3.104110497993397,4420473.2332537435,13722159.733333344,77.05906138722273,9.41,
2025/09/09 07:30:00,13.33,20.06,16.35,93.76,66.19,83.01,3.104100977377056,4427256.03076776,13743182.811111117,76.9327453900036,9.3,
2025/09/09 07:45:00,13.29,20.06,16.32,93.75,66.17,83.01,3.103641977642736,4434689.20689252,13764217.035555556,76.96308670852326,9.31,
2025/09/09 08:00:00,13.28,20.07,16.35,93.73,66.15,83.0,3.10518229072334,4436632.574576463,13777086.094444439,76.95519041014276,9.33,
2025/09/09 08:15:00,13.28,20.09,16.36,93.72,66.14,83.0,3.106125775180793,4439430.088136215,13789960.726666665,76.94634428479307,9.34,
2025/09/09 08:30:00,13.29,20.04,16.38,93.71,66.12,83.0,3.113275420601916,4435933.096298426,13810826.822222218,76.92765613466216,9.49,
2025/09/09 08:45:00,13.29,20.0,16.31,93.7,66.1,83.0,3.1133754518233636,4442560.265688398,13831899.82777778,76.91881700892779,9.48,
2025/09/09 09:00:00,13.13,19.99,16.21,93.69,66.08,83.0,3.105290813537384,4460730.999975093,13852394.600000001,77.06670871075153,9.41,
2025/09/09 09:15:00,12.99,19.94,16.16,93.67,66.07,83.0,3.1033421882936776,4422084.828962084,13723764.621111115,77.18611057071264,9.46,
2025/09/09 09:30:00,13.14,19.93,16.17,93.66,66.05,83.0,3.1104055208348913,4423264.295473231,13758673.775000002,77.03037155725302,9.49,
2025/09/09 09:45:00,13.2,20.01,16.26,93.65,66.03,83.0,3.1081154192177727,4436183.69364829,13788701.037222221,76.96280866254322,9.37,
2025/09/09 10:00:00,13.19,19.97,16.24,93.64,66.01,83.0,3.1091084233676383,4444433.768245161,13818760.810555551,76.96374959765109,9.39,
2025/09/09 10:15:00,13.14,19.94,16.2,93.63,65.99,83.0,3.1082481537217976,4455345.441695191,13848853.095000004,77.0038726453722,9.4,
2025/09/09 10:30:00,13.08,19.9,16.14,93.61,65.98,83.0,3.1099618205256676,4459956.967739385,13870828.167777771,77.04492051856538,9.47,
2025/09/09 10:45:00,13.03,19.89,16.1,93.6,65.96,83.0,3.104589603299782,4467318.267190509,13869716.520000005,77.08508892876014,9.37,
2025/09/09 11:00:00,12.97,19.84,15.97,93.59,65.94,83.0,3.10542509806226,4454331.254509848,13833106.686666666,77.13495925356673,9.43,
2025/09/09 11:15:00,12.96,19.82,15.96,93.59,65.92,83.0,3.104663109556876,4457836.868990371,13840597.71111111,77.14475602390118,9.42,
2025/09/09 11:30:00,12.98,19.8,15.96,93.58,65.91,83.0,3.1054691989807774,4480118.144390674,13913390.553333336,77.11633366794241,9.41,
2025/09/09 11:45:00,12.93,19.82,16.01,93.57,65.89,83.0,3.1004394389039525,4513524.90955989,13994438.198888885,77.1565248429576,9.32,
2025/09/09 12:00:00,12.91,19.82,16.02,93.56,65.87,83.0,3.1010800367682454,4451229.555031332,13804141.028333327,77.16724067648593,9.34,
2025/09/09 12:15:00,12.86,19.82,15.94,93.56,65.85,83.0,3.100560293087234,4487875.0590422815,13915442.35277778,77.21616675807185,9.37,
2025/09/09 12:30:00,12.78,19.85,15.91,93.55,65.83,83.0,3.0990406845318965,4491390.55532718,13919509.144444445,77.28562391092495,9.39,
2025/09/09 12:45:00,12.72,19.87,15.83,93.54,65.82,83.0,3.0986147238129265,4490637.040299785,13915248.331111114,77.3354884184383,9.42,
2025/09/09 13:00:00,12.85,19.89,15.95,93.54,65.8,83.0,3.098268913204538,4492430.710316783,13919265.311111115,77.2083409676055,9.3,
2025/09/09 13:15:00,12.8,19.88,15.88,93.53,65.78,83.0,3.0982744652326604,4494938.544583225,13927052.883333331,77.24840921665198,9.33,
2025/09/09 13:30:00,12.9,19.86,15.96,93.52,65.76,83.0,3.0979865231058588,4499862.560338458,13941026.391111106,77.14179386236745,9.23,
2025/09/09 13:45:00,12.95,19.84,15.98,93.51,65.75,83.0,3.106677622359855,4489229.686122014,13947109.916666664,77.08380665209374,9.38,
2025/09/09 14:00:00,12.96,19.83,15.98,93.51,65.73,83.0,3.107445393860605,4492678.354871851,13961275.239999995,77.07400792944694,9.39,
2025/09/09 14:15:00,12.98,19.87,16.03,93.5,65.71,83.0,3.1086605679699684,4495412.117680061,13975235.16277778,77.0455783262283,9.39,
2025/09/09 14:30:00,13.06,19.85,16.04,93.45,65.69,83.0,3.111945906517005,4495213.322913505,13989390.965,76.92304853448252,9.34,
2025/09/09 14:45:00,13.0,19.85,16.06,93.4,65.67,83.0,3.1114777366852406,4500436.712591792,14003542.122777775,76.93757295278459,9.32,
2025/09/09 15:00:00,13.03,19.84,16.0,93.35,65.64,83.0,3.1159154269469758,4515651.844821026,14070919.426666662,76.86392506421166,9.34,
2025/09/09 15:15:00,13.01,19.84,16.06,93.3,65.62,83.0,3.1134273714870058,4540862.406393286,14138185.844444439,76.83937291817749,9.24,
2025/09/09 15:30:00,13.0,19.83,16.11,93.37,65.6,83.0,3.1086414994526863,4543595.962295392,14124958.46666667,76.91115995643582,9.22,
2025/09/09 15:45:00,13.03,19.83,16.08,93.44,65.58,83.0,3.1061590060672684,4542883.678827849,14111461.014444442,76.9437319709431,9.22,
2025/09/09 16:00:00,13.06,19.85,16.1,93.5,65.56,83.01,3.1041784970478887,4543951.0344147915,14105776.330555558,76.96743858103105,9.22,
2025/09/09 16:15:00,13.04,19.84,16.14,93.57,65.53,83.01,3.099928361088694,4552436.6369849155,14112775.160000004,77.04894324350354,9.22,
2025/09/09 16:30:00,12.82,19.87,15.92,93.17,65.51,83.02,3.1190576750800783,4533855.514196877,14141875.623333327,76.91006701713712,9.38,
2025/09/09 16:45:00,12.8,19.91,15.9,93.01,65.49,83.02,3.126746467504705,4529371.51483695,14162710.020555556,76.78785161396401,9.39,
2025/09/09 17:00:00,12.8,19.93,15.89,93.03,65.47,83.03,3.1265309303856963,4538936.73195358,14191636.897777777,76.80556170838453,9.41,
2025/09/09 17:15:00,12.8,19.92,15.9,93.05,65.44,83.03,3.1259196675375875,4549147.543474631,14220784.03777778,76.82327988817617,9.42,
2025/09/09 17:30:00,12.85,19.93,15.93,93.06,65.42,83.03,3.128012274084053,4552775.597861104,14241656.054999998,76.78319872215124,9.44,
2025/09/09 17:45:00,12.96,19.94,15.97,93.08,65.4,83.04,3.128234828102696,4561777.211970495,14270833.499999998,76.6933141690898,9.37,
2025/09/09 18:00:00,12.92,19.96,16.01,93.1,65.38,83.04,3.1220527103054416,4577502.710094798,14291729.784444451,76.75029137114281,9.28,
2025/09/09 18:15:00,12.97,19.96,15.99,93.11,65.35,83.05,3.1241916656183832,4586243.345646,14328827.516666671,76.7101812714807,9.3,
2025/09/09 18:30:00,12.99,19.97,16.04,93.13,65.33,83.05,3.1243213680536885,4592813.648639132,14349956.255555553,76.70830877067534,9.31,
2025/09/09 18:45:00,12.99,19.95,16.03,93.15,65.31,83.06,3.1266059647482356,4598743.087605564,14378990.999999998,76.72594664863824,9.39,
2025/09/09 19:00:00,13.06,19.97,16.11,93.16,65.29,83.06,3.129843972862841,4600674.996939434,14399938.257222218,76.66626161938018,9.42,
2025/09/09 19:15:00,13.01,20.02,16.06,93.18,65.27,83.07,3.1262251247443413,4615367.951545676,14429209.055555552,76.73293397197465,9.4,
2025/09/09 19:30:00,12.93,19.96,16.0,93.2,65.24,83.07,3.123517117679764,4628679.40798864,14458289.547777776,76.82893824835082,9.43,
2025/09/09 19:45:00,12.84,19.93,15.92,93.17,65.22,83.08,3.1201808117696497,4643022.475506248,14487593.437777774,76.89048359272536,9.39,
2025/09/09 20:00:00,12.8,19.92,15.91,93.14,65.2,83.08,3.119439576448087,4650857.043302007,14508591.899999995,76.90307310573924,9.37,
2025/09/09 20:15:00,12.82,19.92,15.86,93.1,65.18,83.09,3.121764511604666,4655992.192773019,14535430.634999998,76.84806863047447,9.36,
2025/09/09 20:30:00,12.83,19.92,15.86,93.07,65.15,83.09,3.123630570356418,4661271.61218218,14560611.30333333,76.81169826652528,9.36,
2025/09/09 20:45:00,12.85,19.94,15.94,93.03,65.13,83.1,3.1321586889601263,4656616.904433131,14585794.758333333,76.75658432605181,9.51,
2025/09/09 21:00:00,12.86,19.92,15.95,93.0,65.11,83.1,3.1309922834796793,4663801.906364623,14602863.788333328,76.72024198433526,9.43,
2025/09/09 21:15:00,12.79,19.92,15.94,92.96,65.09,83.1,3.13044080833444,4670076.971334018,14619934.676111102,76.75328216798519,9.43,
2025/09/09 21:30:00,12.74,19.91,15.9,92.93,65.07,83.11,3.1269906116263773,4683286.9643412335,14645125.562222226,76.77568276120031,9.35,
2025/09/09 21:45:00,12.72,19.92,15.86,92.89,65.04,83.11,3.129062373825514,4688239.292639228,14670319.234999992,76.75975967741996,9.37,
2025/09/09 22:00:00,12.72,19.91,15.87,92.86,65.02,83.12,3.130955527395118,4693450.775202101,14695515.694444451,76.73314350858843,9.38,
2025/09/09 22:15:00,12.74,19.89,15.85,92.82,65.01,83.12,3.134076910962705,4691634.936642982,14704475.872777777,76.67808781677293,9.39,
2025/09/09 22:30:00,12.75,19.91,15.9,92.79,65.04,83.13,3.133176511533299,4688067.39553163,14689076.98499999,76.64177346138871,9.32,
2025/09/09 22:45:00,12.73,19.86,15.86,92.75,65.07,83.13,3.133650854839348,4679851.563571556,14665555.776666667,76.62588299144251,9.3,
2025/09/09 23:00:00,12.7,19.86,15.87,92.72,65.1,83.14,3.133662154793535,4675520.650087935,14652037.888888892,76.62862969116752,9.29,
2025/09/09 23:15:00,12.95,19.87,15.97,94.01,65.27,83.14,3.0865786226801823,4703387.5739284605,14517906.681666669,77.52573669618526,9.5,
2025/09/09 23:30:00,13.1,19.83,16.16,94.06,65.58,83.15,3.084379504316251,4628970.891749984,14278057.468888892,77.42299875776311,9.38,
2025/09/09 23:45:00,13.06,19.86,16.09,94.03,65.88,83.12,3.0831971500005224,4545009.584410559,14013690.117777785,77.43571684327821,9.35,
2025/09/10 00:00:00,12.99,19.82,16.12,93.77,64.89,82.95,3.0907565021338987,4750895.471042131,14684428.476666668,77.27465737673772,9.28,
2025/09/10 00:15:00,12.92,19.83,16.03,93.66,64.83,82.78,3.0968410065978746,4710868.457849715,14589361.111111116,77.2458822804473,9.35,
2025/09/10 00:30:00,12.77,19.81,15.84,93.54,64.77,82.61,3.1003921704619626,4673637.763129042,14490634.15555556,77.28654320593323,9.42,
2025/09/10 00:45:00,12.67,19.82,15.79,93.43,64.71,82.44,3.100303992816314,4641967.141955638,14392022.150000002,77.28712437565095,9.37,
2025/09/10 01:00:00,12.61,19.8,15.76,93.32,64.65,82.26,3.104438643520026,4601379.298005914,14285208.519999998,77.24843536366713,9.39,
2025/09/10 01:15:00,12.68,19.81,15.86,93.21,64.58,82.09,3.108356544802772,4566535.847964969,14194939.678333338,77.08262741292373,9.29,
2025/09/10 01:30:00,12.74,19.77,15.8,93.12,64.52,81.92,3.1166615299858393,4522839.502366998,14096673.800000004,76.94411718943367,9.33,
2025/09/10 01:45:00,12.79,19.8,15.81,93.03,64.46,81.75,3.122975633759318,4482203.662118028,13998322.11555556,76.81542849751892,9.33,
2025/09/10 02:00:00,12.77,19.77,15.82,92.95,64.4,81.58,3.1229570112440523,4450838.268171614,13900287.414444441,76.76420273294609,9.25,
2025/09/10 21:00:00,9.34,19.69,15.18,80.6,63.46,72.55,3.5870530731309938,1077783.680535597,3866218.894999998,68.89271349921805,8.08,
2025/09/10 21:15:00,12.9,19.77,16.38,95.49,64.29,82.79,2.9943258047376298,4331840.320708908,12971463.083333334,78.87894130927148,9.13,
2025/09/10 21:30:00,13.45,19.78,16.51,95.45,64.54,82.87,3.0221841828170453,4242884.514071975,12823320.748333331,78.30409887405953,9.29,
2025/09/10 21:45:00,13.47,19.75,16.5,95.41,64.78,82.96,3.0253493035536145,4194340.6817902755,12689886.439999996,78.24932885729984,9.3,
2025/09/10 22:00:00,13.43,19.73,16.5,95.37,65.02,83.04,3.021097237179036,4153858.9185406817,12549748.688888896,78.25351919345894,9.2,
2025/09/10 22:15:00,13.44,19.75,16.47,95.33,65.26,83.13,3.027910349711364,4100695.9909484377,12417064.80666666,78.20846796570243,9.29,
2025/09/10 22:30:00,13.43,19.71,16.5,95.29,65.5,83.21,3.030560004463001,4051195.4151487383,12277921.895555548,78.18310675361863,9.31,
2025/09/10 22:45:00,13.47,19.7,16.5,95.25,65.74,83.29,3.027480137350653,4041428.1733942716,12235873.650000008,78.10883655607964,9.18,
2025/09/10 23:00:00,13.48,19.71,16.53,95.21,65.98,83.38,3.031854145413155,4003436.1026327144,12138364.699999996,78.06381276886147,9.22,
2025/09/10 23:15:00,13.26,19.72,16.32,95.12,65.03,83.46,3.0291341339766222,4238942.886453061,12840850.623333326,78.20045112783752,9.22,
2025/09/10 23:30:00,13.19,19.73,16.21,95.18,65.16,83.55,3.0238041214415765,4245819.6191059,12839031.626666665,78.32187153981454,9.22,
2025/09/10 23:45:00,13.19,19.73,16.27,95.25,65.29,83.63,3.016280902696795,4256483.119289939,12839260.365555545,78.38354818930259,9.14,
2025/09/11 00:00:00,13.36,19.7,16.4,95.29,65.02,82.81,3.0277603932408947,4085406.5684986645,12370151.970000004,78.25177631172348,9.3,
2025/09/11 00:15:00,13.42,19.69,16.43,95.24,65.03,82.81,3.0258370978034064,4117632.6407318544,12459815.059999999,78.14910876288708,9.17,
2025/09/11 00:30:00,13.35,19.68,16.42,95.19,65.05,82.82,3.0265741366846597,4115746.0905504897,12457140.20833333,78.17379709310435,9.18,
2025/09/11 00:45:00,13.38,19.7,16.42,95.15,65.07,82.82,3.030091935525072,4107702.0746888034,12447241.736111112,78.10918282532981,9.19,
2025/09/11 01:00:00,13.38,19.68,16.42,95.1,65.09,82.83,3.033620502321054,4102037.1392901707,12444554.808888884,78.06518200641767,9.21,
2025/09/11 01:15:00,13.39,19.69,16.39,95.05,65.11,82.83,3.036485738096577,4094970.941432831,12434845.597777775,78.01139208059503,9.21,
2025/09/11 01:30:00,13.3,19.59,16.34,95.0,65.13,82.84,3.0360218174251767,4094705.068936864,12432146.478888893,78.05566542983156,9.21,
2025/09/11 01:45:00,13.32,19.6,16.37,94.95,65.15,82.84,3.0392147216520056,4087201.814443274,12422420.199444443,77.9920528527785,9.21,
2025/09/11 02:00:00,13.29,19.63,16.38,94.9,65.17,82.85,3.0407431260750237,4084256.746141274,12419708.888888882,77.97746371395081,9.21,
2025/09/11 02:15:00,13.16,19.6,16.26,94.85,65.19,82.85,3.034986880665687,4203852.7402187735,12759169.47555555,78.06104145081363,9.13,
2025/09/11 02:30:00,13.21,19.65,16.26,94.8,65.21,82.86,3.0455225030842343,4316132.78898097,13145421.911111116,77.96779980999528,9.26,
2025/09/11 02:45:00,13.16,19.64,16.21,94.67,65.23,82.86,3.052706649431249,4416564.1014364995,13483026.345555553,77.90225946732457,9.31,
2025/09/11 03:00:00,13.06,19.63,16.1,94.54,65.25,82.87,3.054464409034195,4454389.200475271,13606314.74888889,77.88573999817771,9.28,
2025/09/11 03:15:00,12.91,19.63,15.97,94.4,65.27,82.87,3.05905709838953,4605252.405534939,14088272.000000006,77.90921850402432,9.34,
2025/09/11 03:30:00,12.9,19.62,15.9,94.27,65.29,82.88,3.0652030722328854,4644580.611321677,14237123.193333322,77.80432553059595,9.34,
2025/09/11 03:45:00,12.9,19.59,15.91,94.14,65.31,82.88,3.0716934115452053,4649219.159552862,14281525.591666661,77.68958375099223,9.34,
2025/09/11 04:00:00,12.89,19.61,15.91,94.0,65.33,82.89,3.078342946428631,4640708.954189819,14286242.373333333,77.57575281790649,9.34,
2025/09/11 04:15:00,12.88,19.6,15.92,93.89,65.35,82.89,3.0908415087104952,4620827.898660016,14282801.53666667,77.48827919843859,9.52,
2025/09/11 04:30:00,12.87,19.63,15.91,93.77,65.37,82.9,3.0928798136929374,4619297.543968424,14287481.743333334,77.39203785826373,9.43,
2025/09/11 04:45:00,12.93,19.6,15.96,93.66,65.39,82.9,3.0950541793977453,4618335.727324365,14294561.85055556,77.23614451932059,9.3,
2025/09/11 05:00:00,12.86,19.6,15.95,93.54,65.41,82.91,3.098613022782904,4560495.79323694,14131767.222222222,77.19855006745475,9.3,
2025/09/11 05:15:00,12.77,19.59,15.83,93.42,65.43,82.97,3.1027078011024485,4590490.518118144,14243495.371111102,77.18043390838504,9.33,
2025/09/11 05:30:00,12.74,19.62,15.78,93.31,65.45,83.08,3.1087784420766886,4598782.814372301,14297133.711666662,77.11237066448435,9.37,
2025/09/11 05:45:00,12.71,19.64,15.78,93.19,65.47,83.19,3.1124858714127366,4610408.321410083,14350367.753333332,77.03548259052346,9.34,
2025/09/11 06:00:00,12.71,19.62,15.71,93.08,65.49,83.29,3.1163561161235545,4619172.932170223,14395520.577777786,76.93807031797868,9.3,
2025/09/11 06:15:00,12.62,19.57,15.71,92.96,65.5,83.4,3.12153763173341,4645066.810284234,14500295.761111114,76.9196815954059,9.36,
2025/09/11 06:30:00,12.59,19.55,15.64,92.85,65.4,83.5,3.124361235423762,4711221.468743699,14720104.544444438,76.85153093788992,9.32,
2025/09/11 06:45:00,11.8,19.52,15.21,92.23,64.81,83.61,3.123022401758711,4892742.423910026,15280658.799999995,77.07331048079796,9.23,
2025/09/11 07:00:00,12.22,19.52,15.47,93.54,64.5,83.68,3.0793605559152226,5076798.1293052435,15633840.701111114,77.82484794331972,9.38,
2025/09/11 07:15:00,12.56,19.52,15.62,93.0,64.33,83.65,3.1141598541563025,5056123.911904447,15746161.713333338,77.0139634861498,9.28,
2025/09/11 07:30:00,12.19,19.51,15.38,93.04,64.33,83.63,3.1017306287065343,5070563.257775367,15728068.583333332,77.41125047887732,9.35,
2025/09/11 07:45:00,12.5,19.5,15.58,93.18,64.5,83.6,3.1050733646297664,5012035.4641949,15563309.238888884,77.23213024912593,9.33,
2025/09/11 08:00:00,12.42,19.51,15.45,93.16,64.68,83.58,3.1036161025806237,4961322.873774694,15398587.049999993,77.29266432024322,9.34,
2025/09/11 08:15:00,12.39,19.52,15.52,93.1,64.85,83.55,3.1026989568595464,4905512.108297264,15220874.350000001,77.2689487216703,9.27,
2025/09/11 08:30:00,12.44,19.45,15.57,93.05,65.02,83.53,3.1031795145645846,4849025.866201384,15047955.413333336,77.17589407038156,9.18,
2025/09/11 08:45:00,12.44,19.45,15.55,93.0,65.2,83.5,3.107801101236031,4781004.30556256,14858959.499999996,77.13145721810378,9.23,
2025/09/11 09:00:00,12.33,19.43,15.46,92.94,65.28,83.48,3.1072911013916023,4760898.625482565,14794034.811111113,77.1858328579929,9.24,
2025/09/11 09:15:00,12.22,19.42,15.44,92.89,65.31,83.45,3.107467219749222,4755033.75888259,14776646.475555556,77.24898565059007,9.28,
2025/09/11 09:30:00,12.09,19.43,15.32,92.84,65.33,83.43,3.105296290228962,4757954.829009114,14775376.916666672,77.3317426689043,9.28,
2025/09/11 09:45:00,11.93,19.42,15.29,92.98,65.36,83.4,3.096148903192257,4766206.955484605,14757398.504444448,77.6122378926608,9.37,
2025/09/11 10:00:00,12.42,19.44,15.51,93.48,65.39,83.38,3.0869441950983525,4754305.52137837,14676808.684999995,77.5761182220963,9.32,
2025/09/11 10:15:00,12.4,19.44,15.52,93.11,65.41,83.35,3.1049808836424715,4698186.755791847,14588315.646666665,77.26793067452658,9.33,
2025/09/11 10:30:00,12.49,19.47,15.54,92.75,65.44,83.33,3.122920322598662,4643013.333585116,14500296.225555556,76.8607480072588,9.25,
2025/09/11 10:45:00,12.53,19.46,15.6,92.74,65.47,83.31,3.124450169674968,4612585.027312196,14412334.39555556,76.81276662775221,9.24,
2025/09/11 11:00:00,12.51,19.45,15.55,92.78,65.49,83.28,3.123764692921299,4632606.164168554,14471710.366666673,76.86773388609895,9.29,
2025/09/11 11:15:00,12.65,19.46,15.59,92.82,65.52,83.26,3.133060935126219,4610873.23180083,14446691.208888898,76.76608512953251,9.45,
2025/09/11 11:30:00,12.61,19.48,15.64,92.86,65.55,83.23,3.1261670793442176,4610401.623030324,14413431.413333338,76.84078229615325,9.36,
2025/09/11 11:45:00,12.56,19.48,15.61,92.9,65.57,83.21,3.11875053733511,4603162.553948722,14356653.079999998,76.92530723525493,9.27,
2025/09/11 12:00:00,12.62,19.5,15.65,92.94,65.6,83.18,3.1172305628103536,4565186.726826826,14231274.676666675,76.9021492734422,9.23,
2025/09/11 12:15:00,12.6,19.54,15.65,92.98,65.62,83.16,3.1170048730522324,4557483.151377052,14206225.794444438,76.95707931364288,9.29,
2025/09/11 12:30:00,12.6,19.52,15.64,93.02,65.65,83.13,3.1154126967888662,4545321.492640613,14161080.168888878,76.99252570707998,9.3,
2025/09/11 12:45:00,12.61,19.54,15.65,93.07,65.68,83.11,3.1132716502128606,4536542.616538472,14124014.134999992,77.0270614261154,9.3,
2025/09/11 13:00:00,12.65,19.56,15.67,93.11,65.7,83.08,3.111875305705612,4522705.658267978,14074618.494444441,77.0234012760499,9.28,
2025/09/11 13:15:00,12.68,19.57,15.73,93.15,65.73,83.06,3.1101010477226843,4503401.648086077,14006560.43111111,77.02951949940831,9.26,
2025/09/11 13:30:00,12.68,19.56,15.71,93.19,65.76,83.03,3.1097705580059025,4489190.069754431,13960874.192222217,77.06489528704844,9.3,
2025/09/11 13:45:00,12.59,19.56,15.73,93.23,65.78,83.01,3.0994542908120035,4522163.645814903,14016764.856111113,77.18862583552388,9.18,
2025/09/11 14:00:00,12.64,19.55,15.73,93.27,65.81,82.98,3.101814425013449,4491996.350835683,13933863.264444444,77.17500277906588,9.24,
2025/09/11 14:15:00,12.67,19.59,15.7,93.31,65.84,82.96,3.1038286659577485,4465060.514798379,13859295.315555548,77.18095418299818,9.31,
2025/09/11 14:30:00,12.72,19.57,15.72,93.35,65.86,82.93,3.0988845192679544,4493082.715922966,13924063.486666674,77.16761589331358,9.2,
2025/09/11 14:45:00,12.64,19.57,15.77,93.39,65.89,82.91,3.095804252444319,4472440.7222339995,13846323.149999995,77.2812615526277,9.24,
2025/09/11 15:00:00,12.66,19.52,15.66,93.44,65.91,82.91,3.0957190563965185,4458958.28267015,13804194.555555556,77.30587995206432,9.28,
2025/09/11 15:15:00,12.68,19.53,15.63,93.48,65.94,82.9,3.095271872081436,4454518.6206255015,13788452.675555563,77.32167632890514,9.3,
2025/09/11 15:30:00,12.63,19.49,15.69,93.52,65.97,82.9,3.088078296649452,4462467.981724028,13780968.269444449,77.40615058563554,9.22,
2025/09/11 15:45:00,12.61,19.51,15.67,93.56,65.99,82.9,3.085817215178064,4468544.6096035605,13789624.004444456,77.4611043921703,9.23,
2025/09/11 16:00:00,12.6,19.51,15.71,93.6,66.02,82.9,3.0856237771394173,4461784.111914473,13767903.795555562,77.50619864234167,9.28,
2025/09/11 16:15:00,12.67,19.53,15.73,93.64,66.05,82.89,3.083907960195412,4427820.122528341,13655501.73777778,77.47313892101342,9.23,
2025/09/11 16:30:00,12.71,19.56,15.75,93.68,66.07,82.89,3.0837392645044432,4440789.381775132,13694748.686666671,77.46933656113171,9.24,
2025/09/11 16:45:00,12.77,19.58,15.81,93.72,66.1,82.89,3.0914301677415454,4425117.382906541,13680460.28555556,77.44575182170352,9.42,
2025/09/11 17:00:00,12.83,19.59,15.87,93.77,66.18,82.89,3.087742838031641,4410986.624019973,13620515.021666659,77.43127716187324,9.34,
2025/09/11 17:15:00,12.82,19.59,15.88,93.81,66.25,82.88,3.0853935562665398,4394587.836270262,13559554.133888884,77.47642738306297,9.34,
2025/09/11 17:30:00,12.85,19.59,15.89,93.85,66.33,82.88,3.084869267271679,4373754.152638029,13492979.622222219,77.4823921897727,9.35,
2025/09/11 17:45:00,12.88,19.63,15.92,93.89,66.4,82.88,3.083920514261525,4349894.362298839,13415243.697777769,77.48835967246862,9.35,
2025/09/11 18:00:00,12.84,19.6,15.88,93.93,66.48,82.88,3.0809495151949045,4306315.837999031,13268049.177777769,77.56286632743272,9.36,
2025/09/11 18:15:00,12.87,19.62,15.95,93.97,66.55,82.88,3.077412358474612,4290089.298560787,13202884.835555553,77.56888642746969,9.3,
2025/09/11 18:30:00,12.86,19.61,15.91,94.03,66.62,82.87,3.0749371370572867,4269810.553982995,13129902.5,77.63165397480101,9.32,
2025/09/11 18:45:00,12.88,19.63,16.02,94.11,66.7,82.87,3.0657710561185683,4258733.948081876,13056814.155000001,77.68289673433105,9.19,
2025/09/11 19:00:00,12.88,19.65,15.94,94.2,66.77,82.87,3.0640122183150416,4227179.295773993,12952621.73333334,77.76224891337728,9.25,
2025/09/11 19:15:00,12.83,19.62,15.89,94.29,66.85,82.87,3.063521469505269,4244553.6377993915,13003773.090000007,77.89051372524487,9.38,
2025/09/11 19:30:00,13.21,19.59,16.19,95.29,66.8,82.86,3.031897428983334,4306471.537789667,13057313.54888889,78.39884229224859,9.5,
2025/09/11 19:45:00,13.23,19.6,16.25,95.07,66.74,82.86,3.0382097024707426,4320537.763239682,13127245.877777783,78.18575125581567,9.38,
2025/09/11 20:00:00,13.06,19.59,16.19,94.85,66.67,82.86,3.03938071152084,4341464.622579834,13195905.04833333,78.15884663228718,9.29,
2025/09/11 20:15:00,12.97,19.58,16.05,94.64,66.61,82.86,3.0459453069772753,4342222.239869793,13226695.624999998,78.06209342509757,9.27,
2025/09/11 20:30:00,12.9,19.59,15.96,94.42,66.55,82.86,3.05859139593464,4334233.406189814,13257163.064444445,77.93663904891778,9.36,
2025/09/11 20:45:00,12.82,19.58,15.88,94.2,66.49,82.85,3.0676509379824966,4328739.218755491,13279568.32888889,77.82087787533732,9.38,
2025/09/11 21:00:00,12.76,19.6,15.83,93.99,66.43,82.85,3.076012760810147,4326794.887345426,13309777.4211111,77.69420080729655,9.38,
2025/09/11 21:15:00,12.71,19.58,15.74,93.77,66.37,82.85,3.0856133621120914,4323142.8423688095,13340042.711111102,77.54872632339695,9.39,
2025/09/11 21:30:00,12.65,19.59,15.7,93.55,66.31,82.85,3.0928021783923847,4322775.79131701,13369982.193333326,77.41292231484894,9.35,
2025/09/11 21:45:00,12.59,19.57,15.67,93.6,66.25,82.84,3.0890175710322163,4335170.073517289,13391906.990000002,77.5158692995536,9.37,
2025/09/11 22:00:00,12.89,19.56,15.88,94.79,66.19,82.84,3.033898769557756,4092749.8790736934,12417458.075000005,78.2727123205061,9.23,
2025/09/11 22:15:00,13.34,19.51,16.48,96.57,66.13,82.84,2.947313258529011,3697245.9622753914,10897420.930000007,79.39457423083203,9.01,
2025/09/11 22:30:00,13.48,19.49,16.64,96.39,66.07,82.84,2.9572868148690854,3711493.811550389,10976467.168333339,79.09965171689625,8.95,
2025/09/11 22:45:00,13.53,19.49,16.57,96.2,66.01,82.84,2.969096683574293,3723452.089744156,11055799.040000001,78.88410231864535,8.96,
2025/09/11 23:00:00,13.4,19.47,16.41,96.01,65.95,82.87,2.983035898969225,3988446.722235973,11898206.98,78.84487925342788,9.11,
2025/09/11 23:15:00,13.05,19.47,16.18,94.72,65.89,82.9,3.0427458947192005,4148943.611423037,12624717.105000004,78.05422395263732,9.23,
2025/09/11 23:30:00,12.67,19.46,15.77,93.6,65.83,82.93,3.085466606672335,4441720.818017434,13705310.850000005,77.43777414672981,9.22,
2025/09/11 23:45:00,12.58,19.45,15.65,93.6,65.77,82.95,3.0890666989088893,4469315.407819904,13806532.33666667,77.52564710349735,9.38,
2025/09/12 00:00:00,12.67,19.42,15.64,93.66,66.65,82.8,3.090072326964145,4206003.942052276,12997347.733333325,77.49060602883249,9.4,
2025/09/12 00:15:00,12.75,19.46,15.7,93.69,66.64,82.79,3.0938052018868976,4178260.2451311005,12927215.461111113,77.43878237855006,9.46,
2025/09/12 00:30:00,12.66,19.43,15.65,93.76,66.63,82.78,3.081023684544611,4209349.881185954,12969594.85555556,77.58892529552836,9.31,
2025/09/12 00:45:00,12.71,19.41,15.68,93.89,66.62,82.77,3.076714589242633,4229017.208417212,13011974.249999993,77.65486895006538,9.32,
2025/09/12 01:00:00,12.68,19.38,15.72,94.02,66.61,82.76,3.070899843765314,4214979.205919963,12944279.73055556,77.79906187387132,9.36,
2025/09/12 01:15:00,12.75,19.4,15.81,94.15,66.59,82.76,3.0677102302868837,4225195.962251175,12962187.315000001,77.84529891742932,9.38,
2025/09/12 01:30:00,12.81,19.35,15.9,94.27,66.54,82.75,3.056739838943884,4251520.716840353,12996322.472222216,77.89265059594186,9.22,
2025/09/12 01:45:00,12.78,19.36,15.92,94.4,66.49,82.74,3.0492210632984373,4273139.989618853,13030279.166666666,78.03673979865985,9.22,
2025/09/12 02:00:00,12.75,19.36,15.82,94.53,66.44,82.73,3.0466892144556077,4287906.299612356,13064434.295000006,78.1806334514572,9.33,
2025/09/12 02:15:00,12.86,19.37,15.97,94.66,66.4,82.72,3.03557817073549,4312207.385627502,13090578.453333326,78.18771467875435,9.15,
2025/09/12 02:30:00,12.83,19.36,15.95,94.78,66.35,82.72,3.02808228282189,4336755.045771671,13132585.131111111,78.3228672947901,9.14,
2025/09/12 02:45:00,12.79,19.33,15.83,94.74,66.3,82.71,3.034902235447079,4338277.166760046,13166770.448333329,78.32661034993689,9.27,
2025/09/12 03:00:00,12.89,19.37,15.97,94.67,66.25,82.7,3.04579670169259,4333917.5934030535,13200774.980555557,78.16683960814872,9.36,
2025/09/12 03:15:00,12.87,19.31,15.97,94.6,66.2,82.69,3.0485969281106198,4341152.8564408,13234980.268888883,78.12474325319789,9.36,
2025/09/12 03:30:00,12.86,19.32,15.94,94.53,66.15,82.68,3.0513017576553767,4348519.499927391,13269195.775,78.07284012473481,9.35,
2025/09/12 03:45:00,12.77,19.32,15.93,94.47,66.1,82.68,3.051217872334695,4362424.280388124,13311257.605555566,78.10810904713564,9.35,
2025/09/12 04:00:00,12.78,19.29,15.89,94.4,66.05,82.67,3.050594015202538,4374539.51637944,13345494.360000001,78.03669240590202,9.25,
2025/09/12 04:15:00,12.78,19.3,15.84,94.33,66.0,82.66,3.0558867016762745,4378172.066915464,13379741.33222222,77.97488101255803,9.29,
2025/09/12 04:30:00,12.79,19.27,15.86,94.26,65.95,82.65,3.0560988284233734,4389011.091371483,13413804.616666669,77.90343528542755,9.21,
2025/09/12 04:45:00,12.7,19.26,15.75,94.19,65.9,82.64,3.061866662818993,4405269.406886755,13488889.259999996,77.92963299462734,9.33,
2025/09/12 05:00:00,12.73,19.24,15.73,94.12,65.85,82.64,3.0668088221546492,4425735.935206563,13573432.43055556,77.83843568298035,9.34,
2025/09/12 05:15:00,12.66,19.23,15.7,94.06,65.8,82.63,3.06346316887282,4450566.288585272,13634690.795,77.85412386753606,9.25,
2025/09/12 05:30:00,12.61,19.2,15.69,93.99,65.75,82.62,3.065232937780009,4456841.767148474,13661807.732222224,77.84125211899074,9.25,
2025/09/12 05:45:00,12.55,19.17,15.61,93.92,65.7,82.61,3.0675252033687905,4462281.105390981,13688703.245555552,77.83811568125056,9.27,
2025/09/12 06:00:00,12.46,19.17,15.53,93.85,65.65,82.6,3.066599264299707,4474511.8761730455,13722067.424999991,77.86440810097301,9.24,
2025/09/12 06:15:00,12.44,19.16,15.52,93.78,65.6,82.6,3.0702476122923383,4484499.528897032,13769059.333333332,77.8220606018968,9.26,
2025/09/12 06:30:00,12.43,19.14,15.5,93.71,65.55,82.59,3.0742240499763738,4490459.482986615,13805216.333333338,77.769908772914,9.28,
2025/09/12 06:45:00,12.41,19.13,15.43,93.65,65.5,82.6,3.0773421588546404,4502997.929104051,13857797.249999994,77.7363766435628,9.3,
2025/09/12 07:00:00,12.28,19.11,15.39,93.58,65.46,82.62,3.0737616196362487,4532619.124046819,13932721.66000001,77.80176976854469,9.24,
2025/09/12 07:15:00,12.25,19.1,15.34,93.52,65.41,82.64,3.076946005079849,4554982.550258061,14015964.618333336,77.77796189748739,9.27,
2025/09/12 07:30:00,12.14,19.09,15.25,93.46,65.36,82.66,3.074410863271498,4584776.531888615,14096007.32222222,77.8325479959119,9.23,
2025/09/12 07:45:00,12.04,19.09,15.13,93.39,65.31,82.68,3.0768404028812792,4601729.678919171,14159295.425,77.86825792138049,9.29,
2025/09/12 08:00:00,11.95,19.07,15.06,93.33,65.3,82.69,3.0754314448751594,4611241.849150503,14182059.937222222,77.90319305353886,9.26,
2025/09/12 08:15:00,11.85,19.06,14.99,93.26,65.33,82.71,3.075370999891663,4610782.893740144,14180362.276666662,77.93895627553044,9.26,
2025/09/12 08:30:00,11.75,19.04,15.0,93.2,65.36,82.73,3.075203451265748,4610412.899628797,14178455.500000004,77.98352613264188,9.27,
2025/09/12 08:45:00,11.55,19.05,14.94,93.14,65.39,82.75,3.069567708759619,4618322.991367377,14176743.093333332,78.1259380918054,9.23,
2025/09/12 09:00:00,11.51,19.04,14.89,93.07,65.42,82.77,3.0719692868921737,4614154.038343085,14175023.255555548,78.10291492931292,9.24,
2025/09/12 09:15:00,11.47,19.03,14.88,93.01,65.44,82.79,3.074256710161449,4584182.356900326,14093434.880555559,78.08871879283478,9.26,
2025/09/12 09:30:00,11.73,19.04,14.98,92.98,65.47,82.81,3.087158411952136,4563953.943064421,14090143.943333335,77.80784281075815,9.32,
2025/09/12 09:45:00,11.79,19.02,14.97,92.96,65.5,82.83,3.090639199110111,4557811.725068007,14087048.65333333,77.73142657498747,9.33,
2025/09/12 10:00:00,11.85,19.02,14.97,92.93,65.53,82.85,3.0942384478870784,4551442.585245559,14083746.453333328,77.64615356412051,9.33,
2025/09/12 10:15:00,11.87,19.02,15.07,92.91,65.56,82.86,3.091236129062595,4552157.951280373,14072304.399999995,77.60911843865466,9.21,
2025/09/12 10:30:00,11.86,19.02,15.02,92.89,65.59,82.88,3.093068047716472,4548456.603527149,14069189.02277777,77.60107252496523,9.24,
2025/09/12 10:45:00,11.85,19.03,15.02,92.86,65.62,82.9,3.0957531045429256,4543438.774712629,14065867.2,77.58413179288985,9.28,
2025/09/12 11:00:00,11.87,19.04,15.0,92.84,65.65,82.92,3.0970584296450046,4540450.609500103,14062539.803888885,77.5468507221459,9.27,
2025/09/12 11:15:00,11.89,19.04,15.02,92.82,65.68,82.94,3.099140226878847,4527594.716961769,14032151.784444435,77.50952497525275,9.28,
2025/09/12 11:30:00,11.93,19.05,15.12,92.8,65.71,82.96,3.098374600814645,4517682.621810336,13997983.999999998,77.45285579549369,9.2,
2025/09/12 11:45:00,12.03,19.05,15.11,92.77,65.74,82.98,3.1034093677960533,4499353.826692009,13963846.40444445,77.32845737763742,9.2,
2025/09/12 12:00:00,12.1,19.07,15.16,92.75,65.77,83.0,3.1093076874328065,4479783.49467301,13929538.938333338,77.24212410918668,9.26,
2025/09/12 12:15:00,12.07,19.1,15.11,92.73,65.8,83.02,3.111553462705444,4500942.752099656,14005430.669999996,77.25358160458211,9.32,
2025/09/12 12:30:00,12.01,19.1,15.22,92.7,65.83,83.03,3.107366909470967,4502796.247939139,13992359.57777778,77.28579064817522,9.23,
2025/09/12 12:45:00,11.93,19.12,15.06,92.75,65.86,83.05,3.1028398244695294,4507716.792390518,13987218.409999996,77.40834610066025,9.25,
2025/09/12 13:00:00,11.87,19.13,15.05,92.8,65.89,83.07,3.0986341826518546,4512175.784309579,13982073.758888882,77.51136585955368,9.26,
2025/09/12 13:15:00,12.07,19.15,15.19,92.86,65.92,83.09,3.1011912587850947,4506854.572151362,13977124.987222224,77.36917741998559,9.22,
2025/09/12 13:30:00,12.06,19.17,15.13,92.91,65.95,83.11,3.1003741537110288,4506384.066611201,13971973.253333328,77.42321122572258,9.27,
2025/09/12 13:45:00,12.17,19.18,15.23,92.97,65.98,83.13,3.0972038095446273,4509329.046597721,13966818.036111103,77.36909586071535,9.17,
2025/09/12 14:00:00,12.21,19.18,15.23,93.02,66.01,83.15,3.0965525724228042,4508675.834285463,13961858.35,77.37429127550027,9.18,
2025/09/12 14:15:00,12.25,19.19,15.28,93.08,66.04,83.17,3.100323453420627,4501525.00037696,13956696.049999995,77.3880979969843,9.31,
2025/09/12 14:30:00,12.36,19.22,15.38,93.13,66.07,83.18,3.098059606508129,4500321.489774151,13942785.01000001,77.32498726335236,9.22,
2025/09/12 14:45:00,12.41,19.24,15.36,93.19,66.1,83.17,3.0997505808569117,4486713.506444834,13908207.353333337,77.3291096638749,9.29,
2025/09/12 15:00:00,12.44,19.25,15.46,93.25,66.13,83.16,3.094043432896136,4483749.989832431,13873441.248333335,77.35308856672253,9.2,
2025/09/12 15:15:00,12.49,19.24,15.5,93.3,66.16,83.15,3.100349949333618,4463480.427553678,13838882.633888893,77.34817081720622,9.37,
2025/09/12 15:30:00,12.51,19.28,15.54,93.36,66.19,83.14,3.0984834997649755,4454955.781157812,13804136.500000002,77.38172600696036,9.38,
2025/09/12 15:45:00,12.54,19.32,15.58,93.41,66.22,83.13,3.09746791542455,4445202.668432847,13769400.583888886,77.39662935840275,9.39,
2025/09/12 16:00:00,12.57,19.34,15.58,93.47,66.23,83.12,3.0955591976607435,4442050.406694213,13751153.955,77.4203839141079,9.39,
2025/09/12 16:15:00,12.57,19.35,15.61,93.52,66.22,83.11,3.0914649658603857,4447234.958801444,13748996.726666667,77.46468022858289,9.35,
2025/09/12 16:30:00,12.57,19.34,15.62,93.58,66.21,83.1,3.0901047197808533,4448557.18324707,13747035.610000001,77.5177299522432,9.39,
2025/09/12 16:45:00,12.58,19.32,15.65,93.63,66.2,83.09,3.083425633777031,4457491.94334721,13744878.381666668,77.55231628520657,9.28,
2025/09/12 17:00:00,12.59,19.34,15.66,93.69,66.19,83.08,3.081637430757061,4459442.777254363,13742917.265,77.59556844634099,9.3,
2025/09/12 17:15:00,12.65,19.34,15.7,93.74,66.18,83.07,3.077765024208001,4464351.14024039,13740760.036666654,77.5811747461427,9.22,
2025/09/12 17:30:00,12.65,19.35,15.67,93.8,66.17,83.06,3.0760909462175587,4466145.263533528,13738798.919999998,77.63417001626081,9.25,
2025/09/12 17:45:00,12.68,19.36,15.74,93.85,66.16,83.05,3.081396907076669,4457751.505321089,13736641.691666666,77.6488022154553,9.41,
2025/09/12 18:00:00,12.58,19.34,15.7,93.9,66.15,83.04,3.069122514967874,4474750.8192362245,13734092.24,77.79108321169512,9.26,
2025/09/12 18:15:00,12.6,19.38,15.61,93.88,66.14,83.03,3.076708622096169,4458751.397540091,13718795.53,77.75365095135712,9.4,
2025/09/12 18:30:00,12.62,19.38,15.62,93.86,66.13,83.02,3.078803047668626,4450749.407315112,13703498.82,77.71638458615291,9.41,
2025/09/12 18:45:00,12.63,19.38,15.64,93.84,66.12,83.01,3.08054589181206,4443264.922651307,13688202.11,77.68890821904353,9.42,
2025/09/12 19:00:00,12.66,19.39,15.7,93.81,66.11,83.0,3.079377936705732,4440744.9005938275,13675258.739999998,77.63310425476593,9.33,
2025/09/12 19:15:00,12.64,19.39,15.7,93.79,66.1,82.99,3.0805109821158245,4439175.112776799,13675454.851666668,77.63498113428021,9.35,
2025/09/12 19:30:00,12.58,19.38,15.63,93.77,66.09,82.98,3.077312507687882,4443919.523368085,13675847.075,77.67610297112343,9.3,
2025/09/12 19:45:00,12.66,19.38,15.67,93.75,66.08,82.97,3.0780564144255393,4442907.3483937755,13676043.186666666,77.58020773456317,9.23,
2025/09/12 20:00:00,12.68,19.36,15.64,93.73,66.07,82.96,3.080191343326335,4439891.850473872,13676239.298333334,77.5429241792906,9.24,
2025/09/12 20:15:00,12.7,19.36,15.7,93.71,66.06,82.95,3.0890481182320793,4427221.974544538,13676435.41,77.50544846033044,9.41,
2025/09/12 20:30:00,12.7,19.35,15.77,93.69,66.05,82.94,3.0841910894695634,4434254.1546786865,13676631.521666665,77.48792240791595,9.27,
2025/09/12 20:45:00,12.63,19.35,15.63,93.67,66.04,82.93,3.084032410732965,4434616.137065026,13677023.745,77.53872139158858,9.3,
2025/09/12 21:00:00,12.57,19.33,15.63,93.65,66.03,82.92,3.0833493745386082,4435661.251288158,13677219.85666667,77.57975253111175,9.31,
2025/09/12 21:15:00,12.55,19.34,15.61,93.63,66.02,82.92,3.084061574390422,4437327.46662424,13685513.90555556,77.58162381371916,9.32,
2025/09/12 21:30:00,12.53,19.34,15.6,93.61,66.01,82.91,3.084768176767146,4436375.050087794,13685710.133333325,77.58349309209356,9.33,
2025/09/12 21:45:00,12.61,19.34,15.57,93.59,66.0,82.9,3.0893984991589023,4429790.395030148,13685906.361111114,77.48746755391961,9.35,
2025/09/12 22:00:00,12.55,19.34,15.6,93.57,65.99,82.89,3.0857884145052292,4435098.95754078,13686298.81666667,77.52858312766644,9.29,
2025/09/12 22:15:00,12.53,19.34,15.62,93.55,65.98,82.88,3.0860817761612016,4434740.0077911215,13686495.044444434,77.53046178525656,9.29,
2025/09/12 22:30:00,12.52,19.34,15.63,93.53,65.98,82.88,3.0871439070865483,4433277.252166323,13686691.272222213,77.52253533456467,9.3,
2025/09/12 22:45:00,12.51,19.35,15.61,93.51,65.97,82.89,3.0877877346813523,4437535.9617356025,13702692.079999998,77.51462251001867,9.3,
2025/09/12 23:00:00,12.53,19.34,15.61,93.49,65.96,82.89,3.0903139532574544,4436337.469216568,13710200.869444449,77.47731762988823,9.32,
2025/09/12 23:15:00,12.63,19.34,15.59,93.47,65.95,82.9,3.096072380429323,4433190.6291831415,13726003.591666669,77.36170269414595,9.35,
2025/09/12 23:30:00,12.6,19.33,15.66,93.45,65.94,82.9,3.094356572092251,4438134.886542276,13733707.680000007,77.37341497344906,9.31,
2025/09/12 23:45:00,12.5,19.34,15.59,93.43,65.94,82.91,3.0926465831941607,4443019.803005105,13741214.263333332,77.45355216043367,9.33,
2025/09/13 00:00:00,12.49,19.33,15.58,93.41,65.92,82.93,3.0936923183456577,4452242.342065635,13774393.710000003,77.44561811140518,9.34,
2025/09/13 00:15:00,12.42,19.33,15.4,93.39,65.92,82.94,3.091809763117697,4457452.375927132,13782096.288888883,77.49642241592626,9.33,
2025/09/13 00:30:00,12.55,19.33,15.54,93.38,65.91,82.95,3.09891611538464,4452386.150140167,13798093.613333335,77.36029211423148,9.38,
2025/09/13 00:45:00,12.56,19.33,15.57,93.37,65.9,82.95,3.0969304466324155,4457854.292385472,13806191.086111106,77.34173944202536,9.31,
2025/09/13 01:00:00,12.49,19.33,15.58,93.36,65.9,82.96,3.095768284117153,4462398.920206161,13815080.901111102,77.40135919051126,9.33,
2025/09/13 01:15:00,12.57,19.32,15.64,93.35,65.89,82.97,3.095336404939242,4468506.743894914,13832070.046666663,77.31435828691411,9.24,
2025/09/13 01:30:00,12.58,19.31,15.61,93.34,65.88,82.98,3.096615959420219,4472147.890957095,13849061.050000004,77.29569836086675,9.25,
2025/09/13 01:45:00,12.56,19.3,15.61,93.33,65.88,82.99,3.0968336914519954,4474704.678844048,13857954.580555553,77.30639909934808,9.26,
2025/09/13 02:00:00,12.51,19.27,15.53,93.32,65.87,82.99,3.0996719069118677,4473478.881458163,13866849.03999999,77.34632595422879,9.36,
2025/09/13 02:15:00,12.45,19.28,15.47,93.31,65.86,83.0,3.0976378308834733,4481906.1711067455,13883844.687777778,77.39619212174215,9.35,
2025/09/13 02:30:00,12.39,19.27,15.4,93.3,65.86,83.01,3.093989530491896,4490069.351497684,13892741.469444446,77.44611535140398,9.3,
2025/09/13 02:45:00,12.36,19.25,15.35,93.28,65.85,83.02,3.095929889717615,4492746.871181218,13909740.368333334,77.45767579571726,9.35,
2025/09/13 03:00:00,12.42,19.25,15.37,93.27,65.85,83.02,3.0961303075873037,4492777.123707692,13910737.182222223,77.39020389058221,9.29,
2025/09/13 03:15:00,12.38,19.23,15.35,93.26,65.84,83.03,3.0956201031712003,4499009.688943273,13927739.099999998,77.42046552805067,9.3,
2025/09/13 03:30:00,12.34,19.23,15.37,93.24,65.83,83.04,3.0955995469328332,4504595.936784161,13944942.702777784,77.44186464775501,9.31,
2025/09/13 03:45:00,12.35,19.2,15.36,93.23,65.83,83.05,3.0968511046598337,4505713.661839081,13954045.233333332,77.42320528571938,9.32,
2025/09/13 04:00:00,12.33,19.2,15.41,93.21,65.82,83.06,3.093439962171534,4516177.890677123,13971052.72444445,77.4252135263241,9.23,
2025/09/13 04:15:00,12.32,19.19,15.37,93.2,65.81,83.06,3.0948335200258503,4517087.541936858,13980158.041666668,77.42607607839142,9.26,
2025/09/13 04:30:00,12.23,19.18,15.36,93.18,65.81,83.07,3.0934617699786813,4521969.579749024,13989064.112222213,77.49635715960831,9.28,
2025/09/13 04:45:00,12.24,19.16,15.29,93.17,65.8,83.08,3.095118053925784,4525112.94113853,14006277.12,77.47767631545265,9.3,
2025/09/13 05:00:00,12.26,19.15,15.29,93.16,65.79,83.09,3.0971197097224135,4527681.220440932,14023291.577777775,77.4492158706717,9.32,
2025/09/13 05:15:00,12.22,19.13,15.3,93.14,65.79,83.09,3.093452910344398,4533371.710758176,14024295.938888885,77.47076445269747,9.24,
2025/09/13 05:30:00,12.22,19.12,15.31,93.13,65.78,83.1,3.094768608917528,4537006.975062998,14041514.519999992,77.46185946173935,9.26,
2025/09/13 05:45:00,12.23,19.11,15.29,93.11,65.78,83.11,3.0973275113850334,4536136.108478187,14050426.512222217,77.43429167275441,9.29,
2025/09/13 06:00:00,12.26,19.08,15.3,93.1,65.77,83.12,3.09517830398296,4544848.313331594,14067648.925000006,77.39626631715298,9.2,
2025/09/13 06:15:00,12.24,19.08,15.29,93.08,65.76,83.12,3.0979526549374925,4543655.845802929,14076563.355555555,77.39797109311077,9.26,
2025/09/13 06:30:00,12.23,19.07,15.25,93.07,65.76,83.13,3.097686356716588,4546990.8910351535,14085680.399999993,77.39890656354937,9.25,
2025/09/13 06:45:00,12.21,19.05,15.24,93.05,65.75,83.13,3.097559208951649,4550055.515773924,14094596.80444444,77.4007565321833,9.24,
2025/09/13 07:00:00,12.19,19.04,15.24,93.04,65.74,83.13,3.0969355506463585,4553915.896518195,14103716.055000002,77.41147261671648,9.23,
2025/09/13 07:15:00,12.12,19.03,15.2,93.03,65.74,83.13,3.0945455031019073,4557760.854324833,14104725.641111111,77.47108996782435,9.22,
2025/09/13 07:30:00,12.09,19.0,15.09,93.01,65.73,83.14,3.0965024122747664,4567499.034920745,14143790.179444442,77.48258345282491,9.27,
2025/09/13 07:45:00,12.11,19.0,15.1,93.0,65.75,83.14,3.0948531187937336,4589604.922965537,14204674.666111112,77.45431070261215,9.2,
2025/09/13 08:00:00,12.12,18.98,15.12,92.98,65.79,83.14,3.0986464643412317,4503293.762823178,13954633.916666662,77.42665764627924,9.26,
2025/09/13 08:15:00,12.06,18.99,15.19,92.97,65.82,83.14,3.09498208393943,4550923.133507554,14085556.39333334,77.47657416599196,9.21,
2025/09/13 08:30:00,12.07,18.97,15.13,92.95,65.86,83.15,3.09754815159365,4531371.825259274,14036666.53277778,77.4489844203618,9.24,
2025/09/13 08:45:00,12.08,18.95,15.05,92.94,65.9,83.15,3.1019483060420163,4506600.707984201,13979757.458333332,77.43015731094856,9.33,
2025/09/13 09:00:00,12.11,18.95,15.16,92.93,65.94,83.15,3.0983181871160714,4524244.478274187,14018079.466111116,77.39221865957121,9.2,
2025/09/13 09:15:00,12.02,18.94,15.13,92.91,65.98,83.16,3.095713064741727,4520224.116265949,13993843.013333326,77.46250818556784,9.19,
2025/09/13 09:30:00,11.94,18.94,15.02,92.9,66.01,83.16,3.096201917799898,4511623.107429782,13969406.733333325,77.53168925207274,9.26,
2025/09/13 09:45:00,11.99,18.93,15.0,92.9,66.05,83.16,3.0983733425921662,4498010.24343837,13937023.692777775,77.48278224706037,9.27,
2025/09/13 10:00:00,12.09,18.92,15.1,92.9,66.09,83.16,3.0965844030962004,4490082.642161622,13904441.521666659,77.3853169048783,9.14,
2025/09/13 10:15:00,12.04,18.91,15.09,92.9,66.13,83.17,3.0977367287474973,4480587.9080182165,13880202.746666674,77.43402939593918,9.21,
2025/09/13 10:30:00,11.94,18.92,15.05,92.9,66.17,83.17,3.0941992968921284,4475182.9372677095,13847620.11111111,77.53180655772331,9.21,
2025/09/13 10:45:00,11.88,18.91,14.96,92.95,66.2,83.17,3.09279161054778,4469386.010715427,13823380.174999999,77.63465093336396,9.29,
2025/09/13 11:00:00,11.89,18.92,14.99,93.0,66.24,83.18,3.0871043376643708,4469703.782929964,13798942.85000001,77.66944181602115,9.2,
2025/09/13 11:15:00,11.93,18.92,14.96,93.05,66.28,83.18,3.086458076793305,4457541.5539751975,13758510.638888892,77.67465514273226,9.21,
2025/09/13 11:30:00,11.97,18.92,15.08,93.1,66.32,83.18,3.0807424042518443,4445769.3212433625,13696777.38000001,77.68018209052107,9.1,
2025/09/13 11:45:00,11.96,18.94,15.04,93.15,66.35,83.18,3.0804974408027377,4428825.936864549,13643484.47000001,77.73412144662993,9.16,
2025/09/13 12:00:00,11.95,18.95,15.0,93.2,66.39,83.19,3.0814077041271455,4480270.852834405,13806038.399999995,77.78800450571985,9.25,
2025/09/13 12:15:00,11.94,18.95,14.99,93.26,66.43,83.19,3.0772965402410373,4450660.608055125,13696493.604444437,77.85101015596427,9.23,
2025/09/13 12:30:00,11.93,18.96,15.02,93.3,66.47,83.19,3.075798001951193,4430713.97642716,13628471.999999998,77.89619262350698,9.25,
2025/09/13 12:45:00,12.1,18.98,15.14,93.27,66.51,83.2,3.084438123088645,4410244.624425111,13603631.421111107,77.70327547928125,9.28,
2025/09/13 13:00:00,12.2,18.99,15.18,93.25,66.54,83.2,3.0909458908361285,4392984.136324042,13578985.676666664,77.58764947606032,9.33,
2025/09/13 13:15:00,12.24,19.02,15.29,93.22,66.58,83.2,3.088512377112278,4385761.4872059915,13545997.116666669,77.52218898185204,9.2,
2025/09/13 13:30:00,12.13,19.05,15.21,93.23,66.62,83.2,3.087059957567122,4377207.133332556,13513202.926666664,77.63850493112989,9.27,
2025/09/13 13:45:00,12.35,19.07,15.32,93.36,66.66,83.21,3.093579010929093,4359951.003293481,13488367.688888885,77.53825889218044,9.4,
2025/09/13 14:00:00,12.42,19.1,15.46,93.5,66.7,83.21,3.0825998249650346,4364838.184077349,13455575.70499999,77.59395687231093,9.24,
2025/09/13 14:15:00,12.59,19.14,15.6,93.63,66.73,83.2,3.0846183888462844,4351284.782004725,13422593.414999997,77.54249716599807,9.3,
2025/09/13 14:30:00,12.57,19.17,15.58,93.76,66.77,83.19,3.0799616871882733,4344389.163948115,13381082.183333335,77.67697410496373,9.36,
2025/09/13 14:45:00,12.57,19.17,15.63,93.89,66.81,83.18,3.0739321162490305,4338788.286905326,13337674.857222224,77.79188865248125,9.37,
2025/09/13 15:00:00,12.57,19.2,15.61,94.03,66.85,83.17,3.0670065616349462,4334503.273008481,13294473.280000005,77.91559670453768,9.37,
2025/09/13 15:15:00,12.65,19.24,15.7,94.16,66.89,83.16,3.059026923078492,4331629.399738909,13251097.884444438,77.95219532634806,9.27,
2025/09/13 15:30:00,12.67,19.24,15.71,94.29,66.92,83.15,3.0536861142452203,4327673.333287713,13215881.616666667,78.04734830655663,9.28,
2025/09/13 15:45:00,12.67,19.26,15.74,94.42,66.94,83.15,3.047669499880536,4330070.6335709635,13197149.062777784,78.16203878071055,9.29,
2025/09/13 16:00:00,12.66,19.27,15.72,94.5,66.95,83.14,3.0438046455807077,4329356.643496416,13178234.562777774,78.24238397788017,9.3,
2025/09/13 16:15:00,12.71,19.29,15.77,94.51,66.95,83.13,3.0454429322406185,4323551.520427919,13167652.544444438,78.2022077730119,9.31,
2025/09/13 16:30:00,12.76,19.32,15.78,94.52,66.95,83.12,3.0470843012554645,4317751.683507773,13157073.545000002,78.16202932939278,9.32,
2025/09/13 16:45:00,12.81,19.35,15.84,94.52,66.96,83.11,3.0456238437124994,4313677.434141586,13138362.35555556,78.11313051602639,9.25,
2025/09/13 17:00:00,12.78,19.37,15.81,94.53,66.96,83.1,3.0472664413051063,4307823.948114169,13127603.500000002,78.15125210145257,9.32,
2025/09/13 17:15:00,12.77,19.4,15.83,94.53,66.97,83.09,3.049973439268096,4297869.707894519,13108903.108888892,78.16098656202529,9.39,
2025/09/13 17:30:00,12.94,19.42,15.95,94.54,66.97,83.08,3.050846653174282,4293172.195950314,13098339.319999998,78.00332754635195,9.29,
2025/09/13 17:45:00,12.87,19.44,15.92,94.55,66.98,83.07,3.0479766587787713,4293476.117022691,13086935.583333325,78.08073661135319,9.29,
2025/09/13 18:00:00,12.9,19.46,15.95,94.55,66.98,83.06,3.048992423774725,4291643.282817542,13085710.146666665,78.05134000240398,9.29,
2025/09/13 18:15:00,13.07,19.46,16.01,94.56,66.98,83.05,3.0630001143336645,4271609.75135991,13084476.11777777,77.89345482069768,9.49,
2025/09/13 18:30:00,13.0,19.48,16.04,94.57,66.99,83.04,3.0549634613656074,4279773.929462869,13075087.025000008,77.97090333045162,9.37,
2025/09/13 18:45:00,12.94,19.48,16.03,94.57,66.99,83.03,3.049799779673494,4286609.4006300615,13073831.515555559,78.0297623488047,9.3,
2025/09/13 19:00:00,12.99,19.48,16.04,94.58,67.0,83.02,3.0509950389640004,4281842.350465585,13064412.349999996,77.9895781527555,9.3,
2025/09/13 19:15:00,12.99,19.48,16.05,94.58,67.0,83.01,3.0509946762191094,4272894.115184057,13037110.215555558,77.98957815275556,9.3,
2025/09/13 19:30:00,13.07,19.5,16.04,94.59,67.0,83.0,3.0527519230574156,4257606.018134952,12997942.222222222,77.91999880113048,9.29,
2025/09/13 19:45:00,13.0,19.48,16.11,94.6,67.01,82.99,3.044716146268324,4253387.289945884,12950894.232222212,77.99757214944424,9.18,
2025/09/13 20:00:00,12.99,19.48,16.08,94.6,67.01,82.98,3.046286569954426,4248048.7353504,12941306.35722222,78.00730859582826,9.22,
2025/09/13 20:15:00,12.98,19.47,16.05,94.61,67.02,82.97,3.0473188818264805,4242750.8758675195,12929544.069444444,78.02586675991036,9.26,
2025/09/13 20:30:00,12.98,19.46,16.03,94.62,67.02,82.96,3.0472806207694463,4241602.208116293,12925879.718888888,78.03466737968849,9.27,
2025/09/13 20:45:00,12.93,19.46,16.02,94.62,67.03,82.95,3.04513234015018,4240726.358582471,12914097.924444444,78.08368117096961,9.26,
2025/09/13 21:00:00,12.94,19.46,16.02,94.63,67.03,82.94,3.0449690923340333,4239806.455027103,12910604.37333333,78.08269431579134,9.26,
2025/09/13 21:15:00,12.92,19.46,16.01,94.64,67.03,82.93,3.0433322924697643,4240876.936525452,12906920.400000002,78.11112100262115,9.25,
2025/09/13 21:30:00,12.94,19.44,16.01,94.64,67.04,82.92,3.0435387792386517,4236708.041145612,12895110.506666664,78.09153447728613,9.24,
2025/09/13 21:45:00,12.96,19.45,16.01,94.65,67.04,82.91,3.0432420045803914,4235906.656454698,12891412.59999999,78.08076028423741,9.23,
2025/09/13 22:00:00,12.93,19.44,15.94,94.65,67.05,82.92,3.0445546894300883,4235535.667194652,12895835.040000003,78.11009494009386,9.28,
2025/09/13 22:15:00,12.85,19.43,15.89,94.66,67.05,82.95,3.047965655995265,4240309.2557738675,12924828.216666669,78.197181050522,9.43,
2025/09/13 22:30:00,12.86,19.43,15.93,94.67,67.06,82.97,3.043007370997293,4251345.041311577,12937390.626111107,78.19627364017732,9.32,
2025/09/13 22:45:00,12.92,19.43,15.94,94.67,67.06,83.0,3.0463750011159405,4256110.156487279,12966227.401111107,78.13744891620014,9.35,
2025/09/13 23:00:00,12.99,19.51,16.0,94.68,67.06,83.03,3.049579257077385,4261099.9639747925,12995080.89611111,78.07763937898035,9.38,
2025/09/13 23:15:00,12.95,19.53,16.09,94.69,67.07,83.06,3.044597070354489,4274939.356551538,13015996.80333334,78.12570872394666,9.31,
2025/09/13 23:30:00,12.95,19.51,15.99,94.69,67.09,83.08,3.0472820440759474,4272638.602797337,13020452.683333328,78.12565775686163,9.37,
2025/09/13 23:45:00,12.92,19.49,15.97,94.7,67.18,83.11,3.0457663134271478,4260182.049300363,12976034.609999996,78.16386883319099,9.37,
2025/09/14 00:00:00,12.96,19.49,16.03,94.6,66.88,82.89,3.048523653203619,4254103.103114755,12969258.946111113,78.03661719210058,9.29,
2025/09/14 00:15:00,12.91,19.5,16.03,94.46,66.8,82.89,3.0547256644063636,4266680.042147298,13034064.737222224,77.96216466604344,9.31,
2025/09/14 00:30:00,12.86,19.47,16.04,94.32,66.72,82.89,3.0600058795181924,4277179.5139564015,13088731.938333334,77.8876617335318,9.31,
2025/09/14 00:45:00,12.94,19.52,16.02,94.18,66.63,82.89,3.0710716678222956,4278851.722847987,13141191.983333336,77.68570989114829,9.34,
2025/09/14 01:00:00,12.84,19.47,15.95,94.05,66.55,82.89,3.073671850850559,4299044.699554369,13214384.944444446,77.66889538787606,9.33,
2025/09/14 01:15:00,12.67,19.43,15.72,93.97,66.46,82.89,3.069180724716989,4331855.3273620615,13295753.86944445,77.76479601227608,9.27,
2025/09/14 01:30:00,12.65,19.42,15.68,93.94,66.38,82.89,3.071716381678769,4352226.236379977,13369310.955000006,77.75781694823402,9.31,
2025/09/14 01:45:00,12.64,19.39,15.73,93.9,66.3,82.89,3.070755731956272,4377502.494006371,13442760.870000003,77.7323505824301,9.25,
2025/09/14 02:00:00,12.66,19.4,15.73,93.86,66.21,82.88,3.074317308034735,4393893.758578218,13508745.653333336,77.67738334068835,9.27,
2025/09/14 02:15:00,12.73,19.36,15.8,93.82,66.13,82.88,3.0829960561915377,4402924.394098048,13574741.583333332,77.57336323415093,9.37,
2025/09/14 02:30:00,12.73,19.35,15.78,93.78,66.04,82.88,3.084571458482823,4424701.770792476,13648853.679999992,77.53801318766325,9.36,
2025/09/14 02:45:00,12.69,19.39,15.86,93.74,65.96,82.88,3.078254826857929,4455225.870803498,13714872.600000001,77.54204760645274,9.2,
2025/09/14 03:00:00,12.62,19.35,15.71,93.7,65.88,82.88,3.0813336461360388,4472207.658890655,13780902.666666664,77.57507315253571,9.28,
2025/09/14 03:15:00,12.65,19.35,15.65,93.66,65.79,82.88,3.088959978410979,4485171.801446599,13855050.989999987,77.5101932761726,9.39,
2025/09/14 03:30:00,12.64,19.39,15.71,93.63,65.71,82.88,3.09009571014481,4504897.187677311,13921104.046666667,77.49344618499718,9.39,
2025/09/14 03:45:00,12.62,19.37,15.73,93.59,65.62,82.87,3.08724240308294,4530132.9309708495,13986166.791666666,77.4777584026524,9.29,
2025/09/14 04:00:00,12.57,19.4,15.67,93.55,65.54,82.87,3.089565155174414,4547268.891191296,14049621.629999995,77.49124028312747,9.34,
2025/09/14 04:15:00,12.54,19.37,15.62,93.51,65.46,82.87,3.089672904791122,4567578.53590948,14112861.31444445,77.48523151582694,9.32,
2025/09/14 04:30:00,12.5,19.32,15.54,93.47,65.37,82.87,3.0898397563065414,4590483.5085625965,14184394.58333333,77.48899014925377,9.31,
2025/09/14 04:45:00,12.46,19.37,15.57,93.43,65.29,82.87,3.092846285388825,4606524.499157931,14247808.666666664,77.49264527188498,9.37,
2025/09/14 05:00:00,12.43,19.32,15.51,93.39,65.2,82.87,3.0929655059702013,4629398.718785703,14319108.320000002,77.48660987873563,9.35,
2025/09/14 05:15:00,12.41,19.32,15.45,93.33,65.12,82.87,3.0936164853113652,4648915.851011322,14382494.652777778,77.4531022415417,9.31,
2025/09/14 05:30:00,12.39,19.35,15.48,93.26,65.04,82.86,3.096784466735864,4661940.292053701,14437559.069999991,77.41064998565729,9.32,
2025/09/14 05:45:00,12.38,19.27,15.39,93.2,64.95,82.86,3.1002027717125915,4679849.839643555,14509020.349999996,77.36724359645842,9.34,
2025/09/14 06:00:00,12.37,19.3,15.46,93.14,64.87,82.87,3.0979148668656884,4706298.929694228,14580258.0,77.32406692047118,9.22,
2025/09/14 06:15:00,12.43,19.28,15.42,93.07,64.78,82.87,3.105199246332747,4718261.701886397,14651688.975000001,77.20324162431018,9.26,
2025/09/14 06:30:00,12.49,19.27,15.43,93.01,64.7,82.88,3.1115608340837757,4731564.838959152,14723105.319999991,77.09129772758321,9.29,
2025/09/14 06:45:00,12.38,19.26,15.48,92.95,64.62,82.88,3.107320442749398,4758322.818045906,14786197.311111102,77.1458564612891,9.21,
2025/09/14 07:00:00,12.36,19.3,15.47,92.89,64.53,82.88,3.111258275517026,4775246.194259921,14857584.163888885,77.11211863568452,9.25,
2025/09/14 07:15:00,12.33,19.24,15.43,92.82,64.45,82.89,3.1132624794882027,4836426.4038894195,15057635.828888888,77.07937782999674,9.24,
2025/09/14 07:30:00,12.31,19.22,15.35,93.3,64.45,82.89,3.0891065302996252,4873627.078852492,15055708.848888887,77.52447805732555,9.25,
2025/09/14 07:45:00,12.35,19.27,15.39,93.31,64.49,82.9,3.095661044567695,4851045.732962641,15017747.830555564,77.4939840229458,9.39,
2025/09/14 08:00:00,12.34,19.23,15.35,93.31,64.54,82.9,3.0953053925016736,4834018.962838022,14963317.379999995,77.50376743331239,9.39,
2025/09/14 08:15:00,12.34,19.21,15.34,93.32,64.58,82.91,3.094811909705152,4821044.09670558,14920776.823333332,77.51262533218235,9.39,
2025/09/14 08:30:00,12.36,19.18,15.37,93.32,64.62,82.91,3.0923434045893563,4808455.173260931,14869952.899999993,77.49316744162702,9.31,
2025/09/14 08:45:00,12.25,19.2,15.3,93.33,64.67,82.92,3.0859289938743397,4801942.996225049,14818996.958333332,77.60973523974002,9.26,
2025/09/14 09:00:00,12.15,19.18,15.28,93.33,64.71,82.92,3.0828320161343896,4790265.113228309,14768121.830000008,77.70754500279733,9.27,
2025/09/14 09:15:00,12.14,19.16,15.2,93.33,64.75,82.92,3.0836981708438205,4772450.904866282,14717327.514999999,77.71727116353325,9.3,
2025/09/14 09:30:00,12.13,19.18,15.17,93.34,64.8,82.93,3.083256582276533,4758532.511629611,14672297.768333338,77.73589431980463,9.31,
2025/09/14 09:45:00,12.11,19.16,15.23,93.34,64.84,82.93,3.0801187435861697,4755731.687618915,14648748.345,77.75557318369847,9.25,
2025/09/14 10:00:00,12.17,19.14,15.19,93.35,64.88,82.94,3.081724495710964,4748297.586197062,14633472.186666666,77.70573638012168,9.25,
2025/09/14 10:15:00,12.12,19.1,15.19,93.35,64.93,82.94,3.0778855329205324,4743977.666540636,14601950.690555548,77.75476017399461,9.2,
2025/09/14 10:30:00,12.08,19.1,15.16,93.36,64.97,82.95,3.076421953670738,4737719.279678116,14575748.708888892,77.8027250897071,9.21,
2025/09/14 10:45:00,12.11,19.11,15.18,93.36,65.02,82.95,3.0787192726678483,4718110.6510807,14526263.430555562,77.77331113211228,9.24,
2025/09/14 11:00:00,12.14,19.1,15.22,93.37,65.06,82.95,3.0754433620726815,4709625.787717823,14484717.017222224,77.75303381823817,9.15,
2025/09/14 11:15:00,12.16,19.14,15.23,93.37,65.1,82.96,3.0848105339564373,4684561.132711068,14451510.284444442,77.73304307406485,9.36,
2025/09/14 11:30:00,12.18,19.14,15.21,93.38,65.15,82.96,3.082234162462783,4672400.345939237,14401953.597777765,77.72244885143323,9.29,
2025/09/14 11:45:00,12.2,19.14,15.21,93.38,65.19,82.97,3.0849429508234283,4657556.471415679,14368817.11222222,77.70279987393688,9.34,
2025/09/14 12:00:00,12.23,19.16,15.32,93.39,65.23,82.97,3.0805839382623206,4650708.355967103,14327428.14555555,77.68252715373622,9.22,
2025/09/14 12:15:00,12.34,19.18,15.38,93.39,65.28,82.98,3.081826844462843,4650018.378667831,14331088.200000001,77.57503218376237,9.16,
2025/09/14 12:30:00,12.35,19.22,15.37,93.4,65.32,82.98,3.091221389771329,4638345.978628943,14338686.743333342,77.57369329586484,9.39,
2025/09/14 12:45:00,12.38,19.25,15.41,93.4,65.36,82.99,3.093448279561259,4640035.913230199,14354246.096666662,77.54430934809767,9.42,
2025/09/14 13:00:00,12.37,19.28,15.47,93.42,65.41,82.99,3.089759206478739,4645281.800566315,14353340.429999996,77.57187036584713,9.36,
2025/09/14 13:15:00,12.37,19.28,15.41,93.44,65.45,82.99,3.085519728592497,4629995.04786171,14286467.396666659,77.58969916946461,9.28,
2025/09/14 13:30:00,12.39,19.25,15.44,93.46,65.5,83.0,3.0852277481608126,4602089.203555444,14199024.583333332,77.58783452711906,9.28,
2025/09/14 13:45:00,12.41,19.24,15.43,93.49,65.54,83.0,3.084440714488492,4594713.530992028,14172651.569999993,77.59481958072129,9.28,
2025/09/14 14:00:00,12.42,19.25,15.42,93.51,65.58,83.0,3.083799288324829,4587174.927060061,14146452.955555554,77.6027361595206,9.28,
2025/09/14 14:15:00,12.44,19.3,15.47,93.53,65.63,83.01,3.083506819998166,4579039.202653643,14120023.74444445,77.60086433225234,9.28,
2025/09/14 14:30:00,12.5,19.33,15.52,93.55,65.67,83.01,3.087510943174605,4558857.724097444,14076050.376666669,77.55974031340128,9.35,
2025/09/14 14:45:00,12.55,19.34,15.56,93.57,65.71,83.01,3.092642499779687,4536051.29751624,14028916.000000007,77.52840208245858,9.46,
2025/09/14 15:00:00,12.56,19.34,15.57,93.6,65.76,83.01,3.0915161346169517,4519794.757538932,13973548.416666666,77.54515889440478,9.46,
2025/09/14 15:15:00,12.57,19.39,15.58,93.62,65.8,83.01,3.0908846305972495,4537971.2460478805,14026871.863888895,77.55306571053131,9.46,
2025/09/14 15:30:00,12.61,19.43,15.63,93.64,65.82,83.01,3.0917023959536545,4515617.430903658,13961470.655000009,77.53160161265272,9.47,
2025/09/14 15:45:00,12.59,19.44,15.66,93.66,65.84,83.02,3.082709840507085,4507519.724755187,13895898.87888888,77.56904890883177,9.29,
2025/09/14 16:00:00,12.62,19.45,15.65,93.68,65.86,83.02,3.0831871587721937,4541188.947771069,14001860.253333328,77.55735552731772,9.3,
2025/09/14 16:15:00,12.71,19.48,15.68,93.71,65.88,83.02,3.081796323356075,4495969.630257264,13856181.68,77.49588316837114,9.23,
2025/09/14 16:30:00,12.64,19.52,15.72,93.73,65.9,83.02,3.08010972072452,4494473.31572556,13843989.084444433,77.5820378656524,9.27,
2025/09/14 16:45:00,12.68,19.56,15.75,93.75,65.91,83.02,3.080504393175446,4500559.371053954,13864510.56222222,77.56055947346385,9.27,
2025/09/14 17:00:00,12.71,19.56,15.75,93.77,65.93,83.02,3.080983356106322,4509992.232411187,13895729.937222213,77.54885361309366,9.28,
2025/09/14 17:15:00,12.71,19.58,15.75,93.79,65.95,83.03,3.079985242805766,4506947.680636091,13881847.808888886,77.5665347947303,9.28,
2025/09/14 17:30:00,12.71,19.57,15.75,93.82,65.97,83.03,3.078919797727743,4487337.23932388,13816665.585555557,77.59303999219233,9.29,
2025/09/14 17:45:00,12.71,19.56,15.76,93.84,65.99,83.03,3.0779212529122213,4490793.40775604,13822825.280000003,77.61071814352667,9.29,
2025/09/14 18:00:00,12.7,19.56,15.76,93.86,66.01,83.03,3.07700728004038,4484350.2602913845,13798894.083333328,77.63817325768859,9.3,
2025/09/14 18:15:00,12.75,19.54,15.78,93.88,66.03,83.03,3.0847806876397867,4463248.436546337,13768664.555555554,77.60674584517142,9.47,
2025/09/14 18:30:00,12.72,19.55,15.76,93.9,66.05,83.03,3.0799153880976458,4475923.43919051,13785982.760000004,77.65383448211904,9.4,
2025/09/14 18:45:00,12.72,19.55,15.75,93.93,66.07,83.04,3.0784265401356956,4486396.232831778,13811557.741666676,77.68034415645744,9.4,
2025/09/14 19:00:00,12.73,19.54,15.73,93.95,66.09,83.04,3.077783580826306,4492979.557223406,13828934.350000001,77.68822364546175,9.4,
2025/09/14 19:15:00,12.73,19.58,15.77,93.97,66.11,83.04,3.076377730085085,4448963.24429092,13687201.464444447,77.70590167887282,9.39,
2025/09/14 19:30:00,12.76,19.55,15.79,93.99,66.13,83.04,3.0764289787444157,4446630.819713944,13680260.458333341,77.69419265129845,9.39,
2025/09/14 19:45:00,12.77,19.56,15.88,94.01,66.15,83.04,3.0679430647353803,4456657.759043186,13673297.623333333,77.70229724851497,9.21,
2025/09/14 20:00:00,12.82,19.62,15.93,94.03,66.17,83.05,3.0691124793636297,4455259.861894809,13674217.919999994,77.67097251760146,9.22,
2025/09/14 20:15:00,12.85,19.53,15.88,94.06,66.19,83.05,3.075659080124381,4443498.238542773,13667217.116666663,77.66788628753594,9.38,
2025/09/14 20:30:00,12.86,19.49,15.85,94.08,66.2,83.05,3.0754315928108245,4444180.590186369,13668306.238888884,77.6757460464715,9.39,
2025/09/14 20:45:00,12.76,19.49,15.83,94.1,66.22,83.05,3.0679838626438256,4452612.750917466,13661071.82,77.79141545722887,9.32,
2025/09/14 21:00:00,12.79,19.5,15.82,94.05,66.24,83.05,3.070643925059897,4446456.91995041,13654011.219444446,77.71790167693385,9.3,
2025/09/14 21:15:00,12.74,19.49,15.83,94.01,66.26,83.05,3.070037707849822,4445027.181358087,13646928.789999994,77.73156717526315,9.28,
2025/09/14 21:30:00,12.74,19.48,15.81,93.96,66.28,83.06,3.0738370938633253,4439804.537098996,13647763.164444447,77.68735663558188,9.31,
2025/09/14 21:45:00,12.73,19.49,15.75,93.92,66.3,83.05,3.076767154307527,4430620.097534912,13632503.958333332,77.66177173172396,9.34,
2025/09/14 22:00:00,12.72,19.48,15.75,93.87,66.32,83.03,3.079328971722587,4419322.899838957,13609067.74333334,77.62736775423755,9.35,
2025/09/14 22:15:00,12.72,19.48,15.74,93.83,66.34,83.02,3.0817383006070327,4410830.924130656,13593543.919999992,77.59200355433236,9.36,
2025/09/14 22:30:00,12.73,19.48,15.75,93.78,66.36,83.0,3.0849919370392755,4398680.569685266,13570412.728888888,77.53800342677415,9.37,
2025/09/14 22:45:00,12.77,19.47,15.83,93.74,66.38,82.99,3.0845696565728677,4394535.852254172,13555782.728888886,77.46358105597038,9.28,
2025/09/14 23:00:00,12.77,19.47,15.79,93.69,66.4,82.97,3.087504642495686,4383027.444119786,13533142.45555555,77.4193563647248,9.29,
2025/09/14 23:15:00,12.81,19.46,15.84,93.64,66.31,82.96,3.0869938417374887,4408171.08237027,13608533.399999991,77.33613735274321,9.19,
2025/09/14 23:30:00,12.71,19.46,15.79,93.6,66.18,82.94,3.0886113048275363,4438248.838365232,13708558.942222215,77.39854493174946,9.26,
2025/09/14 23:45:00,12.7,19.48,15.73,93.55,66.04,82.93,3.095791519147405,4465597.794217293,13825088.053333333,77.36394715235546,9.38,
2025/09/15 00:00:00,12.76,19.47,15.83,93.51,65.91,83.51,3.0953045958086416,4635162.201990364,14347803.55555556,77.26995360169302,9.27,
2025/09/15 00:15:00,12.65,19.52,15.77,94.22,66.73,83.51,3.060371657809522,4462463.559203068,13657310.052222224,78.00504496404338,9.37,
2025/09/15 00:30:00,12.62,19.52,15.7,94.11,66.92,83.48,3.063094872801056,4402429.696198881,13485557.800000003,77.93734236408562,9.33,
2025/09/15 00:45:00,12.69,19.49,15.72,93.99,67.11,83.45,3.0693132417323987,4336437.994440556,13310386.075555557,77.76286524440775,9.28,
2025/09/15 01:00:00,12.68,19.45,15.71,93.88,67.3,83.42,3.074883130717047,4271579.855655914,13135107.064444445,77.6754467046282,9.29,
2025/09/15 01:15:00,12.71,19.44,15.7,93.89,67.49,83.4,3.0758572016602725,4215918.782919414,12968056.267222231,77.65489454495238,9.3,
2025/09/15 01:30:00,12.72,19.44,15.74,94.16,67.68,83.37,3.0596367828289406,4181270.402194667,12793655.636666665,77.88369911304764,9.23,
2025/09/15 01:45:00,12.77,19.43,15.78,94.43,67.87,83.34,3.057447650657369,4130291.626705015,12628637.13222222,78.07276336836456,9.45,
2025/09/15 02:00:00,12.78,19.42,15.82,94.7,68.06,83.31,3.0405895124368243,4098844.6222362127,12463386.98611111,78.30106520459489,9.36,
2025/09/15 02:15:00,12.83,19.42,15.92,94.98,68.25,83.28,3.0228874740196274,4055689.279502508,12260376.81,78.49881983451091,9.24,
2025/09/15 02:30:00,12.89,19.42,15.96,95.25,68.44,83.25,3.007511814398584,3997429.76999357,12022794.202222224,78.67770366419732,9.16,
2025/09/15 02:45:00,13.02,19.42,16.01,95.52,68.63,83.22,3.0092516645126546,3927550.60864924,11819464.372222224,78.78731523781032,9.39,
2025/09/15 03:00:00,13.21,19.41,16.27,95.89,68.76,83.19,2.9917633534423906,3898997.962725995,11665385.159999993,78.92586734848632,9.28,
2025/09/15 03:15:00,13.34,19.4,16.44,96.21,68.32,83.17,2.9752736540358984,4056384.671359185,12069405.150000006,79.0789772316252,9.19,
2025/09/15 03:30:00,13.1,19.39,16.2,94.84,67.88,83.14,3.0435163373539496,4073757.572929744,12399090.806666669,78.11078564500204,9.34,
2025/09/15 03:45:00,12.87,19.38,15.9,94.55,67.45,83.11,3.0497673008703328,4170734.286634778,12720281.309999995,78.08069315818688,9.33,
2025/09/15 04:00:00,12.84,19.37,15.96,94.61,67.3,83.08,3.0416762993908524,4212665.795431288,12814090.263333334,78.16309174181933,9.24,
2025/09/15 04:15:00,12.88,19.37,15.9,94.67,67.34,83.05,3.0436819739379324,4190018.986516585,12753598.812777773,78.17667476673887,9.32,
2025/09/15 04:30:00,12.92,19.36,15.96,94.73,67.38,83.02,3.0383619555457706,4177454.751502589,12693139.873333333,78.19043868277028,9.24,
2025/09/15 04:45:00,12.85,19.37,16.0,94.79,67.43,82.99,3.0325541877956974,4162794.102435302,12624419.279999988,78.31191589289463,9.23,
2025/09/15 05:00:00,12.9,19.37,15.99,94.85,67.47,82.96,3.0312227772822036,4144701.0633249925,12564028.497777773,78.31575680713061,9.23,
2025/09/15 05:15:00,12.97,19.34,15.93,94.97,67.51,82.94,3.0326655792149,4142220.3592886142,12562481.084999995,78.35267441093836,9.34,
2025/09/15 05:30:00,12.91,19.31,15.91,94.99,67.64,82.97,3.0282962622645284,4111732.2928364826,12452051.406666664,78.42912090592208,9.31,
2025/09/15 05:45:00,12.95,19.28,15.9,95.0,67.63,82.82,3.0277413608016936,4082675.208345441,12361791.621666662,78.39874494805672,9.28,
2025/09/15 06:00:00,12.81,19.26,15.91,94.85,67.28,82.87,3.0305501054658377,4173935.710855555,12649845.523333335,78.40389823006228,9.28,
2025/09/15 06:15:00,12.73,19.28,15.8,94.6,66.98,83.02,3.0416499026604447,4292770.409797188,13057628.442222213,78.26196656689707,9.31,
2025/09/15 06:30:00,12.58,19.26,15.67,94.12,66.73,82.78,3.0577399658825097,4264315.509044679,13039678.94166666,77.98545931325405,9.25,
2025/09/15 06:45:00,12.58,19.26,15.64,94.46,67.04,82.95,3.043520545406576,4248509.493776086,12930924.978888884,78.28545669574241,9.31,
2025/09/15 07:00:00,12.64,19.23,15.78,94.56,67.14,83.04,3.036072207202807,4308358.04778542,13081013.91666667,78.31502473771643,9.21,
2025/09/15 07:15:00,12.6,19.22,15.66,94.58,67.25,83.05,3.040864039364477,4225895.794240771,12850878.21111111,78.37162897266214,9.37,
2025/09/15 07:30:00,12.55,19.21,15.64,94.47,67.24,83.07,3.040688386996948,4239544.381235292,12891637.158888888,78.32370421710893,9.28,
2025/09/15 07:45:00,12.54,19.24,15.61,94.36,67.22,83.09,3.046237577049475,4247960.796217434,12940796.513333336,78.23643640124041,9.29,
2025/09/15 08:00:00,12.52,19.23,15.57,94.26,67.21,83.11,3.051375540386954,4254210.126109343,12981690.150000002,78.1677371846507,9.31,
2025/09/15 08:15:00,12.49,19.18,15.53,94.15,67.2,83.13,3.0562163198647596,4256695.4691937305,13009883.204999994,78.0999793219852,9.32,
2025/09/15 08:30:00,12.65,19.16,15.65,94.14,67.19,83.15,3.061768514063839,4248377.043417712,13008069.43333334,77.93448005157884,9.31,
2025/09/15 08:45:00,12.42,19.16,15.52,94.21,67.17,83.17,3.049140929471545,4268018.471696114,13014290.666666666,78.22156283845153,9.28,
2025/09/15 09:00:00,12.47,19.14,15.47,94.29,67.16,83.2,3.0511524663174154,4295339.891693339,13106237.662222227,78.24310055322454,9.38,
2025/09/15 09:15:00,12.54,19.15,15.54,94.36,67.15,83.22,3.0466743414324107,4254578.995326406,12962819.07555555,78.23642234124358,9.3,
2025/09/15 09:30:00,12.62,19.15,15.66,94.43,67.14,83.24,3.0450338362719105,4281571.637671932,13038052.80555555,78.21985241508827,9.28,
2025/09/15 09:45:00,12.65,19.15,15.67,94.5,67.12,83.26,3.0443448960763924,4306599.053156641,13111299.409999998,78.25215556655726,9.32,
2025/09/15 10:00:00,12.58,19.15,15.6,94.48,67.11,83.28,3.0429656701817045,4314465.2900947835,13129286.298333334,78.30308547124706,9.32,
2025/09/15 10:15:00,12.68,19.14,15.59,94.45,67.1,83.3,3.043355856495998,4319752.499895211,13147061.4,78.17881244497397,9.22,
2025/09/15 10:30:00,12.55,19.16,15.62,94.43,67.09,83.32,3.042667593325086,4326624.855770345,13165000.566666655,78.2884184755135,9.28,
2025/09/15 10:45:00,12.56,19.14,15.59,94.41,67.07,83.35,3.04355325641913,4336579.863615063,13199131.195555553,78.2609940545816,9.27,
2025/09/15 11:00:00,12.52,19.15,15.6,94.38,67.06,83.37,3.0432426717418566,4347130.218450028,13229892.744444445,78.27371845763854,9.26,
2025/09/15 11:15:00,12.5,19.17,15.52,94.36,67.05,83.39,3.043115375439293,4357744.445855663,13261626.60777778,78.27567492954046,9.25,
2025/09/15 11:30:00,12.65,19.18,15.64,94.34,67.04,83.41,3.053999974144644,4352668.7989689745,13293577.714999992,78.11096582511183,9.36,
2025/09/15 11:45:00,12.62,19.18,15.63,94.32,67.02,83.43,3.0543871032726524,4365184.742964338,13333491.490000008,78.12269016157586,9.37,
2025/09/15 12:00:00,12.61,19.26,15.7,94.29,67.01,83.45,3.0512016153429684,4380233.699320697,13365502.626666663,78.10613085373127,9.27,
2025/09/15 12:15:00,12.62,19.22,15.69,94.27,67.0,83.47,3.0498369513606938,4392697.042445754,13397541.629999999,78.0787846774295,9.21,
2025/09/15 12:30:00,12.62,19.24,15.77,94.25,66.99,83.49,3.0475893381062478,4406392.612422064,13429416.916666668,78.06127384376106,9.14,
2025/09/15 12:45:00,12.7,19.28,15.77,94.23,66.97,83.52,3.055455002116005,4410884.489433725,13477798.674999997,77.96508403224895,9.23,
2025/09/15 13:00:00,12.76,19.3,15.79,94.2,66.96,83.54,3.0664109697862925,4403781.472802713,13504347.364444453,77.87963128785843,9.4,
2025/09/15 13:15:00,12.71,19.33,15.8,94.38,66.94,83.54,3.0492234163635508,4423519.451340531,13488834.455555562,78.08762501979126,9.25,
2025/09/15 13:30:00,12.65,19.38,15.73,94.06,66.91,83.52,3.0691264761308434,4387116.822063571,13465138.267777778,77.86374372785193,9.39,
2025/09/15 13:45:00,12.68,19.38,15.73,94.16,66.88,83.51,3.0668643219706877,4385251.233725069,13449491.250555562,77.92264751814298,9.43,
2025/09/15 14:00:00,12.72,19.38,15.72,94.25,66.86,83.49,3.0642102656875645,4378653.029163486,13417630.942222215,77.96291923607677,9.44,
2025/09/15 14:15:00,12.78,19.39,15.83,94.35,66.83,83.48,3.054447126856495,4426788.128210809,13521923.800000003,77.9925401808591,9.28,
2025/09/15 14:30:00,12.91,19.41,15.99,94.45,66.8,83.46,3.060434700055133,4412240.612038976,13503930.525555551,77.95325724837303,9.43,
2025/09/15 14:45:00,12.95,19.45,16.0,94.54,66.77,83.45,3.0577625465839353,4412849.369346036,13493995.826666674,77.99341863194665,9.44,
2025/09/15 15:00:00,12.95,19.49,16.12,94.64,66.75,83.43,3.0461823403380275,4510045.912907563,13738992.593333337,78.08167036105748,9.29,
2025/09/15 15:15:00,12.95,19.51,16.03,94.7,66.72,83.42,3.0413393873007535,4457111.115019887,13556131.294444444,78.13459075469534,9.25,
2025/09/15 15:30:00,12.85,19.54,15.92,94.68,66.69,83.4,3.042175948583143,4460983.947523738,13571621.561666673,78.2148853851198,9.32,
2025/09/15 15:45:00,12.88,19.56,15.9,94.67,66.67,83.39,3.047210959640172,4453922.428297519,13572560.319999997,78.17661207826171,9.4,
2025/09/15 16:00:00,12.91,19.58,15.96,94.66,66.64,83.37,3.0438416764136154,4459156.530515347,13573490.486111116,78.13849565688756,9.29,
2025/09/15 16:15:00,12.93,19.61,15.99,94.65,66.61,83.35,3.0463749444317805,4459897.806856349,13587046.109999996,78.11005131511615,9.32,
2025/09/15 16:30:00,12.98,19.65,16.09,94.63,66.58,83.34,3.0444501915795223,4471498.042652753,13613787.660000002,78.04354865904925,9.22,
2025/09/15 16:45:00,12.96,19.66,16.08,94.62,66.56,83.32,3.045218841918481,4473820.987673766,13624296.179999992,78.0543077990342,9.24,
2025/09/15 17:00:00,12.94,19.65,16.08,94.61,66.53,83.31,3.0464353520039835,4475323.977265368,13634319.587777779,78.06505477579788,9.27,
2025/09/15 17:15:00,13.08,19.67,16.12,94.63,66.5,83.29,3.0510873566760996,4465283.8874758305,13624509.476111116,77.94544844043092,9.29,
2025/09/15 17:30:00,13.14,19.68,16.23,94.78,66.48,83.28,3.0514508620320684,4461525.039690393,13614677.999999996,78.01869653339917,9.42,
2025/09/15 17:45:00,13.31,19.7,16.33,94.92,66.45,83.26,3.044730094948804,4468069.452437956,13604629.976666668,77.97535945781635,9.3,
2025/09/15 18:00:00,13.34,19.7,16.38,95.07,66.42,83.25,3.044621206668941,4438050.537368707,13512751.834999997,78.07787629133529,9.44,
2025/09/15 18:15:00,13.22,19.73,16.24,95.02,66.39,83.23,3.0417327802343452,4496530.794948512,13677792.284444448,78.15155301217484,9.41,
2025/09/15 18:30:00,13.15,19.73,16.32,94.92,66.37,83.22,3.0393573972048338,4501618.975205104,13682588.486111106,78.13223593946756,9.3,
2025/09/15 18:45:00,13.14,19.73,16.19,94.81,66.34,83.2,3.0463823251021838,4492817.458587185,13687380.739999998,78.04515643632054,9.34,
2025/09/15 19:00:00,13.13,19.75,16.23,94.71,66.31,83.19,3.0501432382193157,4491506.995359408,13700285.328888884,77.96689661756841,9.32,
2025/09/15 19:15:00,13.05,19.75,16.17,94.6,66.29,83.17,3.0538429390926205,4484913.062987911,13696757.408888884,77.94836677701586,9.34,
2025/09/15 19:30:00,13.01,19.76,16.11,94.5,66.26,83.16,3.0583675442392777,4482496.316304382,13709649.922222216,77.89940189135164,9.36,
2025/09/15 19:45:00,12.97,19.74,16.02,94.4,66.23,83.14,3.0637242432468152,4476220.103474701,13714424.294999996,77.85038812368569,9.4,
2025/09/15 20:00:00,12.95,19.75,16.04,94.29,66.24,83.13,3.0680897462829195,4463476.96149626,13694869.906666666,77.77295029358952,9.39,
2025/09/15 20:15:00,12.92,19.74,15.97,94.19,66.26,83.11,3.0694532849007383,4449847.20716016,13659110.819444438,77.7141387338868,9.33,
2025/09/15 20:30:00,12.88,19.74,15.93,94.08,66.27,83.1,3.074432302097957,4436224.844633802,13639380.754999995,77.65618935586281,9.35,
2025/09/15 20:45:00,12.84,19.73,15.95,93.98,66.28,83.08,3.078457134497826,4421448.676518122,13611752.0,77.60703818070786,9.36,
2025/09/15 21:00:00,12.78,19.73,15.9,93.88,66.3,83.06,3.0817685770436944,4405110.221373842,13576034.828888891,77.5774335026272,9.37,
2025/09/15 21:15:00,12.8,19.74,15.92,93.77,66.31,83.05,3.088778921607345,4388796.833858082,13556530.019999996,77.4606065131684,9.39,
2025/09/15 21:30:00,12.79,19.72,15.9,93.67,66.32,83.04,3.090492719860426,4380054.5037488565,13537033.106666675,77.38204891920654,9.32,
2025/09/15 21:45:00,12.77,19.7,15.84,93.57,66.34,83.04,3.0976863442636486,4366221.760770882,13525688.122222224,77.31310757625526,9.39,
2025/09/15 22:00:00,12.77,19.71,15.81,93.46,66.35,83.03,3.104374115462093,4353657.691961044,13515880.913333338,77.21575189954636,9.42,
2025/09/15 22:15:00,12.77,19.71,15.82,93.36,66.36,83.02,3.1097508088476693,4342970.979197051,13506058.377777774,77.1272283403034,9.43,
2025/09/15 22:30:00,12.73,19.71,15.8,93.25,66.37,83.01,3.1110156469699786,4338043.845517378,13496220.515555553,77.06903310984843,9.36,
2025/09/15 22:45:00,12.66,19.67,15.72,93.28,66.39,83.0,3.109003010621006,4344131.317703401,13506410.426666666,77.16406176038461,9.41,
2025/09/15 23:00:00,12.86,19.67,15.9,93.45,66.4,82.99,3.1001021541738734,4403233.009327378,13650992.098333323,77.11902063119074,9.23,
2025/09/15 23:15:00,12.81,19.64,15.9,93.63,66.41,82.98,3.09732545536318,4348199.351637547,13468304.966111116,77.32699921536386,9.42,
2025/09/15 23:30:00,12.87,19.63,15.93,93.8,66.43,82.97,3.087645131560672,4347962.760781208,13425484.001111103,77.41862569949183,9.34,
2025/09/15 23:45:00,12.85,19.6,15.95,93.97,66.44,82.96,3.0749529265342708,4354640.726376921,13390835.748888884,77.58852868193148,9.26,
2025/09/16 00:00:00,12.87,19.58,15.93,94.11,66.34,83.0,3.0690757613730018,4407580.816930505,13527723.782222217,77.69256564078182,9.27,
2025/09/16 00:15:00,12.85,19.55,15.92,94.18,66.34,83.0,3.0653311427483945,4411260.7042805385,13522500.872222219,77.77394183245141,9.28,
2025/09/16 00:30:00,12.84,19.56,15.9,94.24,66.35,82.99,3.062879247010138,4407853.705731723,13501243.946666665,77.8366714528124,9.3,
2025/09/16 00:45:00,12.82,19.54,15.86,94.3,66.36,82.99,3.0613899884462823,4405645.858350862,13487916.71333333,77.90915910063256,9.35,
2025/09/16 01:00:00,12.79,19.54,15.88,94.36,66.36,82.98,3.0578076295762786,4406450.432141193,13474595.750000002,77.99147760645619,9.36,
2025/09/16 01:15:00,12.72,19.53,15.88,94.42,66.37,82.98,3.0493706743697637,4414276.163355927,13461281.056666665,78.11305841269993,9.29,
2025/09/16 01:30:00,12.75,19.44,15.81,94.48,66.38,82.97,3.046954924299412,4410812.182193726,13440064.073333336,78.1366017571359,9.28,
2025/09/16 01:45:00,12.73,19.42,15.83,94.54,66.38,82.97,3.04284121305848,4415064.565235776,13434863.108333334,78.20911907536608,9.27,
2025/09/16 02:00:00,12.95,19.41,15.9,94.61,66.39,82.96,3.049045206288828,4119285.068199753,12560387.71777777,78.05519918530977,9.32,
2025/09/16 02:15:00,12.92,19.39,15.94,94.67,66.4,82.96,3.0385251937236486,4117065.825972501,12510313.63999999,78.13766781339008,9.18,
2025/09/16 02:30:00,12.98,19.37,16.03,94.73,66.4,82.95,3.0449641362703184,4103159.334112771,12494496.055555552,78.13152147711163,9.34,
2025/09/16 02:45:00,12.91,19.35,16.04,94.79,66.41,82.95,3.03595781376281,4110060.9413927444,12478496.408888893,78.25306830937726,9.26,
2025/09/16 03:00:00,12.86,19.34,15.91,94.77,66.41,82.94,3.033888746522151,4107663.364900147,12462698.911666667,78.28449694381699,9.23,
2025/09/16 03:15:00,12.85,19.31,15.92,94.74,66.42,82.94,3.036908860894014,4098314.713779238,12446719.58444444,78.26781156100904,9.27,
2025/09/16 03:30:00,12.93,19.31,15.94,94.71,66.43,82.93,3.0373292026523835,4090073.3870278476,12423412.833333332,78.16309464162146,9.19,
2025/09/16 03:45:00,12.88,19.32,15.92,94.68,66.39,82.93,3.037640300590348,4096788.604051742,12445080.09555556,78.18564770947683,9.2,
2025/09/16 04:00:00,12.79,19.28,15.87,94.65,66.34,82.92,3.038463193828025,4102860.1244416116,12466898.99888889,78.2473283013102,9.25,
2025/09/16 04:15:00,12.77,19.28,15.86,94.62,66.28,82.92,3.0360193731965817,4118222.8422791883,12503513.244444445,78.24060018460288,9.18,
2025/09/16 04:30:00,12.75,19.28,15.83,94.58,66.23,82.92,3.0373510673146527,4126044.266157929,12532750.951111108,78.22493694473349,9.18,
2025/09/16 04:45:00,12.78,19.28,15.85,94.55,66.18,82.91,3.039853426848779,4129779.4230123707,12554434.584999992,78.16909273993846,9.18,
2025/09/16 05:00:00,12.8,19.26,15.91,94.52,66.12,82.91,3.041547253091044,4139457.975154812,12590881.630555548,78.1230636991365,9.17,
2025/09/16 05:15:00,12.81,19.27,15.9,94.49,66.07,82.91,3.042431421025073,4150193.927629878,12627203.624444447,78.0868512891114,9.15,
2025/09/16 05:30:00,12.73,19.26,15.81,94.46,66.01,82.91,3.043611710410043,4164207.7016848642,12674744.622222215,78.1386828942848,9.2,
2025/09/16 05:45:00,12.74,19.18,15.82,94.43,65.96,82.92,3.040196069792225,4184589.490283141,12722500.657777784,78.1026558461631,9.09,
2025/09/16 06:00:00,12.72,19.17,15.79,94.39,65.9,82.92,3.042022493962859,4197782.486759563,12770276.199999996,78.08694314485248,9.1,
2025/09/16 06:15:00,12.68,19.14,15.73,94.36,65.85,82.93,3.0459880712066214,4207943.9779827185,12817872.931111118,78.09949058367738,9.18,
2025/09/16 06:30:00,12.6,19.13,15.71,94.33,65.79,82.93,3.0447900096598897,4225303.180960839,12865686.79,78.15138465633564,9.18,
2025/09/16 06:45:00,12.53,19.11,15.61,94.3,65.74,82.93,3.0457530716178756,4237144.871264752,12905812.700000007,78.1933940856679,9.22,
2025/09/16 07:00:00,12.46,19.08,15.46,94.1,65.68,82.94,3.055943493895583,4241135.160874688,12961172.619999994,78.08525287495277,9.28,
2025/09/16 07:15:00,12.42,19.06,15.45,93.89,65.63,82.94,3.064534042069179,4242414.942393143,13001533.306666667,77.93887316225035,9.27,
2025/09/16 07:30:00,12.33,19.05,15.44,93.68,65.57,82.94,3.0701111234610257,4250240.178513831,13049221.185,77.84133955638599,9.23,
2025/09/16 07:45:00,12.29,19.02,15.33,93.47,65.52,82.95,3.0752236404645936,4258755.64756076,13097129.558333337,77.69484372918933,9.14,
2025/09/16 08:00:00,12.46,19.01,15.35,93.27,65.46,82.95,3.097539161149217,4296646.071723161,13309550.888333341,77.35106498043277,9.29,
2025/09/16 08:15:00,12.05,18.99,15.16,93.01,65.41,82.95,3.092652393229369,4450672.4727497995,13764896.982222226,77.52183313739768,9.21,
2025/09/16 08:30:00,11.92,18.98,14.97,92.7,65.35,82.96,3.105723587854179,4452465.431926949,13828623.28833333,77.37367985103039,9.27,
2025/09/16 08:45:00,11.98,18.97,15.1,92.7,65.3,82.96,3.1005085229842058,4475522.057994662,13876909.138888886,77.31550463651315,9.09,
2025/09/16 09:00:00,11.9,18.94,15.01,92.7,65.24,82.96,3.1006179416489625,4491832.490122955,13927965.284444444,77.39350584878522,9.16,
2025/09/16 09:15:00,12.0,18.93,15.05,92.7,65.19,82.97,3.1033341876861438,4503959.431227642,13977809.229999999,77.29580135943252,9.14,
2025/09/16 09:30:00,12.12,18.96,15.11,92.7,65.13,82.97,3.1136747027487943,4505079.474737684,14027878.43111111,77.17811950307765,9.29,
2025/09/16 09:45:00,12.0,18.91,15.11,92.7,65.08,82.97,3.1066074890084616,4528917.550931234,14070102.352777775,77.29559065787441,9.22,
2025/09/16 10:00:00,11.89,18.95,14.97,92.73,65.03,82.98,3.1039442167035087,4548953.7609167565,14120208.941666668,77.4296009483712,9.29,
2025/09/16 10:15:00,11.98,18.89,15.03,92.77,64.97,82.98,3.0999875262920225,4570856.771167608,14170125.921111114,77.37744742200427,9.16,
2025/09/16 10:30:00,11.88,18.88,14.97,92.81,64.92,82.98,3.0957037943586614,4590839.929809588,14212401.280000001,77.51063958489874,9.19,
2025/09/16 10:45:00,11.78,18.88,14.93,92.85,64.86,82.99,3.091007478119612,4616591.509499781,14270435.238888882,77.64384949141484,9.21,
2025/09/16 11:00:00,11.77,18.92,14.9,92.89,64.81,82.99,3.089884654853224,4631486.860122475,14311268.729999991,77.68905285019223,9.24,
2025/09/16 11:15:00,11.84,18.93,14.95,92.93,64.75,82.99,3.0867353272412603,4648767.506660858,14350029.17333333,77.65635814009451,9.15,
2025/09/16 11:30:00,11.86,18.91,14.91,92.98,64.7,83.0,3.086216706095339,4662090.2858516015,14388733.883333331,77.6810837133395,9.18,
2025/09/16 11:45:00,11.78,18.9,14.95,93.02,64.71,83.0,3.08266518990406,4662153.569889595,14372376.498333339,77.79470545335695,9.21,
2025/09/16 12:00:00,11.69,18.92,14.86,93.06,64.73,83.0,3.076748330737811,4666912.7757955,14359418.149999995,77.91822871621315,9.19,
2025/09/16 12:15:00,11.81,18.91,14.97,93.1,64.76,83.01,3.0756193374486367,4677840.504249407,14387774.805555554,77.83661553909707,9.11,
2025/09/16 12:30:00,11.64,18.91,14.83,93.14,64.79,83.01,3.0715002824646493,4676488.817067032,14364335.223333329,78.03803876445066,9.2,
2025/09/16 12:45:00,11.61,18.91,14.91,93.18,64.82,83.01,3.066036844200395,4677105.386347496,14340683.738333339,78.10301314697672,9.14,
2025/09/16 13:00:00,11.81,18.91,14.91,93.22,64.85,83.01,3.072672256633303,4714273.132135256,14485929.33333334,77.94281157572465,9.18,
2025/09/16 13:15:00,11.97,18.95,15.07,93.27,64.88,83.0,3.0778500744504753,4641286.625720423,14285707.333333336,77.8305320351225,9.23,
2025/09/16 13:30:00,12.07,18.99,15.11,93.3,64.91,83.0,3.080278529699037,4630358.224601173,14263315.770000001,77.75928384719725,9.24,
2025/09/16 13:45:00,12.16,18.99,15.18,93.33,64.94,82.99,3.085594273422814,4612564.337968373,14233034.688888885,77.69765606309406,9.33,
2025/09/16 14:00:00,12.27,19.01,15.22,93.35,64.97,82.98,3.0856376655911917,4594144.764385701,14176399.404444447,77.60788309204968,9.26,
2025/09/16 14:15:00,12.2,19.02,15.25,93.38,65.0,82.98,3.082113031147812,4573922.786969793,14097879.265555559,77.70291981265568,9.27,
2025/09/16 14:30:00,12.19,19.02,15.25,93.4,65.03,82.97,3.081185907500706,4572962.3835321795,14090678.983333332,77.73039738026284,9.28,
2025/09/16 14:45:00,12.19,19.01,15.24,93.43,65.06,82.96,3.0801148970016947,4576228.5187688535,14095841.283333326,77.75694663452299,9.29,
2025/09/16 15:00:00,12.22,19.08,15.29,93.45,65.09,82.96,3.0801792722004784,4575671.865188349,14094418.45777777,77.74530554992006,9.29,
2025/09/16 15:15:00,12.28,19.08,15.32,93.48,65.12,82.95,3.081207321910291,4563972.206840627,14063076.701666662,77.71314411559987,9.3,
2025/09/16 15:30:00,12.31,19.09,15.35,93.5,65.15,82.94,3.0800278107589745,4555543.457280822,14031734.01666666,77.7015468670528,9.27,
2025/09/16 15:45:00,12.8,19.08,15.91,93.53,65.17,82.94,3.098245399955112,4523766.117404777,14016371.819999995,77.24840921665198,9.33,
2025/09/16 16:00:00,12.82,19.11,15.91,93.55,65.2,82.93,3.0966828066823218,4515929.294085934,13985027.045000002,77.24656005709369,9.3,
2025/09/16 16:15:00,12.84,19.09,15.9,93.58,65.23,82.92,3.096735012874578,4505730.801305525,13953681.341111109,77.25349245794419,9.32,
2025/09/16 16:30:00,12.8,19.11,15.96,93.6,65.26,82.91,3.0904274054124428,4504782.424568949,13922334.708333327,77.31047795335651,9.23,
2025/09/16 16:45:00,12.79,19.13,15.93,93.63,65.29,82.91,3.091619609908359,4495526.7844584035,13899079.858888881,77.34669814185295,9.3,
2025/09/16 17:00:00,12.87,19.12,16.06,93.66,65.32,82.9,3.0866793583264265,4492557.498273044,13867731.020000007,77.29512908580773,9.16,
2025/09/16 17:15:00,12.88,19.08,16.02,93.68,65.35,82.89,3.0939775581382296,4471827.505085653,13836381.252222225,77.30274562137339,9.34,
2025/09/16 17:30:00,12.87,19.07,15.99,93.71,65.38,82.89,3.0917002664488007,4467534.574065646,13812919.144444449,77.33907434272544,9.33,
2025/09/16 17:45:00,12.86,19.07,15.95,93.73,65.41,82.88,3.0932745757456064,4454800.56440349,13780553.404444443,77.3664861153696,9.4,
2025/09/16 18:00:00,12.79,19.06,15.92,93.76,65.44,82.87,3.085969443490688,4453681.262884117,13744548.510000007,77.46162715285519,9.32,
2025/09/16 18:15:00,12.81,19.05,15.86,93.78,65.47,82.87,3.086944067429767,4443175.290873243,13716447.06666667,77.4596909576004,9.35,
2025/09/16 18:30:00,12.8,19.05,15.91,93.8,65.5,82.86,3.0838922290122794,4435907.217953313,13680480.488888886,77.48720721322236,9.31,
2025/09/16 18:45:00,12.8,19.06,15.87,93.77,65.53,82.85,3.0875115080355635,4419068.2033484625,13644534.346666662,77.4606328284802,9.36,
2025/09/16 19:00:00,12.74,19.06,15.91,93.75,65.56,82.85,3.0838659022177066,4415975.781184455,13618893.065555548,77.50176936068944,9.3,
2025/09/16 19:15:00,12.74,19.05,15.9,93.73,65.59,82.84,3.085717161815988,4408373.552443588,13603609.708333332,77.48406047846358,9.32,
2025/09/16 19:30:00,12.71,19.05,15.85,93.71,65.6,82.83,3.0873398824646254,4406264.338542859,13604242.281666672,77.49570279815796,9.36,
2025/09/16 19:45:00,12.68,19.03,15.81,93.68,65.58,82.83,3.089006885568447,4414251.23727158,13636257.249999998,77.4985138953408,9.39,
2025/09/16 20:00:00,12.68,19.03,15.8,93.66,65.56,82.82,3.0908080673849514,4419488.548143829,13660395.356666656,77.48080862482414,9.41,
2025/09/16 20:15:00,12.68,19.02,15.75,93.64,65.54,82.81,3.0864090960202444,4426470.466692764,13662494.64555555,77.46326669903203,9.28,
2025/09/16 20:30:00,12.67,19.0,15.71,93.62,65.52,82.81,3.089588530661859,4425022.838761004,13672093.435000004,77.45528515504704,9.34,
2025/09/16 20:45:00,12.63,19.0,15.74,93.6,65.5,82.81,3.0862272689911507,4432946.147286148,13681677.826666668,77.47684697909602,9.27,
2025/09/16 21:00:00,12.61,18.99,15.72,93.57,65.48,82.84,3.088296971236998,4440748.457903482,13714948.768888889,77.4698376465687,9.3,
2025/09/16 21:15:00,12.57,18.98,15.69,93.55,65.46,82.86,3.089958967635146,4446560.76592229,13740287.000000004,77.49122805549194,9.35,
2025/09/16 21:30:00,12.57,18.98,15.63,93.53,65.44,82.88,3.092968305722704,4450420.164393988,13765596.435555551,77.47347689951056,9.4,
2025/09/16 21:45:00,12.64,18.96,15.71,93.51,65.42,82.91,3.093593584921823,4460236.472638099,13798766.593333328,77.38733953933045,9.33,
2025/09/16 22:00:00,12.52,18.96,15.7,93.48,65.4,82.93,3.08664638950719,4478390.0310754,13823811.295555558,77.4784023653044,9.23,
2025/09/16 22:15:00,12.59,18.95,15.69,93.46,65.38,82.95,3.091384797159718,4479682.678480769,13849030.280555561,77.3921318156982,9.26,
2025/09/16 22:30:00,12.54,18.92,15.69,93.44,65.36,82.97,3.091469661666767,4487705.803513797,13874220.469999997,77.4233326414815,9.28,
2025/09/16 22:45:00,12.49,18.92,15.65,93.42,65.34,83.0,3.0919529652956155,4497690.885361625,13907256.867777774,77.45451381639937,9.31,
2025/09/16 23:00:00,12.55,18.9,15.6,93.4,65.32,83.02,3.0958889752644256,4500090.633559947,13932385.866666667,77.3780600393223,9.33,
2025/09/16 23:15:00,12.51,18.89,15.68,93.37,65.3,83.04,3.0904859070376385,4516074.535332142,13957486.070000008,77.39086749282863,9.2,
2025/09/16 23:30:00,12.47,18.87,15.6,93.35,65.28,83.07,3.093067844059486,4522955.926049676,13990421.683333326,77.41216871899084,9.27,
2025/09/16 23:45:00,12.45,18.84,15.55,93.33,65.26,83.09,3.0962270123572004,4526428.525363441,14015460.696111107,77.41391909992761,9.34,
2025/09/17 00:00:00,12.48,18.84,15.53,93.38,65.24,82.9,3.0956151951360136,4496611.137993657,13920380.210000006,77.42881570083144,9.36,
2025/09/17 00:15:00,12.4,18.82,15.54,93.36,65.22,82.91,3.0925666817046196,4507559.316663558,13940535.705555553,77.48942612440314,9.33,
2025/09/17 00:30:00,12.48,18.8,15.51,93.34,65.2,82.92,3.0975971857701547,4506808.288082843,13960885.106666662,77.39339419948176,9.36,
2025/09/17 00:45:00,12.45,18.78,15.53,93.32,65.19,82.92,3.094270558058125,4513199.578052296,13965675.735000003,77.40515410874575,9.28,
2025/09/17 01:00:00,12.38,18.74,15.46,93.31,65.17,82.93,3.092710292325917,4522118.736548155,13986213.120000003,77.46477404229347,9.29,
2025/09/17 01:15:00,12.32,18.75,15.46,93.29,65.15,82.94,3.092799615174686,4528558.658272578,14006533.493333327,77.5057126566499,9.32,
2025/09/17 01:30:00,12.25,18.72,15.39,93.27,65.13,82.95,3.0884658856706544,4543367.210051563,14032636.200000005,77.55660165981266,9.25,
2025/09/17 01:45:00,12.33,18.71,15.37,93.25,65.11,82.95,3.094732317968863,4554516.587991621,14095613.93777778,77.4605079654438,9.31,
2025/09/17 02:00:00,12.3,18.69,15.39,93.23,65.09,82.96,3.0922072054664302,4581130.185040148,14166417.680555547,77.47224499384113,9.25,
2025/09/17 02:15:00,12.27,18.68,15.34,93.21,65.07,82.97,3.093374494010211,4554103.530140139,14088151.244444449,77.48381456774796,9.28,
2025/09/17 02:30:00,12.24,18.65,15.35,93.19,65.05,82.98,3.0887068898888947,4566134.00637654,14104059.743888892,77.49567477091598,9.17,
2025/09/17 02:45:00,12.18,18.65,15.34,93.17,65.03,82.98,3.0901257685032726,4566700.826260319,14112289.002777778,77.53650393933572,9.23,
2025/09/17 03:00:00,12.16,18.62,15.25,93.15,65.01,82.99,3.0940471675709924,4566109.869667303,14128359.361111103,77.53816482330703,9.32,
2025/09/17 03:15:00,12.16,18.61,15.26,93.13,64.99,83.0,3.096202913982019,4568111.358176145,14144404.63944445,77.52038728493258,9.35,
2025/09/17 03:30:00,12.28,18.6,15.31,93.11,64.96,83.01,3.0970415705412995,4574577.613474341,14168274.297222229,77.38547971402804,9.24,
2025/09/17 03:45:00,12.21,18.57,15.31,93.09,64.94,83.01,3.092196426931111,4584378.268653708,14176419.956111114,77.43640783038293,9.16,
2025/09/17 04:00:00,12.19,18.55,15.32,93.07,64.91,83.02,3.092487172386382,4591644.696955748,14200231.093888888,77.4382392482093,9.16,
2025/09/17 04:15:00,12.32,18.55,15.32,93.05,64.89,83.03,3.0949847185427783,4593089.446126247,14216171.87222222,77.29352671617943,9.09,
2025/09/17 04:30:00,12.28,18.53,15.33,93.03,64.87,83.04,3.105411865647519,4587544.481311033,14246855.742777778,77.31435970517143,9.35,
2025/09/17 04:45:00,12.21,18.5,15.34,93.01,64.84,83.03,3.102331832168686,4600010.558822647,14271408.133888887,77.36515164106757,9.31,
2025/09/17 05:00:00,12.18,18.5,15.29,92.99,64.82,83.03,3.103033653650881,4606891.666943486,14295980.031666672,77.37672017425854,9.33,
2025/09/17 05:15:00,12.15,18.48,15.27,92.97,64.79,83.02,3.09814347744784,4622100.875818457,14320571.436111102,77.38855893608823,9.21,
2025/09/17 05:30:00,12.12,18.47,15.24,92.95,64.77,83.02,3.098073625702804,4630149.963922608,14345182.34722222,77.40015751532997,9.21,
2025/09/17 05:45:00,12.09,18.45,15.21,92.93,64.74,83.02,3.09841202849654,4640063.75242226,14377465.764444442,77.4117294810811,9.22,
2025/09/17 06:00:00,12.05,18.43,15.16,92.91,64.72,83.01,3.0979848449702425,4646123.160498908,14394250.322222225,77.43309996865015,9.22,
2025/09/17 06:15:00,11.96,18.41,15.09,92.89,64.69,83.01,3.0949738826697017,4661161.216976594,14426794.408888893,77.50340326748122,9.2,
2025/09/17 06:30:00,11.8,18.4,14.99,92.86,64.67,83.0,3.0912050929638606,4672288.776782086,14443608.226666663,77.6331752704195,9.21,
2025/09/17 06:45:00,11.78,18.38,15.0,92.84,64.64,83.0,3.090676064515436,4683631.9369395785,14476201.08,77.63502598643524,9.19,
2025/09/17 07:00:00,11.75,18.36,14.93,92.81,64.62,83.0,3.0934687105825787,4687332.17089175,14500720.26333333,77.63756399111372,9.25,
2025/09/17 07:15:00,11.73,18.36,14.95,92.78,64.59,82.99,3.0914573157710437,4706541.53568943,14550682.177777769,77.63065945364515,9.18,
2025/09/17 07:30:00,11.63,18.32,14.92,92.76,64.57,82.99,3.0889098446303636,4709726.850062177,14548532.496666666,77.71063604280175,9.18,
2025/09/17 07:45:00,11.54,18.32,14.85,92.73,64.54,82.99,3.0876030207047798,4725503.5593561195,14591078.97499999,77.77191435604365,9.19,
2025/09/17 08:00:00,11.44,18.3,14.84,92.7,64.52,82.98,3.085929629862469,4736809.733371804,14618063.777777784,77.84294634261198,9.2,
2025/09/17 08:15:00,11.35,18.3,14.81,92.68,64.49,82.98,3.084114130656427,4753428.002040027,14660712.782222228,77.91307535997859,9.21,
2025/09/17 08:30:00,11.2,18.28,14.74,92.65,64.47,82.97,3.0795204614197567,4769234.438094076,14687544.666666666,78.03300107979236,9.19,
2025/09/17 08:45:00,11.24,18.27,14.74,92.63,64.44,82.97,3.0822791556096876,4778834.524556047,14730295.848888889,77.97612454005908,9.2,
2025/09/17 09:00:00,11.28,18.35,14.8,92.6,64.42,82.97,3.085526400459588,5005118.625183375,15444045.711111108,77.91035913335585,9.21,
2025/09/17 09:15:00,10.74,18.29,14.6,92.61,64.39,82.96,3.0660613955832514,5049858.329576073,15483768.134999992,78.44654895217475,9.21,
2025/09/17 09:30:00,10.49,18.28,14.53,92.62,64.37,82.96,3.0589725466150846,5072237.410960542,15516417.1861111,78.69924993015492,9.27,
2025/09/17 09:45:00,10.62,18.28,14.58,92.62,64.34,82.95,3.0621113162779547,5077708.4137574285,15549100.60611111,78.57250816896425,9.23,
2025/09/17 10:00:00,10.46,18.28,14.47,92.63,64.32,82.95,3.0571076277849123,5096727.1600100985,15581818.395000009,78.73745331360087,9.26,
2025/09/17 10:15:00,10.44,18.29,14.48,92.64,64.3,82.95,3.055589968532221,5110047.993832346,15614787.100000005,78.76589847062081,9.25,
2025/09/17 10:30:00,10.54,18.29,14.53,92.65,64.27,82.94,3.056457232460367,5119322.086512575,15647573.858888889,78.6774112047211,9.19,
2025/09/17 10:45:00,10.61,18.3,14.56,92.66,64.25,82.94,3.059142714273232,5125555.253321676,15680394.986666663,78.61790881790922,9.21,
2025/09/17 11:00:00,10.62,18.3,14.57,92.67,64.22,82.93,3.059376659208865,5120706.249712752,15666760.291111117,78.61700529658128,9.22,
2025/09/17 11:15:00,10.77,18.3,14.6,92.67,64.21,82.93,3.0671113561951917,5112362.942947427,15680785.12000001,78.47035981586576,9.29,
2025/09/17 11:30:00,10.84,18.3,14.66,92.68,64.32,82.93,3.066210356470803,5087195.201238699,15599015.727777788,78.41115974662395,9.21,
2025/09/17 11:45:00,10.92,18.35,14.69,92.69,64.43,82.92,3.0696343825258956,5052181.956317114,15508950.777222218,78.34184135072287,9.24,
2025/09/17 12:00:00,11.03,18.35,14.78,92.7,64.55,82.92,3.07374551084866,4991996.351108831,15344735.529444445,78.24325596471763,9.26,
2025/09/17 12:15:00,10.74,18.35,14.63,92.74,64.66,82.92,3.060589216230328,4982265.906681214,15249246.564444449,78.56206053693553,9.23,
2025/09/17 12:30:00,10.73,18.37,14.66,92.79,64.78,82.92,3.058582783397935,4967162.2936094785,15193053.198888887,78.61619856925002,9.25,
2025/09/17 12:45:00,10.74,18.39,14.65,92.84,64.89,82.92,3.056913234551433,4954052.255910858,15144677.129999999,78.65083583479789,9.26,
2025/09/17 13:00:00,10.76,18.41,14.67,92.89,65.01,82.93,3.0559486382235623,4925314.05050643,15052072.24888889,78.67567139815331,9.28,
2025/09/17 13:15:00,10.77,18.42,14.69,92.94,65.12,82.93,3.054277352913908,4896133.866672644,14954713.662777778,78.71029307871298,9.29,
2025/09/17 13:30:00,10.96,18.47,14.77,92.99,65.23,82.94,3.0555398156832125,4864947.357251164,14865604.771111105,78.5693852874721,9.21,
2025/09/17 13:45:00,11.2,18.47,14.88,93.03,65.35,82.94,3.064588282020147,4816043.934953979,14759771.931666669,78.3702435219618,9.28,
2025/09/17 14:00:00,11.34,18.51,14.94,93.08,65.46,82.95,3.0670668287860474,4769565.125060821,14629153.898333339,78.27782353752318,9.28,
2025/09/17 14:15:00,11.37,18.51,14.97,93.13,65.58,82.95,3.0660777862409705,4745010.789386796,14549152.530000003,78.29284335291464,9.29,
2025/09/17 14:30:00,11.55,18.54,15.04,93.18,65.69,82.96,3.066807039757905,4688651.1093425155,14379768.596111106,78.16146643675314,9.21,
2025/09/17 14:45:00,11.73,18.55,15.09,93.23,65.81,82.96,3.0745819670758845,4650059.136472828,14297573.888888882,78.02959168843945,9.31,
2025/09/17 15:00:00,11.68,18.58,15.08,93.28,65.92,82.97,3.071168265068555,4671144.075623449,14346449.699999997,78.12275954046441,9.33,
2025/09/17 15:15:00,11.7,18.61,15.1,93.33,66.03,82.97,3.0702019587576137,4608067.507691126,14148268.236666663,78.14748462720267,9.35,
2025/09/17 15:30:00,11.74,18.62,15.14,93.38,66.15,82.98,3.069931126868739,4568426.653229065,14025325.379999999,78.15264755990951,9.37,
2025/09/17 15:45:00,11.78,18.61,15.13,93.42,66.26,82.98,3.070143301006404,4544956.525201727,13954235.19111111,78.1489425846406,9.39,
2025/09/17 16:00:00,11.93,18.63,15.22,93.47,66.38,82.99,3.0678527838535974,4527160.827065532,13889238.629444443,78.04677014416035,9.26,
2025/09/17 16:15:00,12.05,18.66,15.25,93.52,66.49,82.99,3.0703835957025882,4502145.378947141,13823887.0,77.97361965968658,9.28,
2025/09/17 16:30:00,12.16,18.69,15.38,93.57,66.61,83.0,3.0745775984204786,4471100.002509473,13747332.854444442,77.91014716590885,9.35,
2025/09/17 16:45:00,12.18,18.74,15.35,93.62,66.72,83.0,3.074793170140932,4422466.363231097,13598738.266666666,77.93476655604212,9.4,
2025/09/17 17:00:00,12.21,18.77,15.38,93.67,66.83,83.01,3.0741709730440605,4392096.664871649,13502620.792222226,77.94963610311058,9.42,
2025/09/17 17:15:00,12.33,18.76,15.43,93.72,66.95,83.01,3.0735427995455122,4356406.067795574,13390170.432222223,77.87651076951367,9.36,
2025/09/17 17:30:00,12.36,18.78,15.43,93.77,67.06,83.02,3.0733331893232965,4326381.023108269,13296972.919999994,77.89133787057371,9.39,
2025/09/17 17:45:00,12.75,18.84,15.73,94.66,67.12,83.02,3.0419741290369005,4352959.412274543,13242184.266666658,78.2951996313758,9.37,
2025/09/17 18:00:00,12.7,18.84,15.81,94.36,67.05,83.03,3.0547002665522105,4355049.448006357,13303987.424444446,78.07963854406283,9.36,
2025/09/17 18:15:00,12.73,18.87,15.83,94.05,66.98,83.03,3.071119864797329,4351103.696029238,13363383.366666663,77.77659671647145,9.36,
2025/09/17 18:30:00,12.67,18.87,15.79,93.75,66.9,83.04,3.0863851315411948,4354833.789145569,13441316.68,77.57018093658822,9.42,
2025/09/17 18:45:00,12.44,18.88,15.56,93.3,66.83,83.04,3.0965541272612502,4360343.911860438,13502623.811111117,77.3971614000132,9.32,
2025/09/17 19:00:00,12.53,18.9,15.61,93.1,66.76,83.05,3.115141908229236,4356685.039115235,13572288.619999992,77.13174842660126,9.46,
2025/09/17 19:15:00,12.61,18.89,15.7,93.09,66.69,83.05,3.113466970978323,4380072.494103427,13637828.697777778,77.04474449352132,9.33,
2025/09/17 19:30:00,12.6,18.91,15.68,93.08,66.62,83.06,3.116377357922902,4401363.830941727,13716924.979999997,77.04558531101506,9.4,
2025/09/17 19:45:00,12.63,18.92,15.72,93.07,66.54,83.06,3.115586745977041,4427965.401891472,13796333.833333328,77.00743599225223,9.34,
2025/09/17 20:00:00,12.59,18.92,15.71,93.07,66.47,83.07,3.1153410507324244,4453781.225010544,13875672.55555555,77.04653765765707,9.37,
2025/09/17 20:15:00,12.56,18.9,15.67,93.06,66.4,83.1,3.115540737577909,4484432.821296663,13972058.711111099,77.06700377418542,9.39,
2025/09/17 20:30:00,12.52,18.95,15.63,93.05,66.33,83.19,3.114985123387453,4534243.458626708,14124716.026666665,77.09726258713208,9.4,
2025/09/17 20:45:00,12.44,18.95,15.57,93.05,66.26,83.28,3.1109458103122067,4593955.365817595,14292156.376666665,77.17555881203742,9.37,
2025/09/17 21:00:00,12.4,18.96,15.58,93.04,66.19,83.37,3.1107751643161827,4648296.985577856,14460424.13444445,77.20579794109338,9.39,
2025/09/17 21:15:00,12.35,18.97,15.55,93.03,66.11,83.45,3.1090898297241445,4671663.07053229,14525232.480000002,77.24585164063367,9.38,
2025/09/17 21:30:00,12.31,18.91,15.5,93.02,66.04,83.54,3.106989533692166,4712397.603138627,14641988.472222222,77.27614975872962,9.35,
2025/09/17 21:45:00,12.27,18.91,15.53,93.02,65.97,83.63,3.104775655279407,4756758.411603078,14769296.409999995,77.31530355197286,9.33,
2025/09/17 22:00:00,12.23,18.94,15.51,93.01,65.9,83.72,3.1061470838643808,4805398.541341287,14926901.219999993,77.34547139591724,9.39,
2025/09/17 22:15:00,12.18,18.92,15.48,93.0,65.83,83.81,3.103706694354109,4860092.848497905,15084933.318888891,77.38554240047148,9.36,
2025/09/17 22:30:00,12.09,18.92,15.44,93.13,65.75,83.9,3.0941026462071366,4929176.889193336,15252006.641666668,77.58883178560652,9.36,
2025/09/17 22:45:00,12.09,18.96,15.41,93.33,65.68,83.99,3.0862035623223054,4993283.5391214015,15410908.528888877,77.76601345804076,9.41,
2025/09/17 23:00:00,12.05,18.94,15.47,93.52,65.61,84.08,3.072793913917363,5064198.530766505,15561873.87333333,77.97351365595803,9.34,
2025/09/17 23:15:00,12.37,18.93,15.59,93.4,66.4,84.01,3.0911269850338123,4771443.213463126,14749768.146666666,77.55414835238747,9.37,
2025/09/17 23:30:00,12.39,18.95,15.58,93.37,66.22,83.69,3.095266606367962,4719775.832815759,14609585.460555553,77.50795885051166,9.42,
2025/09/17 23:45:00,12.46,18.97,15.58,93.34,66.04,83.37,3.10000983777173,4672258.426957544,14484660.47111111,77.41288306454587,9.44,
2025/09/18 00:00:00,12.46,18.95,15.6,93.55,66.79,84.04,3.0868936001509235,4672396.173958183,14423804.083333332,77.59886374753322,9.37,
2025/09/18 00:15:00,12.44,18.91,15.58,93.6,66.89,84.02,3.084516130887874,4657718.001348089,14367421.108333329,77.6626600089686,9.39,
2025/09/18 00:30:00,12.42,18.89,15.56,93.65,66.99,83.99,3.0809464513359828,4603573.965529711,14183970.777777776,77.72648254824635,9.38,
2025/09/18 00:45:00,12.44,18.91,15.57,93.7,67.09,83.96,3.0779659632230247,4563121.964240263,14045731.443333326,77.7511739267456,9.35,
2025/09/18 01:00:00,12.49,18.92,15.61,93.75,67.19,83.94,3.0759974647655564,4539946.9870968275,13965464.180555556,77.74649368632892,9.32,
2025/09/18 01:15:00,12.55,18.9,15.59,93.8,67.28,83.91,3.08244055245891,4504326.387125021,13884915.46444444,77.73182258131682,9.49,
2025/09/18 01:30:00,12.6,18.92,15.65,93.85,67.38,83.88,3.0821253061540417,4475909.954582216,13795915.833333332,77.72707671617795,9.5,
2025/09/18 01:45:00,12.58,18.9,15.65,93.9,67.48,83.86,3.0729452005206537,4462882.417392523,13714791.089999994,77.79095815791725,9.35,
2025/09/18 02:00:00,12.59,18.91,15.65,93.95,67.58,83.83,3.069974639191444,4437954.862414471,13625000.27777778,77.82537700157272,9.33,
2025/09/18 02:15:00,12.69,18.91,15.67,94.0,67.68,83.8,3.0665835291681196,4402619.160752506,13501588.099999992,77.77177852056809,9.23,
2025/09/18 02:30:00,12.63,18.91,15.72,94.05,67.78,83.78,3.0701398774571342,4353465.031833531,13366339.555555554,77.87447177682287,9.42,
2025/09/18 02:45:00,12.67,18.91,15.83,94.14,67.88,83.75,3.062438644857884,4317694.521936899,13223279.868333338,77.91489308386231,9.31,
2025/09/18 03:00:00,12.79,18.9,15.82,94.68,67.98,83.73,3.0482329674863395,4293799.179166049,13089095.249999998,78.27357924120398,9.51,
2025/09/18 03:15:00,12.95,18.9,16.02,95.23,68.04,83.7,3.0162486899450625,4323023.632111419,13039938.449999997,78.60111041236392,9.28,
2025/09/18 03:30:00,13.16,18.91,16.28,95.78,68.0,83.67,2.9946467897959734,4354905.232146585,13042079.190555554,78.87841112993956,9.26,
2025/09/18 03:45:00,13.15,18.89,16.26,95.6,67.96,83.65,3.000861791687114,4344329.421405347,13037410.246666675,78.73024051651319,9.21,
2025/09/18 04:00:00,12.76,18.86,15.93,94.54,67.72,83.62,3.0419974856973475,4342779.349989489,13211353.283333339,78.17978592066866,9.23,
2025/09/18 04:15:00,12.53,18.82,15.67,93.71,67.29,83.59,3.0797853203015113,4400306.048449082,13552609.644444441,77.67195026700452,9.33,
2025/09/18 04:30:00,12.4,18.81,15.52,93.23,66.87,83.57,3.098202681614499,4484500.271666353,13894496.48888888,77.37430296962643,9.31,
2025/09/18 04:45:00,12.34,18.82,15.45,93.1,66.45,83.54,3.1064144801010998,4580102.65870397,14228305.135000005,77.3176575174115,9.41,
2025/09/18 05:00:00,12.29,18.8,15.44,92.96,66.03,83.51,3.1107684523118153,4680021.713399969,14559089.086666668,77.24244778014324,9.39,
2025/09/18 05:15:00,12.22,18.78,15.38,92.83,65.61,83.49,3.112379610253219,4787308.21991051,14900553.286666662,77.19565998916951,9.33,
2025/09/18 05:30:00,12.16,18.77,15.42,92.57,65.18,83.46,3.1211486794750734,4880243.710498979,15232625.4911111,77.02358661219088,9.28,
2025/09/18 05:45:00,11.86,18.76,15.25,92.27,64.76,83.44,3.1272972672387036,4972243.227979723,15550326.855555547,77.05002282180483,9.34,
2025/09/18 06:00:00,11.34,18.76,15.09,92.62,64.36,83.41,3.089666828512758,5164429.656075995,15956988.024999997,77.86930772162631,9.29,
2025/09/18 06:15:00,11.51,18.77,15.17,92.7,64.4,83.38,3.093665143998893,5128042.2421597615,15865076.211111102,77.77420347219753,9.34,
2025/09/18 06:30:00,11.44,18.75,15.16,92.7,64.45,83.36,3.0893454238377047,5107176.453415453,15778459.876666663,77.84270569965935,9.29,
2025/09/18 06:45:00,11.19,18.76,15.05,92.7,64.49,83.33,3.0804848063824353,5109731.096155809,15741052.360000001,78.08691407292378,9.29,
2025/09/18 07:00:00,11.25,18.74,15.11,92.69,64.53,83.3,3.0808673975241363,4940783.088980609,15222493.983888885,78.01958826650821,9.23,
2025/09/18 07:15:00,11.49,18.76,15.15,92.67,64.57,83.26,3.0933168801106925,4915776.944147656,15206658.518333342,77.76715666818843,9.31,
2025/09/18 07:30:00,11.64,18.73,15.19,92.65,64.61,83.22,3.0954515444816595,4901756.87568273,15173764.82111111,77.60310251258942,9.2,
2025/09/18 07:45:00,11.45,18.71,15.1,92.63,64.65,83.18,3.092357664714902,4838471.500687811,14962877.202777775,77.77078979449946,9.27,
2025/09/18 08:00:00,11.35,18.7,15.06,92.61,64.69,83.14,3.090505712765053,4895399.762933645,15129854.850000001,77.85065221186662,9.29,
2025/09/18 08:15:00,11.41,18.69,15.07,92.62,64.73,83.1,3.0910482702718585,4829707.353897521,14929448.001111103,77.80100568577976,9.26,
2025/09/18 08:30:00,11.54,18.7,15.13,92.66,64.77,83.06,3.0963156070753395,4813247.538220293,14903931.65555556,77.70937788349485,9.33,
2025/09/18 08:45:00,11.61,18.68,15.14,92.71,64.81,83.02,3.0937748444777613,4816152.443993909,14900693.664999994,77.68555950863085,9.26,
2025/09/18 09:00:00,11.68,18.65,15.12,92.75,64.85,82.97,3.0946919878911223,4787189.455422796,14815477.74666667,77.65265498405438,9.27,
2025/09/18 09:15:00,11.73,18.64,15.15,92.79,64.89,82.93,3.091771813404446,4744200.267110205,14668585.580000006,77.63948324808304,9.2,
2025/09/18 09:30:00,11.72,18.58,15.16,92.93,64.93,82.89,3.0861417304925705,4735964.034727775,14616465.624444438,77.77342786137766,9.24,
2025/09/18 09:45:00,11.76,18.59,15.1,93.09,64.97,82.85,3.0801204191408327,4728336.167789647,14564438.093333332,77.87625145620136,9.25,
2025/09/18 10:00:00,11.69,18.6,15.04,93.24,65.01,82.81,3.0726979017358937,4750773.10817645,14598271.477777775,78.07756407448466,9.31,
2025/09/18 10:15:00,11.61,18.62,15.11,93.3,65.05,82.77,3.065826923563065,4687808.810541755,14372588.63333333,78.2090291318636,9.28,
2025/09/18 10:30:00,11.55,18.6,15.1,93.3,65.09,82.73,3.063740353986056,4670090.176783263,14308520.379999999,78.26768604718411,9.28,
2025/09/18 10:45:00,11.56,18.66,15.09,93.3,65.13,82.69,3.065246895537936,4646961.838089159,14244648.586666668,78.25784349741565,9.31,
2025/09/18 11:00:00,11.57,18.63,15.08,93.3,65.17,82.64,3.064437245685203,4623769.6340438,14169815.091666663,78.24813416214113,9.28,
2025/09/18 11:15:00,11.58,18.63,15.07,93.3,65.21,82.6,3.0647852598890575,4601481.027280235,14103110.303333335,78.23835806203185,9.28,
2025/09/18 11:30:00,11.59,18.65,15.1,93.3,65.25,82.56,3.0655211557134163,4592128.145601574,14077825.831666669,78.22855929169819,9.29,
2025/09/18 11:45:00,11.6,18.67,15.12,93.3,65.29,82.52,3.066255900276117,4509916.779911316,13829109.097222213,78.21876111456075,9.3,
2025/09/18 12:00:00,11.88,18.7,15.24,93.25,65.33,82.48,3.0780839353371063,4370545.914855424,13453459.463888895,77.90069272605228,9.29,
2025/09/18 12:15:00,12.24,18.73,15.42,93.15,65.37,82.44,3.096486918076713,4345160.941279852,13455316.544999994,77.4599324220966,9.31,
2025/09/18 12:30:00,12.19,18.76,15.37,93.15,65.41,82.42,3.0914713146241595,4342858.893468447,13426389.900000004,77.50899490400604,9.23,
2025/09/18 12:45:00,12.26,18.78,15.42,93.25,65.45,82.43,3.0906336716278804,4342369.083530654,13421242.926666668,77.5290596782484,9.27,
2025/09/18 13:00:00,12.4,18.82,15.54,93.36,65.49,82.45,3.084951573296766,4351175.37697347,13423748.60444445,77.48977557919196,9.15,
2025/09/18 13:15:00,12.48,18.79,15.58,93.46,65.53,82.46,3.0887822463083006,4344324.158372366,13419268.224999992,77.49974227224807,9.29,
2025/09/18 13:30:00,12.54,18.88,15.67,93.48,65.57,82.48,3.089896821550938,4328349.743963692,13374749.367222229,77.45872365903469,9.29,
2025/09/18 13:45:00,12.59,18.9,15.64,93.45,65.61,82.49,3.092732271849622,4307396.864089408,13322209.902222218,77.38324756801958,9.28,
2025/09/18 14:00:00,12.64,18.92,15.69,93.42,65.61,82.51,3.0968318223571316,4297475.3442077525,13309149.027777782,77.30772265053552,9.3,
2025/09/18 14:15:00,12.54,18.94,15.65,93.39,65.56,82.52,3.0956223214189,4305134.078317299,13327649.47555555,77.37900654598891,9.32,
2025/09/18 14:30:00,12.58,18.94,15.66,93.35,65.51,82.54,3.10065524812078,4320476.462301407,13396894.542777779,77.30439201773395,9.36,
2025/09/18 14:45:00,12.63,18.98,15.69,93.32,65.46,82.56,3.105128103518051,4328853.326548632,13442232.100000007,77.22886279189686,9.39,
2025/09/18 15:00:00,12.74,19.04,15.76,93.29,65.41,82.57,3.106881154989768,4338448.156346387,13479634.739999996,77.09474451546085,9.3,
2025/09/18 15:15:00,12.75,19.06,15.77,93.26,65.36,82.59,3.111210579197035,4358378.848029871,13560429.263333336,77.05831533667168,9.36,
2025/09/18 15:30:00,12.77,19.11,15.8,93.23,65.31,82.6,3.1165994397095904,4377975.13550696,13644991.359999994,77.01210386428106,9.44,
2025/09/18 15:45:00,12.68,19.16,15.89,93.19,65.26,82.62,3.110163249618493,4415422.779815053,13733291.537777776,77.06488105581332,9.31,
2025/09/18 16:00:00,12.51,19.19,15.74,93.12,65.21,82.63,3.1079975106940902,4441069.828767317,13803410.573333334,77.16919062164395,9.32,
2025/09/18 16:15:00,12.82,19.26,15.96,93.89,65.16,82.65,3.082651384627249,4486612.532730725,13831259.126666673,77.54710018344582,9.37,
2025/09/18 16:30:00,12.78,19.21,15.9,93.52,65.11,82.66,3.1013218767684427,4479893.449297329,13894194.599999998,77.25906504791797,9.41,
2025/09/18 16:45:00,12.8,19.24,15.9,93.27,65.06,82.68,3.1145105361894987,4483642.780614722,13964957.123333333,77.01818872470018,9.41,
2025/09/18 17:00:00,12.82,19.31,15.9,93.18,65.01,82.69,3.118938724259327,4486998.194798623,13995266.999999994,76.91891660077454,9.39,
2025/09/18 17:15:00,12.77,19.3,15.94,93.1,64.96,82.71,3.1170701823096105,4490601.590688359,13998123.33333333,76.89709004862014,9.29,
2025/09/18 17:30:00,12.73,19.29,15.91,93.01,64.91,82.72,3.121793589463238,4482139.618994228,13992915.285555556,76.85641579743937,9.33,
2025/09/18 17:45:00,12.69,19.34,15.91,92.93,64.86,82.74,3.125556360544128,4477470.902371824,13995180.613333328,76.82459348462135,9.36,
2025/09/18 18:00:00,12.66,19.36,15.88,92.84,64.81,82.75,3.128970789207707,4492788.489695878,14058391.966666665,76.7741274107079,9.36,
2025/09/18 18:15:00,12.84,19.36,16.0,93.25,64.78,82.77,3.116951216125496,4580174.679953599,14276796.037777772,76.96132605570901,9.41,
2025/09/18 18:30:00,12.97,19.39,16.07,93.66,64.8,82.78,3.0990128607763925,4581962.799657853,14200175.476666667,77.19691140310218,9.36,
2025/09/18 18:45:00,13.07,19.42,16.14,93.62,64.82,82.8,3.103287980408385,4556072.208479697,14139424.053333335,77.06363866783664,9.33,
2025/09/18 19:00:00,13.16,19.42,16.17,93.68,64.84,82.81,3.1088956715003793,4546933.064624958,14136567.719999997,77.02846935845932,9.46,
2025/09/18 19:15:00,13.16,19.37,16.25,93.75,64.85,82.83,3.102053435954773,4561172.8350195065,14149653.674444446,77.09037765751171,9.38,
2025/09/18 19:30:00,13.21,19.39,16.24,93.81,64.87,82.84,3.1008020824551905,4562092.705562294,14146791.651666664,77.09442329994587,9.38,
2025/09/18 19:45:00,13.2,19.39,16.34,93.88,64.89,82.86,3.088860953559987,4581412.194018491,14152007.943333333,77.16625954075077,9.2,
2025/09/18 20:00:00,13.21,19.4,16.31,93.94,64.91,82.87,3.0951033750123753,4567810.816927548,14138502.131111115,77.20925576614897,9.4,
2025/09/18 20:15:00,13.12,19.39,16.24,94.0,64.93,82.89,3.086341219319468,4584770.086049178,14150805.728888884,77.35045423849249,9.34,
2025/09/18 20:30:00,13.1,19.41,16.26,94.01,64.95,82.84,3.0860086257042014,4579373.783950281,14132626.908888888,77.37886240057466,9.36,
2025/09/18 20:45:00,13.17,19.42,16.24,94.02,64.97,82.72,3.0848613094927915,4557120.821163816,14058715.916666666,77.3191771923127,9.29,
2025/09/18 21:00:00,13.09,19.41,16.26,94.03,64.99,82.59,3.0833476841675718,4531827.872181738,13973832.888888896,77.4063446486808,9.33,
2025/09/18 21:15:00,13.09,19.42,16.21,94.04,65.0,82.47,3.0850160867692167,4494412.807252051,13865951.617222222,77.41513616542213,9.38,
2025/09/18 21:30:00,13.12,19.39,16.19,94.05,65.02,82.34,3.0876839077501588,4450409.246686463,13742070.002222227,77.39455234466192,9.43,
2025/09/18 21:45:00,13.19,19.39,16.3,94.05,65.04,82.22,3.0826754584668183,4420113.346114057,13626402.899999993,77.32610388859763,9.26,
2025/09/18 22:00:00,13.33,19.41,16.38,94.06,65.06,82.09,3.0902047590861375,4369368.973473575,13502881.693888886,77.19768000259045,9.33,
2025/09/18 22:15:00,13.17,19.38,16.27,94.07,65.08,81.97,3.0845611020379695,4332546.812352685,13364617.860000001,77.36327554831725,9.34,
2025/09/18 22:30:00,13.25,19.4,16.27,94.08,65.1,81.84,3.0881668497047583,4292329.386882238,13256034.000000007,77.2936984722869,9.37,
2025/09/18 22:45:00,13.25,19.4,16.35,94.09,65.12,81.72,3.0923296101845237,4253999.787680329,13155386.566666663,77.30249569832188,9.48,
2025/09/18 23:00:00,13.11,19.39,16.23,94.1,65.14,81.59,3.0814020173216523,4233740.715460071,13046444.736111112,77.44853707656036,9.35,
2025/09/22 00:45:00,12.58,19.52,16.39,96.42,61.71,84.86,2.932241195654593,4364477.905287845,12798242.141666664,80.00916361875453,9.02,
2025/09/22 01:00:00,11.96,19.5,15.86,93.04,62.25,81.72,3.0923682916199873,5014895.62344966,15508513.735,77.63621465857122,9.32,
2025/09/22 01:15:00,12.43,19.48,15.86,92.93,62.79,81.98,3.1145909932511824,4880894.187794929,15202596.255,77.07900455824301,9.32,
2025/09/22 01:30:00,12.49,19.46,15.91,92.82,63.32,82.25,3.1253292786647013,4805249.052432727,15018600.318333331,76.92263571877687,9.4,
2025/09/22 01:45:00,12.31,19.45,15.78,92.71,63.62,82.51,3.1227322106848843,4794665.096146713,14973047.258888893,77.00110225083284,9.36,
2025/09/22 02:00:00,12.31,19.41,15.8,92.74,63.71,82.77,3.1227471958297603,4813339.127533103,15031445.57444444,77.02767892915381,9.4,
2025/09/22 02:15:00,12.32,19.41,15.84,92.78,63.79,83.04,3.1192401939692807,4842064.281356005,15104174.55555556,77.05346797869873,9.35,
2025/09/22 02:30:00,12.52,19.47,15.96,92.83,63.88,83.3,3.122016447664993,4878311.218337879,15230797.43777777,76.90229671437372,9.3,
2025/09/22 02:45:00,12.5,19.38,15.87,92.87,63.97,83.29,3.118082505188623,4865429.580644611,15171436.793333339,76.9573951906151,9.27,
2025/09/22 03:00:00,12.26,19.37,15.71,92.92,64.05,83.28,3.1093744739859868,4862511.40623178,15119964.62166667,77.2363929577155,9.33,
2025/09/22 03:15:00,11.98,19.37,15.7,92.96,64.14,83.27,3.0970055404212213,4862642.115945293,15060217.907777775,77.54569566084491,9.32,
2025/09/22 03:30:00,12.01,19.39,15.68,93.0,64.22,83.26,3.0972594752273994,4839941.293056632,14991133.422222227,77.55179445445059,9.35,
2025/09/22 03:45:00,12.23,19.35,15.76,93.05,64.31,83.25,3.099887126157255,4796316.8619791465,14868635.503333332,77.38111480670894,9.28,
2025/09/22 04:00:00,12.32,19.35,15.78,93.09,64.4,83.24,3.1050534783510706,4794895.803126555,14889008.126666658,77.32839077567536,9.38,
2025/09/22 04:15:00,12.41,19.36,15.82,93.13,64.48,83.23,3.103933634101357,4810111.288490144,14930872.916666666,77.27588938935574,9.32,
2025/09/22 04:30:00,12.32,19.36,15.79,93.18,64.57,83.22,3.099046974157462,4750429.500976879,14722395.997222226,77.40821748659766,9.34,
2025/09/22 04:45:00,12.52,19.36,15.9,93.19,64.59,83.22,3.1044635683339457,4725761.614180146,14671564.874999994,77.221450615617,9.31,
2025/09/22 05:00:00,12.5,19.33,15.85,93.18,64.5,83.21,3.104655471653646,4725331.054948915,14671131.548333328,77.23214456188373,9.32,
2025/09/22 05:15:00,12.47,19.29,15.75,93.17,64.41,83.2,3.1048882090062824,4757760.535381653,14772915.128888896,77.25260781609475,9.34,
2025/09/22 05:30:00,12.44,19.26,15.74,93.16,64.32,83.19,3.105887925456268,4789175.363171846,14875250.353333337,77.27304628365755,9.38,
2025/09/22 05:45:00,12.41,19.23,15.72,93.14,64.23,83.18,3.1054142774204263,4812833.761784411,14946455.608333334,77.28468295397775,9.37,
2025/09/22 06:00:00,12.42,19.29,15.82,93.13,64.14,83.17,3.106266149240537,4829832.310223563,15003367.23722222,77.26603721341179,9.37,
2025/09/22 06:15:00,12.42,19.21,15.69,93.12,64.04,83.16,3.1063722691634386,4850510.471628227,15068107.657777768,77.25718679322115,9.36,
2025/09/22 06:30:00,12.41,19.15,15.68,93.11,63.95,83.15,3.106508051025226,4882143.131635103,15167046.399999999,77.25810613761305,9.36,
2025/09/22 06:45:00,12.4,19.2,15.72,93.09,63.86,83.14,3.106749301383707,4917020.384287191,15276581.906666668,77.2501741520887,9.35,
2025/09/22 07:00:00,12.37,19.17,15.71,93.08,63.77,83.13,3.104183263061976,4956492.888028118,15386501.973333323,77.2707330711043,9.3,
2025/09/22 07:15:00,12.33,19.14,15.66,93.07,63.68,83.13,3.104842919472017,4982841.632420733,15471580.299999995,77.30093334495932,9.34,
2025/09/22 07:30:00,12.33,19.09,15.62,93.06,63.59,83.12,3.1065055071001306,4957445.772648189,15400971.74,77.29202588473736,9.37,
2025/09/22 07:45:00,12.38,19.08,15.62,93.04,63.5,83.11,3.1061232823660685,4981443.425183045,15473621.30111111,77.22550611736875,9.29,
2025/09/22 08:00:00,12.33,19.1,15.62,93.03,63.41,83.1,3.106430414306379,5004363.050450518,15546348.888888886,77.26548400199549,9.33,
2025/09/22 08:15:00,12.28,19.03,15.56,93.02,63.32,83.09,3.1059169580247143,5028629.776898544,15619154.503333336,77.30549241273812,9.35,
2025/09/22 08:30:00,12.23,19.0,15.52,93.01,63.23,83.08,3.1050060815001803,5053651.8565400485,15692268.624999998,77.34551208947995,9.36,
2025/09/22 08:45:00,12.19,19.02,15.55,92.99,63.14,83.07,3.1045587775705052,5077880.211558523,15765231.221666662,77.3668939323237,9.36,
2025/09/22 09:00:00,12.12,19.0,15.48,92.98,63.05,83.06,3.1002255122318134,5108539.938228108,15838271.845,77.42657913665988,9.3,
2025/09/22 09:15:00,11.71,18.97,15.33,92.97,62.95,83.05,3.0853999296002685,5156712.052499959,15911142.133333327,77.81860444535695,9.28,
2025/09/22 09:30:00,11.55,18.92,15.29,92.96,62.86,83.04,3.0767310144222018,5185046.174516652,15953616.27444445,77.96634864669979,9.19,
2025/09/22 09:45:00,11.51,18.92,15.27,92.94,62.77,83.04,3.076308373125379,5202078.644832545,16003820.396666665,77.98769150605209,9.19,
2025/09/22 10:00:00,11.51,18.94,15.25,92.93,62.68,83.03,3.0783725052276614,5212278.792888619,16045953.519444445,77.97870413436793,9.23,
2025/09/22 10:15:00,11.58,18.87,15.26,92.92,62.59,83.02,3.078928705980266,5224962.81737458,16087921.299999995,77.90158375680896,9.17,
2025/09/22 10:30:00,11.48,18.83,15.16,92.9,62.5,83.02,3.079549452510084,5240040.231222827,16137588.059999999,77.98133814927293,9.25,
2025/09/22 10:45:00,11.55,18.86,15.26,92.84,62.41,83.05,3.0829832497718237,5316733.404276236,16392048.346666666,77.859798454699,9.2,
2025/09/22 11:00:00,11.47,18.85,15.21,92.75,62.32,83.08,3.08494757615224,5329396.351141662,16441552.086666664,77.85802090194144,9.21,
2025/09/22 11:15:00,11.39,18.85,15.2,92.66,62.23,83.1,3.08688691195297,5339433.291193511,16482870.922222223,77.85619846985126,9.22,
2025/09/22 11:30:00,11.36,18.79,15.09,92.57,62.14,83.13,3.091327265168627,5347444.345745772,16531339.183333326,77.80543584956872,9.25,
2025/09/22 11:45:00,11.28,18.78,15.1,92.48,62.05,83.16,3.0932097543698123,5359765.358682463,16579523.088333331,77.80353130732695,9.26,
2025/09/22 12:00:00,11.19,18.84,15.15,92.39,61.96,83.19,3.0917684728075527,5453976.024107544,16863084.535,77.81158486605477,9.19,
2025/09/22 12:15:00,10.8,18.77,14.91,92.31,61.87,83.22,3.083598056468835,5444199.881551818,16788343.580555554,78.12096982747944,9.24,
2025/09/22 12:30:00,10.75,18.75,14.91,92.46,61.77,83.25,3.0743018107395965,5602941.8401997825,17225770.246666666,78.30329566776192,9.23,
2025/09/22 12:45:00,10.75,18.75,14.92,92.6,61.72,83.28,3.065789591447359,5531317.737760384,16958481.540000003,78.42799866138608,9.18,
2025/09/22 13:00:00,10.87,18.73,14.96,92.6,61.71,83.31,3.0688495249103327,5542915.48320609,17011011.6,78.31095178430343,9.15,
2025/09/22 13:15:00,10.82,18.73,14.88,92.6,61.69,83.34,3.06971100728435,5568603.610475853,17094631.91944445,78.35952515489163,9.22,
2025/09/22 13:30:00,10.73,18.69,14.87,92.6,61.67,83.37,3.066916781289164,5617026.196460755,17227589.01111111,78.44735073548169,9.23,
2025/09/22 13:45:00,10.63,18.71,14.83,92.6,61.66,83.4,3.0644786641183805,5638532.645786032,17279791.405555565,78.54486155121299,9.26,
2025/09/22 14:00:00,10.71,18.77,14.89,92.6,61.64,83.43,3.067285909795392,5641379.153540427,17304352.969444446,78.46677657463542,9.26,
2025/09/22 14:15:00,10.73,18.71,14.86,92.6,61.62,83.46,3.0665567938722074,5650705.426191701,17328844.866666663,78.44738401921775,9.22,
2025/09/22 14:30:00,10.81,18.69,14.86,92.6,61.6,83.49,3.0671360242476213,5657599.406243889,17353267.097222216,78.36949534062188,9.16,
2025/09/22 14:45:00,10.9,18.69,14.89,92.6,61.59,83.52,3.071033634645593,5655767.463229436,17369699.141666662,78.28155434865252,9.18,
2025/09/22 15:00:00,10.8,18.68,14.86,92.6,61.57,83.54,3.0682766537998276,5679240.380297824,17426125.542222228,78.37911728202165,9.2,
2025/09/22 15:15:00,10.74,18.67,14.83,92.6,61.55,83.57,3.0661780059546935,5702483.183260443,17485471.55666666,78.43769044317737,9.2,
2025/09/22 15:30:00,10.68,18.65,14.82,92.6,61.54,83.6,3.0644445269974656,5716073.157602927,17517234.447777774,78.49622483595562,9.21,
2025/09/22 15:45:00,10.56,18.65,14.76,92.6,61.52,83.63,3.0634039433084586,5730978.311028461,17556938.061666656,78.61305391837453,9.3,
2025/09/22 16:00:00,10.67,18.64,14.81,92.61,61.5,83.66,3.0621508956789314,5746285.773784399,17596641.675555553,78.51502198503375,9.17,
2025/09/22 16:15:00,10.55,18.63,14.77,92.62,61.49,83.69,3.060377644889973,5759995.49627393,17628404.56666666,78.64076108598682,9.25,
2025/09/22 16:30:00,10.37,18.65,14.71,92.64,61.47,83.72,3.0528074753166985,5787288.968780953,17668108.180555556,78.83423989176993,9.24,
2025/09/22 16:45:00,10.63,18.68,14.83,92.65,61.45,83.75,3.0588517515967273,5701219.127640994,17439821.544444438,78.5896383559924,9.17,
2025/09/22 17:00:00,10.59,18.69,14.81,92.66,61.44,83.78,3.0595254268126633,5767160.811054167,17645415.30888889,78.63732749548106,9.24,
2025/09/22 17:15:00,10.52,18.64,14.78,92.67,61.42,83.81,3.056255206190697,5780638.566607508,17667749.977777775,78.71457464361013,9.23,
2025/09/22 17:30:00,10.45,18.64,14.72,92.69,61.4,83.84,3.053579732627049,5792910.496022188,17689747.460000005,78.80060736797104,9.25,
2025/09/22 17:45:00,10.42,18.71,14.79,92.7,61.39,83.87,3.053444456613321,5797851.96657335,17704052.813333333,78.8386446287861,9.29,
2025/09/22 18:00:00,11.65,18.65,15.19,93.98,61.37,83.81,3.029633279782877,4937326.3449482415,14958887.973333336,78.77220906295182,9.17,
2025/09/22 18:15:00,12.45,18.62,15.45,94.44,61.35,83.66,3.0256302425269674,4715636.776723282,14268396.443888884,78.39582997180177,9.0,
2025/09/22 18:30:00,12.51,18.64,15.6,94.19,61.34,83.51,3.043543390122308,4690085.18195235,14275133.674999999,78.11621677260017,9.07,
2025/09/22 18:45:00,12.43,18.61,15.48,93.93,61.32,83.36,3.0509652455413176,4688990.045295016,14306586.433333332,77.96505999073878,9.01,
2025/09/22 19:00:00,12.4,18.6,15.5,93.46,61.3,83.21,3.06763723447439,4519649.930214327,13865278.521111108,77.57912842073537,8.89,
2025/09/22 19:15:00,12.41,18.62,15.48,93.33,61.36,83.06,3.0813253315970677,4455465.565744981,13729360.944444446,77.45375214114708,9.03,
2025/09/22 19:30:00,12.36,18.59,15.45,93.5,61.43,82.91,3.0682153696178216,4428246.5345281605,13587425.793333327,77.65339980398836,8.97,
2025/09/22 19:45:00,12.4,18.58,15.5,93.66,61.5,82.76,3.0663162945035514,4384636.858081453,13445299.987777779,77.75551708325017,9.07,
2025/09/22 20:00:00,12.5,18.58,15.57,93.82,61.58,82.61,3.058835807377283,4346846.914719829,13296912.658333333,77.79928827719851,9.01,
2025/09/22 20:15:00,12.52,18.57,15.6,93.98,61.65,82.46,3.046972985141404,4317246.2700670175,13155152.486666663,77.92140724199929,8.92,
2025/09/22 20:30:00,12.47,18.54,15.56,94.09,61.73,82.31,3.0471949522791704,4268279.101003958,13006889.280000003,78.06708031052781,9.07,
2025/09/22 20:45:00,12.5,18.52,15.58,94.05,61.8,82.16,3.0448092051535633,4225103.403301152,12865245.335555553,78.0026996029124,8.96,
2025/09/22 21:00:00,12.47,18.52,15.53,94.01,61.87,82.01,3.050715150938849,4170440.9142412026,12723423.741111116,77.99643676843371,9.06,
2025/09/25 11:30:00,5.64,16.34,12.42,94.52,62.31,84.04,2.8051399947049758,6163224.934781151,17289252.371111114,85.11503100649246,8.83,
2025/09/25 11:45:00,5.47,16.34,11.86,92.61,61.67,84.57,2.8831215837144604,6429430.900189003,18537362.983333323,83.57709148947558,8.93,
2025/09/25 12:00:00,5.48,16.35,11.84,91.51,61.03,84.68,2.92793690493381,6524954.835752117,19105213.661111116,82.58236127667318,8.87,
2025/09/25 12:15:00,5.49,16.34,11.85,91.58,60.38,84.7,2.9253070548958404,6705218.996549325,19615398.684444442,82.63551068141238,8.87,
2025/09/25 12:30:00,5.5,16.35,11.85,91.66,60.17,84.72,2.9222557832740583,6624216.379714016,19358219.191666663,82.69761567269035,8.87,
2025/09/25 12:45:00,5.51,16.35,11.87,91.74,60.17,84.74,2.9192036457021406,6638498.327215801,19379695.334999993,82.75969792989251,8.87,
2025/09/25 13:00:00,5.52,16.35,11.87,91.82,60.16,84.76,2.916151575696455,6658359.9931248315,19417354.000000007,82.82175747635385,8.87,
2025/09/25 13:15:00,5.53,16.36,11.89,91.89,60.16,84.77,2.913520358260387,6687187.328238178,19483825.86944444,82.87482923750676,8.87,
2025/09/25 13:30:00,5.54,16.37,11.91,91.97,60.16,84.79,2.9107497810801926,6719034.475970384,19558000.20166667,82.9367433438584,8.88,
2025/09/25 13:45:00,5.55,16.39,11.92,92.05,60.16,84.81,2.907698902582131,6743161.589618154,19607654.88611111,82.99873790293005,8.88,
2025/09/25 14:00:00,5.56,16.38,11.92,92.13,60.15,84.83,2.904647261505284,6751160.817459671,19610312.553333335,83.06070984502077,8.88,
2025/09/25 14:15:00,5.57,16.36,11.89,92.21,60.15,84.85,2.9015955989173743,6756325.805586491,19604694.63333333,83.12265919511191,8.88,
2025/09/25 14:30:00,5.58,16.36,11.88,92.29,60.15,84.86,2.8988323309622865,6758081.981911896,19591113.465000004,83.18448492900914,8.89,
2025/09/25 14:45:00,5.56,16.36,11.88,92.33,60.14,84.88,2.8965220077674263,6764345.375539718,19593641.552222215,83.23968740671012,8.89,
2025/09/25 15:00:00,5.54,16.37,11.89,92.37,60.14,84.9,2.894214107687487,6768557.213430963,19590219.293333333,83.29488590111977,8.89,
2025/09/25 15:15:00,5.63,16.38,11.9,92.41,60.14,84.92,2.895352853503421,6779707.385409805,19630212.14,83.24338206275502,8.89,
2025/09/25 15:30:00,5.59,16.38,11.89,92.45,60.13,84.94,2.8927088148039175,6802584.8884132635,19678463.621666662,83.31787203192121,8.9,
2025/09/25 15:45:00,5.59,16.39,11.89,92.49,60.13,84.95,2.8910285044253867,6801707.00306114,19664493.016666666,83.35365567010908,8.9,
2025/09/25 16:00:00,5.6,16.43,11.91,92.53,60.13,84.97,2.8896607769122884,6761504.789694869,19539012.899999995,83.37973285761669,8.9,
2025/09/25 16:15:00,5.5,16.44,11.93,92.57,60.13,84.99,2.8848666491490222,6809311.304765166,19644515.63555555,83.51251698619643,8.9,
2025/09/25 16:30:00,5.6,16.42,11.94,92.6,60.12,85.01,2.886719719096782,6820658.950830175,19689896.850555558,83.44233204897412,8.9,
2025/09/25 16:45:00,5.57,16.38,11.91,92.58,60.12,85.03,2.886625207552618,6809830.543345213,19657994.974444445,83.4535532649673,8.9,
2025/09/25 17:00:00,5.55,16.39,11.9,92.57,60.12,85.04,2.886422419045512,6802317.948163157,19634926.251111116,83.46401303673203,8.9,
2025/09/25 17:15:00,5.57,16.44,11.97,92.56,60.11,85.06,2.887464581114697,6838145.769897566,19745472.969444443,83.43566746065449,8.9,
2025/09/25 17:30:00,5.6,16.39,11.91,92.54,60.11,85.08,2.8892399348551767,6860394.427700604,19821896.257777773,83.38867656524965,8.9,
2025/09/25 17:45:00,5.61,16.4,11.88,92.53,60.11,85.1,2.8899729071650655,6836238.432386959,19757107.883333325,83.37003143075198,8.9,
2025/09/25 18:00:00,5.63,16.4,11.92,92.51,60.11,85.12,2.8914375638946805,6902818.192881184,19959643.165000007,83.3327404387378,8.9,
2025/09/25 18:15:00,5.64,16.41,11.91,93.44,60.1,85.85,2.8533387019181107,6275586.079341763,17906876.166666664,84.1532591318895,8.92,
2025/09/25 18:30:00,5.76,16.41,11.94,95.57,60.1,88.31,2.7706642693544077,6865117.90893503,19021451.337777775,85.927397930769,9.0,
2025/09/25 18:45:00,6.15,16.42,11.97,95.42,60.1,88.34,2.788655135387052,6763174.958731476,18860680.17777778,85.41483824337709,9.02,
2025/09/25 19:00:00,6.35,16.42,11.99,95.27,60.09,88.38,2.801727061134238,6731930.05840889,18861554.378333323,85.08712358155904,9.05,
2025/09/25 19:15:00,6.5,16.45,12.06,95.12,60.09,88.41,2.812402562511256,6806083.675167967,19141986.74666666,84.80828069078808,9.05,
2025/09/25 19:30:00,6.47,16.45,12.04,94.97,60.09,88.44,2.817873895065927,6828333.622434948,19241924.624999996,84.7046533338187,9.05,
2025/09/25 19:45:00,6.45,16.41,11.97,94.82,60.09,88.47,2.823631844173415,6820454.012511447,19258991.21666666,84.59121261742881,9.05,
2025/09/25 20:00:00,6.44,16.42,11.97,94.71,60.08,88.51,2.8276562129620744,6763676.860761624,19125889.218333334,84.50350982104095,9.04,
2025/09/25 20:15:00,6.47,16.41,11.97,94.74,60.09,88.54,2.8272705454652294,6779873.116893858,19169074.191666666,84.50090752233044,9.04,
2025/09/25 20:30:00,6.58,16.4,12.03,94.78,60.1,88.57,2.8288150164366352,6791448.680232812,19212300.96499999,84.42928361416027,9.04,
2025/09/25 20:45:00,6.63,16.48,12.06,94.81,60.12,88.6,2.8283292902091466,6805525.525582472,19248810.82666666,84.4073431359634,9.02,
2025/09/25 21:00:00,6.66,16.47,12.05,94.85,60.14,88.64,2.829885018060932,6817084.544128914,19292110.75,84.41305596677367,9.09,
2025/09/25 21:15:00,6.71,16.43,12.07,94.88,60.16,88.67,2.829752072956882,6762240.285767352,19136011.785,84.39102111333135,9.08,
2025/09/25 21:30:00,6.75,16.43,12.08,94.92,60.18,88.7,2.82923102576804,6758015.761623214,19120536.844444446,84.38750078842759,9.08,
2025/09/25 21:45:00,6.72,16.41,12.06,94.95,60.2,88.73,2.826731498605687,6818511.553653754,19274654.025,84.4433589203006,9.07,
2025/09/25 22:00:00,6.74,16.47,12.09,94.99,60.21,88.77,2.8256183166688618,6769928.491373364,19129778.359999996,84.4593044136288,9.07,
2025/09/25 22:15:00,6.74,16.48,12.1,95.02,60.23,88.8,2.8239984151642217,6779590.284951164,19146096.615555555,84.48594075801743,9.06,
2025/09/25 22:30:00,6.75,16.42,12.06,95.06,60.25,88.83,2.8225880205947163,6791464.70266299,19170054.05333333,84.51161484975069,9.06,
2025/09/25 22:45:00,6.79,16.48,12.15,95.09,60.27,88.87,2.823512954858132,6800105.155412778,19200737.11111111,84.4989957522442,9.09,
2025/09/25 23:00:00,6.78,16.44,12.09,95.13,60.29,88.9,2.8218589819794575,6921364.068847714,19531671.891111113,84.54407027782557,9.1,
2025/09/25 23:15:00,6.8,16.41,12.07,95.16,60.3,88.93,2.8218473758371285,6808076.073362216,19211902.23944445,84.55100003140099,9.12,
2025/09/25 23:30:00,6.67,16.46,12.07,95.2,60.32,88.96,2.816343656231261,6801686.310086027,19156427.25333333,84.7130237826989,9.12,
2025/09/25 23:45:00,5.9,16.43,12.03,96.51,60.34,89.0,2.739684318450737,6974183.076085278,19107575.82555555,86.62032718572911,9.12,
2025/09/26 00:00:00,5.74,16.42,12.02,98.99,59.67,91.41,2.6351988302081475,7288598.645453557,19207393.993333325,88.95402353592938,9.18,
2025/09/26 00:15:00,6.97,16.47,12.22,99.06,59.65,92.57,2.6694516449060894,7271117.281001915,19410416.59333333,87.81238514359418,9.34,
2025/09/26 00:30:00,7.16,16.47,12.26,98.92,59.62,92.0,2.6794980768106798,7099492.091303887,19023593.58777778,87.50438387363519,9.32,
2025/09/26 00:45:00,7.18,16.43,12.23,98.78,59.59,91.43,2.6855788543820567,6940370.329443986,18639422.560000002,87.3625281206838,9.31,
2025/09/26 01:00:00,7.2,16.42,12.22,98.64,59.57,90.86,2.691666849420061,6780491.04001434,18251324.886666667,87.22062395701191,9.3,
2025/09/26 01:15:00,7.58,16.4,12.46,98.5,59.54,90.29,2.7035868323148584,6595256.443290842,17831374.91666667,86.72709979671338,9.2,
2025/09/26 01:30:00,8.38,16.43,12.58,96.67,59.51,89.48,2.8015756362381263,6220633.725951593,17428132.755000003,84.34112338310365,9.11,
2025/09/26 01:45:00,8.43,16.42,12.69,96.54,59.49,88.66,2.8045558351869095,6065050.528299431,17010334.78833333,84.17851798630198,9.01,
2025/09/26 02:00:00,8.45,16.45,12.68,96.42,59.46,87.84,2.8096068550326043,5842687.680306688,16416193.42,84.05355677125338,8.99,
2025/09/26 08:00:00,9.17,16.31,13.12,100.62,60.92,89.79,2.639380938514098,5154543.388475724,13605281.011666667,87.01652630481301,8.99,
2025/09/26 08:15:00,10.33,16.31,13.39,99.82,60.89,89.33,2.702020556102222,4933634.184105727,13331311.62,85.18365294348602,8.94,
2025/09/26 08:30:00,10.3,16.27,13.48,99.18,60.87,88.87,2.7205667865652217,4818923.657626599,13110755.777777782,84.65754827808196,8.75,
2025/09/26 08:45:00,10.39,16.28,13.46,98.76,60.84,88.4,2.7527009100382416,4708168.573157795,12960730.004444445,84.20266931601394,8.93,
2025/09/26 09:00:00,10.15,16.29,13.19,97.68,60.82,87.94,2.7972644961927395,4839723.954969186,13538523.973333333,83.4952017959856,8.94,
2025/09/26 09:15:00,10.07,16.28,13.18,97.66,60.8,87.47,2.796505270009479,4734689.550852713,13241108.265,83.55606043678961,8.95,
2025/09/26 09:30:00,10.13,16.29,13.21,97.63,60.77,86.99,2.796990300090285,4636904.946854715,12969894.886666661,83.47125593104676,8.9,
2025/09/26 09:45:00,10.17,16.27,13.18,97.61,60.75,86.52,2.8005661490665723,4556206.36048351,12760465.04333333,83.41442499305721,8.93,
2025/09/26 10:00:00,8.41,16.25,12.5,94.15,60.72,86.36,2.909833974904933,5454946.367921574,15873540.246666666,82.08816844330656,8.99,
2025/09/26 10:15:00,7.69,16.27,12.35,95.67,60.7,86.57,2.8259671365247945,5661071.0608755015,15998509.59055555,84.13407935019228,9.12,
2025/09/26 10:30:00,7.6,16.27,12.34,95.51,60.67,86.77,2.8324353316944246,5679635.45816656,16087712.299999997,84.08026989809767,9.18,
2025/09/26 10:45:00,7.46,16.28,12.31,95.35,60.65,86.97,2.8341623052763394,5753134.304753771,16305830.737777779,84.07561914886314,9.15,
2025/09/26 11:00:00,7.13,16.28,12.2,94.5,60.63,87.17,2.857856463320093,6440406.795033634,18406330.43333333,83.64537727880668,9.06,
2025/09/26 11:15:00,6.44,16.29,11.91,93.64,60.6,87.17,2.8736197562114874,6435411.39964732,18493465.436111107,83.55284184870095,9.06,
2025/09/26 11:30:00,5.95,16.3,11.87,94.14,60.58,87.18,2.8355156673650876,6543856.637448879,18555732.92222223,84.47452879269382,8.99,
2025/09/26 11:45:00,5.54,16.31,11.87,94.64,60.55,87.18,2.802631785026687,6574711.3431451265,18427005.758333337,85.31730146638917,8.99,
2025/09/26 12:00:00,5.56,16.33,11.88,95.14,60.53,87.18,2.7828354651050264,6631683.390738269,18455388.53888889,85.74126425061058,9.0,
2025/09/26 12:15:00,5.58,16.34,11.88,95.51,60.5,87.19,2.7684322120852003,6681454.372927214,18497654.260555554,86.04940682462215,9.01,
2025/09/26 12:30:00,5.56,16.34,11.9,95.52,60.48,87.19,2.7674565158432256,6694196.684990972,18526401.74611111,86.07771971303464,9.01,
2025/09/26 12:45:00,5.61,16.31,11.85,95.54,60.46,87.19,2.768371259352681,6702265.392220938,18554861.159999996,86.04667688394257,9.02,
2025/09/26 13:00:00,5.63,16.3,11.84,95.56,60.43,87.2,2.76844200581148,6717400.260241189,18597236.490555555,86.04482634585895,9.03,
2025/09/26 13:15:00,5.66,16.29,11.84,95.58,60.41,87.2,2.768793243703015,6693367.665792022,18533054.100000005,86.03324188240046,9.04,
2025/09/26 13:30:00,5.72,16.29,11.86,95.6,60.38,87.2,2.769653654381009,6675394.320193443,18489034.519999996,85.99253814579802,9.04,
2025/09/26 13:45:00,5.72,16.28,11.83,95.5,60.36,87.21,2.7731256404521747,6726769.120092568,18654683.391666666,85.90422441394483,9.02,
2025/09/26 14:00:00,5.61,16.28,11.83,95.4,60.34,87.21,2.773154293347485,6742735.269645941,18699153.947222214,85.92301363260403,8.99,
2025/09/26 14:15:00,5.5,16.27,11.86,95.3,60.31,87.22,2.7735145707367215,6762821.351980668,18757298.559999995,85.94165849286594,8.97,
2025/09/26 14:30:00,5.48,16.29,11.81,95.2,60.29,87.22,2.7764120939056234,6771823.867564797,18801882.67222222,85.87270131653345,8.95,
2025/09/26 14:45:00,5.45,16.32,11.83,95.1,60.26,87.22,2.779024994958024,6787749.431420291,18863835.613333337,85.81343917628793,8.93,
2025/09/26 15:00:00,5.44,16.31,11.85,95.0,60.24,87.23,2.782202979372372,6776838.643570118,18855055.058888886,85.73469308829834,8.91,
2025/09/26 15:15:00,5.44,16.28,11.8,94.91,60.21,87.23,2.786272063975806,6763767.094790248,18846208.32111111,85.65477807063678,8.92,
2025/09/26 15:30:00,5.45,16.3,11.88,95.04,60.19,87.23,2.7818457112053787,6773221.625953877,18842576.133333337,85.76015415511118,8.94,
2025/09/26 15:45:00,5.46,16.31,11.87,95.19,60.17,87.24,2.7765970308343393,6788348.413068041,18849022.970555544,85.88320306185942,8.96,
2025/09/26 16:00:00,5.49,16.31,11.9,95.34,60.16,87.24,2.7719158938706205,6796992.316489853,18841207.879999995,85.98672660596431,8.98,
2025/09/26 16:15:00,5.48,16.31,11.88,95.48,60.15,87.25,2.765851319465736,6811695.126210634,18840648.68888889,86.12042094031104,8.98,
2025/09/26 16:30:00,5.44,16.32,11.88,95.46,60.14,87.25,2.7655560125079957,6809587.315607209,18832806.428333335,86.14163344222891,8.98,
2025/09/26 16:45:00,5.42,16.32,11.89,95.42,60.13,87.25,2.7666449582969426,6804181.916990466,18825268.146666665,86.12567424433333,8.98,
2025/09/26 17:00:00,5.41,16.31,11.86,95.37,60.13,87.26,2.768090311506558,6797788.947916005,18817404.173333332,86.09121384035703,8.97,
2025/09/26 17:15:00,5.44,16.32,11.88,95.33,60.12,87.26,2.7705846508702727,6788939.760123062,18809844.411111113,86.02660123843606,8.97,
2025/09/26 17:30:00,5.48,16.31,11.85,95.28,60.11,87.26,2.773778101290045,6778281.289188318,18801958.725000005,85.94339853866963,8.97,
2025/09/26 17:45:00,5.51,16.31,11.88,95.24,60.1,87.27,2.7762793328684516,6771934.814560343,18801297.356111106,85.87877803707094,8.97,
2025/09/26 18:00:00,5.5,16.3,11.87,95.19,60.09,87.27,2.777728688504464,6765552.622308126,18793384.499999993,85.84429419655129,8.96,
2025/09/26 18:15:00,5.49,16.31,11.87,95.15,60.08,87.28,2.779100998082739,6761960.582570927,18792685.51111111,85.81857396971994,8.96,
2025/09/26 18:30:00,5.49,16.3,11.85,95.11,60.08,87.28,2.7807564602512316,6752597.401079481,18777841.866666667,85.7831214184343,8.96,
2025/09/26 18:45:00,5.48,16.29,11.86,95.06,60.07,87.28,2.7825410033909166,6745523.841583807,18770212.321666665,85.74852472542331,8.96,
2025/09/26 19:00:00,5.46,16.26,11.82,95.02,60.06,87.29,2.7832933821018613,6796820.8338933885,18918065.191666666,85.73260318762833,8.95,
2025/09/26 19:15:00,5.45,16.27,11.81,94.97,60.05,87.31,2.785077817234368,6807109.7469165595,18958848.406666666,85.69798997856405,8.95,
2025/09/26 19:30:00,5.4,16.24,11.83,94.93,60.04,87.33,2.7853053778655563,6809150.461094677,18966087.58611111,85.71113338726664,8.95,
2025/09/26 19:45:00,5.43,16.24,11.81,94.88,60.04,87.34,2.7882293860102463,6799614.385354674,18959407.133333333,85.63760849038727,8.95,
2025/09/26 20:00:00,5.41,16.23,11.79,94.84,60.03,87.36,2.7893114388108042,6799554.290436472,18966596.384999998,85.62156607520566,8.95,
2025/09/26 20:15:00,5.42,16.21,11.77,94.79,60.02,87.37,2.7913360929378275,6796067.704375748,18970631.594444446,85.56756874006881,8.94,
2025/09/26 20:30:00,5.46,16.22,11.76,94.75,60.01,87.39,2.794140181115068,6845163.239538718,19126870.93777778,85.49317949548161,8.94,
2025/09/26 20:45:00,5.42,16.19,11.77,94.71,60.0,87.4,2.794646335655233,6905156.66980648,19298005.711111113,85.49656418396735,8.94,
2025/09/26 21:00:00,5.44,16.2,11.8,94.73,59.99,87.42,2.7930596805439563,6835228.067507843,19091731.071111113,85.49525225051428,8.9,
2025/09/26 21:15:00,5.42,16.22,11.81,94.77,59.99,87.43,2.791164971035705,6866446.972751474,19165917.711111113,85.55010331274157,8.91,
2025/09/26 21:30:00,5.41,16.19,11.77,94.81,59.98,87.45,2.789221758811844,6899326.7088891305,19244284.002777778,85.59532332975485,8.91,
2025/09/26 21:45:00,5.38,16.19,11.75,94.85,59.97,87.47,2.787045091093455,6911798.523639682,19264023.47222222,85.65988991011682,8.92,
2025/09/26 22:00:00,5.4,16.19,11.75,94.89,59.96,87.48,2.786294873407674,6918114.34647521,19276435.98222222,85.67583738927661,8.93,
2025/09/26 22:15:00,5.39,16.15,11.73,94.93,59.95,87.5,2.7843551438114527,6930020.488976304,19296169.99444444,85.72104435359493,8.93,
2025/09/26 22:30:00,5.43,16.15,11.72,94.97,59.95,87.51,2.7841739221991513,6932527.880039401,19301894.040000003,85.71753195762687,8.94,
2025/09/26 22:45:00,5.43,16.13,11.71,95.01,59.94,87.53,2.782853254376142,6942791.894665681,19321303.05722222,85.75291129862177,8.95,
2025/09/26 23:00:00,5.44,16.13,11.71,95.05,59.93,87.54,2.7814834485737894,6950785.479201699,19334026.745000005,85.77865325654221,8.95,
2025/09/26 23:15:00,5.39,16.12,11.69,95.09,59.92,87.56,2.7787451382810446,6964733.788807523,19353750.65555555,85.86265020101364,8.96,
2025/09/26 23:30:00,5.4,16.15,11.72,95.13,59.91,87.58,2.777377389977911,6975148.547812146,19373150.5,85.88838381667173,8.96,
2025/09/26 23:45:00,5.4,16.16,11.74,95.17,59.93,87.59,2.7757259365521967,6968561.1337625645,19343346.403333332,85.92383764233804,8.96,
2025/09/27 00:00:00,5.38,16.12,11.67,95.03,60.03,87.77,2.781267684369614,6941903.061409274,19307818.26111111,85.81908444920839,8.97,
2025/09/27 00:15:00,5.37,16.13,11.72,95.06,60.1,87.79,2.77974546594289,6909357.899469276,19206785.455000002,85.85540970719074,8.97,
2025/09/27 00:30:00,5.37,16.11,11.69,95.08,60.18,87.81,2.7789209676826983,6897471.426082811,19168054.62,85.87314222802405,8.97,
2025/09/27 00:45:00,5.43,16.12,11.69,95.11,60.25,87.84,2.779717205941566,6886435.33596715,19142867.797777776,85.84129605639282,8.98,
2025/09/27 01:00:00,5.42,16.11,11.69,95.13,60.32,87.86,2.778607724631938,6877620.445621965,19110734.279999997,85.86875000331726,8.98,
2025/09/27 01:15:00,5.39,16.1,11.71,95.16,60.39,87.88,2.7765191392540434,6871331.561473139,19078910.662777774,85.92451769175658,8.98,
2025/09/27 01:30:00,5.38,16.11,11.69,95.18,60.47,87.91,2.7757412883599586,6868562.172436858,19065874.52,85.95187880827513,8.99,
2025/09/27 01:45:00,5.38,16.11,11.69,95.21,60.54,87.93,2.774505543622434,6870562.544115711,19062936.328333333,85.97846587246056,8.99,
2025/09/27 02:00:00,5.39,16.09,11.69,95.23,60.61,87.95,2.773964197022143,6848829.974386593,18998932.052222226,85.98646288980619,8.99,
2025/09/27 02:15:00,5.42,16.07,11.67,95.26,60.69,87.98,2.7735759036934042,6826865.7792040445,18935351.465555556,85.98386489958763,8.99,
2025/09/27 02:30:00,5.44,16.08,11.67,95.29,60.76,88.0,2.7732350554797804,6804817.5295889545,18871876.540000003,85.99089956279084,9.0,
2025/09/27 02:45:00,5.32,16.04,11.65,95.31,60.83,88.02,2.769024563944784,6815880.0373252425,18873858.44055555,86.12533843487489,9.0,
2025/09/27 03:00:00,5.33,16.03,11.65,95.34,60.91,87.97,2.7680730813304852,6824782.446919102,18892017.173333332,86.1421890036459,9.0,
2025/09/27 03:15:00,5.33,16.05,11.65,95.36,60.98,87.91,2.7675795417919584,6807781.658774549,18841593.949444443,86.15981573234062,9.01,
2025/09/27 03:30:00,5.33,16.02,11.63,95.39,61.05,87.84,2.766346930100902,6789800.158182265,18783458.741666675,86.18638792350065,9.01,
2025/09/27 03:45:00,5.36,16.04,11.65,95.41,61.12,87.78,2.766368684325509,6771009.833650868,18731624.071111113,86.17491920986983,9.01,
2025/09/27 04:00:00,5.4,16.04,11.62,95.44,61.2,87.71,2.766589393140747,6728706.006340565,18616074.589444436,86.16248559873927,9.02,
2025/09/27 04:15:00,5.46,16.02,11.62,95.47,61.27,87.64,2.767041662242871,6688425.1785500515,18507658.509999998,86.13067510446949,9.02,
2025/09/27 04:30:00,5.57,16.03,11.62,95.49,61.34,87.58,2.7693118276493496,6646256.074663168,18406059.662222214,86.04134967858357,9.02,
2025/09/27 04:45:00,5.69,16.03,11.62,95.38,61.42,87.51,2.778247318171565,6506540.712399583,18077276.885555558,85.82694935026427,9.05,
2025/09/27 05:00:00,6.05,16.02,11.65,95.19,61.49,87.45,2.7977586349268364,6452668.379456769,18053515.67555556,85.30804467559217,9.09,
2025/09/27 05:15:00,6.5,16.02,11.7,95.0,61.56,87.38,2.8194841424970565,6359800.042780651,17931870.941111103,84.70157331398764,9.11,
2025/09/27 05:30:00,6.58,16.01,11.77,94.82,61.63,87.32,2.830415742426369,6294799.644359056,17817425.095555548,84.46400241717724,9.14,
2025/09/27 05:45:00,7.0,15.99,11.85,94.63,61.71,87.25,2.8520106268381604,6207118.738690395,17703309.237777777,83.88647981566027,9.17,
2025/09/27 06:00:00,7.71,15.99,12.12,94.23,61.78,86.81,2.885453906928683,6013454.385613216,17352122.59,82.8412957074522,9.01,
2025/09/27 06:15:00,7.91,15.98,12.18,93.79,61.85,86.32,2.9131396999273456,5823913.929119296,16966458.024999995,82.25555246977817,9.07,
2025/09/27 06:30:00,8.05,16.0,12.23,93.49,61.93,85.83,2.9280404055777023,5657406.818605809,16565694.138888886,81.85315576218757,8.99,
2025/09/27 06:45:00,8.1,15.98,12.26,93.45,62.0,85.34,2.9299569326814234,5515312.260395153,16160199.770000001,81.7691666475387,8.95,
2025/09/27 07:00:00,8.12,15.98,12.26,93.41,62.07,84.94,2.9323779058623725,5394082.991159309,15818050.746666664,81.71412367053688,8.95,
2025/09/27 07:15:00,8.13,15.97,12.27,93.37,62.14,84.7,2.934117240589848,5321025.253871722,15613069.12,81.66888718429414,8.94,
2025/09/27 07:30:00,8.15,15.96,12.25,93.34,62.17,84.47,2.936095403490873,5285082.595143419,15518059.577777777,81.62272863409774,8.94,
2025/09/27 07:45:00,8.16,15.95,12.23,93.3,62.07,84.23,2.9378380472461485,5270507.362950878,15484447.733333332,81.57748517311214,8.93,
2025/09/27 08:00:00,8.12,15.97,12.26,93.26,61.98,84.0,2.938358852694049,5243502.9739272315,15407842.963333333,81.58086928819836,8.93,
2025/09/27 08:15:00,8.08,15.97,12.24,93.22,61.88,83.76,2.938512024348093,5217070.502389893,15330968.351111112,81.58431467174425,8.92,
2025/09/27 08:30:00,6.95,15.99,11.9,90.61,61.78,83.63,3.020490888559832,6011575.900959341,18158522.616666663,80.34710993177099,9.05,
2025/09/27 08:45:00,6.31,15.97,11.63,91.05,61.68,83.77,2.980007297852821,6170429.540602503,18388497.74055555,81.36294879865557,9.07,
2025/09/27 09:00:00,6.06,15.94,11.58,91.48,61.59,83.92,2.952828846245578,6304278.565686792,18616024.777777776,81.99156873128607,9.05,
2025/09/27 09:15:00,5.87,15.94,11.56,91.92,61.49,84.06,2.9282565212133846,6475088.594792579,18961290.22333333,82.570253454316,9.06,
2025/09/27 09:30:00,5.81,15.93,11.57,92.03,61.39,84.2,2.920919660510384,6472428.668739737,18906012.74222222,82.72726051153614,9.03,
2025/09/27 09:45:00,5.76,15.95,11.55,92.07,61.29,84.35,2.9171075627062018,6576610.205473455,19185249.978888884,82.81176149218992,9.01,
2025/09/27 10:00:00,5.71,15.93,11.55,92.11,61.19,84.49,2.913559678743691,6678218.524575469,19457968.505555548,82.89616845151674,9.0,
2025/09/27 10:15:00,5.75,15.94,11.54,92.15,61.1,84.64,2.9128915714201065,6773795.881064475,19731918.506666664,82.89329345568916,8.99,
2025/09/27 10:30:00,5.55,15.93,11.53,92.19,61.0,84.78,2.9045727944297197,6879757.171750094,19983345.97111111,83.12315329403647,8.98,
2025/09/27 10:45:00,5.39,15.94,11.55,92.23,60.9,84.93,2.89729861704496,6963472.222232969,20175853.665000007,83.31429779781364,8.96,
2025/09/27 11:00:00,5.42,15.97,11.55,92.27,60.8,85.07,2.896307799078654,7029297.975946054,20359606.81333333,83.32113229452763,8.95,
2025/09/27 11:15:00,5.28,15.97,11.54,92.3,60.71,85.21,2.890651455834991,7104386.379782386,20536903.13888888,83.48372306735033,8.95,
2025/09/27 11:30:00,5.28,15.95,11.55,92.34,60.61,85.36,2.888988163592264,7181906.087679863,20749049.749999993,83.51953997881876,8.95,
2025/09/27 11:45:00,5.26,15.97,11.55,92.38,60.51,85.5,2.886699685493864,7258303.952184122,20953154.273333337,83.5747411803906,8.95,
2025/09/27 12:00:00,5.25,15.96,11.56,92.51,60.41,85.65,2.8809900409029563,7346359.859751045,21165407.242222227,83.70079240086733,8.95,
2025/09/27 12:15:00,5.41,15.98,11.56,93.47,60.32,85.79,2.84635260747745,6827569.888197292,19434225.525000002,84.40294663192984,8.96,
2025/10/03 06:15:00,5.94,15.35,11.61,90.22,70.99,81.56,2.978001756750803,1446983.9363401455,4309276.253333336,80.9837443136779,8.24,
2025/10/03 06:30:00,8.75,15.32,12.49,109.65,65.69,98.02,2.250889518255551,5895575.316859144,13270689.08,95.17581771985829,9.89,
2025/10/03 06:45:00,8.95,15.29,12.11,108.18,63.65,98.99,2.319193547043906,6297141.145389354,14604702.639999997,93.72691992249825,9.71,
2025/10/03 07:00:00,8.89,15.27,12.1,108.0,63.14,99.02,2.3297496934440565,6407307.496569566,14927850.079999998,93.63280201711369,9.76,
2025/10/03 07:15:00,8.03,15.23,11.75,107.15,63.11,99.05,2.3572512442936002,6660739.838292556,15701455.219999999,93.7552180792799,9.8,
2025/10/03 07:30:00,7.79,15.23,11.72,107.6,63.09,99.09,2.335537340561932,6738725.60635856,15738953.999999998,94.37619374360561,9.88,
2025/10/03 07:45:00,7.27,15.21,11.55,106.44,63.07,99.12,2.3754223244616646,6926759.700826645,16454401.63888889,93.89616554133725,9.79,
2025/10/03 08:00:00,7.15,15.19,11.53,107.06,63.04,99.16,2.3480760867727573,7026577.406787399,16499353.126666661,94.54496051260034,9.86,
2025/10/03 08:15:00,7.05,15.17,11.49,107.31,63.02,99.19,2.334255607503021,7083364.303204556,16534791.979444442,94.85719330423895,9.85,
2025/10/03 08:30:00,7.03,15.16,11.41,107.33,63.0,99.22,2.3329693929790696,7102477.962446916,16570265.665555557,94.89398442954686,9.85,
2025/10/03 08:45:00,7.02,15.14,11.42,107.34,62.97,99.26,2.332325434081539,7123587.727477459,16614930.939444445,94.91237987766395,9.85,
2025/10/03 09:00:00,7.01,15.14,11.41,107.36,62.95,99.29,2.3302779556760447,7145284.064353346,16650903.206666665,94.93930401518297,9.83,
2025/10/03 09:15:00,7.01,15.12,11.37,107.37,62.93,99.33,2.3293421657137787,7165400.970168812,16691074.399999999,94.94784393801267,9.82,
2025/10/03 09:30:00,7.0,15.12,11.4,107.39,62.9,99.36,2.327760274320632,7187544.197970912,16731287.393333333,94.97477946636792,9.81,
2025/10/03 09:45:00,6.99,15.11,11.39,107.4,62.88,99.4,2.3271169703804375,7207011.124630367,16771966.224444445,94.99317457431165,9.81,
2025/10/03 10:00:00,6.99,15.12,11.38,107.42,62.86,99.43,2.3266654468830024,7223754.767752353,16807667.488333337,95.01028090336071,9.82,
2025/10/03 10:15:00,6.98,15.11,11.38,107.43,62.84,99.46,2.3260220196543004,7241115.866870737,16843403.58555555,95.02867572550493,9.82,
2025/10/03 10:30:00,6.97,15.11,11.36,107.45,62.81,99.5,2.3249154947420227,7264091.681750158,16888806.513333328,95.0556188206713,9.82,
2025/10/03 10:45:00,6.94,15.11,11.39,107.47,62.79,99.53,2.3239235688470967,7282601.285047099,16924619.824444443,95.10226359431601,9.83,
2025/10/03 11:00:00,6.94,15.1,11.38,107.48,62.77,99.57,2.3234600250304656,7301466.764892414,16965078.044444438,95.11081171729722,9.83,
2025/10/03 11:15:00,6.94,15.1,11.36,107.5,62.74,99.6,2.3230058905119475,7320329.06528957,17005578.064444438,95.12791754250179,9.84,
2025/10/03 11:30:00,6.84,15.08,11.36,107.18,62.72,99.64,2.3354855697331796,7535161.142905039,17598691.268888887,94.95272929092599,9.83,
2025/10/03 11:45:00,6.99,15.1,11.34,107.2,62.7,99.63,2.3373004469212475,7318911.147733409,17106909.50833333,94.82217925523874,9.83,
2025/10/03 12:00:00,6.94,15.12,11.38,107.2,62.67,99.61,2.338249143089788,7384873.384919295,17268095.533333335,94.87144051651148,9.87,
2025/10/03 12:15:00,6.98,15.11,11.34,107.2,62.65,99.6,2.3385179293307465,7382539.197070325,17264618.58611111,94.83205366184826,9.86,
2025/10/03 12:30:00,6.93,15.12,11.39,107.2,62.63,99.58,2.3376033389267663,7400108.218222501,17298941.030555554,94.88127322823055,9.86,
2025/10/03 12:45:00,7.02,15.13,11.42,107.2,62.6,99.56,2.3392485864441848,7334163.639505414,17156854.586666666,94.79267672940465,9.86,
2025/10/03 13:00:00,6.98,15.14,11.42,107.2,62.58,99.54,2.338517166497354,7335357.088853029,17154279.706666667,94.83205366184843,9.86,
2025/10/03 13:15:00,6.98,15.15,11.42,107.21,62.56,99.52,2.3389838794098967,7332793.009223722,17151704.826666664,94.84062955998014,9.88,
2025/10/03 13:30:00,7.02,15.16,11.42,107.22,62.53,99.51,2.339256838065001,7334804.022096125,17158409.778888892,94.80980491365351,9.88,
2025/10/03 13:45:00,7.06,15.17,11.5,107.23,62.51,99.49,2.3385976451990595,7349169.437183301,17187178.164444443,94.77895362395856,9.86,
2025/10/03 14:00:00,6.99,15.19,11.43,107.24,62.49,99.47,2.336394195463926,7399659.540203134,17288940.961111113,94.85640722356557,9.85,
2025/10/03 14:15:00,7.04,15.2,11.46,107.25,62.47,99.45,2.336844347960737,7390148.605923759,17270048.29,94.815734797894,9.85,
2025/10/03 14:30:00,7.12,15.22,11.49,107.26,62.44,99.43,2.338309993158618,7328553.923567825,17136850.500000004,94.74553486622438,9.86,
2025/10/03 14:45:00,7.17,15.36,11.62,107.27,62.43,99.41,2.3392293709898784,7282578.0381386615,17036036.795555554,94.704868925089,9.87,
2025/10/03 15:00:00,7.15,15.33,11.59,107.28,62.45,99.4,2.3369915418377145,7407736.94645758,17312240.97777778,94.73307414301175,9.84,
2025/10/03 15:15:00,7.15,15.33,11.58,107.29,62.46,99.38,2.3374706302343617,7326482.600298408,17125854.777777776,94.74164749538514,9.86,
2025/10/03 15:30:00,7.17,15.32,11.59,107.3,62.47,99.36,2.33737201912485,7259998.241987209,16969732.01,94.73050467855695,9.86,
2025/10/03 15:45:00,7.18,15.35,11.59,107.31,62.48,99.34,2.3366203216048067,7272364.293916354,16993166.483333334,94.72919506785951,9.85,
2025/10/03 16:00:00,7.18,15.38,11.65,107.32,62.49,99.32,2.3356835281467156,7285286.833602114,17016540.346666664,94.73773216815681,9.84,
2025/10/03 16:15:00,7.22,15.4,11.68,107.33,62.5,99.31,2.3359458919292795,7296430.226842336,17044483.995,94.70689350543833,9.84,
2025/10/03 16:30:00,7.22,15.35,11.62,107.34,62.52,99.29,2.33548168678014,7305854.453437815,17063106.243333332,94.71544173605642,9.84,
2025/10/03 16:45:00,7.22,15.43,11.7,107.35,62.53,99.27,2.3350171921864726,7317057.174107036,17085871.684444442,94.72398979682063,9.84,
2025/10/03 17:00:00,7.25,15.39,11.67,107.35,62.54,99.25,2.3355613895920793,7302990.96919724,17057001.701666664,94.69444803356333,9.84,
2025/10/03 17:15:00,7.24,15.4,11.65,107.36,62.55,99.23,2.3358637714811645,7283316.909883175,17013249.757777777,94.7128685064559,9.86,
2025/10/03 17:30:00,7.37,15.47,11.74,107.37,62.56,99.21,2.338236897541917,7257051.460141967,16969121.03333333,94.59340981560842,9.87,
2025/10/03 17:45:00,7.31,15.45,11.73,107.38,62.58,99.2,2.3362053739887028,7244676.433891883,16925466.971111115,94.66103012289489,9.86,
2025/10/03 18:00:00,7.34,15.45,11.74,107.39,62.59,99.18,2.335331147542349,7228534.644470232,16881436.825000003,94.64000563614385,9.84,
2025/10/03 18:15:00,7.29,15.44,11.7,107.4,62.6,99.16,2.3339596985777233,7214122.313260904,16837880.644444443,94.697792958716,9.84,
2025/10/03 18:30:00,7.36,15.41,11.68,107.41,62.61,99.14,2.3357156020419323,7228750.499114102,16884718.00888889,94.63742828186987,9.86,
2025/10/03 18:45:00,7.35,15.43,11.71,107.42,62.62,99.12,2.3350675812691475,7298322.104117395,17042492.805555556,94.65582260617666,9.86,
2025/10/03 19:00:00,7.36,15.45,11.71,107.43,62.63,99.1,2.3343054789784983,7292165.7079166435,17022556.87611111,94.65450562468637,9.85,
2025/10/03 19:15:00,7.39,15.44,11.75,107.44,62.65,99.09,2.3343807816219337,7283029.819829329,17001784.48222222,94.633504403066,9.85,
2025/10/03 19:30:00,7.35,15.47,11.75,107.45,62.66,99.07,2.333667604503809,7276360.898209607,16981023.235,94.6814592586459,9.86,
2025/10/03 19:45:00,7.38,15.55,11.81,107.46,62.67,99.06,2.333743916552887,7269411.419967914,16965357.639999997,94.66045774365591,9.86,
2025/10/03 20:00:00,7.39,15.49,11.79,107.47,62.68,99.06,2.3339339559260432,7263924.376100905,16953936.95111111,94.65916852025644,9.87,
2025/10/03 20:15:00,7.4,15.57,11.84,107.48,62.69,99.06,2.333648025064458,7268971.412840858,16963634.78333333,94.6578638991347,9.87,
2025/10/03 20:30:00,7.37,15.52,11.82,107.49,62.7,99.06,2.333112867486208,7291618.55359984,17012587.459999997,94.69597159411444,9.88,
2025/10/03 20:45:00,7.4,15.51,11.79,107.5,62.72,99.05,2.3331888874138462,7308507.288269457,17052545.125,94.67496834179431,9.88,
2025/10/03 21:00:00,7.45,15.54,11.81,107.5,62.73,99.05,2.3345705280558753,7325112.416161241,17101409.208888885,94.625737729757,9.89,
2025/10/03 21:15:00,7.45,15.55,11.87,107.51,62.74,99.05,2.3341016833381083,7195781.04250126,16796100.26722222,94.63428139843215,9.89,
2025/10/03 21:30:00,7.45,15.55,11.86,107.52,62.75,99.05,2.3341086661895467,7180235.3958643945,16759863.266666664,94.64284256130826,9.9,
2025/10/03 21:45:00,7.42,15.54,11.82,107.53,62.76,99.05,2.3330974103460886,7189677.862115534,16774629.116666663,94.6809349779215,9.9,
2025/10/03 22:00:00,7.4,15.54,11.78,107.54,62.78,99.04,2.332267976178307,7214090.370197518,16825598.875555556,94.70917760342141,9.9,
2025/10/03 22:15:00,7.4,15.46,11.75,107.55,62.79,99.04,2.3317993125491214,7224558.657092424,16846633.68055556,94.71772104039971,9.9,
2025/10/03 22:30:00,7.4,15.44,11.76,107.55,62.8,99.04,2.3317988470899533,7198385.193182725,16785600.920000006,94.71772104039971,9.9,
2025/10/03 22:45:00,7.39,15.46,11.74,107.56,62.81,99.04,2.3311506292149384,7174221.428874105,16724599.277222225,94.73611396037533,9.9,
2025/10/03 23:00:00,7.43,15.45,11.75,107.57,62.81,99.03,2.3314051207013287,7147105.748403185,16663208.197777778,94.70525781121108,9.9,
2025/10/03 23:15:00,7.43,15.45,11.74,107.58,62.82,99.03,2.3323556244591264,7145105.139369898,16665334.656666666,94.71385766090316,9.93,
2025/10/03 23:30:00,7.44,15.47,11.76,107.59,62.83,99.03,2.332539166354438,7229423.7918222435,16863327.555555556,94.71257081009497,9.94,
2025/10/03 23:45:00,7.37,15.47,11.78,107.59,62.83,99.03,2.3303300381517476,7260625.927810338,16920071.055555556,94.78147927938517,9.92,
2025/10/04 00:00:00,7.37,15.47,11.79,107.86,63.67,98.47,2.317168897120216,6967161.208054283,16144483.666666666,95.01206057952749,9.91,
2025/10/04 00:15:00,7.39,15.45,11.77,107.89,63.81,98.43,2.315146579648309,6937699.750838786,16062183.646666668,95.0179335065951,9.89,
2025/10/04 00:30:00,7.4,15.48,11.77,107.92,63.96,98.4,2.313420899640907,6981449.934162544,16151422.46666667,95.03367560861793,9.88,
2025/10/04 00:45:00,7.37,15.5,11.79,107.95,64.1,98.37,2.3104992480979942,6947851.6684241565,16053393.106666671,95.08881130732925,9.86,
2025/10/04 01:00:00,7.43,15.53,11.83,107.98,64.25,98.33,2.3111036538434386,6899647.939872048,15946187.25333333,95.05533610857111,9.88,
2025/10/04 01:15:00,7.44,15.48,11.8,108.01,64.39,98.3,2.311306856663404,6856790.245260942,15848531.771111108,95.07114748659671,9.91,
2025/10/04 01:30:00,7.57,15.44,11.84,108.03,64.53,98.26,2.3126472062991548,6786462.572841309,15695084.319444444,94.96011488931072,9.91,
2025/10/04 01:45:00,7.6,15.44,11.78,108.06,64.68,98.23,2.3117459556537887,6728953.283182702,15556011.075,94.95615211008615,9.91,
2025/10/04 02:00:00,7.78,15.45,11.84,108.09,64.82,98.2,2.3134808305158097,6706586.942981718,15515945.658888891,94.8043471496201,9.91,
2025/10/04 02:15:00,8.01,15.46,11.99,108.48,64.97,98.16,2.300107144762864,6723934.663650636,15466165.690555554,94.91025357944675,9.94,
2025/10/04 02:30:00,8.32,15.46,12.05,109.0,65.76,98.13,2.282742942584322,6592217.722843176,15048724.881666664,95.0476475928786,10.0,
2025/10/04 02:45:00,9.06,15.45,12.27,109.52,66.85,98.1,2.2707253498877704,6367758.319790972,14459824.652777776,94.75977415864452,10.04,
2025/10/04 03:00:00,9.28,15.44,12.34,108.62,67.95,98.06,2.321417693368501,5973160.293490471,13866603.465,93.77708830948202,10.06,
2025/10/04 03:15:00,9.51,15.43,12.44,108.68,68.15,98.03,2.3208953568173647,5911820.301797291,13721130.059999999,93.6010124912646,10.03,
2025/10/04 03:30:00,7.63,15.47,11.77,106.62,63.59,96.99,2.3763612022651066,6516714.6656017285,15486461.099999994,93.69597645162554,9.84,
2025/10/04 03:45:00,7.15,15.47,11.66,106.31,63.6,98.1,2.3813222531629186,6974181.675938489,16608184.999999998,93.90292448646736,9.84,
2025/10/04 04:00:00,6.52,15.5,11.46,105.06,63.61,98.13,2.422480764752542,7461419.297367521,18075579.108888887,93.44956593016933,9.8,
2025/10/04 04:15:00,6.34,15.48,11.42,105.78,63.62,98.16,2.3887718932188924,7508814.128932307,17937262.90888889,94.24489555116574,9.83,
2025/10/04 04:30:00,6.31,15.43,11.34,105.91,63.64,98.2,2.3824864059925344,7588228.833828291,18079269.12,94.38595385169128,9.83,
2025/10/04 04:45:00,6.31,15.42,11.27,105.93,63.65,98.23,2.3811779138045135,7615511.427507814,18134299.516666666,94.4031168809505,9.82,
2025/10/04 05:00:00,6.31,15.41,11.34,105.95,63.66,98.26,2.37986492007158,7586304.2316397,18054797.07777778,94.42027967493692,9.81,
2025/10/04 05:15:00,6.31,15.4,11.32,105.97,63.67,98.29,2.379418248995341,7625732.908202978,18145226.733333334,94.43743975570402,9.82,
2025/10/04 05:30:00,6.35,15.41,11.34,105.99,63.68,98.33,2.3801742386577387,7661017.406288382,18234978.299999997,94.41528334659048,9.84,
2025/10/04 05:45:00,6.34,15.41,11.33,106.0,63.69,98.36,2.3799709734498693,7599453.389939829,18086895.994444445,94.43369376669384,9.85,
2025/10/04 06:00:00,6.44,15.44,11.35,106.0,63.7,98.39,2.382337368506772,7685891.18029863,18310808.144444443,94.33539936844647,9.86,
2025/10/04 06:15:00,6.42,15.4,11.36,106.0,63.72,98.42,2.382377635179226,7573991.021150218,18044528.21111111,94.3550625849091,9.87,
2025/10/04 06:30:00,6.49,15.41,11.38,106.0,63.73,98.45,2.3841650076048055,7611733.193942672,18148053.34222222,94.28625658190573,9.88,
2025/10/04 06:45:00,6.6,15.42,11.4,106.0,63.74,98.49,2.3871621170600013,7540291.604357678,18000322.388888884,94.17813160733661,9.9,
2025/10/04 07:00:00,6.59,15.41,11.4,106.0,63.75,98.52,2.386966914589913,7566220.087959357,18060743.359999996,94.18796253278069,9.9,
2025/10/04 07:15:00,6.58,15.48,11.44,106.0,63.76,98.55,2.3867722932722715,7672397.365582181,18312694.485555552,94.19779338129648,9.9,
2025/10/04 07:30:00,6.61,15.4,11.42,106.0,63.77,98.58,2.3873566389071272,7544567.283540433,18012001.308888882,94.16830060499287,9.9,
2025/10/04 07:45:00,6.62,15.38,11.4,106.0,63.78,98.62,2.3875517505136465,7660920.2283454295,18291278.72,94.15846952577817,9.9,
2025/10/04 08:00:00,6.6,15.36,11.35,106.0,63.79,98.65,2.386734067361427,7690330.766650502,18355207.640000004,94.17812497131408,9.89,
2025/10/04 08:15:00,6.57,15.38,11.39,106.0,63.81,98.68,2.3861492664982378,7611789.571880637,18163296.757222228,94.20761774022816,9.89,
2025/10/04 08:30:00,6.54,15.37,11.36,106.0,63.82,98.71,2.385565249867709,7658946.038668671,18271346.389999993,94.2371098166923,9.89,
2025/10/04 08:45:00,6.56,15.39,11.37,106.0,63.83,98.74,2.385954897965837,7721204.737807668,18422879.749999996,94.21744850936,9.89,
2025/10/04 09:00:00,6.63,15.39,11.37,106.0,63.84,98.78,2.3873189434892317,7659189.910342402,18285359.84,94.14863151072325,9.89,
2025/10/04 09:15:00,6.63,15.4,11.39,106.0,63.85,98.81,2.3873188029250296,7605934.071844418,18158218.173333332,94.14863151072302,9.89,
2025/10/04 09:30:00,6.61,15.41,11.4,106.0,63.86,98.84,2.386928953980619,7647090.62794226,18253492.913333334,94.1682938945985,9.89,
2025/10/04 09:45:00,6.59,15.4,11.39,106.0,63.87,98.87,2.3861100412028393,7600781.833086116,18136729.722222228,94.1879500692344,9.88,
2025/10/04 10:00:00,6.56,15.42,11.4,106.0,63.89,98.91,2.3855263325386526,7698347.418802083,18365042.483333327,94.21744283110678,9.88,
2025/10/04 10:15:00,6.53,15.38,11.34,106.0,63.9,98.94,2.385370949644797,7703587.755153278,18376344.506666668,94.24694035483535,9.89,
2025/10/04 10:30:00,6.5,15.36,11.32,106.0,63.91,98.97,2.3852128668846357,7720954.3157610055,18416550.533333335,94.27643739656833,9.9,
2025/10/04 10:45:00,6.48,15.41,11.38,106.0,63.92,99.0,2.3852471949589047,7743860.095516049,18471453.90444444,94.29610402980025,9.91,
2025/10/04 11:00:00,6.49,15.45,11.4,105.99,63.93,99.03,2.3858826039701144,7624251.659170565,18190994.25,94.27769541086134,9.91,
2025/10/04 11:15:00,6.48,15.45,11.42,105.98,63.94,99.07,2.3857034949352154,7649976.099057668,18251003.026666664,94.27894010169366,9.9,
2025/10/04 11:30:00,6.47,15.48,11.44,105.97,63.95,99.1,2.3859486013345377,7681597.934270563,18328326.988888882,94.28019079804923,9.9,
2025/10/04 11:45:00,6.43,15.49,11.41,105.95,63.95,99.11,2.3856243401196315,7718712.040342377,18414374.14666667,94.30234427998795,9.89,
2025/10/04 12:00:00,6.38,15.47,11.38,105.94,63.96,99.11,2.3850888611899763,7655964.334320876,18260577.316666666,94.34290937106789,9.89,
2025/10/04 12:15:00,6.41,15.48,11.38,105.93,63.96,99.11,2.3861131026399414,7722120.604453086,18426278.32222222,94.30484216771751,9.89,
2025/10/04 12:30:00,6.41,15.49,11.42,105.92,63.97,99.1,2.3865517434158976,7655462.478801198,18270582.146666665,94.29626160320888,9.89,
2025/10/04 12:45:00,6.45,15.5,11.44,105.91,63.97,99.1,2.3873475013926537,7677854.937107759,18330135.303333327,94.24836045242567,9.88,
2025/10/04 13:00:00,6.42,15.53,11.43,105.89,63.98,99.09,2.387640687596855,7644371.808966471,18252434.792777777,94.26068582319336,9.88,
2025/10/04 13:15:00,6.42,15.54,11.44,105.88,63.99,99.09,2.3880796517385763,7630038.401102105,18221560.5,94.25210461341028,9.88,
2025/10/04 13:30:00,6.42,15.55,11.46,105.87,63.99,99.08,2.3885183848001126,7628168.757530954,18220443.51111111,94.2435232124562,9.88,
2025/10/04 13:45:00,6.36,15.58,11.52,105.86,64.0,99.08,2.3877832136029107,7630217.99328783,18219731.517777774,94.29391138614655,9.88,
2025/10/04 14:00:00,6.39,15.57,11.45,105.84,64.0,99.07,2.3892473319814846,7625075.1554897465,18218609.768333327,94.24726258095147,9.88,
2025/10/04 14:15:00,6.44,15.57,11.45,105.83,64.01,99.07,2.3906652884260016,7620252.4720019065,18217892.782222215,94.18953899562808,9.88,
2025/10/04 14:30:00,6.45,15.54,11.43,105.82,64.01,99.06,2.3908756763928025,7619110.307380765,18216766.27222222,94.17112481438731,9.87,
2025/10/04 14:45:00,6.44,15.54,11.44,105.81,64.02,99.06,2.3911183113139347,7617864.6271511335,18215637.439999998,94.17237092302963,9.87,
2025/10/04 15:00:00,6.44,15.54,11.45,105.79,64.02,99.05,2.3919952939548685,7614768.285745089,18214913.022777777,94.15520565143686,9.87,
2025/10/04 15:15:00,6.48,15.61,11.52,105.77,64.03,99.05,2.3936579378647442,7609005.25142559,18213779.43,94.09872702803172,9.87,
2025/10/04 15:30:00,6.45,15.62,11.53,105.75,64.04,99.05,2.3939450413539296,7607787.991117804,18213050.01999999,94.11104494074958,9.87,
2025/10/04 15:45:00,6.45,15.59,11.48,105.73,64.04,99.04,2.3948215088877376,7601644.337542197,18205003.055555556,94.09387752787431,9.87,
2025/10/04 16:00:00,6.41,15.57,11.44,105.72,64.05,99.04,2.3944720971334674,7582258.22649898,18155924.166111115,94.12460346340859,9.87,
2025/10/04 16:15:00,6.41,15.56,11.47,105.7,64.05,99.03,2.3949239394370045,7555425.995682647,18095091.813333336,94.10743193923216,9.86,
2025/10/04 16:30:00,6.44,15.54,11.46,105.68,64.06,99.03,2.396389974004543,7612860.272755995,18243808.201666668,94.06078043973093,9.86,
2025/10/04 16:45:00,6.43,15.56,11.46,105.66,64.06,99.02,2.3970680149375987,7672879.793690433,18392842.50222222,94.05343729295043,9.86,
2025/10/04 17:00:00,6.46,15.58,11.48,105.64,64.07,99.02,2.398535224434347,7631478.635801504,18304796.491666667,94.00678514063848,9.86,
2025/10/04 17:15:00,6.4,15.62,11.49,105.62,64.07,99.01,2.3982240512517863,7616922.718034985,18267509.382222228,94.04857390734705,9.86,
2025/10/04 17:30:00,6.44,15.62,11.51,105.6,64.08,99.01,2.399888588737059,7621965.698429916,18292293.76333333,93.99209485038807,9.86,
2025/10/04 17:45:00,6.5,15.64,11.53,105.69,64.09,99.0,2.3975594154718434,7637512.712673828,18311815.52444444,94.01040248868873,9.87,
2025/10/04 18:00:00,6.48,15.62,11.53,105.82,64.09,99.0,2.39188814558944,7668161.639305732,18341810.972222216,94.14164281787,9.88,
2025/10/04 18:15:00,6.49,15.65,11.55,105.94,64.1,98.99,2.3868089622231023,7665991.075421655,18297678.648333333,94.23478262271051,9.88,
2025/10/04 18:30:00,6.49,15.64,11.55,106.06,64.1,98.99,2.381947651197374,7622961.967880946,18157915.12333333,94.33772907141208,9.89,
2025/10/04 18:45:00,6.56,15.66,11.61,106.19,64.11,98.99,2.378412891072127,7680800.583099961,18268539.519999992,94.38040842370765,9.91,
2025/10/04 19:00:00,6.61,15.62,11.54,106.18,64.06,98.98,2.379392775417537,7668891.996370944,18247727.299999997,94.32266452056372,9.9,
2025/10/04 19:15:00,6.51,15.61,11.49,106.15,64.01,98.98,2.37835949066998,7641384.883058636,18174375.266666662,94.39525426565596,9.89,
2025/10/04 19:30:00,6.46,15.55,11.47,106.13,63.96,98.97,2.377417146264743,7653840.029922506,18196789.82,94.42724922250498,9.87,
2025/10/04 19:45:00,6.52,15.55,11.47,106.11,63.91,98.96,2.378592278836067,7659483.33313201,18219208.088888887,94.35110061431071,9.85,
2025/10/04 20:00:00,6.5,15.53,11.46,106.04,63.86,98.94,2.380868393115933,7659394.069184141,18236431.546666663,94.3107232735843,9.84,
2025/10/04 20:15:00,6.42,15.51,11.43,105.96,63.81,98.92,2.3828505432008384,7660251.954359071,18253657.791111108,94.3207375479001,9.84,
2025/10/04 20:30:00,6.35,15.52,11.44,105.88,63.76,98.9,2.3850093470543494,7660541.676241612,18270886.822222225,94.32089535435304,9.84,
2025/10/04 20:45:00,6.38,15.51,11.42,105.81,63.71,98.88,2.388665939099253,7652780.504084351,18280359.74722222,94.23133430662409,9.84,
2025/10/04 21:00:00,6.36,15.51,11.38,105.73,63.66,98.86,2.3917805301356108,7646088.9760559425,18288187.377777778,94.18231990934477,9.84,
2025/10/04 21:15:00,6.27,15.49,11.36,105.65,63.61,98.85,2.392660996553218,7648711.583072923,18301195.07333333,94.20207549651563,9.82,
2025/10/04 21:30:00,6.34,15.51,11.41,105.57,63.56,98.83,2.397103385585775,7637959.143325668,18309403.54833333,94.06459738234375,9.81,
2025/10/04 21:45:00,6.36,15.45,11.33,105.49,63.5,98.81,2.4009895511413792,7666346.98456745,18407246.201666668,93.9762383313131,9.81,
2025/10/04 22:00:00,6.33,15.46,11.32,105.42,63.45,98.79,2.4030209093815484,7716747.555954333,18543934.640000004,93.94558662694764,9.8,
2025/10/04 22:15:00,6.35,15.44,11.33,105.34,63.4,98.77,2.4068992587197795,7689352.909412736,18507930.209999997,93.85720605792389,9.8,
2025/10/04 22:30:00,6.25,15.43,11.35,105.26,63.35,98.75,2.4079563971189293,7608513.308499292,18321399.799999993,93.88669745628539,9.79,
2025/10/04 22:45:00,6.28,15.45,11.31,105.21,63.3,98.73,2.410723497409109,7822426.931448493,18858146.98166667,93.81425471863523,9.79,
2025/10/04 23:00:00,6.26,15.43,11.33,105.24,63.25,98.71,2.4086011536717176,7720051.927496107,18594961.989999995,93.85969085229594,9.78,
2025/10/04 23:15:00,6.29,15.46,11.36,105.28,63.2,98.69,2.4070389157554266,7789975.1284393,18751212.479999997,93.86460524176398,9.77,
2025/10/04 23:30:00,6.3,15.42,11.3,105.32,63.15,98.68,2.4063496977464527,7666413.036687568,18448500.479444448,93.88914440596734,9.79,
2025/10/04 23:45:00,6.23,15.4,11.26,105.35,63.1,98.66,2.4044984179120705,7661623.648091847,18422788.48666666,93.98367869087299,9.81,
2025/10/05 00:00:00,6.24,15.33,11.25,105.2,63.13,98.61,2.411192406525856,7666215.470668103,18485156.87333333,93.84493853511857,9.81,
2025/10/05 00:15:00,6.28,15.41,11.31,105.2,63.09,98.59,2.4115762871953375,7674102.451360323,18507118.361111112,93.80565435541408,9.8,
2025/10/05 00:30:00,6.27,15.37,11.27,105.2,63.04,98.57,2.410956043484416,7689579.017304225,18539672.43333333,93.81548164997655,9.79,
2025/10/05 00:45:00,6.24,15.34,11.21,105.2,62.99,98.55,2.4099353225379265,7707727.77242801,18575558.197777774,93.84495419651007,9.78,
2025/10/05 01:00:00,6.22,15.32,11.23,105.2,62.95,98.53,2.4095350399160127,7613901.564633869,18346394.11,93.86459839872609,9.78,
2025/10/05 01:15:00,6.15,15.29,11.2,105.19,62.9,98.51,2.4081486480018364,7651321.038677741,18425951.353333335,93.92476107456432,9.77,
2025/10/05 01:30:00,6.16,15.27,11.16,105.17,62.85,98.49,2.408791527302451,7733717.412866008,18629348.75999999,93.89775361201961,9.76,
2025/10/05 01:45:00,6.12,15.25,11.16,105.16,62.81,98.47,2.4084250334937747,7762786.244137896,18696528.094444443,93.9284411381903,9.76,
2025/10/05 02:00:00,6.13,15.26,11.16,105.14,62.76,98.45,2.4094885908670194,7688667.49069231,18526191.23666667,93.90142453404235,9.76,
2025/10/05 02:15:00,6.05,15.24,11.14,105.12,62.71,98.43,2.4087527755506355,7772035.096965754,18721350.09555556,93.96279161371662,9.76,
2025/10/05 02:30:00,6.1,15.23,11.15,105.11,62.67,98.41,2.410183196034288,7765572.1802456435,18716893.05444444,93.90509133908469,9.76,
2025/10/05 02:45:00,6.11,15.24,11.14,105.12,62.65,98.39,2.4103715832214787,7659431.5788036985,18462509.63333333,93.90386107931103,9.77,
2025/10/05 03:00:00,6.08,15.25,11.15,105.15,62.65,98.37,2.4080584724838,7776687.272412887,18727156.580000002,93.95912646919952,9.76,
2025/10/05 03:15:00,6.05,15.21,11.11,105.18,62.66,98.35,2.4061661417056466,7733728.557439247,18609071.347777776,94.01438243780468,9.76,
2025/10/05 03:30:00,6.04,15.19,11.11,105.2,62.66,98.33,2.405104000024806,7656867.284214377,18415994.941666663,94.0413985300852,9.76,
2025/10/05 03:45:00,6.05,15.19,11.06,105.23,62.67,98.28,2.403586789906516,7706957.590609337,18524771.081666667,94.057378477245,9.75,
2025/10/05 04:00:00,6.06,15.18,11.08,105.26,62.67,98.23,2.402488318825291,7814797.294488441,18775397.495555554,94.0733466110085,9.75,
2025/10/05 04:15:00,6.08,15.17,11.1,105.29,62.68,98.19,2.401586475765098,7769655.802850867,18659938.812777773,94.07949046472588,9.75,
2025/10/05 04:30:00,6.07,15.18,11.07,105.32,62.68,98.14,2.4000906583278305,7793401.773173941,18705305.630000003,94.11509779269909,9.75,
2025/10/05 04:45:00,6.07,15.16,11.07,105.35,62.69,98.09,2.3983649781498597,7772444.97802907,18641594.766666666,94.14089079192303,9.74,
2025/10/05 05:00:00,6.07,15.16,11.07,105.38,62.69,98.05,2.397491284051,7694055.105054137,18446860.177777775,94.16666332230767,9.75,
2025/10/05 05:15:00,6.05,15.19,11.09,105.59,62.7,98.0,2.386683734254468,7991923.250021104,19074633.47777777,94.3667634308277,9.72,
2025/10/05 05:30:00,6.13,15.11,11.04,105.35,62.7,97.95,2.4004014712618216,7607621.8992316015,18261775.58333333,94.0819376604087,9.76,
2025/10/05 05:45:00,6.07,15.09,11.03,105.11,62.71,97.91,2.408741514442515,7576295.053580268,18249768.533333328,93.93457178856869,9.74,
2025/10/05 06:00:00,6.33,15.08,11.06,104.87,62.71,97.86,2.423907629668545,7528632.00801051,18249149.66111111,93.47284390085649,9.73,
2025/10/05 06:15:00,6.99,15.06,11.33,104.15,62.72,96.78,2.462215622500829,7214415.22657603,17763921.095555555,92.20524251389601,9.58,
2025/10/05 06:30:00,6.98,15.07,11.35,103.43,62.72,95.56,2.490668908354106,6921234.449879246,17238974.866666667,91.59464877753324,9.52,
2025/10/05 06:45:00,7.04,15.07,11.37,103.63,62.73,95.96,2.4819131832585413,7007771.610637739,17393156.14055555,91.70829526021954,9.49,
2025/10/05 07:00:00,7.23,15.06,11.42,103.18,63.66,94.06,2.508244185647197,6367155.567823522,15970832.533333335,91.13351061285222,9.55,
2025/10/05 07:15:00,6.97,15.05,11.32,103.11,63.82,94.18,2.5064538546297244,6337165.546970842,15884250.800000003,91.32819485519028,9.57,
2025/10/05 07:30:00,7.05,15.05,11.35,103.16,63.99,94.3,2.5069030639412233,6299623.1070075305,15792983.402777774,91.29282276032855,9.59,
2025/10/05 07:45:00,7.11,15.02,11.34,103.21,64.15,94.42,2.505626122114353,6268425.155764386,15706768.348333329,91.27711691741577,9.58,
2025/10/05 08:00:00,7.11,15.04,11.38,103.26,64.32,94.54,2.5038933457458197,6309205.405431079,15798020.418888895,91.32024820057843,9.59,
2025/10/05 08:15:00,7.09,14.97,11.31,103.38,64.48,94.66,2.498695905886929,6390531.410724899,15968440.876666661,91.44339626452589,9.6,
2025/10/05 08:30:00,7.16,14.96,11.3,103.77,64.65,94.78,2.4823812478028415,6389181.21857143,15860822.016111108,91.7109711265455,9.58,
2025/10/05 08:45:00,7.31,14.96,11.37,104.23,64.81,94.9,2.4649168414995426,6438804.223665107,15871558.92666667,91.95980606671753,9.57,
2025/10/05 09:00:00,7.75,14.96,11.54,104.69,66.64,95.02,2.4554271247688004,6052067.909812396,14860843.286666663,91.92292941549812,9.61,
2025/10/05 09:15:00,9.08,14.96,12.02,105.47,69.46,95.13,2.4542234896144497,5444876.760319907,13363395.558333334,91.28368359012516,9.76,
2025/10/05 09:30:00,9.11,14.94,11.89,104.9,69.31,94.97,2.47687028225029,5387341.278881655,13344186.484444441,90.76541168686335,9.67,
2025/10/05 09:45:00,9.38,14.93,12.08,104.9,69.17,94.58,2.4839833247853083,5314100.09046929,13200605.109999996,90.49966461413709,9.7,
2025/10/05 10:00:00,9.48,14.96,12.12,104.9,69.2,94.19,2.484584045701444,5227568.564923686,12988796.846666664,90.40118852232338,9.67,
2025/10/05 10:15:00,9.81,14.95,12.25,104.9,69.22,93.8,2.4909864020894767,5091685.018242547,12683796.179999998,90.0762471486417,9.66,
2025/10/05 10:30:00,7.45,14.94,11.38,101.84,64.92,93.78,2.568599044324981,5876084.612847298,15093759.156666666,89.75946077667577,9.49,
2025/10/05 10:45:00,6.9,14.93,11.21,102.72,64.39,93.84,2.520394462315431,6117284.603875442,15418400.250000002,91.06002781960834,9.54,
2025/10/05 11:00:00,6.77,14.92,11.16,102.87,63.86,93.91,2.510672362542867,6272620.300994343,15748926.202777777,91.3171904035393,9.53,
2025/10/05 11:15:00,6.68,14.86,11.08,102.84,63.33,93.98,2.5095544152094376,6407238.222263256,16079751.14166667,91.37956187237523,9.52,
2025/10/05 11:30:00,6.63,14.86,11.08,102.8,62.8,94.04,2.511004155936439,6518281.6076180525,16367878.65777778,91.39397233017621,9.54,
2025/10/05 11:45:00,6.6,14.95,11.15,102.77,62.56,94.11,2.5120379763714724,6571505.715596892,16508320.155555552,91.3974325004692,9.55,
2025/10/05 12:00:00,6.63,14.92,11.1,102.73,62.51,94.18,2.5127289491483045,6585906.814776181,16549045.895555558,91.33354014780093,9.51,
2025/10/05 12:15:00,6.65,14.91,11.13,102.69,62.46,94.24,2.5131762833238827,6596444.974246469,16578481.919999994,91.27946055779333,9.47,
2025/10/05 12:30:00,6.71,15.0,11.17,102.66,62.41,94.31,2.5162096303671198,6617494.272935487,16651452.64444445,91.1946549383287,9.48,
2025/10/05 12:45:00,6.68,14.99,11.22,102.62,62.36,94.38,2.5176804703530076,6666265.463789436,16783987.439999998,91.18945704864461,9.49,
2025/10/05 13:00:00,6.55,14.99,11.13,102.57,62.31,94.44,2.5156674638193355,6722550.868377522,16912155.644999996,91.27377074914502,9.46,
2025/10/05 13:15:00,6.48,15.0,11.09,102.49,62.26,94.51,2.51667728571191,6723379.026328427,16921023.166666668,91.27325601292678,9.44,
2025/10/05 16:15:00,7.78,15.27,12.46,73.7,61.64,67.41,3.8793651404596434,604851.9728759367,2346605.7877777764,63.914043415367956,6.92,
2025/10/05 16:30:00,8.19,15.24,12.14,100.96,61.65,91.23,2.6004654409173935,5673481.116935078,14754211.48666667,88.27302393718122,8.98,
2025/10/05 16:45:00,9.16,15.24,12.19,100.21,61.65,91.03,2.6583428720732143,5307108.766943936,14108638.353333334,86.67043573822903,9.0,
2025/10/05 17:00:00,9.09,15.24,12.14,99.68,61.66,90.82,2.681713197947873,5237499.38223055,14045991.299999997,86.27832850087245,9.02,
2025/10/05 17:15:00,9.13,15.24,12.16,99.64,61.66,90.62,2.685030370673381,5211053.219612209,13992358.648888892,86.20426229746732,9.03,
2025/10/05 17:30:00,9.18,15.2,12.08,99.6,61.67,90.41,2.689104899533507,5179268.044096939,13928109.726666663,86.12034560951577,9.05,
2025/10/05 17:45:00,9.16,15.16,12.08,99.56,61.68,90.21,2.6899132561742,5151574.968054021,13857808.744999995,86.10519416582363,9.04,
2025/10/05 18:00:00,9.14,15.16,12.12,99.52,61.68,90.01,2.688188480451239,5103201.509870004,13718887.49,86.09026447644958,8.98,
2025/10/05 18:15:00,9.13,15.17,12.14,99.47,61.69,89.8,2.6917293511461318,5041511.084425043,13570900.511666665,86.05641264700404,9.01,
2025/10/05 18:30:00,9.23,15.18,12.09,99.43,61.69,89.6,2.6990732330300498,4976776.522124145,13433188.437777774,85.92328814794134,9.07,
2025/10/05 18:45:00,9.18,15.16,12.11,99.39,61.7,89.39,2.6945911546018215,4930605.432457438,13286469.624999998,85.93793173075818,8.97,
2025/10/05 19:00:00,9.2,15.17,12.15,99.35,61.7,89.19,2.695887536001552,4940231.108320499,13318817.948333329,85.88359150014593,8.95,
2025/10/05 19:15:00,9.19,15.17,12.16,99.3,61.71,88.99,2.697911088933139,4910084.596385776,13247481.719999997,85.84985732008528,8.95,
2025/10/05 19:30:00,9.14,15.17,12.13,99.26,61.72,88.78,2.6994883720281937,4878816.170753443,13170810.070000002,85.8639429505415,8.97,
2025/10/05 19:45:00,9.11,15.16,12.12,99.22,61.72,88.58,2.7010496411635128,4851041.665614866,13103404.783333331,85.85846153314834,8.98,
2025/10/05 20:00:00,7.7,15.16,11.61,97.0,61.73,88.56,2.7660485163248927,5723744.145951493,15832691.545000004,85.29580692070174,9.06,
2025/10/05 20:15:00,7.36,15.17,11.52,98.02,61.73,88.76,2.718034284008709,5705364.268938102,15507873.846666673,86.52213178332791,9.19,
2025/10/05 20:30:00,7.32,15.12,11.46,98.41,61.74,88.96,2.7018587623860886,5824785.482513555,15738247.115555549,86.90246193915226,9.23,
2025/10/05 20:45:00,7.26,15.11,11.44,98.44,61.74,89.16,2.697400085856077,5893216.830565115,15896865.343333328,86.98757292641999,9.19,
2025/10/05 21:00:00,7.21,15.11,11.42,98.46,61.75,89.37,2.6952426584558786,5942501.350381766,16016985.306666669,87.05395222202058,9.19,
2025/10/05 21:15:00,7.16,15.08,11.38,98.48,61.76,89.57,2.6934904591489572,5988831.7669053655,16131365.084999995,87.12027661721524,9.2,
2025/10/05 21:30:00,7.13,15.09,11.38,98.5,61.76,89.77,2.6918575038221886,6037131.798857359,16251604.29444444,87.16710100852356,9.2,
2025/10/05 21:45:00,7.09,15.09,11.36,98.53,61.77,89.97,2.687103563945245,6090422.175136806,16366100.299999995,87.23277837194925,9.14,
2025/10/05 22:00:00,7.12,15.08,11.39,98.55,61.77,90.18,2.6870203434440834,6137560.265038388,16492263.846666664,87.22094513337731,9.14,
2025/10/05 22:15:00,7.16,15.08,11.4,98.57,61.78,90.38,2.6876075799094123,6178862.566118453,16606877.588888885,87.19927604483385,9.15,
2025/10/05 22:30:00,7.12,15.07,11.36,98.6,61.78,90.58,2.6861145021182433,6227150.031380814,16727356.799999999,87.26451135229223,9.17,
2025/10/05 22:45:00,7.07,15.08,11.38,98.62,61.79,90.78,2.683972146968765,6274865.29119759,16842086.769444443,87.33088530200553,9.17,
2025/10/05 23:00:00,7.06,15.07,11.36,98.64,61.8,90.99,2.6828616148440094,6322413.37208165,16962685.226666663,87.35815278491896,9.17,
2025/10/05 23:15:00,7.04,15.08,11.37,98.66,61.8,91.19,2.681494416139194,6370632.574627157,17083344.061666664,87.39519582177446,9.17,
2025/10/05 23:30:00,6.93,15.08,11.31,98.69,61.81,91.39,2.6778014769843557,6422330.764830805,17198249.126666665,87.52891044129888,9.18,
2025/10/05 23:45:00,5.93,15.02,10.87,99.36,61.81,92.14,2.6295427053911413,6707788.281845644,17638888.355,89.09110775234484,9.31,
2025/10/06 00:00:00,5.08,15.02,10.77,101.0,61.81,93.13,2.5423702086111337,7125205.6783043705,18115359.239999995,91.35168744688961,9.32,
2025/10/06 00:15:00,4.91,15.03,10.82,101.42,61.82,94.21,2.5206066586896103,7431057.30374729,18731234.169999994,91.88330759786814,9.3,
2025/10/06 00:30:00,4.93,15.06,10.85,101.45,61.84,94.19,2.519434554266123,7377029.732969329,18586401.349999994,91.88988243100215,9.29,
2025/10/06 00:45:00,4.94,15.04,10.81,101.47,61.85,94.18,2.5184436915215773,7476725.672590289,18830173.84111112,91.89754392782396,9.28,
2025/10/06 01:00:00,4.95,15.02,10.82,101.5,61.87,94.16,2.517439003275382,7473283.787078397,18813999.911666665,91.91383371708973,9.28,
2025/10/06 01:15:00,4.95,15.05,10.86,101.53,61.89,94.14,2.5166098232915495,7469163.247350417,18797433.874999996,91.93984237575573,9.29,
2025/10/06 01:30:00,4.95,15.04,10.79,101.56,61.91,94.13,2.515780906364267,7467353.226292931,18786681.869999994,91.96584957590015,9.3,
2025/10/06 01:45:00,4.94,15.02,10.79,101.58,61.92,94.11,2.514740244884716,7466162.193517068,18775917.324999996,91.99300766341503,9.3,
2025/10/06 02:00:00,4.94,15.04,10.84,101.61,61.94,94.09,2.513909511556312,7462020.338328857,18759305.308333334,92.01901216703999,9.31,
2025/10/06 02:15:00,4.94,15.04,10.84,101.64,61.96,94.08,2.5126828010460116,7461368.709268806,18748513.59333333,92.04507291961613,9.31,
2025/10/06 02:30:00,4.94,15.01,10.8,101.66,61.97,94.06,2.5122610104751204,7458321.404527897,18737709.338333335,92.06238787424468,9.32,
2025/10/06 02:45:00,4.96,14.98,10.77,101.69,61.99,94.04,2.5114777921893303,7454014.836123698,18721051.34166667,92.06887962723975,9.32,
2025/10/06 03:00:00,4.98,15.03,10.84,101.72,62.01,94.03,2.511089353128693,7451001.788584962,18710591.704444446,92.0753111432153,9.33,
2025/10/06 03:15:00,4.99,15.01,10.83,101.74,62.03,94.01,2.5104921706498606,7446125.968634745,18693901.893333334,92.08289571265125,9.33,
2025/10/06 03:30:00,4.98,15.02,10.82,101.77,62.04,93.99,2.509438603673815,7444926.030870646,18683042.949999996,92.11867352272607,9.34,
2025/10/06 03:45:00,4.97,14.99,10.8,101.8,62.06,93.98,2.507989408884389,7444893.050196286,18672171.466666665,92.1545052825646,9.34,
2025/10/06 04:00:00,4.97,14.94,10.75,101.83,62.08,93.96,2.5071566697844263,7440690.8943092665,18655435.67555555,92.18049632453736,9.35,
2025/10/06 04:15:00,4.95,14.93,10.75,101.85,62.09,93.94,2.5058964655550144,7440083.404970001,18644537.02222222,92.21742723684837,9.35,
2025/10/06 04:30:00,4.95,14.92,10.76,101.88,62.11,93.93,2.505062996586771,7438202.496706422,18633625.828888893,92.24341583102084,9.36,
2025/10/06 04:45:00,5.07,14.92,10.76,101.91,62.13,93.91,2.5064828635251764,7427293.565869052,18616844.057777774,92.15203683024623,9.36,
2025/10/06 05:00:00,5.08,14.92,10.76,101.93,62.15,93.89,2.506279117805163,7421342.031210536,18600414.103333335,92.15955566320314,9.37,
2025/10/06 05:15:00,5.13,14.91,10.73,101.96,62.16,93.88,2.506151383104309,7419689.825120835,18595323.095555555,92.13665782127833,9.37,
2025/10/06 05:30:00,5.13,14.89,10.75,101.99,62.18,93.86,2.5049179756566846,7416623.722358109,18578494.88,92.16268776777434,9.37,
2025/10/06 05:45:00,4.99,14.96,10.79,100.68,62.2,93.7,2.5529422715384587,8107650.5348373465,20698889.75,91.16113583326576,9.31,
2025/10/06 06:00:00,4.8,14.93,10.71,98.13,62.21,90.49,2.644876109140041,7174704.623385206,18976709.546666663,89.11777960490004,9.13,
2025/10/06 06:15:00,4.82,14.91,10.71,97.78,62.23,90.3,2.658800055708937,7064640.024506977,18783971.488333333,88.79092787209169,9.11,
2025/10/06 06:30:00,4.84,14.93,10.71,97.43,62.25,90.12,2.6727496741076244,6958444.086189659,18598682.19,88.46374180592258,9.09,
2025/10/06 06:45:00,4.86,14.92,10.65,97.09,62.27,89.93,2.6863232815888067,6950739.390348794,18672436.2,88.1450287523406,9.07,
2025/10/06 07:00:00,4.73,14.86,10.6,96.74,62.28,89.74,2.6963480670276296,7113799.2767736185,19181800.085555546,87.9631875023339,9.05,
2025/10/06 07:15:00,4.77,14.84,10.6,96.39,62.3,89.55,2.7108753481733423,7021330.095903939,19034474.708333332,87.61547848234004,9.03,
2025/10/06 07:30:00,4.83,14.85,10.59,96.19,62.32,89.37,2.719918735786073,6943736.813309984,18886920.12777778,87.38058001661436,9.01,
2025/10/06 07:45:00,4.8,14.86,10.6,96.16,62.33,89.18,2.7203220900613925,6848170.473009206,18629742.725000005,87.3832514191247,9.01,
2025/10/06 08:00:00,4.79,14.84,10.58,96.13,62.26,88.99,2.721265681791044,6794215.114905786,18489374.144999996,87.36646108679362,9.01,
2025/10/06 08:15:00,4.77,14.84,10.58,96.11,61.92,88.81,2.7215329974105806,6865186.839613529,18684347.690555554,87.3682359607801,9.01,
2025/10/06 08:30:00,4.72,14.85,10.55,95.63,61.58,88.62,2.7372955685415943,6905363.99926311,18902543.342222225,86.99281576270366,8.94,
2025/10/06 08:45:00,4.73,14.89,10.58,95.21,61.23,88.43,2.7533078403016384,6895732.139045179,18986600.355555564,86.61128758247766,8.9,
2025/10/06 09:00:00,4.71,14.86,10.59,95.9,61.83,88.24,2.7267441290219403,6750783.121958142,18408166.149999995,87.2413412737378,8.96,
2025/10/06 09:15:00,4.73,14.85,10.6,96.89,62.27,89.11,2.689617060400238,6945208.539029855,18680458.08444444,88.09567160385457,9.03,
2025/10/06 09:30:00,4.72,14.84,10.59,96.16,61.69,89.22,2.718815207916658,7036901.908930091,19132563.86555556,87.46088982873059,9.03,
2025/10/06 09:45:00,4.73,14.85,10.6,96.27,61.42,89.19,2.7143154596155354,7099562.361510256,19270982.24333333,87.54847494538764,9.02,
2025/10/06 10:00:00,4.73,14.83,10.58,96.39,61.15,89.16,2.7091343433733934,7270411.3338547135,19697061.48666666,87.65458406996278,9.01,
2025/10/06 10:15:00,4.73,14.82,10.61,96.14,60.89,89.13,2.7175621723846795,7283968.711489527,19795188.844444443,87.43414401055522,8.96,
2025/10/06 10:30:00,4.71,14.84,10.53,95.32,61.24,89.1,2.748279870692206,7036194.357204808,19337966.511111103,86.72826243975628,8.9,
2025/10/06 10:45:00,4.72,14.79,10.54,95.58,61.63,89.07,2.738991094377353,6965020.9879409205,19077663.04888888,86.9486324462911,8.93,
2025/10/06 11:00:00,4.74,14.79,10.53,95.84,62.02,89.04,2.7296575613936875,6893244.229310337,18816717.49222222,87.15917235951999,8.95,
2025/10/06 11:15:00,4.72,14.82,10.52,96.1,62.41,89.01,2.719252041818111,6822174.420260578,18551717.8,87.40841160798036,8.97,
2025/10/06 11:30:00,4.68,14.81,10.57,96.92,62.7,89.89,2.6877723730133436,7044245.475776299,18933842.601666667,88.17061956619705,9.05,
2025/10/06 11:45:00,4.74,14.81,10.57,97.05,62.94,90.09,2.684448220379622,7031554.552953292,18876355.758333337,88.22671771460024,9.06,
2025/10/06 12:00:00,4.76,14.89,10.65,97.21,63.17,90.29,2.679201962285329,7026491.277528225,18825897.933333337,88.34804130420649,9.08,
2025/10/06 12:15:00,4.79,14.83,10.59,97.36,63.41,90.49,2.6742771168398147,7017997.134597083,18768574.806666665,88.45082865762949,9.09,
2025/10/06 12:30:00,4.82,14.77,10.55,97.51,63.64,90.68,2.6696917018245245,7008612.219743257,18711338.995555557,88.55345850831742,9.11,
2025/10/06 12:45:00,4.83,14.79,10.58,97.66,63.88,90.88,2.6642445615956776,7001492.147379085,18654190.499999996,88.67558630292375,9.12,
2025/10/06 13:00:00,4.89,14.81,10.57,98.64,64.11,91.07,2.627615974836999,6668409.499546294,17522478.25777777,89.4772525307116,9.16,
2025/10/06 13:15:00,5.8,14.8,10.71,98.28,64.35,90.81,2.6667511207562,6437391.351717496,17167397.94000001,88.27351745834075,9.2,
2025/10/06 13:30:00,6.14,14.83,10.87,98.11,64.58,90.55,2.6843969778847456,6265632.1575557105,16819932.18888889,87.79229310359572,9.25,
2025/10/06 13:45:00,6.34,14.87,10.99,98.46,64.82,90.29,2.675773220188884,6154081.586158883,16467412.00500001,87.90361385554306,9.27,
2025/10/06 14:00:00,6.92,14.86,11.2,98.89,65.62,90.04,2.674954876309199,5891786.868009802,15760756.183333332,87.71277605398832,9.33,
2025/10/06 14:15:00,7.42,14.87,11.34,99.37,66.72,89.78,2.666939344214534,5570538.696039932,14856767.554444443,87.64289268411575,9.32,
2025/10/06 14:30:00,8.29,14.82,11.63,99.94,67.82,89.52,2.668051138140654,5230644.851414086,13956125.944444446,87.28725513994019,9.41,
2025/10/06 14:45:00,6.7,14.82,11.06,95.76,63.04,88.73,2.7941808511550925,5927632.4097387055,16563416.271111112,85.17874416691602,9.14,
2025/10/06 15:00:00,5.69,14.83,10.65,95.42,60.99,88.49,2.775254399036665,6408581.0198474135,17785958.05555555,85.86269804968197,9.01,
2025/10/06 15:15:00,5.32,14.83,10.57,95.83,60.96,88.53,2.748334265835716,6508215.344464924,17887252.11166667,86.58544101238755,9.02,
2025/10/06 15:30:00,5.06,14.89,10.64,96.24,60.96,88.57,2.7244514382236167,6595385.819589442,17969305.859999992,87.20085932519402,9.02,
2025/10/06 15:45:00,4.84,14.86,10.57,96.66,60.95,88.61,2.7011427667507255,6685037.622750901,18057729.58,87.78589227048187,9.01,
2025/10/06 16:00:00,4.81,14.86,10.58,96.9,60.94,88.65,2.6899267349900797,6745978.606589864,18146677.077222224,88.0269664816584,8.99,
2025/10/06 16:15:00,4.78,14.91,10.59,96.89,60.94,88.69,2.689193532232225,6774214.244325841,18217659.166666664,88.04745123875497,8.98,
2025/10/06 16:30:00,4.78,14.82,10.55,96.88,60.93,88.73,2.689244563817373,6778127.345015192,18228534.133333337,88.03872690556594,8.97,
2025/10/06 16:45:00,4.83,14.84,10.58,96.88,60.93,88.77,2.690198818755392,6777421.2666566335,18233104.266666662,87.99013711206588,8.96,
2025/10/06 17:00:00,4.78,14.84,10.56,96.87,60.92,88.81,2.6892951880748113,6783687.629477592,18243829.798333336,88.0300029064143,8.96,
2025/10/06 17:15:00,4.79,14.86,10.6,96.87,60.92,88.85,2.6895568114532646,6784676.691301448,18248267.216666657,88.02026653760176,8.96,
2025/10/06 17:30:00,4.79,14.88,10.6,96.86,60.91,88.89,2.6903180826005335,6786688.6898237,18258843.313333336,88.01135492282994,8.97,
2025/10/06 17:45:00,4.8,14.87,10.61,96.85,60.91,88.92,2.690985813571288,6784060.456260864,18256304.892222226,87.99280049918515,8.97,
2025/10/06 18:00:00,4.81,14.87,10.6,96.85,60.9,88.96,2.691248470294068,6787396.713333441,18267064.676666662,87.9830642121322,8.97,
2025/10/06 18:15:00,4.82,14.93,10.64,96.84,60.9,89.0,2.691917272192294,6787142.643036209,18270918.172222223,87.9645095699234,8.97,
2025/10/06 18:30:00,4.83,14.94,10.65,96.83,60.89,89.04,2.6925859841287654,6789397.824014736,18281529.56666667,87.94595472197396,8.97,
2025/10/06 18:45:00,4.82,14.9,10.62,96.83,60.89,89.08,2.6923230389788766,6806881.600719549,18326818.589444444,87.95569103502305,8.97,
2025/10/06 19:00:00,4.81,14.9,10.63,96.82,60.88,89.12,2.6924659613263007,6826386.337980158,18380309.933333334,87.95660829549774,8.97,
2025/10/06 19:15:00,4.84,14.9,10.6,96.82,60.88,89.16,2.693255114488672,6841856.289997509,18427359.54888889,87.92739966815819,8.97,
2025/10/06 19:30:00,4.84,14.88,10.61,96.81,60.87,89.2,2.69401410941049,6859834.833282681,18480992.083888892,87.91848803921599,8.98,
2025/10/06 19:45:00,4.82,14.89,10.59,96.8,60.86,89.24,2.6938938611042116,6880200.641504629,18535028.45333333,87.92914069926957,8.98,
2025/10/06 20:00:00,4.79,14.87,10.58,96.8,60.86,89.28,2.693103974841891,6899760.10483322,18582271.742222223,87.95834767742964,8.98,
2025/10/06 20:15:00,4.77,14.85,10.57,96.79,60.85,89.32,2.6929827267589794,6920065.700227813,18636120.359999992,87.96899813955484,8.98,
2025/10/06 20:30:00,4.78,14.85,10.56,96.78,60.85,89.36,2.6936514126908144,6936056.258602476,18683821.01055555,87.95044247318125,8.98,
2025/10/06 20:45:00,4.79,14.87,10.59,96.78,60.84,89.4,2.6939146083955796,6955419.20777506,18737811.400000002,87.94070725672061,8.98,
2025/10/06 21:00:00,4.79,14.91,10.63,96.77,60.84,89.44,2.6943200055689482,6972000.493772227,18785307.811111107,87.93188660062806,8.98,
2025/10/06 21:15:00,4.8,14.89,10.6,96.77,60.83,89.48,2.694583687772176,6991530.5932815885,18839772.050000004,87.92215137094128,8.98,
2025/10/06 21:30:00,4.79,14.86,10.56,96.76,60.83,89.51,2.6947257426725715,7006391.771253495,18880811.98666667,87.9230656472724,8.98,
2025/10/06 21:45:00,4.81,14.96,10.65,96.75,60.82,89.55,2.696008358697015,6886835.568049952,18567464.788888887,87.89468161915238,8.99,
2025/10/06 22:00:00,4.81,14.86,10.59,96.75,60.82,89.59,2.696007683549662,6898901.976348944,18599996.799999997,87.89468161915238,8.99,
2025/10/06 22:15:00,4.8,14.86,10.59,96.74,60.81,89.63,2.696148976910051,6913011.771313485,18639014.777777772,87.89559517918623,8.99,
2025/10/06 22:30:00,4.8,14.88,10.59,96.73,60.81,89.67,2.6965546016763753,6924051.322619239,18671586.266666662,87.8867734105739,8.99,
2025/10/06 22:45:00,4.8,14.87,10.56,96.73,60.8,89.59,2.6965549398720934,6909736.293218175,18632983.966666672,87.88677341057361,8.99,
2025/10/06 23:00:00,4.8,14.88,10.6,96.72,60.83,89.33,2.6969597142841364,6841560.91367892,18451913.333333332,87.87795134440223,8.99,
2025/10/06 23:15:00,4.8,14.91,10.61,96.71,60.87,89.07,2.6973653340016424,6770955.0461721625,18264231.333333336,87.86912898059269,8.99,
2025/10/06 23:30:00,4.82,14.96,10.67,96.71,60.91,88.81,2.697894027891997,6700011.808811324,18076410.000000004,87.84965963432614,8.99,
2025/10/06 23:45:00,4.84,14.9,10.6,96.7,60.95,88.55,2.698828929307843,6591238.498091726,17789104.666666664,87.82136757267463,8.99,
